customerID,TenureBand,ARPU,ChargeRatio,ServiceCount,ContractRiskFlag,ValueTier,AutoPayFlag
7590-VHVEG,0-6 months,29.85,1.0,1,1,Low,0
5575-GNVDE,25-48 months,55.5735294117647,1.0247684572638265,2,0,Medium,0
3668-QPYBK,0-6 months,54.075,0.9958391123439667,2,1,Medium,0
7795-CFOCW,25-48 months,40.90555555555556,1.034089365747657,3,0,Medium,1
9237-HQITU,0-6 months,75.825,0.9324101549620838,0,1,High,0
9305-CDSKC,7-12 months,102.5625,0.9716026812918952,3,1,Premium,0
1452-KIOVK,13-24 months,88.60909090909091,1.005540166204986,2,1,High,1
6713-OKOMC,7-12 months,30.189999999999998,0.9854256376283538,1,1,Low,0
7892-POOKP,25-48 months,108.78750000000001,0.9633459726531081,4,1,Premium,0
6388-TABGU,49-72 months,56.25725806451613,0.9980934359724193,2,0,Medium,1
9763-GRSKD,13-24 months,45.18846153846154,1.105370669844242,1,1,Medium,0
7469-LKBCI,13-24 months,20.425,0.9277845777233782,0,0,Low,1
8091-TTVAX,49-72 months,97.95,1.0245022970903521,3,0,Premium,1
0280-XJGEX,49-72 months,102.78163265306122,1.008935130949308,4,1,Premium,1
5129-JLPIS,25-48 months,107.44200000000001,0.9819251316989631,5,1,Premium,0
3655-SNQYZ,49-72 months,114.42246376811593,0.9897532029157141,6,0,Premium,1
8191-XWSZG,49-72 months,19.672115384615385,1.0497091744464537,0,0,Low,0
9959-WOFKT,49-72 months,103.97535211267606,1.0262047478749703,4,0,Premium,1
4190-MFLUW,7-12 months,52.835,1.044761994889751,2,1,Medium,1
4183-MYFRB,13-24 months,88.70952380952382,1.0151108486767941,3,1,High,0
8779-QRDMV,0-6 months,39.65,1.0,2,1,Medium,0
1680-VDCWW,7-12 months,16.854166666666668,1.1747836835599506,0,0,Low,1
1066-JKSGK,0-6 months,20.15,1.0,0,1,Low,0
3638-WEABW,49-72 months,60.432758620689654,0.9911842743431001,2,0,Medium,1
6322-HRPFA,49-72 months,60.61836734693878,0.9832003501329831,3,1,Medium,1
6865-JZNKO,25-48 months,51.019999999999996,1.083888671109369,2,1,Medium,1
6467-CHFZW,25-48 months,101.04574468085106,0.9832180495457081,3,1,Premium,0
8665-UTDHZ,0-6 months,30.2,1.0,1,1,Low,0
5248-YGIJN,49-72 months,88.46458333333334,1.0201822763346913,6,0,High,1
8773-HHUOZ,13-24 months,64.3,1.006220839813375,2,1,Medium,0
3841-NFECX,49-72 months,95.30915492957746,1.0109207249942735,4,0,Premium,1
4929-XIHVW,0-6 months,90.825,1.0514726121662537,3,1,Premium,1
6827-IEAUQ,25-48 months,69.42407407407407,0.9528394995865456,4,0,Medium,0
7310-EGVHZ,0-6 months,20.2,1.0,0,1,Low,1
3413-BMNZE,0-6 months,45.25,1.0,0,1,Medium,1
6234-RAAPL,49-72 months,100.71805555555555,0.9918777665926611,4,0,Premium,1
6047-YHPVI,0-6 months,63.379999999999995,1.0997159987377723,0,1,Medium,0
6572-ADKRS,25-48 months,77.13695652173914,0.96970380182059,1,1,High,1
5380-WJKOV,25-48 months,104.38970588235294,1.0187786152003944,4,1,Premium,0
8168-UQWWF,7-12 months,100.4909090909091,0.9737199203908086,3,1,Premium,1
8865-TNMNX,7-12 months,47.57,1.0416228715577043,1,0,Medium,0
9489-DEDVP,49-72 months,69.605,0.994181452481862,3,0,Medium,1
9867-JCZSP,13-24 months,24.602941176470587,0.8433950986252242,0,0,Low,0
4671-VJLCL,49-72 months,77.16587301587302,1.0347838607822768,5,0,High,1
4080-IIARD,13-24 months,75.49615384615385,1.0093229405471498,4,1,High,0
3714-NTNFO,49-72 months,79.72857142857143,1.0598459057516574,1,1,High,0
5948-UJZLF,0-6 months,48.5,1.0154639175257731,1,1,Medium,0
7760-OYPDY,0-6 months,72.075,1.1189732917100244,1,1,High,0
7639-LIAYI,49-72 months,81.11153846153846,0.9832139978187682,4,0,High,1
2954-PIBKO,49-72 months,61.6536231884058,1.0404903504854142,3,0,Medium,1
8012-SOUDQ,25-48 months,89.27325581395348,1.0109410615434713,2,1,High,0
9420-LOJKX,13-24 months,95.09333333333333,1.0421340437464945,4,1,Premium,1
6575-SUVOI,25-48 months,70.10600000000001,0.9913559467092687,3,1,Medium,1
7495-OOKFY,7-12 months,79.1625,1.0187904626559294,1,1,High,1
4667-QONEA,49-72 months,74.27250000000001,1.0077754215894172,5,0,High,1
1658-BYGOY,13-24 months,97.36388888888888,0.9803429288750679,2,1,Premium,0
8769-KKTPH,49-72 months,100.17777777777778,0.994731588287489,3,0,Premium,1
5067-XJQFU,49-72 months,107.21742424242424,1.011496039624948,5,0,Premium,0
3957-SQXML,25-48 months,26.302941176470586,0.9485631219948564,0,0,Low,1
5954-BDFSG,49-72 months,109.07916666666667,0.9855227472401543,4,0,Premium,1
0434-CSFON,25-48 months,100.15106382978725,1.0034840984895157,3,1,Premium,0
1215-FIGMP,49-72 months,90.845,0.9895976663547802,2,1,Premium,1
0526-SXDJP,49-72 months,41.138888888888886,1.023362592842674,3,0,Medium,1
0557-ASKVU,13-24 months,53.172222222222224,1.0230905861456483,2,0,Medium,1
5698-BQJOH,7-12 months,95.25,0.9910761154855644,2,1,Premium,0
5122-CYFXA,0-6 months,81.36666666666666,0.9254403932814421,4,1,High,0
8627-ZYGSZ,25-48 months,77.66702127659575,1.0158751900502692,1,0,High,0
3410-YOQBQ,25-48 months,80.55483870967741,0.9831811629024508,5,0,High,0
3170-NMYVV,49-72 months,18.618,1.0822859598238264,0,0,Low,1
7410-OIEDU,7-12 months,88.735,0.8998704006310925,2,1,High,0
2273-QCKXA,0-6 months,49.05,1.0,1,1,Medium,0
0731-EBJQB,49-72 months,20.974038461538463,0.9726309998624673,0,0,Low,0
1891-QRQSA,49-72 months,110.921875,1.006113537117904,5,0,Premium,1
8028-PNXHQ,49-72 months,22.97741935483871,1.0553839674294538,0,0,Low,1
5630-AHZIL,0-6 months,59.13333333333333,1.0907553551296505,3,1,Medium,1
2673-CXQEU,49-72 months,109.63392857142857,1.0078996660965878,5,0,Premium,0
6416-JNVRK,25-48 months,58.45326086956521,0.9520426948323634,1,0,Medium,1
5590-ZSKRV,7-12 months,60.28125,0.9065837221358216,2,1,Medium,0
0191-ZHSKZ,25-48 months,70.37666666666668,1.0621418083645147,4,1,High,0
3887-PBQAO,25-48 months,27.035555555555554,0.9579976985040276,0,0,Low,1
5919-TMRGD,0-6 months,79.35,1.0,1,1,High,0
8108-UXRQN,7-12 months,51.39545454545455,0.9835500132661182,3,1,Medium,0
9191-MYQKX,7-12 months,70.98571428571428,1.058663715033206,1,1,High,1
9919-YLNNG,25-48 months,103.03571428571429,1.0074176776429808,5,1,Premium,1
0318-ZOPWS,49-72 months,19.864285714285714,1.014383315354189,0,0,Low,1
4445-ZJNMU,7-12 months,102.08333333333333,0.9727346938775511,3,1,Premium,1
4808-YNLEU,25-48 months,63.29857142857142,0.9818547022049697,2,0,Medium,1
1862-QRWPE,25-48 months,22.020833333333332,0.937748344370861,0,0,Low,1
2796-NNUFI,25-48 months,20.15434782608696,0.9898608564340415,0,0,Low,0
3016-KSVCP,25-48 months,34.80172413793103,0.9697795392618281,1,1,Low,0
4767-HZZHQ,25-48 months,85.67333333333333,0.9577075713952221,2,1,High,1
2424-WVHPL,0-6 months,74.7,1.0,1,1,High,0
7233-PAHHL,49-72 months,86.57954545454545,0.9702060637878986,5,0,High,0
6067-NGCEU,49-72 months,109.33846153846154,1.015653580976502,5,1,Premium,1
9848-JQJTX,49-72 months,103.59791666666666,0.9739578096406379,4,0,Premium,1
8637-XJIVR,7-12 months,77.27916666666667,1.0216207472906669,1,1,High,0
9803-FTJCG,49-72 months,66.8830985915493,0.9995051277191651,3,0,Medium,1
0278-YXOOG,0-6 months,22.77,0.9244620114185332,0,1,Low,0
3212-KXOCR,49-72 months,21.292307692307695,0.9862716763005779,0,0,Low,1
4598-XLKNJ,25-48 months,100.58,0.979319944322927,4,1,Premium,0
6380-ARCEH,0-6 months,20.2,1.0,0,1,Low,0
3679-XASPY,0-6 months,19.45,1.0,0,1,Low,0
7123-WQUHX,25-48 months,94.88421052631578,1.001220323940537,3,0,Premium,1
5386-THSLQ,49-72 months,45.86742424242424,0.9930795276240812,3,0,Medium,1
3192-NQECA,49-72 months,111.93897058823529,0.9826783239291368,5,0,Premium,1
6180-YBIQI,0-6 months,20.04,1.2125748502994014,0,1,Low,0
6728-DKUCO,49-72 months,101.43125,1.0268038696161192,4,0,Premium,0
9750-BOOHV,25-48 months,28.9890625,1.0400474316822077,1,0,Low,0
8597-CWYHH,25-48 months,91.19302325581396,1.0346186213755642,2,0,Premium,0
2848-YXSMW,49-72 months,18.93402777777778,1.0246103062534384,0,0,Low,1
0486-HECZI,49-72 months,95.25272727272727,1.0157189486342553,3,1,Premium,0
4549-ZDQYY,49-72 months,58.50480769230769,0.9905168871723231,3,0,Medium,1
5712-AHQNN,25-48 months,91.95581395348837,0.9966743380288815,3,1,Premium,0
4846-WHAFZ,25-48 months,77.51756756756757,0.9868730714920768,0,1,High,0
5256-SKJGO,49-72 months,53.4921875,1.0207097999123704,4,0,Medium,0
3071-VBYPO,0-6 months,82.8,1.085144927536232,3,1,High,0
9560-BBZXK,25-48 months,31.287499999999998,0.9924091090691172,1,0,Low,1
5299-RULOA,7-12 months,106.465,0.9416240078899168,3,1,Premium,0
8402-OOOHJ,25-48 months,20.36951219512195,1.01376998144046,0,0,Low,0
9445-ZUEQE,25-48 months,79.68888888888888,1.0691578360290017,2,1,High,1
1091-SOZGA,49-72 months,98.49017857142857,1.013299005520855,3,0,Premium,1
2928-HLDBA,0-6 months,18.791666666666668,1.101552106430155,0,1,Low,0
0404-SWRVG,0-6 months,76.51666666666667,0.9723371814419517,0,1,High,0
6497-TILVL,7-12 months,50.050000000000004,1.0129870129870129,1,1,Medium,0
7219-TLZHO,0-6 months,15.725,1.3259141494435613,0,1,Low,0
4622-YNKIJ,25-48 months,91.7469696969697,0.9695143097782108,3,0,Premium,0
4412-YLTKF,25-48 months,79.0925925925926,0.9868180753921797,1,1,High,0
6734-PSBAW,49-72 months,23.94375,0.9835552075176194,0,0,Low,1
3930-ZGWVE,0-6 months,19.75,1.0,0,1,Low,0
2639-UGMAZ,49-72 months,56.131690140845066,1.0056707691921665,4,0,Medium,0
2876-GZYZC,13-24 months,93.51153846153846,0.9191379097602106,1,1,Premium,0
6207-WIOLX,25-48 months,60.106,0.9749442651316008,5,1,Medium,1
8587-XYZSF,49-72 months,48.65820895522388,1.0388791754854145,1,0,Medium,1
3091-FYHKI,0-6 months,35.45,1.0,1,1,Low,0
2372-HWUHI,0-6 months,40.625,1.0916923076923077,0,1,Medium,0
7799-LGRDP,25-48 months,27.632558139534886,0.9300622790775962,0,0,Low,1
7850-VWJUU,13-24 months,77.32608695652173,0.9699184706213102,1,1,High,1
3774-VBNXY,49-72 months,19.96484375,1.011778516924281,0,0,Low,0
6217-KDYWC,49-72 months,20.5359649122807,0.9544231344239889,0,0,Low,0
0390-DCFDQ,0-6 months,70.45,1.0,0,1,High,0
3146-MSEGF,49-72 months,89.24513888888889,0.9866083586874479,6,0,High,1
4080-OGPJL,7-12 months,70.45625,1.0098465359709041,3,1,High,0
1095-WGNGG,49-72 months,97.88934426229508,1.0322880468913544,3,0,Premium,1
2636-SJDOU,49-72 months,82.64140625,1.0200697667823144,2,0,High,1
1131-QQZEB,49-72 months,24.735211267605635,0.9682553239949891,0,0,Low,1
5716-EZXZN,49-72 months,98.71846153846154,1.0033584241120825,4,0,Premium,1
6837-BJYDQ,0-6 months,20.45,0.958435207823961,0,0,Low,0
2135-RXIHG,0-6 months,45.65,1.0,0,1,Medium,0
6440-DKQGE,25-48 months,64.33166666666666,1.0026166480996916,3,0,Medium,1
3466-BYAVD,13-24 months,71.42666666666668,0.973025947358596,4,1,High,0
3780-YVMFA,7-12 months,70.54375,0.9717373970054044,3,1,High,0
3874-EQOEP,7-12 months,93.64285714285714,1.0144927536231885,2,1,Premium,0
1679-JRFBR,49-72 months,113.29357142857143,0.9545996179331825,5,0,Premium,1
9073-ZZIAY,49-72 months,84.11693548387096,1.0235750922774556,6,0,High,0
3077-RSNTJ,0-6 months,18.916666666666668,1.0414096916299558,0,1,Low,0
6551-GNYDG,13-24 months,82.34285714285714,0.9824774462179043,1,1,High,1
9167-APMXZ,13-24 months,82.81590909090909,1.0161091138615221,1,1,High,1
2749-CTKAJ,13-24 months,19.086363636363636,1.0557275541795665,0,0,Low,0
6371-NZYEG,13-24 months,64.0,1.00390625,3,0,Medium,0
7554-NEWDD,7-12 months,25.16,1.021462639109698,0,0,Low,1
8992-VONJD,13-24 months,58.81153846153846,0.9521941011052253,2,1,Medium,0
0867-MKZVY,13-24 months,79.61749999999999,1.0349483467830567,1,1,High,0
4482-EWFMI,0-6 months,67.6,1.0310650887573967,0,1,Medium,0
4648-YPBTM,49-72 months,74.68396226415095,0.9895029369039349,4,0,High,1
2907-ILJBN,7-12 months,21.263636363636365,0.9687900812312954,0,0,Low,0
6345-FZOQH,49-72 months,19.76014492753623,1.0070776339433056,0,0,Low,0
3376-BMGFE,0-6 months,68.25,1.038827838827839,0,1,Medium,1
5997-OPVFA,49-72 months,86.86736111111111,1.0251261102095308,6,0,High,1
3445-HXXGF,49-72 months,45.710344827586205,0.9910229330114665,3,1,Medium,0
1159-WFSGR,13-24 months,20.0875,1.015556938394524,0,1,Low,0
7654-YWJUF,25-48 months,82.30813953488372,1.0235925690471146,3,0,High,1
1875-QIVME,0-6 months,121.4,0.8599670510708401,4,1,Premium,0
6727-IOTLZ,13-24 months,84.41071428571429,0.9708483181722022,5,0,High,0
0691-JVSYA,49-72 months,94.3433962264151,1.0053697852085917,3,0,Premium,1
5918-VUKWP,25-48 months,20.4546875,1.004659689863265,0,0,Low,1
1744-JHKYS,25-48 months,22.947058823529414,1.0763906690592155,0,1,Low,0
2656-FMOKZ,13-24 months,76.38000000000001,0.9747316051322334,0,1,High,0
2070-FNEXE,7-12 months,71.94285714285715,1.062648927720413,1,1,High,1
5947-SGKCL,13-24 months,103.95,1.0134680134680134,4,1,Premium,1
3712-PKXZA,49-72 months,20.524590163934427,1.001238019169329,0,0,Low,1
6317-YPKDH,0-6 months,29.95,1.0,1,1,Low,1
6582-OIVSP,0-6 months,45.3,1.0,0,1,Medium,0
9367-WXLCH,7-12 months,82.83125,1.0201463819512564,1,1,High,1
5524-KHNJP,25-48 months,74.34242424242424,1.0054824114458076,4,0,High,1
1918-ZBFQJ,13-24 months,85.51153846153846,0.9267755138757702,2,1,High,0
1024-GUALD,0-6 months,24.8,1.0,0,1,Low,0
4827-USJHP,13-24 months,51.1925,1.0118669727010792,1,1,Medium,0
8167-GJLRN,0-6 months,27.383333333333336,1.1101643335362141,1,1,Low,0
0956-SYCWG,13-24 months,18.83076923076923,1.0435049019607843,0,0,Low,0
8017-UVSZU,25-48 months,59.4775,0.9516203606405784,1,1,Medium,1
7100-FQPRV,25-48 months,73.79883720930232,0.9742700931192589,3,0,High,1
2472-OVKUP,0-6 months,88.5,1.0282485875706215,3,1,High,0
2984-RGEYA,49-72 months,19.933333333333334,0.9908026755852842,0,0,Low,1
9680-NIAUV,49-72 months,112.90694444444445,0.9715965704304184,5,0,Premium,1
2146-EGVDT,49-72 months,20.215254237288136,0.9547245744948437,0,0,Low,1
2604-IJPDU,13-24 months,95.08250000000001,1.0154339652407118,4,1,Premium,0
9178-JHUVJ,13-24 months,24.474999999999998,0.9846782431052096,0,0,Low,1
6168-YBYNP,49-72 months,110.5042372881356,1.0076536677019823,5,1,Premium,0
7255-SSFBC,49-72 months,111.68958333333333,1.005017626979538,5,0,Premium,1
3645-DEYGF,0-6 months,20.75,1.0,0,1,Low,0
9323-HGFWY,25-48 months,99.30185185185185,1.0261641459821347,4,0,Premium,1
8544-GOQSH,13-24 months,79.45,1.0075519194461926,2,1,High,1
3363-DTIVD,49-72 months,104.30281690140845,1.0119573290122206,4,0,Premium,0
7018-WBJNK,13-24 months,79.53461538461539,0.9844770056579137,1,1,High,1
9142-KZXOP,25-48 months,67.24886363636364,1.023809121478903,0,1,Medium,1
7674-YTAFD,25-48 months,81.35909090909091,0.9826805966813789,2,0,High,1
6348-SNFUS,49-72 months,58.044444444444444,0.955302450229709,5,0,Medium,1
1285-OKIPP,0-6 months,79.9,1.0,1,1,High,0
7825-ECJRF,13-24 months,101.81315789473685,1.0470159476853884,5,1,Premium,0
1347-KTTTA,49-72 months,103.9703125,0.9853774364677417,5,0,Premium,1
7841-TZDMQ,0-6 months,42.25,1.0887573964497042,0,1,Medium,1
4195-NZGTA,0-6 months,25.25,1.0,0,1,Low,0
7157-SMCFK,49-72 months,18.42950819672131,1.071650951787938,0,0,Low,0
4709-LKHYG,25-48 months,18.622413793103448,1.0739746319785206,0,0,Low,0
2504-DSHIH,13-24 months,85.90652173913043,1.0104005870891009,1,1,High,0
0699-NDKJM,49-72 months,60.30614035087719,0.9741959883052844,5,1,Medium,1
9286-BHDQG,49-72 months,43.608333333333334,1.0376457099178291,4,0,Medium,1
0230-WEQUW,49-72 months,57.41212121212121,0.9858545339385624,5,0,Medium,1
2040-LDIWQ,49-72 months,81.91538461538461,1.0278899427176262,5,0,High,1
6496-JDSSB,7-12 months,78.075,1.0246557796990072,1,1,High,1
9408-SSNVZ,0-6 months,67.0875,1.0456493385504007,0,1,Medium,0
4443-EMBNA,49-72 months,25.871830985915494,0.956638902498775,0,0,Low,1
6469-MRVET,0-6 months,20.2,1.0,0,0,Low,0
0742-MOABM,0-6 months,44.8375,1.1162531363256203,1,1,Medium,0
5961-VUSRV,7-12 months,18.279166666666665,1.058582174606793,0,0,Low,1
6778-JFCMK,13-24 months,53.697916666666664,0.9423084384093114,3,0,Medium,0
6341-JVQGF,25-48 months,82.12096774193549,0.9881763723853482,5,0,High,0
2232-DMLXU,0-6 months,55.2,1.0,1,1,Medium,0
4811-JBUVU,25-48 months,90.77166666666668,0.9903971503589593,2,1,Premium,1
0945-TSONX,25-48 months,87.38829787234043,0.9761032320895976,5,0,High,1
2651-ZCBXV,49-72 months,106.6787037037037,1.012385755079722,5,0,Premium,1
3316-UWXUY,49-72 months,94.95,0.9847288046340179,4,1,Premium,1
8937-RDTHP,0-6 months,84.6,1.0,2,1,High,0
7083-MIOPC,49-72 months,21.762500000000003,0.9304997128087305,0,0,Low,1
1984-GPTEH,25-48 months,24.20689655172414,1.038960113960114,0,1,Low,0
1251-KRREG,0-6 months,57.05,0.953549517966696,1,1,Medium,0
0621-JFHOL,7-12 months,29.905,0.9898010366159505,1,0,Low,0
9903-LYSAB,13-24 months,72.55277777777778,1.0082315555725718,0,1,High,0
0094-OIFMO,7-12 months,101.84545454545454,0.9327858609301081,3,1,Premium,0
9227-UAQFT,13-24 months,17.771875,1.111306488482504,0,0,Low,0
7301-ABVAD,49-72 months,88.20138888888889,0.981843949295331,5,0,High,1
6614-FHDBO,49-72 months,109.42083333333333,0.9979817981036518,5,0,Premium,1
7576-ASEJU,25-48 months,77.74756097560976,0.9608018446190768,4,0,High,1
9058-HRZSV,49-72 months,94.24846153846153,1.0016078613811286,4,1,Premium,0
4522-AKYLR,13-24 months,56.25384615384615,0.9741556132913989,2,1,Medium,0
0221-WMXNQ,0-6 months,68.35,1.1024140453547915,1,1,Medium,0
0303-UNCIP,25-48 months,61.75121951219513,1.0526107907417646,2,0,Medium,0
9947-OTFQU,13-24 months,71.61999999999999,1.038815973191846,1,1,High,0
0322-YINQP,0-6 months,48.55,1.0,1,1,Medium,0
0959-WHOKV,25-48 months,102.34404761904761,0.9673254312601054,4,0,Premium,0
4075-JFPGR,49-72 months,90.57941176470588,1.032243400331201,4,0,Premium,0
4629-NRXKX,0-6 months,73.575,0.9568467550118926,0,1,High,0
9514-JDSKI,0-6 months,40.2,1.0,2,1,Medium,0
3282-ZISZV,25-48 months,82.290625,1.0171267990734059,5,0,High,1
3675-YDUPJ,7-12 months,19.305,1.0282310282310283,0,1,Low,0
4111-BNXIF,49-72 months,61.252238805970144,0.9722093618265553,5,0,Medium,0
7017-VFHAY,49-72 months,114.88770491803278,1.0018478485763005,6,0,Premium,1
6655-LHBYW,49-72 months,115.822,0.9872908428450553,6,0,Premium,1
4959-JOSRX,0-6 months,40.275,1.107386716325264,0,1,Medium,1
5046-NUHWD,25-48 months,42.36724137931035,1.062141374679526,3,1,Medium,0
7273-TEFQD,0-6 months,44.06666666666666,0.9338124054462935,2,1,Medium,0
3606-TWKGI,13-24 months,104.94615384615385,1.0186176060983656,4,1,Premium,0
7529-ZDFXI,49-72 months,86.40964912280702,1.039814429431411,2,1,High,0
7605-BDWDC,25-48 months,49.03548387096774,1.0166107492928098,4,0,Medium,1
1950-KSVVJ,25-48 months,111.82777777777778,1.013165085200457,6,0,Premium,0
0123-CRBRT,49-72 months,90.60245901639344,0.9723797892070385,6,0,Premium,0
6292-TOSSS,49-72 months,23.905,1.0416230914034719,0,0,Low,1
3197-ARFOY,13-24 months,105.64473684210526,0.993897122929381,5,1,Premium,0
6323-AYBRX,49-72 months,18.63728813559322,1.0382411786104038,0,0,Low,0
7014-ZZXAW,49-72 months,24.40774647887324,0.9935370322282813,0,0,Low,1
4385-GZQXV,13-24 months,94.45,1.0,3,1,Premium,0
7633-MVPUY,49-72 months,60.52894736842106,0.9871309943045954,3,0,Medium,0
6366-ZGQGL,0-6 months,24.8,1.0,0,1,Low,1
4716-HHKQH,13-24 months,108.6025,0.985704748969867,4,1,Premium,0
5940-AHUHD,0-6 months,70.6,1.0,0,1,High,0
6432-TWQLB,0-6 months,80.22,1.0645724258289704,2,1,High,0
4484-GLZOU,49-72 months,108.17019230769232,0.9711547863498581,4,1,Premium,0
3179-GBRWV,13-24 months,63.8,1.018025078369906,3,1,Medium,1
8645-KWHJO,13-24 months,55.13928571428572,0.9974739296586566,4,1,Medium,0
4130-MZLCC,0-6 months,48.95,1.0326864147088866,1,1,Medium,1
0314-TKOSI,0-6 months,53.81666666666666,1.0247754722824405,2,1,Medium,0
8229-MYEJZ,7-12 months,49.825,1.0275965880582036,1,1,Medium,0
2080-SRCDE,0-6 months,25.4,1.0,0,1,Low,0
9577-WJVCQ,49-72 months,54.231617647058826,1.0040268456375838,1,1,Medium,0
9512-UIBFX,13-24 months,98.88611111111112,0.9622180398325796,3,1,Premium,0
6202-DYYFX,13-24 months,81.07272727272726,0.9374299170217538,0,0,High,1
3808-HFKDE,13-24 months,46.3575,0.9566952488809793,0,1,Medium,0
5583-SXDAG,0-6 months,70.0,1.0,0,1,Medium,0
3488-PGMQJ,7-12 months,75.81875,0.9826065452147392,1,1,High,0
3580-REOAC,7-12 months,43.54,1.0300872760679836,0,1,Medium,1
7534-BFESC,13-24 months,71.3625,1.0663864074268699,0,1,High,0
3727-OWVYD,25-48 months,57.74857142857143,1.0597664753611715,3,0,Medium,0
2294-SALNE,13-24 months,84.38260869565217,1.0286479802143447,3,0,High,0
4847-TAJYI,0-6 months,94.63333333333333,0.9441704825642833,2,1,Premium,0
1563-IWQEX,7-12 months,18.3625,1.0728386657590196,0,1,Low,0
8203-XJZRC,0-6 months,20.25,1.0,0,1,Low,0
6556-DBKZF,49-72 months,76.56971830985916,0.9932124824103965,1,0,High,0
6851-WEFYX,25-48 months,98.21428571428571,1.0263272727272728,3,1,Premium,0
2985-JUUBZ,25-48 months,75.39375,0.9888087540412832,3,1,High,0
6390-DSAZX,0-6 months,73.6,1.0,1,1,High,0
0895-LMRSF,13-24 months,65.64347826086956,0.9886739965558354,2,0,Medium,1
8098-LLAZX,0-6 months,99.025,0.963898005554153,2,1,Premium,0
8266-VBFQL,0-6 months,89.1625,1.0138791532314595,3,1,High,0
8181-YHCMF,49-72 months,60.4264705882353,0.9979070333414455,5,0,Medium,1
2240-HSJQD,25-48 months,82.67631578947368,0.9900054110831715,1,1,High,0
1248-DYXUB,49-72 months,23.63653846153846,1.049223008705557,0,0,Low,0
0265-EDXBD,25-48 months,71.9796875,1.0405713417413769,0,1,High,0
4115-BNPJY,25-48 months,70.84137931034483,1.0664670950155761,4,0,High,0
3167-SNQPL,25-48 months,98.46973684210526,1.0272191562996913,3,1,Premium,0
4091-TVOCN,25-48 months,76.71770833333333,1.0264905158250621,4,0,High,1
1098-TDVUQ,0-6 months,19.25,1.0,0,1,Low,1
7277-OZCGZ,13-24 months,85.73863636363636,1.038621603711067,3,1,High,0
1557-EMYVT,25-48 months,113.83953488372094,1.0106330820616534,6,0,Premium,1
2799-ARNLO,0-6 months,68.32000000000001,1.0150761124121779,0,1,Medium,0
7563-BIUPC,0-6 months,83.11,0.9697990614847791,1,1,High,0
5027-YOCXN,49-72 months,111.49803921568626,0.9870128728193586,5,0,Premium,1
3973-SKMLN,49-72 months,19.085915492957746,1.0426536786952991,0,0,Low,1
2321-OMBXY,25-48 months,80.49078947368422,0.9976296732218461,5,0,High,1
2840-XANRC,13-24 months,92.96041666666667,1.0020393984895004,3,1,Premium,0
6745-JEFZB,25-48 months,92.46714285714286,0.9895406862669365,2,1,Premium,1
5020-ZSTTY,49-72 months,80.55740740740741,1.0234937127882118,5,0,High,1
9880-TDQAC,49-72 months,59.22222222222222,1.0131332082551594,5,0,Medium,0
8705-WZCYL,0-6 months,44.8,1.0,0,1,Medium,0
7102-JJVTX,7-12 months,46.922222222222224,1.0357565711579446,1,0,Medium,0
8626-PTQGE,49-72 months,60.53188405797101,0.992039169679412,5,0,Medium,1
4983-CLMLV,49-72 months,98.8096153846154,1.0393725307020103,4,1,Premium,1
5701-YVSVF,7-12 months,80.00454545454545,1.0361911255042329,2,1,High,0
5804-LEPIM,0-6 months,69.525,1.0118662351672059,0,1,Medium,0
5697-GOMBF,25-48 months,34.77321428571428,1.0324038412160428,1,1,Low,0
2739-CACDQ,13-24 months,86.4735294117647,0.9557838168769771,1,1,High,1
9385-EHGDO,25-48 months,21.124285714285715,0.9396767430851424,0,0,Low,0
9498-FIMXL,7-12 months,20.24375,0.9484408768138315,0,0,Low,0
2379-GYFLQ,25-48 months,96.15108695652174,0.9869883222735958,3,0,Premium,1
0122-OAHPZ,7-12 months,73.03571428571429,1.0111491442542786,0,1,High,0
2868-SNELZ,0-6 months,77.9,1.034659820282413,1,1,High,0
4322-RCYMT,49-72 months,77.85220588235293,0.9736397208133813,4,0,High,1
6680-NENYN,25-48 months,110.69418604651163,0.9449457440885741,4,0,Premium,0
2088-IEBAU,49-72 months,90.41838235294118,0.9749123762899593,6,0,Premium,0
7982-VCELR,25-48 months,99.04583333333333,0.957132640612511,3,1,Premium,1
1343-EHPYB,49-72 months,104.80952380952381,0.9865515674693321,4,1,Premium,0
6035-BXTTY,25-48 months,57.190625,0.955576198021966,2,1,Medium,1
6885-PKOAM,49-72 months,87.65915492957747,0.9782207011793438,6,0,High,1
7520-HQWJU,49-72 months,68.31287878787879,0.9873687245627849,3,1,Medium,1
9639-BUJXT,49-72 months,21.081746031746032,0.9724052253134058,0,0,Low,0
5924-SNGKP,25-48 months,21.097560975609756,0.9598265895953757,0,0,Low,1
0021-IKXGC,0-6 months,72.1,1.0,0,1,High,0
2034-GDRCN,0-6 months,84.1,1.0749108204518432,2,1,High,0
8966-SNIZF,49-72 months,18.62142857142857,1.0444955887993863,0,0,Low,1
6243-OZGFH,13-24 months,43.34130434782609,1.0371169182926219,2,1,Medium,0
4654-DLAMQ,49-72 months,100.4828125,0.9653392215708533,4,0,Premium,1
0513-RBGPE,25-48 months,61.58783783783784,1.0196818431157433,3,0,Medium,1
5160-UXJED,13-24 months,40.08235294117647,1.1127091282653363,0,0,Medium,0
4115-NZRKS,7-12 months,82.05,1.0865326020719075,2,1,High,0
0219-YTZUE,0-6 months,92.975,0.9120731379403065,2,1,Premium,1
0623-IIHUG,13-24 months,40.00476190476191,1.047375312462802,2,1,Medium,0
4572-DVCGN,7-12 months,84.6,0.948581560283688,1,1,High,1
3351-NGXYI,13-24 months,55.5625,0.9736782902137233,1,1,Medium,0
8984-EYLLL,49-72 months,106.615625,0.9871911363836211,4,0,Premium,0
9057-MSWCO,25-48 months,29.81851851851852,1.0312383554837907,1,1,Low,1
9833-TGFHX,25-48 months,95.63690476190476,1.015298437791747,3,0,Premium,0
9294-TDIPC,0-6 months,16.75,1.2059701492537314,0,1,Low,0
5229-DTFYB,25-48 months,96.56463414634146,1.0231489082252503,4,0,Premium,1
0104-PPXDV,49-72 months,49.630172413793105,1.0134963783849507,1,0,Medium,1
5176-LMJXE,25-48 months,20.121276595744682,1.0213069683832081,0,0,Low,0
3583-KRKMD,13-24 months,76.28055555555555,0.9950111066603549,1,1,High,1
1010-DIAUQ,0-6 months,98.51,0.9795959801035428,3,1,Premium,1
9069-LGEUL,13-24 months,61.130434782608695,0.9806899004267425,2,1,Medium,1
7302-ZHMHP,0-6 months,19.15,1.0,0,1,Low,0
9571-EDEBV,49-72 months,98.06830985915494,1.0059314792075085,3,0,Premium,1
3520-FJGCV,49-72 months,112.87013888888889,0.9976066398823623,6,0,Premium,1
6563-VRERX,25-48 months,20.916666666666668,0.9848605577689243,0,0,Low,0
0259-GBZSH,0-6 months,90.75,0.943801652892562,1,1,Premium,0
6122-EFVKN,13-24 months,34.61666666666667,1.0327395281656235,2,0,Low,0
2805-EDJPQ,49-72 months,100.14999999999999,0.9960059910134799,4,0,Premium,1
6862-CQUMB,25-48 months,98.56216216216217,0.9750191949106064,3,1,Premium,1
7156-MXBJE,25-48 months,85.1686046511628,0.9991944842651375,5,0,High,1
6158-HDPXZ,0-6 months,25.35,1.0,0,1,Low,0
9601-BRXPO,25-48 months,102.66,1.0223066432885253,4,1,Premium,1
2863-IMQDR,49-72 months,87.02786885245901,1.0301297869534916,6,0,High,0
5686-CMAWK,13-24 months,82.95588235294117,1.0457365715298705,2,0,High,0
5651-CRHKQ,25-48 months,81.44024390243902,1.0584447672242105,3,0,High,1
6905-NIQIN,0-6 months,50.65,1.0,1,1,Medium,0
8204-YJCLA,49-72 months,65.72708333333334,0.9858949570509365,6,0,Medium,1
5167-ZFFMM,0-6 months,90.85,1.0,2,1,Premium,1
6583-SZVGP,25-48 months,105.57187499999999,1.0239469555693692,4,0,Premium,1
4895-TMWIR,7-12 months,19.522727272727273,1.0218859138533178,0,1,Low,0
0533-BNWKF,49-72 months,88.63090909090909,0.9641106119350935,2,1,High,0
1708-PBBOA,25-48 months,55.915476190476184,0.9791564649023825,5,0,Medium,0
8782-LKFPK,25-48 months,92.3409090909091,0.9789810484863402,2,1,Premium,0
5522-JBWMO,0-6 months,44.0,1.0,0,1,Medium,0
3597-MVHJT,25-48 months,96.12037037037037,0.9945862633657644,2,1,Premium,1
9774-NRNAU,25-48 months,85.53888888888889,0.9913619536273299,5,1,High,1
0224-RLWWD,0-6 months,44.65,0.9921612541993281,0,1,Medium,0
9967-ATRFS,13-24 months,19.344736842105263,1.0287035777445246,0,1,Low,0
3951-NJCVI,25-48 months,93.91666666666667,1.01206743566992,2,1,Premium,0
2977-CEBSX,49-72 months,90.39318181818182,0.9962034546048827,6,0,Premium,1
0177-PXBAT,25-48 months,111.96060606060605,0.981595258072374,5,1,Premium,1
6599-CEBNN,25-48 months,74.24852941176471,0.9959793222286043,1,1,High,1
2519-ERQOJ,25-48 months,54.657575757575756,0.998946609746632,4,1,Medium,0
5876-QMYLD,13-24 months,18.047826086956523,1.1109371235846783,0,0,Low,0
2277-AXSDC,25-48 months,19.5046875,1.012577104862613,0,0,Low,1
9442-JTWDL,7-12 months,21.60909090909091,0.9278502313840976,0,0,Low,1
0979-PHULV,49-72 months,101.55942028985508,0.9792296934756549,3,1,Premium,1
3067-SVMTC,49-72 months,56.6,0.9876325088339222,2,0,Medium,1
5495-GPSRW,13-24 months,20.97,0.9394372913686219,0,0,Low,0
7606-BPHHN,49-72 months,20.399305555555557,0.9706212765957446,0,0,Low,1
4742-DRORA,49-72 months,96.86666666666666,0.9848589125946319,3,0,Premium,1
0111-KLBQG,25-48 months,89.4203125,1.0506561358751683,3,1,High,0
4800-VHZKI,0-6 months,19.9,1.0,0,1,Low,0
7989-CHGTL,0-6 months,19.6,1.0,0,1,Low,0
0334-GDDSO,0-6 months,77.89999999999999,1.0442875481386393,1,1,High,0
4163-NCJAK,25-48 months,23.17717391304348,1.0549172255311166,0,0,Low,1
5233-AOZUF,25-48 months,74.10517241379311,1.0114003862171657,0,1,High,0
5973-EJGDP,49-72 months,87.70588235294117,0.9959423205902079,3,1,High,0
1996-DBMUS,25-48 months,73.85520833333334,0.9566014583715322,0,1,High,1
7916-VCCPB,13-24 months,74.734375,0.9801379887100147,1,1,High,1
4686-GEFRM,49-72 months,97.9842857142857,1.0073043782530728,4,0,Premium,1
5249-QYHEX,25-48 months,25.6175,0.968088220942715,0,0,Low,0
0578-SKVMF,13-24 months,83.90454545454546,0.9927948426241942,2,1,High,0
5564-NEMQO,0-6 months,75.3,1.0,1,1,High,1
2233-FAGXV,0-6 months,26.45,0.9187145557655955,0,1,Low,0
5605-IYGFG,7-12 months,73.63571428571429,0.948588611892521,0,1,High,1
7663-ZTEGJ,25-48 months,97.60172413793103,1.03020721086753,4,0,Premium,1
3935-TBRZZ,25-48 months,25.238636363636363,1.0182800540297163,0,0,Low,0
8111-BKVDS,7-12 months,44.93,0.9058535499666148,3,1,Medium,1
2055-SIFSS,49-72 months,51.61000000000001,1.0007750435962022,0,1,Medium,1
2806-MLNTI,49-72 months,103.39230769230768,1.0165166282270666,4,0,Premium,1
8734-DKSTZ,7-12 months,85.86,1.00104821802935,1,1,High,0
4360-PNRQB,13-24 months,77.50277777777778,0.9754489086412672,0,1,High,1
6152-ONASV,49-72 months,58.46617647058823,0.9963025379178511,2,0,Medium,1
9063-ZGTUY,49-72 months,19.38606557377049,1.0007187856750244,0,1,Low,0
7781-HVGMK,49-72 months,66.45069444444444,0.9811786098715632,6,0,Medium,1
2181-UAESM,0-6 months,59.75,0.894560669456067,2,1,Medium,0
2957-LOLHO,7-12 months,43.24166666666667,1.0499132780882636,0,1,Medium,1
6048-NJXHX,25-48 months,21.93780487804878,0.9002723886819723,0,0,Low,0
2320-SLKMB,25-48 months,45.53076923076923,0.9762628822436223,3,1,Medium,1
4980-URKXC,25-48 months,20.001388888888886,1.0424276091938063,0,0,Low,1
4376-KFVRS,49-72 months,117.6138888888889,0.9696984010769703,6,0,Premium,1
5886-VLQVU,25-48 months,90.32,0.9947962798937112,2,1,Premium,1
3577-AMVUX,0-6 months,55.05,1.0,2,1,Medium,0
0771-WLCLA,13-24 months,117.659375,0.9599745026692519,5,1,Premium,0
5628-RKIFK,49-72 months,103.47755102040816,0.981372278321237,3,1,Premium,1
0206-TBWLC,49-72 months,112.02777777777777,1.0234068931316638,6,0,Premium,0
2937-FTHUR,13-24 months,64.81666666666666,0.999742864489586,2,1,Medium,0
1910-FMXJM,25-48 months,81.60138888888889,0.9852773475397001,1,1,High,0
7752-XUSCI,49-72 months,106.6075,0.9933635063199119,4,1,Premium,0
4110-PFEUZ,0-6 months,69.55,1.0,0,1,Medium,0
0732-OCQOC,49-72 months,24.427884615384617,1.0254674276717182,0,0,Low,1
5168-MSWXT,7-12 months,94.94375,0.9979593180172471,3,1,Premium,0
1090-ESELR,49-72 months,105.71597222222222,0.9979570521115936,5,0,Premium,1
8592-PLTMQ,49-72 months,25.66796875,0.9622888449246689,0,0,Low,0
5760-WRAHC,13-24 months,70.24545454545455,0.9929468098874077,4,1,Medium,0
8847-GEOOQ,49-72 months,59.70666666666667,1.0082626172398392,5,1,Medium,1
0256-LTHVJ,25-48 months,79.53928571428571,1.0189933096852408,1,1,High,0
4785-FCIFB,49-72 months,23.24426229508197,1.0497214189999293,0,0,Low,0
8313-NDOIA,13-24 months,103.94375000000001,1.0019842462870543,4,1,Premium,0
5149-CUZUJ,25-48 months,98.86964285714285,0.9396210739249012,4,0,Premium,1
0942-KOWSM,25-48 months,78.97666666666667,1.0230869877178912,5,0,High,1
4237-CLSMM,0-6 months,19.0,1.0526315789473684,0,1,Low,0
1452-VOQCH,0-6 months,75.1,1.0,0,1,High,0
4719-UMSIY,0-6 months,16.816666666666666,1.1684836471754212,0,1,Low,0
6614-VBEGU,13-24 months,67.25208333333333,1.0326817632663177,3,1,Medium,1
0880-TKATG,0-6 months,96.475,1.0484581497797358,3,1,Premium,0
3811-VBYBZ,7-12 months,96.17857142857143,1.0376531748978834,3,1,Premium,0
1480-BKXGA,49-72 months,116.73472222222222,0.9941343739961214,6,0,Premium,1
2996-XAUVF,49-72 months,39.996428571428574,1.001339405304045,2,0,Medium,0
9076-AXYIK,49-72 months,102.16328125,0.9993805871422126,4,0,Premium,0
5968-XQIVE,49-72 months,91.51319444444444,0.9801865244082898,2,0,Premium,0
8896-RAZCR,25-48 months,19.729545454545455,1.008639557654648,0,0,Low,0
4640-UHDOS,13-24 months,56.48846153846154,0.9904677606046163,1,1,Medium,0
4933-IKULF,13-24 months,19.447058823529414,1.0618572292800965,0,0,Low,0
3583-EKAPL,0-6 months,55.0,1.0,1,1,Medium,0
1304-BCCFO,7-12 months,62.71111111111111,1.1170269312544294,3,1,Medium,0
4104-PVRPS,13-24 months,54.80625,0.9779906488767249,2,1,Medium,0
9399-APLBT,0-6 months,74.7,1.0,1,1,High,0
2359-KMGLI,13-24 months,77.5625,1.0346494762288476,1,1,High,0
3780-DDGSE,25-48 months,78.49142857142857,0.9688956027955736,4,1,High,0
4431-EDMIQ,7-12 months,79.14999999999999,0.95641187618446,5,1,High,0
0306-JAELE,0-6 months,90.67999999999999,1.0597706219673577,3,1,Premium,0
6227-HWPWX,13-24 months,66.32,1.040410132689988,0,1,Medium,1
0486-LGCCH,7-12 months,20.522727272727273,0.9574750830564783,0,0,Low,0
0447-BEMNG,25-48 months,44.6875,1.0137062937062937,3,1,Medium,1
4612-SSVHJ,13-24 months,83.58,0.9745154343144293,1,1,High,0
5168-MQQCA,49-72 months,111.16388888888889,0.9760363827182088,5,0,Premium,1
5949-XIKAE,7-12 months,85.00625,0.982868906698037,2,1,High,0
7971-HLVXI,49-72 months,85.15069444444445,0.992358318993288,1,0,High,1
9094-AZPHK,13-24 months,94.33333333333333,1.0616607773851592,3,1,Premium,0
3649-JPUGY,49-72 months,86.13819444444444,1.0285797208942349,5,0,High,1
4472-LVYGI,0-6 months,0.0,0.0,4,0,Low,1
8372-JUXUI,0-6 months,74.35,1.0,0,1,High,0
3552-CTCYF,49-72 months,104.71825396825396,1.0007806282920915,4,0,Premium,1
6778-YSNIH,0-6 months,57.075,1.0337275514673674,2,1,Medium,0
0388-EOPEX,0-6 months,69.7,1.067431850789096,1,1,Medium,0
5756-OZRIO,49-72 months,63.97704918032787,1.0011402654640496,2,0,Medium,1
6579-JPICP,0-6 months,20.4,1.0,0,1,Low,0
8205-OTCHB,13-24 months,41.07272727272727,1.0651837096060204,3,0,Medium,1
4134-BSXLX,25-48 months,63.77321428571429,0.9549463780696105,3,1,Medium,0
0505-SPOOW,49-72 months,19.966428571428573,0.9916645798304297,0,0,Low,1
6235-VDHOM,0-6 months,26.21,1.085463563525372,1,1,Low,0
7783-YKGDV,7-12 months,103.20416666666667,0.9660462675118091,4,1,Premium,1
4374-YMUSQ,25-48 months,114.6779411764706,1.0137084674471986,6,0,Premium,1
4513-CXYIX,49-72 months,79.94366197183099,1.00946088794926,1,0,High,1
3957-HHLMR,49-72 months,64.90214285714285,1.004589326788682,2,0,Medium,1
7803-XOCCZ,49-72 months,83.20769230769231,1.0101229546084864,3,1,High,1
5736-YEJAX,49-72 months,79.74710144927536,0.9962744545710626,5,0,High,1
5609-CEBID,13-24 months,89.12,1.055879712746858,3,1,High,0
8981-FJGLA,7-12 months,77.43636363636364,1.0072787039211082,1,1,High,0
7218-HKQFK,0-6 months,83.75,1.124776119402985,3,1,High,0
4636-QRJKY,0-6 months,83.80833333333334,0.9605250074574923,1,1,High,0
1135-LMECX,0-6 months,19.85,1.0,0,1,Low,0
4332-MUOEZ,13-24 months,90.91499999999999,1.0372325798823077,4,0,Premium,1
8535-SFUTN,49-72 months,103.2811475409836,1.0306818091632741,4,1,Premium,0
5956-VKDTT,0-6 months,66.96000000000001,1.110364396654719,0,1,Medium,0
8677-HDZEE,49-72 months,105.65982142857142,0.998014179602667,4,1,Premium,1
2475-MROZF,25-48 months,95.08,0.9991586032814472,4,1,Premium,1
9412-GHEEC,25-48 months,103.29875,1.0145330897034088,4,1,Premium,1
3482-ABPKK,25-48 months,55.225,0.9832503395201447,2,0,Medium,0
6705-LXORM,0-6 months,60.52,1.1574686054196959,0,1,Medium,0
0257-ZESQC,25-48 months,71.4574074074074,1.0523751522533498,1,1,High,1
7531-GQHME,7-12 months,22.120833333333334,0.9063853833113581,0,1,Low,1
5174-ITUMV,49-72 months,104.32014925373134,1.0103513151964747,4,0,Premium,0
4109-CYRBD,25-48 months,49.724137931034484,1.0377253814147018,0,1,Medium,0
0913-XWSCN,49-72 months,85.69818181818181,0.9976874443077185,1,1,High,1
6825-UYPFK,13-24 months,76.4608695652174,0.9887410440122824,0,1,High,1
8397-MVTAZ,25-48 months,102.3529411764706,0.9774999999999999,3,1,Premium,0
0750-EBAIU,49-72 months,91.12115384615385,1.0014140092438217,3,0,Premium,0
8606-CIQUL,49-72 months,116.6548611111111,0.9922432627111077,6,0,Premium,1
3571-DPYUH,49-72 months,93.62672413793103,1.0114633495078587,3,0,Premium,1
7601-GNDYK,25-48 months,19.627142857142857,0.9986170754785647,0,0,Low,0
0356-OBMAC,49-72 months,101.89821428571429,0.9803900951579833,4,0,Premium,1
8067-NIOYM,13-24 months,20.443749999999998,1.0321002751452157,0,0,Low,1
1403-GYAFU,49-72 months,19.432142857142857,1.0317956258040801,0,0,Low,1
4234-XTNEA,0-6 months,87.225,0.9165950128976785,1,1,High,0
1297-VQDRP,49-72 months,108.5264705882353,0.9873167294506626,4,0,Premium,1
9282-IZGQK,0-6 months,85.0,1.0,1,1,High,0
5348-CAGXB,7-12 months,85.14583333333333,1.0517249816491314,2,1,High,0
0621-HJWXJ,49-72 months,79.82619047619048,1.0215945357473082,1,1,High,1
5844-QVTAT,25-48 months,59.25454545454546,0.9864222154034981,3,0,Medium,0
8905-IAZPF,49-72 months,97.74202898550725,0.9785964235936064,3,0,Premium,1
5394-MEITZ,49-72 months,82.445,0.9776214445994299,5,0,High,1
6859-QNXIQ,49-72 months,114.5625,0.9872340425531915,6,0,Premium,1
2782-LFZVW,7-12 months,54.690909090909095,1.077875664893617,1,1,Medium,0
2866-IKBTM,0-6 months,19.55,1.0,0,1,Low,0
1342-JPNKI,7-12 months,83.41,1.031650881189306,1,1,High,1
2817-NTQDO,13-24 months,45.92307692307692,0.9918760469011726,3,1,Medium,1
7129-AZJDE,25-48 months,77.85882352941177,1.0140148080991236,1,0,High,1
6986-IJDHX,25-48 months,83.74358974358974,1.030526638089406,2,1,High,0
2560-PPCHE,49-72 months,103.75769230769231,1.0124550543055195,4,0,Premium,1
4676-MQUEA,49-72 months,105.31,0.9676194093628335,4,0,Premium,1
8138-EALND,13-24 months,20.773333333333333,0.9507381258023107,0,1,Low,0
3580-HYCSP,49-72 months,110.65138888888889,0.9968243607927801,5,0,Premium,1
1352-HNSAW,49-72 months,114.17222222222222,1.012505474186171,6,0,Premium,1
2075-PUEPR,49-72 months,20.96818181818182,0.9228267938434859,0,0,Low,1
1982-FEBTD,13-24 months,22.380434782608695,1.1438562408936377,0,0,Low,1
5301-GAUUY,25-48 months,81.1296875,0.9903896153920227,1,1,High,1
5791-KAJFD,49-72 months,68.0,1.0110294117647058,3,0,Medium,1
2654-VBVPB,0-6 months,19.9,1.0,0,1,Low,1
1154-HYWWO,25-48 months,71.26842105263158,0.9906210767299312,4,0,High,0
2501-XWWTZ,7-12 months,69.09545454545454,1.0159857904085259,0,1,Medium,0
3716-UVSPD,0-6 months,49.3,1.0,1,1,Medium,0
6815-ABQFQ,49-72 months,107.7375,0.995475113122172,4,0,Premium,0
7343-EOBEU,0-6 months,29.683333333333334,0.7950589556428973,0,1,Low,0
3701-SFMUH,7-12 months,73.73571428571428,0.9452678484936551,3,1,High,1
6103-LIANB,49-72 months,99.35169491525424,1.0014927282808035,3,0,Premium,1
7319-VENRZ,7-12 months,63.707142857142856,1.0093059760062788,3,1,Medium,1
5846-NEQVZ,49-72 months,70.04788732394366,1.0114509188884868,4,0,Medium,1
6967-QIQRV,13-24 months,111.15,0.9167791273054431,4,0,Premium,0
5781-RFZRP,49-72 months,75.46126760563381,0.9740096122439457,4,0,High,1
0939-YAPAF,25-48 months,100.78857142857143,0.9946564236307971,3,1,Premium,0
0308-IVGOK,7-12 months,38.41818181818182,1.0515854235683861,3,0,Medium,1
7293-LSCDV,49-72 months,18.3875,1.0469068660774983,0,0,Low,1
7025-WCBNE,25-48 months,58.59574468085106,1.0171387073347857,2,0,Medium,1
5756-JYOJT,7-12 months,63.38636363636363,1.0238795267120833,3,0,Medium,1
4710-FDUIZ,49-72 months,100.25803571428571,1.000418562815592,3,0,Premium,1
6030-REHUX,25-48 months,114.44285714285715,0.9686056672075894,5,1,Premium,0
9548-LIGTA,49-72 months,77.83032786885245,1.0413678346129138,5,0,High,0
5150-LJNSR,25-48 months,99.42258064516129,0.9861944777911165,3,0,Premium,1
8270-RKSAP,7-12 months,66.43333333333334,1.061214249874561,0,1,Medium,0
6522-YRBXD,25-48 months,96.15428571428572,0.9833155048434064,3,1,Premium,0
2640-LYMOV,0-6 months,19.4,1.0128865979381443,0,1,Low,0
1218-VKFPE,7-12 months,19.462500000000002,0.9762363519588952,0,1,Low,0
3627-FHKBK,0-6 months,75.3,1.0,1,1,High,0
2865-TCHJW,0-6 months,86.55,1.0306181398035819,2,1,High,0
1423-BMPBQ,0-6 months,19.0,1.0,0,1,Low,0
2393-DIVAI,0-6 months,20.566666666666666,0.9724473257698542,0,1,Low,0
5192-EBGOV,0-6 months,85.7,1.0,1,1,High,0
4568-KNYWR,49-72 months,64.27788461538461,0.9840087361067482,3,0,Medium,1
8752-IMQOS,0-6 months,17.02,1.1809635722679201,0,0,Low,0
0742-LAFQK,49-72 months,103.08472222222223,0.9618302097789035,4,0,Premium,0
0795-LAFGP,49-72 months,93.91619718309859,0.9625602687442356,6,0,Premium,0
0619-OLYUR,49-72 months,112.09791666666666,0.9982344304644378,5,0,Premium,1
5512-IDZEI,25-48 months,25.539130434782606,0.9749744637385087,0,0,Low,0
0459-SPZHJ,49-72 months,86.26984126984127,0.9678932842686293,5,0,High,1
0215-BQKGS,25-48 months,81.28666666666666,1.037070450258345,3,1,High,1
9244-ZVAPM,0-6 months,45.6,1.0,0,1,Medium,0
0719-SYFRB,7-12 months,59.479166666666664,1.0364973730297724,3,1,Medium,0
8208-EUMTE,13-24 months,57.259375,0.9579217377067074,5,0,Medium,0
5172-MIGPM,0-6 months,59.3,1.1053962900505903,2,1,Medium,0
1710-RCXUS,49-72 months,90.48137254901961,0.998548070776132,2,0,Premium,1
0374-FIUCA,49-72 months,21.76076923076923,0.9374668599102124,0,0,Low,1
5839-SUYVZ,13-24 months,73.15625,1.019051687313114,1,1,High,1
5173-ZXXXL,0-6 months,23.85,0.8364779874213836,0,0,Low,0
1096-ADRUX,49-72 months,73.625,1.0084889643463497,0,0,High,1
2001-MCUUW,25-48 months,106.59130434782608,1.0193139174416708,5,0,Premium,0
2731-GJRDG,25-48 months,112.75,0.9716186252771618,5,0,Premium,1
4723-BEGSG,49-72 months,84.64236111111111,1.023719079460147,5,0,High,1
6516-NKQBO,25-48 months,81.18157894736842,0.9977632986482544,5,0,High,1
8672-OAUPW,49-72 months,46.21078431372549,1.0354725787631271,1,0,Medium,1
8207-DMRVL,49-72 months,115.36180555555555,0.9929629607334414,6,0,Premium,1
3419-SNJJD,49-72 months,104.40615384615384,1.008082341152894,4,1,Premium,1
6543-CPZMK,7-12 months,27.66111111111111,1.0827475396665998,1,1,Low,0
4765-OXPPD,7-12 months,73.67222222222222,0.8822864037402911,4,1,High,0
2804-ETQDK,49-72 months,20.562121212121212,0.9994105077002432,0,0,Low,0
6689-VRRTK,25-48 months,110.4625,0.9940024895326467,5,0,Premium,1
7138-GIRSH,49-72 months,68.36399999999999,1.016616932888655,3,0,Medium,1
9396-ZSFLL,13-24 months,42.093333333333334,1.1605163129553373,0,1,Medium,0
6464-KEXXH,7-12 months,23.2875,1.084272678475577,0,1,Low,1
7134-MJPDY,49-72 months,105.70833333333333,0.9729601891998423,4,0,Premium,1
5240-CAOYT,49-72 months,85.69912280701755,1.0215973878420013,3,1,High,1
4059-IIEBK,7-12 months,74.70714285714287,1.0514389520986709,1,1,High,1
4881-JVQOD,7-12 months,36.260000000000005,0.9528405956977384,1,1,Medium,1
0516-UXRMT,49-72 months,92.83548387096775,0.9915389693874004,3,0,Premium,0
4851-BQDNX,25-48 months,83.89125,1.0138125251441599,2,0,High,0
5148-HKFIR,13-24 months,20.3475,0.968177908834009,0,0,Low,0
1009-IRMNA,7-12 months,19.657142857142855,1.0174418604651163,0,1,Low,1
3003-CMDUU,25-48 months,95.82799999999999,0.9929248236423595,3,1,Premium,0
5016-IBERQ,13-24 months,85.5695652173913,0.9845790356181089,2,1,High,0
6797-UCJHZ,49-72 months,103.325,1.0123397048149043,4,0,Premium,1
2469-DTSGX,49-72 months,110.32569444444444,1.0120036004506858,5,0,Premium,0
4554-YGZIH,49-72 months,92.80102040816327,0.9703557094947495,2,1,Premium,1
5099-BAILX,25-48 months,109.02093023255813,1.0158599799483778,5,1,Premium,1
9931-KGHOA,25-48 months,53.78152173913043,1.0226560763152044,1,1,Medium,1
1775-KWJKQ,49-72 months,91.15138888888889,0.9857227749927623,6,0,Premium,1
7665-VIGUD,7-12 months,17.630000000000003,1.1542824730572887,0,0,Low,0
9411-TPQQV,25-48 months,55.904999999999994,0.9757624541633129,4,0,Medium,1
7207-RMRDB,49-72 months,107.47153846153846,0.9816552504061898,4,1,Premium,0
7954-MLBUN,25-48 months,100.31935483870969,0.9913341264992444,4,0,Premium,1
2077-DDHJK,49-72 months,72.22573529411765,0.9816445580135807,4,0,High,1
4913-EHYUI,49-72 months,103.47589285714285,1.0103802645543734,4,0,Premium,1
0195-IESCP,7-12 months,85.53,0.996726294867298,1,1,High,0
9574-BOSMD,49-72 months,23.826470588235296,1.066041229477842,0,0,Low,1
4580-TMHJU,25-48 months,58.12325581395349,0.9660504941383586,1,1,Medium,0
0970-ETWGE,0-6 months,89.55,1.0,2,1,High,0
4908-XAXAY,49-72 months,87.4938775510204,1.0269289979473781,3,0,High,1
8404-VLQFB,13-24 months,26.323333333333334,0.959225022160314,0,1,Low,0
1626-ERCMM,13-24 months,94.9825,0.995446529623878,2,1,Premium,0
0887-HJGAR,0-6 months,45.7,1.0,0,1,Medium,0
2391-IPLOP,49-72 months,68.843,1.011722324709847,3,0,Medium,0
5644-PDMZC,0-6 months,80.75,1.108359133126935,2,1,High,0
3509-GWQGF,13-24 months,72.19166666666666,0.9696410019623688,0,1,High,1
9576-ANLXO,0-6 months,74.10000000000001,0.93859649122807,0,1,High,1
2024-BASKD,0-6 months,74.6,1.0,1,1,High,0
5845-BZZIB,25-48 months,18.72285714285714,1.073554097359988,0,0,Low,0
1140-UKVZG,13-24 months,27.955882352941178,0.8871120462914256,0,1,Low,0
4160-AMJTL,7-12 months,20.5375,0.9567863664029214,0,1,Low,0
5183-SNMJQ,7-12 months,86.51,1.0992948792047161,3,1,High,1
8100-PNJMH,49-72 months,90.18676470588235,0.9851778172746098,6,0,Premium,1
7838-LAZFO,25-48 months,79.94444444444444,0.9856845031271716,5,0,High,1
4464-JCOLN,0-6 months,17.95,1.1058495821727021,0,0,Low,0
2085-JVGAD,25-48 months,18.855405405405406,1.079266107647101,0,1,Low,1
5650-VDUDS,0-6 months,24.0125,1.0098906819364915,0,1,Low,0
8095-WANWK,7-12 months,42.87,1.0555166783298344,0,1,Medium,0
3030-ZKIWL,0-6 months,20.05,1.0,0,1,Low,0
9565-FLVCG,49-72 months,68.60230769230769,1.0138142919614725,3,0,Medium,0
8755-OGKNA,49-72 months,20.48421052631579,0.9519527235354575,0,0,Low,1
2800-VEQXM,0-6 months,79.36666666666666,0.9418311633767326,1,1,High,0
7538-GWHML,0-6 months,72.575,0.9596968653117465,0,1,High,0
5533-RJFTJ,49-72 months,29.655102040816324,1.0183745096689836,1,1,Low,1
3859-CVCET,0-6 months,47.7625,0.9557707406438104,0,1,Medium,0
0214-JHPFW,49-72 months,57.70428571428572,1.0016587032406603,5,0,Medium,1
5642-MHDQT,49-72 months,19.612264150943396,1.0121217951801433,0,0,Low,1
3088-FVYWK,49-72 months,25.20943396226415,1.0135094678542027,0,0,Low,1
3276-HDUEG,0-6 months,75.05,1.0,0,1,High,0
9092-GDZKO,13-24 months,22.427272727272726,1.108025942440211,0,1,Low,1
0823-HSCDJ,49-72 months,49.05576923076923,1.0019208906660395,3,1,Medium,0
3729-OWRVL,49-72 months,111.47923076923077,0.9898704829461161,5,0,Premium,0
2324-AALNO,25-48 months,25.082291666666666,0.978778188462976,0,0,Low,1
0822-GAVAP,0-6 months,31.125,1.1148594377510042,1,1,Low,0
5760-IFJOZ,0-6 months,104.53333333333335,1.0326849489795917,4,1,Premium,0
2826-UWHIS,25-48 months,83.90777777777778,0.9701126898579128,1,1,High,1
1448-PWKYE,0-6 months,80.0,1.0,1,1,High,0
7501-IWUNG,49-72 months,75.67295081967214,0.9752494015446105,4,0,High,1
4957-TREIR,0-6 months,65.21666666666667,0.9874776386404294,3,1,Medium,1
7251-LJBQN,25-48 months,104.71,0.9908318212205138,4,0,Premium,1
8040-MNRTF,0-6 months,71.1,1.0,0,1,High,0
1536-HBSWP,0-6 months,49.9,1.0,1,1,Medium,0
5313-FPXWG,49-72 months,24.83137254901961,0.9906822488945042,0,0,Low,1
0067-DKWBL,0-6 months,45.55,1.0812294182217344,1,1,Medium,0
0946-FKYTX,49-72 months,31.21923076923077,0.964149316249846,1,0,Low,0
5076-YVXCM,49-72 months,81.36176470588235,1.0250515128511009,1,1,High,1
8262-COGGB,0-6 months,20.45,1.0,0,1,Low,0
6663-JOCQO,25-48 months,75.62903225806451,0.9949882704201323,4,0,High,1
9620-QJREV,25-48 months,21.554255319148936,0.9534080252702236,0,0,Low,1
2276-YDAVZ,0-6 months,90.23333333333333,0.8322866642039157,0,1,Premium,1
2682-KEVRP,13-24 months,18.954545454545453,1.0577937649880098,0,0,Low,0
2480-JZOSN,0-6 months,20.65,1.0,0,1,Low,0
0078-XZMHT,49-72 months,87.725,0.9706469079509833,5,0,High,1
5896-NPFWW,0-6 months,56.050000000000004,0.894736842105263,1,1,Medium,0
9978-HYCIN,25-48 months,85.4904255319149,0.9936785256529909,2,0,High,1
8338-QIUNR,49-72 months,66.82777777777778,0.9950951866323052,3,0,Medium,1
1525-LNLOJ,49-72 months,63.48030303030303,0.9971597011719217,2,0,Medium,1
9450-TRJUU,25-48 months,81.38428571428571,1.0216960101107622,1,1,High,0
1766-GKNMI,25-48 months,86.7655172413793,0.9784993243780306,1,1,High,0
6942-LBFDP,0-6 months,16.8,1.2232142857142858,0,1,Low,0
1456-TWCGB,0-6 months,52.1125,0.9450707603741905,1,1,Medium,0
7133-VBDCG,25-48 months,80.61399999999999,0.9905227379859578,2,1,High,1
7596-ZYWBB,49-72 months,57.535384615384615,1.0358842718861971,3,0,Medium,0
8329-UTMVM,25-48 months,109.77777777777777,0.9532894736842107,4,0,Premium,1
3014-WJKSM,25-48 months,78.04827586206896,0.964787487850137,1,1,High,1
3347-YJZZE,25-48 months,76.26896551724138,1.050230581426892,4,1,High,1
1029-QFBEN,0-6 months,19.55,1.0,0,1,Low,0
7929-DMBCV,13-24 months,84.185,0.9621666567678328,2,1,High,0
9661-JALZV,49-72 months,26.189655172413794,0.94312047399605,0,0,Low,1
5433-KYGHE,13-24 months,83.14642857142857,1.034319831622353,2,1,High,0
4312-KFRXN,49-72 months,23.762500000000003,1.068911099421357,0,0,Low,0
5575-TPIZQ,25-48 months,92.29456521739131,0.9659290315742366,2,1,Premium,1
0114-IGABW,49-72 months,58.39295774647887,0.9975517981620396,5,0,Medium,1
9944-AEXBM,25-48 months,83.259375,1.0287129827722103,1,1,High,1
1853-ARAAQ,25-48 months,49.13461538461539,1.0247358121330723,3,1,Medium,1
6952-OMNWB,49-72 months,82.19558823529412,0.9775463832680298,1,1,High,1
4697-LUPSU,0-6 months,17.375,1.162589928057554,0,0,Low,0
8434-VGEQQ,49-72 months,21.409016393442624,0.9598759523718366,0,0,Low,1
4952-YSOGZ,0-6 months,95.325,0.9016522423288749,1,1,Premium,0
1589-AGTLK,0-6 months,47.166666666666664,0.9614840989399294,0,1,Medium,0
5244-IRFIH,25-48 months,94.10757575757576,1.0041699537924038,2,1,Premium,0
6549-YMFAW,7-12 months,22.727777777777778,0.9349792226839404,0,1,Low,0
4950-HKQTE,13-24 months,27.54090909090909,0.9531275788083843,0,0,Low,0
6786-OBWQR,0-6 months,71.22,1.1352148272957034,1,1,High,0
2684-EIWEO,25-48 months,91.93833333333333,0.9974076826858583,3,1,Premium,1
2753-JMMCV,49-72 months,73.93307692307691,1.003610333669743,4,0,High,1
6439-GTPCA,25-48 months,87.59333333333333,0.9960803714133496,2,1,High,0
6621-YOBKI,0-6 months,18.55,1.097035040431267,0,1,Low,0
1216-JWVUX,25-48 months,76.042,0.9928723600115725,1,1,High,0
7564-GHCVB,49-72 months,79.59305555555555,0.9931770987837437,1,0,High,1
1173-NOEYG,25-48 months,89.75555555555556,1.0043946521416192,2,1,High,1
7595-EHCDL,25-48 months,51.6703125,0.9792857358855726,3,1,Medium,1
6647-ZEDXT,25-48 months,110.90166666666667,0.9959273230038622,5,0,Premium,1
2521-NPUZR,49-72 months,101.22142857142858,0.9978124338437654,5,0,Premium,1
1307-TVUFB,25-48 months,79.62142857142857,0.996591011034359,1,1,High,1
7503-MIOGA,49-72 months,93.01875000000001,0.9659342874420478,6,0,Premium,1
4381-MHQDC,25-48 months,61.274468085106385,1.0608007222473002,3,0,Medium,0
6923-JHPMP,0-6 months,68.55,1.1735959153902262,2,1,Medium,0
5138-WVKYJ,7-12 months,100.85499999999999,0.9771454067720986,3,1,Premium,0
4018-PPNDW,49-72 months,25.43606557377049,0.947473575663831,0,0,Low,0
1635-FJFCC,0-6 months,40.43,1.089537472174128,0,1,Medium,1
2499-AJYUA,49-72 months,109.47569444444444,1.0120967997716388,5,0,Premium,1
6919-ELBGL,49-72 months,113.83888888888889,1.0097603826069983,6,0,Premium,1
3966-HRMZA,0-6 months,67.63333333333334,1.1096599310004926,1,1,Medium,0
6425-JWTDV,25-48 months,17.814583333333335,1.080575371301602,0,0,Low,0
8405-IGQFX,49-72 months,92.33333333333333,0.9752707581227437,3,0,Premium,1
8224-IVVPA,25-48 months,61.220370370370375,0.9261623158595238,2,1,Medium,0
9477-LGWQI,49-72 months,80.00214285714286,1.0018481647813007,5,0,High,1
1410-RSCMR,7-12 months,73.67857142857143,0.9683955404750363,4,1,High,1
3115-CZMZD,0-6 months,0.0,0.0,0,0,Low,0
0139-IVFJG,0-6 months,95.25,0.9485564304461942,3,1,Premium,0
6683-VLCTZ,13-24 months,92.14,1.0695680486216625,3,1,Premium,0
5730-DBDSI,49-72 months,18.996969696969696,1.0370074972084862,0,0,Low,1
0030-FNXPP,0-6 months,19.066666666666666,1.0410839160839163,0,1,Low,0
2189-WWOEW,13-24 months,84.63666666666667,1.0149265487771257,2,1,High,1
5684-FJVYR,49-72 months,91.15833333333333,0.9911326446658744,3,0,Premium,1
4013-GUXND,0-6 months,20.8,1.0,0,1,Low,0
1894-IGFSG,13-24 months,86.72045454545454,1.0291689598238856,2,1,High,0
7379-POKDZ,0-6 months,69.61666666666666,1.009815657170218,0,1,Medium,0
1266-NZYUI,49-72 months,66.09444444444445,1.0114314533075563,3,0,Medium,1
7969-FFOWG,49-72 months,19.886153846153846,1.000696271081541,0,0,Low,0
4718-DHSMV,7-12 months,33.01363636363636,1.0844003855156272,1,1,Low,0
5175-WLYXL,13-24 months,72.73863636363636,1.084018122168411,1,1,High,0
7817-OMJNA,13-24 months,19.692857142857143,1.0359085963003263,0,0,Low,1
8728-SKJLR,25-48 months,75.34390243902439,0.9854812081188695,1,1,High,0
3137-NYQQI,13-24 months,69.15294117647058,0.9370534195304526,3,0,Medium,0
7706-DZNKK,7-12 months,21.572727272727274,0.9479561736198904,0,1,Low,1
0236-HFWSV,13-24 months,96.31,0.9692659121586542,2,1,Premium,0
3900-AQPHZ,0-6 months,19.9,1.0,0,1,Low,0
5842-POCOP,0-6 months,90.83,0.9787515138170209,3,1,Premium,0
2037-XJFUP,25-48 months,92.02272727272727,1.0410471721412695,3,0,Premium,0
8823-RLPWL,49-72 months,112.02291666666666,0.9877443231481655,5,0,Premium,1
9505-SQFSW,0-6 months,30.833333333333332,1.307027027027027,2,1,Low,0
7314-OXENN,0-6 months,92.325,0.8881668020579474,1,1,Premium,0
3758-CKOQL,49-72 months,104.27627118644068,1.026120312728573,5,0,Premium,1
0322-CHQRU,0-6 months,44.75,1.0134078212290503,0,1,Medium,0
5676-CFLYY,49-72 months,72.59859154929578,1.0103501794548453,4,0,High,1
7521-AFHAB,0-6 months,44.089999999999996,1.0161034248128828,0,1,Medium,0
0285-INHLN,25-48 months,55.93703703703704,0.9787790505197643,2,1,Medium,1
4678-DVQEO,0-6 months,52.2,1.0,1,1,Medium,0
5125-CNDSP,49-72 months,41.09444444444444,0.9879680951737192,3,0,Medium,1
0691-IFBQW,25-48 months,105.97391304347826,1.03799130220727,5,0,Premium,0
4992-LTJNE,49-72 months,55.327777777777776,0.9994979415603976,1,0,Medium,1
2202-OUTMO,25-48 months,58.92941176470588,1.0325913355959273,2,1,Medium,1
0810-BDHAW,13-24 months,76.35000000000001,1.0268500327439423,4,0,High,0
0229-LFJAF,49-72 months,68.17013888888889,1.0217083481892733,4,0,Medium,1
7131-ZQZNK,49-72 months,59.836666666666666,1.0002228288117654,5,0,Medium,1
3442-ZHHCC,49-72 months,73.86764705882354,1.041051164642644,4,0,High,1
5726-CVNYA,7-12 months,18.325,1.0832196452933152,0,0,Low,0
9871-ELEYA,25-48 months,68.8029411764706,0.9832428504253409,4,0,Medium,1
4257-GAESD,0-6 months,49.78333333333333,0.9039169735520589,2,1,Medium,1
5173-WXOQV,0-6 months,71.825,0.8938391924817264,3,1,High,0
2040-OBMLJ,25-48 months,82.21451612903226,0.9937417848664979,1,0,High,1
6286-ZHAOK,13-24 months,25.369999999999997,1.0070949940875051,0,1,Low,1
3807-XHCJH,0-6 months,20.0,1.0,0,1,Low,0
3009-JWMPU,49-72 months,98.79677419354839,0.9792829856009403,3,0,Premium,0
5671-RQRLP,49-72 months,77.30571428571427,0.9785822522822193,0,0,High,1
1450-GALXR,7-12 months,105.825,0.9307819513347507,3,1,Premium,0
8859-AXJZP,25-48 months,23.174358974358974,1.0269971232573578,0,0,Low,0
3174-AKMAS,25-48 months,65.42391304347827,0.9812925735171956,3,0,Medium,1
3138-BKYAV,0-6 months,81.575,1.046276432730616,2,1,High,0
9926-PJHDQ,49-72 months,75.95069444444444,1.0111823277162633,3,0,High,1
7382-DFJTU,13-24 months,58.78333333333333,0.939041678480295,2,1,Medium,1
2798-NYLMZ,49-72 months,107.26760563380282,1.011955094537815,5,0,Premium,1
4289-DTDKW,25-48 months,102.82750000000001,0.985145024434125,3,1,Premium,0
1820-TQVEV,0-6 months,69.55,1.0,0,1,Medium,0
2239-JALAW,49-72 months,103.75258620689655,0.9951559163460819,4,0,Premium,1
4853-RULSV,49-72 months,103.57357142857143,1.0041171561967683,4,0,Premium,1
8098-TDCBU,25-48 months,26.385714285714286,0.9569572279371954,0,0,Low,0
3551-GAEGL,25-48 months,27.60735294117647,1.1011559154104298,1,0,Low,1
4785-NKHCX,0-6 months,18.830000000000002,1.0647902283590016,0,1,Low,1
3196-NVXLZ,25-48 months,83.522,1.0129067790522257,1,1,High,0
6275-YDUVO,0-6 months,89.35,0.9647453833240068,2,1,High,0
0036-IHMOT,49-72 months,102.85,1.0082644628099173,5,0,Premium,1
0115-TFERT,13-24 months,110.33809523809524,1.0078114884985543,5,1,Premium,0
4178-EGMON,49-72 months,85.52071428571428,1.0289904701450778,3,0,High,1
4220-TINQT,49-72 months,110.67786885245903,0.9608967095469794,4,1,Premium,0
5318-YKDPV,25-48 months,82.94418604651163,0.9542561543206415,5,0,High,1
7975-TZMLR,25-48 months,104.02765957446809,0.991082568056777,4,0,Premium,0
0295-QVKPB,0-6 months,63.620000000000005,1.0051870480980822,3,1,Medium,1
4335-BSMJS,49-72 months,25.225,1.022794846382557,0,0,Low,1
2311-QYMUQ,13-24 months,89.390625,1.000664219542038,3,1,High,1
3643-AHCFP,7-12 months,92.05,1.0385659967409016,2,1,Premium,1
9146-JRIOX,13-24 months,26.603571428571428,0.9603973687743321,0,1,Low,0
3104-OWCGK,49-72 months,90.89,1.000660138629112,3,0,Premium,0
5337-IIWKZ,25-48 months,42.42941176470588,1.0570497712463607,3,1,Medium,0
9101-BWFSS,49-72 months,112.214,0.9673481027322793,5,0,Premium,0
9650-VBUOG,25-48 months,25.367105263157896,0.9874993516261217,0,0,Low,1
3487-EARAT,49-72 months,74.60428571428572,0.9932405262049286,5,0,High,1
2672-TGEFF,25-48 months,90.28513513513514,0.9835506129230216,2,1,Premium,0
9231-ZJYAM,0-6 months,73.2,1.0771857923497266,1,1,High,0
4250-WAROZ,49-72 months,96.2425,0.9689066680520559,3,1,Premium,0
8184-WMOFI,49-72 months,72.3758064516129,0.9865175049584384,4,0,High,1
6982-SSHFK,0-6 months,44.4,1.0,0,1,Medium,0
6092-QZVPP,25-48 months,79.30416666666666,0.9986864918825199,5,1,High,1
4625-LAMOB,25-48 months,20.580681818181816,0.9912208050356137,0,0,Low,1
0727-BMPLR,49-72 months,100.16909090909091,0.9983119452562031,3,0,Premium,0
0392-BZIUW,49-72 months,105.41388888888889,0.9960736778307728,4,0,Premium,1
1038-ZAGBI,7-12 months,19.133333333333333,1.034843205574913,0,0,Low,1
6549-NNDYT,13-24 months,30.315384615384616,1.0176351179903578,1,1,Low,1
3027-ZTDHO,0-6 months,89.9,1.0,2,1,High,0
0422-OHQHQ,13-24 months,19.73,1.0415610745058288,0,0,Low,0
6916-HIJSE,49-72 months,83.9876923076923,1.010267072098476,6,0,High,1
2316-ESMLS,7-12 months,37.0625,0.8944350758853288,2,0,Medium,1
9778-OGKQZ,49-72 months,94.19652777777777,0.9766814358278717,6,0,Premium,1
7408-OFWXJ,49-72 months,90.42291666666667,0.9931110752712946,6,0,Premium,1
6007-TCTST,49-72 months,117.72916666666667,0.983613519731021,6,0,Premium,1
2252-NKNSI,49-72 months,85.8048076923077,0.9923686363279804,5,0,High,0
8713-IGZSO,0-6 months,31.0,0.8016129032258065,0,1,Low,0
7905-TVXTA,0-6 months,70.53,0.9123777116120799,3,1,High,0
7695-PKLCZ,49-72 months,20.954411764705885,0.9783142676679064,0,0,Low,1
2382-BCKQJ,49-72 months,103.44596774193548,0.9681382676011321,3,0,Premium,0
8374-UULRV,49-72 months,87.63402777777777,0.9819245124531472,5,0,High,1
2207-NHRJK,0-6 months,50.8,1.0,1,1,Medium,0
3224-DFQNQ,49-72 months,89.37272727272727,0.9958295188688842,3,0,High,0
5275-PMFUT,49-72 months,65.55208333333333,0.9885269346893374,6,0,Medium,1
4795-UXVCJ,25-48 months,17.588461538461537,1.1257380275530287,0,0,Low,1
9777-IQHWP,49-72 months,90.9734375,1.0266733077993233,3,0,Premium,1
0947-MUGVO,13-24 months,73.175,1.0064912880081995,1,1,High,0
9944-HKVVB,0-6 months,102.46666666666665,0.928106701366298,3,1,Premium,0
4124-MMETB,13-24 months,95.66136363636365,0.9894276686227459,2,1,Premium,1
3671-SHRSP,0-6 months,79.7875,1.010183299389002,2,1,High,0
0979-MOZQI,49-72 months,37.7008064516129,1.0344606301739077,2,0,Medium,1
2732-ISEZX,0-6 months,20.86,0.9827420901246405,0,1,Low,0
3313-QKNKB,49-72 months,86.18050847457627,0.9926838622127383,1,0,High,0
0323-XWWTN,0-6 months,40.416666666666664,0.6531958762886598,0,0,Medium,0
1937-OTUKY,49-72 months,97.44305555555555,1.0077680696703204,4,0,Premium,1
1573-LGXBA,49-72 months,98.21052631578948,0.9932743837084672,4,0,Premium,1
1764-VUUMT,49-72 months,19.228787878787877,1.0375068946497519,0,0,Low,1
5073-WXOYN,49-72 months,50.45666666666667,1.0068045187289423,3,1,Medium,0
4713-ZBURT,25-48 months,102.98555555555556,0.968096928371832,3,0,Premium,1
3050-GBUSH,0-6 months,37.983333333333334,0.916191311978938,1,1,Medium,1
0207-MDKNV,13-24 months,105.51666666666667,0.9960511767493286,5,1,Premium,0
7876-AEHIG,49-72 months,60.333333333333336,0.9969613259668507,5,0,Medium,1
7945-HLKEA,49-72 months,67.325,0.9617526921648718,3,0,Medium,0
9342-VNIMQ,25-48 months,50.46060606060606,1.083023060293058,1,1,Medium,1
9851-KIELU,7-12 months,104.33,1.055305281318892,6,1,Premium,0
3523-BRGUW,25-48 months,19.392307692307693,0.9952399841332804,0,0,Low,1
3908-BLSYF,0-6 months,82.925,1.0117576123002714,2,1,High,0
3199-NPKCN,49-72 months,112.1141791044776,0.9922919731350637,5,0,Premium,0
5170-PTRKA,49-72 months,36.36734693877551,0.9843995510662176,2,0,Medium,1
4661-NJEUX,0-6 months,20.05,1.0,0,1,Low,0
2123-AGEEN,7-12 months,87.09285714285714,0.9685065201345033,2,1,High,0
1258-YMZNM,25-48 months,105.83703703703704,1.0440579507278835,5,0,Premium,1
0048-LUMLS,25-48 months,87.77162162162162,1.0390602146233314,2,0,High,1
7549-MYGPK,49-72 months,98.65634920634922,1.0191944138302749,4,1,Premium,0
5898-IGSLP,25-48 months,91.06451612903226,0.9806234502302515,3,1,Premium,0
3804-RVTGV,49-72 months,100.35799999999999,1.0347954323521793,4,1,Premium,1
6259-WJQLC,25-48 months,81.8515625,0.9908179822468263,1,1,High,1
9227-LUNBG,0-6 months,24.6,1.0,0,1,Low,0
7997-EASSD,49-72 months,78.81111111111112,1.0303115747920484,1,0,High,1
0730-KOAVE,25-48 months,89.32333333333332,1.0557151919991044,3,1,High,1
8975-SKGRX,49-72 months,117.04999999999998,0.9918838103374628,6,0,Premium,1
0678-RLHVP,49-72 months,107.2122641509434,0.9844955783360464,4,0,Premium,0
4315-MURBD,7-12 months,93.41250000000001,1.0587448146661314,4,1,Premium,1
2267-FPIMA,49-72 months,98.29799999999999,0.9603450731449268,3,1,Premium,1
1051-GEJLJ,0-6 months,13.775,1.4156079854809438,0,1,Low,0
9734-YWGEX,7-12 months,102.61111111111111,0.9579859231185706,3,1,Premium,1
2719-BDAQO,13-24 months,95.62647058823529,0.9814228154891889,3,1,Premium,0
5285-MVEHD,49-72 months,108.36874999999999,0.9744506603610359,5,0,Premium,1
0379-DJQHR,49-72 months,80.57611940298509,1.0096043418664096,5,0,High,1
0781-LKXBR,7-12 months,102.06666666666666,0.9846505551926845,3,1,Premium,0
5543-QDCRY,0-6 months,58.7125,0.9606131573344688,1,1,Medium,0
0297-RBCSG,13-24 months,64.83421052631579,1.0079555140642122,3,0,Medium,1
4694-PHWFW,7-12 months,21.3625,0.9338794616734932,0,1,Low,0
0835-JKADZ,49-72 months,112.45281690140844,0.9893038081699368,5,0,Premium,0
1907-UBQFC,7-12 months,68.865,1.0578668409206418,1,1,Medium,0
7508-SMHXL,13-24 months,85.88666666666667,1.0362493208103702,2,1,High,1
3865-YIOTT,49-72 months,109.00694444444444,0.9733324839141236,4,0,Premium,1
5993-BQHEA,7-12 months,22.25,0.901123595505618,0,0,Low,1
6024-RUGGH,49-72 months,24.984722222222224,1.0086163766746343,0,0,Low,1
6513-EECDB,0-6 months,73.55,1.0,0,1,High,0
3956-CJUST,13-24 months,71.45869565217392,1.0551549998478902,1,1,High,1
4079-WWQQQ,49-72 months,66.77013888888888,0.981726279004462,6,0,Medium,1
6103-BOCOU,25-48 months,84.34615384615384,0.9567715458276335,1,1,High,0
5149-TGWDZ,13-24 months,106.63809523809525,0.9804188621952308,5,0,Premium,0
7471-WNSUF,49-72 months,25.098333333333336,0.9622152865396107,0,0,Low,1
8942-DBMHZ,7-12 months,21.279166666666665,0.9610338750734286,0,1,Low,0
4301-VVZKA,13-24 months,74.3375,1.0142929208004037,0,1,High,0
9199-PWQVC,49-72 months,75.97063492063492,1.0490895605027004,4,0,High,1
4824-GUCBY,13-24 months,82.76818181818182,0.9870942940304246,2,1,High,0
5393-HJZSM,25-48 months,75.1296875,1.0155772310379967,5,1,High,1
7074-IEVOJ,0-6 months,68.35000000000001,1.1616678858814922,1,1,Medium,0
9625-QSTYE,13-24 months,73.25384615384615,1.1077916622912949,2,1,High,0
0862-PRCBS,49-72 months,103.52132352941176,1.002208979394697,4,0,Premium,1
8812-ZRHFP,25-48 months,84.60166666666667,1.021847481334095,2,0,High,0
5146-CBVOE,13-24 months,75.803125,0.9907243269983922,1,1,High,1
0454-OKRCT,25-48 months,80.33636363636363,1.0032816566708158,2,0,High,1
5787-KXGIY,49-72 months,18.12222222222222,1.0649908031882283,0,0,Low,1
4750-ZRXIU,0-6 months,90.025,0.9397389613996111,1,1,High,0
4198-VFOEA,7-12 months,36.2875,0.925938684119876,2,0,Medium,0
6630-UJZMY,0-6 months,77.0125,1.0809933452361629,1,1,High,0
5709-LVOEQ,0-6 months,0.0,0.0,5,0,Low,0
6400-BWQKW,0-6 months,72.41666666666667,1.0915995397008054,1,1,High,0
2692-AQCPF,49-72 months,109.52153846153846,0.986563935439464,5,0,Premium,1
0347-UBKUZ,13-24 months,21.363333333333333,0.9315025745046028,0,1,Low,0
0835-DUUIQ,13-24 months,22.147916666666664,0.9504279936036122,0,0,Low,1
0811-GSDTP,13-24 months,29.4,1.0255102040816326,1,1,Low,0
7567-ECMCM,13-24 months,83.375,0.9577211394302848,1,1,High,1
6115-ZTBFQ,49-72 months,68.32916666666667,0.9585950362827002,6,0,Medium,1
6353-BRMMA,49-72 months,104.55185185185185,0.9956782032661448,4,1,Premium,1
6680-WKXRZ,0-6 months,71.93333333333334,1.0342910101946248,0,1,High,1
6231-WFGFH,0-6 months,19.4,1.056701030927835,0,1,Low,0
9904-EHEVJ,25-48 months,90.5171875,1.0092006007146432,2,1,Premium,0
7028-DVOIQ,25-48 months,97.02285714285715,1.020893456622887,3,1,Premium,0
6169-PPETC,25-48 months,21.695714285714285,0.9448870744715876,0,0,Low,1
4208-UFFGW,0-6 months,42.575,1.0557839107457427,0,1,Medium,0
8584-KMVXD,7-12 months,66.94375,1.1293063206049856,1,1,Medium,0
8467-WYNSR,13-24 months,56.96136363636364,0.9673223476838366,2,1,Medium,0
0851-DFJKB,13-24 months,63.67666666666666,0.9257708213369629,3,1,Medium,0
5382-SOYZL,13-24 months,98.3,0.9674465920651067,2,1,Premium,0
9448-REEVD,0-6 months,44.7,1.0,0,1,Medium,1
3261-CQXOL,49-72 months,25.54014084507042,0.9964706206744424,0,0,Low,1
8388-FYNPZ,0-6 months,61.2875,0.9259636956965123,2,1,Medium,0
4002-BQWPQ,25-48 months,81.152,1.0073688880126184,5,1,High,1
5651-YLPRD,25-48 months,85.1171875,1.011546581000459,2,1,High,0
2826-DXLQO,7-12 months,31.49285714285714,0.9462463143569971,1,1,Low,1
4378-BZYFP,13-24 months,21.51764705882353,0.9527063969382176,0,0,Low,0
9489-UTFKA,7-12 months,68.99375,0.8826886493341787,2,1,Medium,1
4849-PYRLQ,49-72 months,72.39642857142857,1.0117902422179468,4,0,High,1
9117-SHLZX,0-6 months,45.7,1.0,0,1,Medium,0
9889-TMAHG,7-12 months,104.04375,0.9640175406980236,4,1,Premium,1
4541-RMRLG,7-12 months,16.04285714285714,1.1999109528049867,0,1,Low,0
7764-BDPEE,0-6 months,20.216666666666665,1.0313272877164057,0,1,Low,0
3429-IFLEM,49-72 months,78.17042253521127,0.9895046936091241,5,0,High,1
3158-MOERK,0-6 months,87.4,1.0983981693363845,2,1,High,0
7294-TMAOP,0-6 months,90.55,1.0,2,1,Premium,0
5002-GCQFH,49-72 months,96.59387755102041,0.9715936701104984,3,1,Premium,1
0556-FJEGU,49-72 months,69.80948275862069,1.0041615727534299,4,0,Medium,1
8919-FYFQZ,25-48 months,30.902272727272727,0.9821284106788263,1,1,Low,0
0604-THJFP,49-72 months,76.98898305084747,0.9865047827666296,4,0,High,1
2834-JRTUA,49-72 months,106.08661971830985,1.0185073319039053,5,0,Premium,0
5875-YPQFJ,0-6 months,69.9,1.0,0,1,Medium,0
5879-SESNB,7-12 months,80.78636363636363,0.9314690823158724,0,1,High,0
6646-QVXLR,49-72 months,102.95725806451614,1.0076997187996897,4,0,Premium,0
6461-PPAXN,25-48 months,54.74285714285714,1.003783924843424,2,0,Medium,1
3318-ISQFQ,13-24 months,20.65,0.9443099273607749,0,1,Low,1
1106-HRLKZ,25-48 months,20.223750000000003,0.9691575499103776,0,0,Low,0
2483-XSSMZ,25-48 months,48.369230769230775,0.9892652671755724,1,0,Medium,0
8603-IJWDN,0-6 months,86.6,1.0,1,1,High,0
8165-ZJRNM,49-72 months,23.322916666666668,1.0183117463153193,0,0,Low,1
9369-XFEHK,25-48 months,80.5,1.0012422360248447,1,1,High,1
2604-XVDAM,7-12 months,45.07916666666667,0.9716239948239207,0,1,Medium,1
3717-OFRTN,0-6 months,19.75,1.0,0,1,Low,1
9046-JBFWA,25-48 months,19.901851851851852,0.9622220154461709,0,1,Low,0
3280-NMUVX,25-48 months,19.96470588235294,0.9817324690630526,0,0,Low,1
1206-EHBDD,49-72 months,80.60089285714285,0.9962668793548459,2,0,High,1
8361-LBRDI,49-72 months,24.54913793103448,0.9918881904695018,0,0,Low,1
4883-KCPZJ,13-24 months,25.245454545454546,1.0001800504141158,0,0,Low,1
9108-EQPNQ,7-12 months,22.555,1.1571713589004655,0,0,Low,1
7277-KAMWT,13-24 months,20.65,0.9685230024213076,0,0,Low,1
3842-IYKUE,25-48 months,83.35714285714286,1.0233076263924592,2,1,High,1
6641-XRPSU,25-48 months,71.06176470588235,0.9850585654567278,0,1,High,1
1374-DMZUI,0-6 months,106.1125,0.8886794675462363,2,1,Premium,0
2545-LXYVJ,49-72 months,20.72361111111111,0.9988606661751893,0,0,Low,1
3234-VKACU,0-6 months,66.2,1.0619335347432024,3,1,Medium,0
8357-EQXFO,7-12 months,94.41428571428571,1.0099107277954305,3,1,Premium,0
1989-PRJHP,25-48 months,70.1462962962963,1.0763219725969535,0,1,Medium,0
8120-JDCAM,0-6 months,71.225,0.9764829764829766,0,1,High,0
8917-FAEMR,25-48 months,21.195945945945947,0.9364998406120497,0,0,Low,0
7047-YXDMZ,13-24 months,19.89047619047619,1.0055063442662198,0,1,Low,0
2858-EIMXH,49-72 months,94.64622641509433,1.012718664340892,2,0,Premium,1
9524-EGPJC,13-24 months,89.59722222222223,1.0056115330956439,2,1,High,0
6993-OHLXR,0-6 months,59.875,1.1515657620041755,0,1,Medium,0
8818-XYFCQ,25-48 months,100.1453125,0.9940555130825519,3,1,Premium,1
6419-ZTTLE,13-24 months,21.09565217391304,0.9836150041220116,0,0,Low,0
0929-HYQEW,0-6 months,53.61666666666667,0.9353434877214796,1,1,Medium,0
6614-YOLAC,49-72 months,58.38380281690141,1.0045594354984622,5,0,Medium,0
7426-RHZGU,7-12 months,91.9388888888889,1.0430841742703487,3,1,Premium,1
4065-JJAVA,0-6 months,49.5,1.0,1,1,Medium,0
4695-VADHF,13-24 months,55.047222222222224,1.0436493919362164,2,1,Medium,0
3863-IUBJR,7-12 months,58.02916666666667,0.9245350757521361,1,0,Medium,1
7649-SIJJF,49-72 months,78.66760563380281,1.0182081856268128,5,0,High,0
9361-YNQWJ,49-72 months,25.01875,0.9752685485885585,0,0,Low,1
3748-FVMZZ,0-6 months,40.6125,0.9861495844875346,2,1,Medium,0
9391-TTOYH,13-24 months,20.443478260869565,0.9538494257762654,0,1,Low,0
1452-XRSJV,25-48 months,52.97435897435897,0.9636737657308809,1,1,Medium,1
3422-WJOYD,25-48 months,50.94464285714286,1.0668442637316415,2,0,Medium,0
8242-SOQUO,0-6 months,78.5,1.0789808917197452,2,1,High,0
7460-ITWWP,25-48 months,85.81,1.0033795594919006,2,1,High,0
7147-AYBAA,25-48 months,68.9972972972973,1.0196051549218534,0,1,Medium,0
7868-TMWMZ,49-72 months,111.13916666666667,0.989750088102754,6,0,Premium,1
4822-RVYBB,7-12 months,102.425,0.982182084452038,3,1,Premium,0
6732-FZUGP,25-48 months,98.19680851063829,0.9664265207735226,3,0,Premium,1
8436-BJUMM,25-48 months,79.63846153846154,1.0516275475707524,1,1,High,0
4184-TJFAN,0-6 months,91.25,0.9676712328767123,3,1,Premium,0
8329-GWVPJ,49-72 months,71.154,0.9802681507715659,0,1,High,1
1352-VHKAJ,25-48 months,72.48518518518519,0.9877880537530018,3,1,High,1
4145-UQXUQ,7-12 months,91.24375,1.0093842043975614,3,1,Premium,0
2632-TACXW,49-72 months,22.850806451612904,1.0349744132698075,0,0,Low,1
8146-QQKZH,49-72 months,83.44225352112676,0.9809178988589561,5,0,High,1
1767-CJKBA,49-72 months,25.722727272727273,0.9757907757554338,0,0,Low,0
6445-TNRXS,49-72 months,115.43897058823529,0.993598603794977,6,0,Premium,1
4581-LNWUM,13-24 months,49.95384615384615,0.983908222975054,3,1,Medium,0
4869-EPIUS,49-72 months,81.38392857142857,0.9940537575425125,1,0,High,0
9948-YPTDG,25-48 months,79.29078947368421,1.002007932161763,2,1,High,0
1236-WFCDV,13-24 months,90.43571428571428,1.0001579654055763,2,1,Premium,1
1915-OAKWD,13-24 months,22.521875,0.8569446371583183,0,0,Low,1
7296-PIXQY,13-24 months,74.75,0.9391304347826087,0,1,High,0
4883-QICIH,25-48 months,73.371875,0.9506367392137655,0,1,High,1
3354-OADJP,7-12 months,55.96875,0.9692908989391401,2,0,Medium,1
3524-WQDSG,25-48 months,97.90581395348836,1.0142400741101438,3,1,Premium,1
0810-DHDBD,49-72 months,74.57019230769231,0.9923536162366381,4,0,High,1
4026-SKKHW,0-6 months,50.76666666666667,0.989822718319107,1,1,Medium,0
2829-HYVZP,25-48 months,19.731034482758623,1.00349528137015,0,0,Low,0
8329-IBCTI,0-6 months,19.65,1.0,0,1,Low,0
1271-SJBGZ,7-12 months,43.9125,0.9940222032450896,3,1,Medium,0
3845-JHAMY,13-24 months,34.54375,1.0276822869549485,1,1,Low,1
7013-PSXHK,25-48 months,80.21625,1.0066538887070886,4,0,High,0
5669-SRAIP,0-6 months,42.15,0.9371293001186239,2,1,Medium,0
5981-ITEMU,25-48 months,92.67375,1.047761636925235,2,1,Premium,1
3486-NPGST,25-48 months,17.243055555555557,1.133789770438985,0,0,Low,0
6941-PMGEP,0-6 months,82.5,0.9696969696969697,1,1,High,0
1624-WOIWJ,7-12 months,83.205,1.0179676702121268,2,1,High,0
2074-GKOWZ,0-6 months,92.775,0.9652384801940177,2,1,Premium,1
0376-YMCJC,13-24 months,84.48695652173913,1.0723548785508439,2,1,High,0
6100-FJZDG,25-48 months,19.457692307692305,1.030440798576794,0,0,Low,1
4829-ZLJTK,49-72 months,111.76180555555555,1.0057103090029018,5,0,Premium,0
1730-VFMWO,25-48 months,53.391176470588235,0.9402302649699775,1,1,Medium,1
7143-BQIBA,7-12 months,61.295,1.0155803899176115,3,1,Medium,1
3800-LYTRK,13-24 months,56.79642857142857,0.980695466264227,2,0,Medium,0
0634-SZPQA,13-24 months,94.33913043478262,0.9545349801825052,2,1,Premium,1
9646-NMHXE,25-48 months,20.70425531914894,0.9490802589661904,0,0,Low,0
7030-NJVDP,13-24 months,92.09166666666665,0.9691430639761109,3,1,Premium,0
5536-RTPWK,49-72 months,99.0561224489796,0.9999381921194952,3,1,Premium,1
8883-GRDWQ,13-24 months,52.795,1.0228241310730182,2,0,Medium,0
6166-ILMNY,0-6 months,72.275,0.9650639916983742,0,1,High,1
3097-NNSPB,0-6 months,45.55,1.0768386388583975,1,1,Medium,1
7771-ZONAT,13-24 months,59.31136363636363,0.9568149595738975,4,0,Medium,1
0655-RBDUG,7-12 months,101.85714285714286,0.9626227208976157,3,1,Premium,1
2111-DWYHN,0-6 months,21.1,1.0,0,1,Low,0
4194-WHFCB,49-72 months,94.58983050847458,1.0217800315366974,3,1,Premium,1
4121-AGSIN,49-72 months,25.82586206896552,0.9486614593764603,0,0,Low,1
4361-BKAXE,25-48 months,110.42560975609756,1.0368971496096038,6,1,Premium,1
9845-PEEKO,49-72 months,77.80254237288136,1.0179615933425554,1,0,High,1
0455-XFASS,0-6 months,66.73333333333333,1.0422077922077921,0,1,Medium,0
0301-KOBTQ,25-48 months,19.2015625,1.0441858572707299,0,0,Low,1
1751-NCDLI,25-48 months,99.23695652173912,0.9961006812854609,3,1,Premium,0
4367-NUYAO,0-6 months,0.0,0.0,0,0,Low,0
9878-TNQGW,0-6 months,85.575,0.9459538416593631,1,1,High,0
9170-ARBTB,49-72 months,19.46923076923077,1.0067167127617542,0,0,Low,1
4441-NIHPT,13-24 months,72.33461538461539,1.027170734301058,1,1,High,0
8999-BOHSE,7-12 months,95.24545454545455,0.9417772263052401,2,1,Premium,1
7241-AJHFS,25-48 months,86.45,1.0138808559861192,2,1,High,1
7029-RPUAV,13-24 months,95.43823529411765,1.052513174520016,3,1,Premium,1
4546-FOKWR,13-24 months,70.584375,1.0590162482844114,0,1,High,1
9036-CSKBW,49-72 months,111.39019607843136,0.964627083736732,5,0,Premium,1
5832-TRLPB,25-48 months,77.37586206896552,0.9738179063238112,4,0,High,1
8590-YFFQO,49-72 months,64.61785714285715,1.005140109434588,4,0,Medium,1
8659-IOOPU,49-72 months,100.84084507042253,0.9961241392795788,4,0,Premium,0
1338-CECEE,25-48 months,69.2670731707317,0.9889258613707989,3,0,Medium,1
7439-DKZTW,0-6 months,80.55,1.0,1,1,High,0
4646-QZXTF,7-12 months,82.87142857142858,0.9804344078607136,5,1,High,1
4607-CHPCA,25-48 months,87.14399999999999,1.037363444413844,2,0,High,0
9742-XOKTS,49-72 months,90.12761194029851,0.9935911766897683,3,0,High,0
6921-OZMFH,0-6 months,51.879999999999995,1.0736314572089438,1,1,Medium,0
9578-FOMUK,13-24 months,21.61,1.147616844053679,0,1,Low,0
4712-UYOOI,13-24 months,20.8825,0.9577397342272237,0,1,Low,0
8824-RWFXJ,0-6 months,56.050000000000004,1.0017841213202496,2,1,Medium,0
7722-CVFXN,49-72 months,104.40462962962964,1.0076181523098344,4,0,Premium,0
8717-VCTXJ,25-48 months,19.985714285714284,0.9781987133666906,0,0,Low,0
7363-QTBIW,7-12 months,85.45555555555556,0.9332336497204524,1,1,High,0
4159-NAAIX,49-72 months,99.25396825396825,0.9818247241324165,3,0,Premium,1
0971-QIFJK,49-72 months,23.794202898550726,1.019155804604702,0,0,Low,1
9397-TZSHA,49-72 months,24.319565217391304,1.0115312416197373,0,0,Low,1
3391-JSQEW,25-48 months,51.4625,0.9744959922273501,1,1,Medium,0
0343-QLUZP,49-72 months,40.40833333333333,0.9799958754382347,3,0,Medium,1
9763-PDTKK,0-6 months,96.8,0.975206611570248,4,1,Premium,1
2176-LVPNX,49-72 months,88.64014084507042,1.0136491113777022,6,0,High,0
7627-JKIAZ,25-48 months,76.7472972972973,1.0287007201591747,1,1,High,1
3312-UUMZW,25-48 months,98.309375,1.0054992212085572,3,1,Premium,1
1271-UODNO,25-48 months,56.42820512820512,0.9543099922751853,1,0,Medium,1
8461-EFQYM,25-48 months,24.063157894736843,1.0077646544181977,0,0,Low,0
6900-RBKER,49-72 months,88.03365384615384,1.016088689858555,2,0,High,1
6891-JPYFF,25-48 months,104.11458333333333,1.0109054527263632,4,1,Premium,1
1459-QNFQT,49-72 months,59.21142857142858,1.0048735765296275,5,0,Medium,1
1047-NNCBF,13-24 months,74.6775,0.9447290013725688,0,1,High,1
3696-XRIEN,49-72 months,83.58200000000001,0.9870546289871024,5,0,High,1
4081-DYXAV,13-24 months,47.02894736842105,0.9536679536679538,2,0,Medium,1
0074-HDKDG,25-48 months,64.44,0.9559279950341404,3,0,Medium,1
8791-GFXLZ,7-12 months,49.42083333333333,0.9924964168282607,1,1,Medium,1
8111-SLLHI,25-48 months,109.86666666666667,0.9616201456310679,4,1,Premium,0
0927-LCSMG,7-12 months,77.79285714285713,0.9595996694518412,1,1,High,0
9330-DHBFL,13-24 months,66.68695652173913,0.9934476463684965,4,0,Medium,0
0098-BOWSO,25-48 months,19.62222222222222,0.9886749716874292,0,1,Low,0
3452-ABWRL,25-48 months,82.2468085106383,1.0462412044701985,1,1,High,1
5859-HZYLF,25-48 months,19.83653846153846,0.965390208434319,0,0,Low,1
8257-RZAHR,13-24 months,67.21428571428571,0.9625929861849098,2,1,Medium,1
5293-WXJAK,7-12 months,103.05909090909091,1.0096149605257354,4,1,Premium,1
3156-QLHBO,0-6 months,24.175,0.796277145811789,0,1,Low,0
2208-NQBCT,25-48 months,79.6173076923077,1.029298809207507,2,1,High,0
1779-PWPMG,49-72 months,115.74930555555557,0.9905027027999928,6,0,Premium,1
6621-NRZAK,49-72 months,19.194444444444443,1.0419681620839365,0,0,Low,1
0831-JNISG,49-72 months,19.66549295774648,1.0068397493285586,0,0,Low,0
0774-IFUVM,7-12 months,65.75909090909092,0.9907375406096633,2,1,Medium,1
3082-WQRVY,13-24 months,16.33214285714286,1.2031489175595886,0,0,Low,0
9553-DLCLU,13-24 months,89.36538461538461,0.9953518398967076,6,0,High,1
1641-BYBTK,0-6 months,16.391666666666666,1.2323335027961362,0,1,Low,0
2460-NGXBJ,7-12 months,70.48181818181818,1.0669418289694312,0,1,High,1
2446-ZKVAF,13-24 months,59.70277777777778,0.9513795189131343,1,1,Medium,1
0841-NULXI,0-6 months,35.55,1.0,1,1,Low,0
3522-CDKHF,25-48 months,72.646875,1.0392738848023402,1,1,High,1
1430-SFQSA,25-48 months,36.98620689655172,0.9625209770650757,2,0,Medium,0
0411-EZJZE,0-6 months,56.833333333333336,1.0601173020527859,1,1,Medium,0
7851-WZEKY,0-6 months,98.45,0.9664804469273743,2,1,Premium,0
8844-TONUD,13-24 months,89.44999999999999,1.0804918949133597,3,1,High,0
8807-ARQET,25-48 months,40.923170731707316,0.9859939803915726,2,1,Medium,0
8992-CEUEN,0-6 months,18.85,1.0,0,1,Low,0
4320-QMLLA,7-12 months,52.91428571428571,1.0365820734341253,1,1,Medium,0
8777-PVYGU,49-72 months,65.58846153846153,0.9803553626927815,3,0,Medium,0
8292-ITGYJ,25-48 months,25.306666666666665,0.9740516332982087,0,0,Low,1
6870-ZWMNX,49-72 months,75.20357142857142,1.0119200265944817,4,0,High,1
0621-CXBKL,49-72 months,18.975471698113207,0.9854827483344933,0,0,Low,0
5268-DSMNQ,49-72 months,95.7508064516129,1.022967885387978,3,0,Premium,1
5334-JLAXU,49-72 months,91.265,1.0310633868405192,3,1,Premium,1
4086-YQSNZ,0-6 months,74.68333333333334,1.076545413970096,1,1,High,0
6242-MBHPK,13-24 months,101.13260869565218,0.9403495195718061,3,1,Premium,0
5868-CZJDR,0-6 months,31.35,1.0,1,1,Low,0
9359-UGBTK,49-72 months,74.5,0.9711409395973154,4,0,High,1
0135-NMXAP,7-12 months,87.7,1.0233751425313569,2,1,High,1
4782-OSFXZ,49-72 months,82.12957746478872,1.0069453971738238,5,0,High,1
6479-OAUSD,25-48 months,20.432000000000002,0.9739624119028972,0,0,Low,1
7129-ACFOG,0-6 months,56.79,0.9473498855432294,1,1,Medium,0
4189-NAKJS,25-48 months,49.823076923076925,1.0346611085379032,0,0,Medium,1
5562-BETPV,0-6 months,19.65,1.0,0,0,Low,0
1282-IHQAC,49-72 months,43.02357142857143,1.0238573539421911,3,0,Medium,1
9127-FHJBZ,49-72 months,112.4048611111111,1.014191013387865,6,0,Premium,0
6270-OMFIW,49-72 months,93.50416666666666,1.0095806782228958,3,0,Premium,0
1641-RQDAY,25-48 months,100.5515625,0.9984926887635386,3,1,Premium,0
0107-WESLM,0-6 months,19.85,1.0,0,1,Low,0
6994-ORCWG,13-24 months,55.228571428571435,0.9822814278323848,1,0,Medium,0
1346-UFHAX,13-24 months,79.18076923076923,1.0103463350658182,1,1,High,1
3992-YWPKO,0-6 months,111.575,0.9849876764508179,5,1,Premium,1
2933-XEUJM,25-48 months,78.12608695652175,1.013745895709277,4,0,High,0
0125-LZQXK,13-24 months,103.59666666666666,0.9783133305447408,4,1,Premium,0
5461-QKNTN,25-48 months,91.93372093023255,1.0257389676587025,3,1,Premium,0
4835-YSJMR,25-48 months,50.542307692307695,0.9853131420744234,1,0,Medium,1
8399-YNDCH,13-24 months,58.86428571428572,1.0201431865064918,2,1,Medium,1
3164-YAXFY,49-72 months,56.07017543859649,0.9586201501877346,4,1,Medium,0
0887-WBJVH,49-72 months,91.92830188679245,1.016553097163499,3,0,Premium,0
4660-IRIBM,13-24 months,83.36111111111111,1.0544485171609463,3,1,High,0
5673-FSSMF,0-6 months,60.15,1.0,1,1,Medium,0
7670-ZBPOQ,49-72 months,59.97844827586207,1.0178656126482213,2,0,Medium,1
8089-UZWLX,49-72 months,104.41619718309859,0.9964929082558288,3,0,Premium,1
0080-OROZO,25-48 months,100.91428571428571,0.9835079275198189,4,0,Premium,0
3916-NRPAP,0-6 months,85.58333333333333,1.0013631937682572,2,1,High,1
6807-SIWJI,25-48 months,102.29605263157895,1.0249662357707892,4,0,Premium,0
8221-HVAYI,25-48 months,71.14714285714285,0.9719294018432626,4,0,High,1
1579-KLYDT,7-12 months,84.77857142857144,1.0668969584632235,2,1,High,0
5232-NXPAY,25-48 months,74.6872340425532,0.9968236333076944,4,0,High,0
8967-SZQAS,13-24 months,54.675000000000004,0.9227251943301326,1,1,Medium,0
4468-KAZHE,13-24 months,62.967499999999994,0.952872513598285,2,1,Medium,0
0455-ENTCR,49-72 months,83.91439393939395,1.0159162927586736,5,0,High,0
8944-AILEF,13-24 months,22.723333333333336,0.8559483643831596,0,1,Low,1
5542-NKVRU,25-48 months,20.10595238095238,1.0320326839955,0,0,Low,1
7126-RBHSD,13-24 months,79.35000000000001,0.994328922495274,1,1,High,0
5370-IIVVL,25-48 months,102.10810810810811,1.0234250926416093,4,0,Premium,1
6789-HJBWG,7-12 months,50.97083333333333,0.9691817215727949,1,1,Medium,0
3927-NLNRY,49-72 months,91.84811320754717,1.0261506383590628,3,0,Premium,1
9087-EYCPR,49-72 months,25.084166666666665,0.9966446297465201,0,0,Low,0
6791-YBNAK,13-24 months,25.991666666666667,0.9830073741583841,0,1,Low,1
6358-LYNGM,0-6 months,74.9,1.0,0,1,High,0
6077-BDPXA,0-6 months,64.73333333333333,1.083676622039135,0,1,Medium,0
0013-MHZWF,7-12 months,63.49444444444445,1.093009012162044,3,1,Medium,1
5494-HECPR,0-6 months,80.25,1.0,1,1,High,0
8268-YDIXR,49-72 months,93.82053571428571,0.9928529963170568,3,0,Premium,0
9824-BEMCV,13-24 months,67.62647058823529,1.0203105292915235,0,1,Medium,0
1373-ORVIZ,7-12 months,67.34545454545454,0.9852186825053995,2,1,Medium,0
4291-SHSBH,7-12 months,74.47857142857143,0.9338256449601995,0,1,High,0
6980-IMXXE,49-72 months,20.473188405797103,0.986656284288394,0,0,Low,1
9866-QEVEE,13-24 months,80.65526315789474,1.066266436099057,1,1,High,1
9897-KXHCM,0-6 months,83.35000000000001,0.9634073185362926,1,1,High,0
0040-HALCW,49-72 months,20.196296296296296,1.0100861910874748,0,0,Low,1
0784-GTUUK,49-72 months,23.335483870967742,1.0177633397843517,0,0,Low,1
7979-CORPM,13-24 months,95.10625,0.9520930538213839,2,1,Premium,1
2294-DMMUS,49-72 months,69.36209677419355,1.0156844051203944,2,1,Medium,1
0872-JCPIB,13-24 months,65.36470588235295,1.0058945284377248,2,1,Medium,1
3055-MJDSB,7-12 months,21.12222222222222,1.1646501841136245,0,1,Low,0
9091-WTUUY,49-72 months,69.49609375,0.9964588837052443,4,0,Medium,0
1618-CFHME,0-6 months,71.675,1.0589466341123126,0,1,High,0
3165-HDOEW,0-6 months,45.85,1.0,0,1,Medium,0
6581-NQCBA,13-24 months,50.6375,0.9864231054060726,3,1,Medium,0
7115-IRDHS,49-72 months,25.41736111111111,0.969809568044589,0,0,Low,1
8496-DMZUK,25-48 months,94.02166666666668,0.9614805098115682,3,0,Premium,1
2040-VZIKE,49-72 months,98.92551020408165,1.019453928435124,3,1,Premium,0
9068-VPWQQ,49-72 months,77.52950819672131,0.9718880172541391,4,0,High,1
0178-SZBHO,25-48 months,85.47765957446808,1.0201495973814236,2,1,High,0
0384-RVBPI,13-24 months,69.92999999999999,0.9209209209209211,3,1,Medium,1
1689-MRZQR,25-48 months,75.42058823529412,1.0381780602893578,1,1,High,0
1299-AURJA,49-72 months,24.084285714285716,1.0255649801293076,0,0,Low,1
4525-VZCZG,49-72 months,107.90092592592592,0.9809925085598071,5,0,Premium,0
1543-LLLFT,49-72 months,99.4516393442623,0.9884201069800792,4,0,Premium,0
5835-BEQEU,0-6 months,76.13333333333334,1.0107267950963221,0,1,High,0
2788-CJQAQ,13-24 months,20.784615384615385,0.9357883049592893,0,0,Low,0
5565-FILXA,13-24 months,95.575,1.0060162176301335,2,1,Premium,0
0319-QZTCO,0-6 months,56.199999999999996,1.0444839857651247,2,1,Medium,1
2120-SMPEX,25-48 months,21.454,0.9392187936981448,0,1,Low,0
0096-FCPUF,25-48 months,62.94833333333334,1.02464984511107,2,1,Medium,0
0668-OGMHD,13-24 months,29.969047619047622,0.9509811710494954,1,1,Low,0
5552-ZNFSJ,0-6 months,45.3,1.0,0,1,Medium,0
2223-KAGMX,13-24 months,19.28666666666667,1.0058762530245418,0,1,Low,1
6507-ZJSUR,13-24 months,92.05434782608695,0.9825717321997876,2,1,Premium,0
9408-HRXRK,25-48 months,105.1311111111111,1.000179669830265,4,1,Premium,0
5593-SUAOO,13-24 months,84.71041666666666,0.9815794004082538,2,0,High,1
7321-PKUYW,7-12 months,89.81363636363636,1.003745128802065,2,1,High,0
2833-SLKDQ,0-6 months,45.05,1.0,0,1,Medium,0
6766-HFKLA,49-72 months,102.57767857142858,1.006066830886001,4,0,Premium,1
7595-EUIVN,0-6 months,75.8,1.0,1,1,High,0
7617-EYGLW,0-6 months,19.45,1.0,0,1,Low,0
2026-TGDHM,7-12 months,74.73571428571428,1.061072350186371,1,1,High,0
9220-ZNKJI,49-72 months,87.36909090909091,1.016377749568185,3,0,High,1
4030-VPZBD,0-6 months,29.525,1.0465707027942421,1,1,Low,0
2226-ICFDO,49-72 months,84.87152777777777,1.012117988790247,5,0,High,1
0723-VSOBE,25-48 months,35.48,0.9639233370913192,1,0,Low,0
5529-GIBVH,25-48 months,22.25957446808511,0.9052284458038614,0,0,Low,0
4187-CINZD,25-48 months,96.17826086956521,0.9903485375887167,3,0,Premium,1
9992-UJOEL,0-6 months,46.375,1.0846361185983826,1,1,Medium,0
4741-WWJQZ,0-6 months,97.275,0.8239527113852481,2,1,Premium,0
6625-UTXEW,7-12 months,51.00833333333333,1.0047377879431465,1,1,Medium,0
6818-WOBHJ,49-72 months,90.11176470588236,0.9943207781186759,2,1,High,1
6244-BESBM,49-72 months,96.69130434782609,0.9845766446333019,3,0,Premium,1
1004-NOZNR,49-72 months,94.00535714285715,1.008453165663051,3,0,Premium,1
1251-STYSZ,0-6 months,75.925,1.0569641093184063,1,1,High,0
2612-PHGOX,49-72 months,75.29375,1.0107080600979497,4,0,High,1
2408-TZMJL,49-72 months,109.28898305084746,1.00787835081924,5,0,Premium,0
8480-PPONV,49-72 months,115.46854838709677,1.0007054008562588,6,0,Premium,1
8780-IHCRN,49-72 months,24.99206349206349,0.9863131152746903,0,0,Low,1
4598-ZADCK,49-72 months,54.32452830188679,0.9866629619338706,5,0,Medium,0
1257-SXUXQ,0-6 months,17.21,1.1301568855316675,0,1,Low,0
9681-KYGYB,49-72 months,84.88673469387754,1.0390316027359388,3,1,High,0
7182-OVLBJ,49-72 months,107.07016129032259,0.9447076457252178,3,0,Premium,1
5095-ETBRJ,49-72 months,56.582727272727276,1.0038399125978053,3,0,Medium,0
7005-CYUIL,49-72 months,100.96126760563381,0.9845359746102605,5,0,Premium,0
4821-WQOYN,49-72 months,18.42013888888889,1.0911969839773799,0,0,Low,1
4730-AWNAU,25-48 months,62.07083333333334,0.9779150164462643,5,0,Medium,1
3452-FLHYD,25-48 months,19.805999999999997,1.0577602746642432,0,0,Low,1
2388-LAESQ,49-72 months,115.52708333333334,0.994139180927993,6,0,Premium,1
9531-NSBMR,25-48 months,18.883333333333333,1.0194174757281553,0,0,Low,1
6260-ONULR,0-6 months,62.8,1.0,2,1,Medium,0
4389-UEFCZ,49-72 months,104.77777777777777,1.0068928950159068,4,0,Premium,0
8711-LOBKY,49-72 months,20.139830508474578,0.9856090889964233,0,0,Low,0
9134-CEQMF,7-12 months,96.67142857142858,0.9258164622432392,2,1,Premium,0
8985-OOPOS,0-6 months,74.1,1.0,4,0,High,1
8800-ZKRFW,25-48 months,108.08333333333333,0.994602929838088,5,1,Premium,0
2616-FLVQC,49-72 months,19.37734375,1.0089102124742975,0,0,Low,0
9968-FFVVH,49-72 months,65.25952380952381,1.054252252909628,4,0,Medium,1
3108-PCCGG,49-72 months,81.94236111111111,1.0306024729442274,5,0,High,1
7993-PYKOF,7-12 months,79.11875,0.9479421755272928,1,1,High,0
8390-FESFV,49-72 months,83.76129032258065,1.0088192251405683,5,0,High,1
3022-BEXHZ,49-72 months,112.4,0.98932384341637,5,0,Premium,1
5027-XWQHA,0-6 months,45.15833333333333,0.9909577412806791,0,1,Medium,0
6248-TKCQV,49-72 months,78.00285714285714,1.0332954836819164,4,0,High,1
6729-GDNGC,13-24 months,80.71000000000001,0.9998760996159087,1,1,High,1
6198-ZFIOJ,0-6 months,80.5,0.9391304347826086,0,1,High,0
5989-OMNJE,13-24 months,56.989583333333336,1.0107110217510509,5,0,Medium,0
4566-QVRRW,7-12 months,43.97272727272727,1.0017572875749432,0,1,Medium,0
1291-CUOCY,49-72 months,110.58611111111111,1.0001255934289517,5,0,Premium,1
9795-SHUHB,49-72 months,57.73939393939394,1.0079773275952555,3,0,Medium,1
3230-IUALN,25-48 months,78.52444444444444,1.0315259225718814,5,0,High,0
0042-RLHYP,49-72 months,20.244927536231884,0.9730832557806571,0,0,Low,1
8519-IMDHU,13-24 months,89.70333333333333,0.9542566236854817,1,1,High,1
4945-RVMTE,25-48 months,58.801785714285714,1.0127243463208722,2,1,Medium,1
0201-OAMXR,49-72 months,116.10857142857144,0.995189231753531,6,0,Premium,1
1866-NXPSP,25-48 months,74.44861111111112,1.0147939480999195,5,0,High,0
3372-KWFBM,13-24 months,80.0625,1.081654957064793,1,1,High,0
7831-QGOXH,13-24 months,86.32777777777778,0.9869360962738915,1,1,High,0
6393-WRYZE,25-48 months,94.33970588235294,1.0350890866861,2,1,Premium,0
3941-XTSKM,25-48 months,48.786904761904765,0.9244283936458358,3,0,Medium,1
1661-CZBAU,25-48 months,75.60833333333333,0.9383886255924171,3,0,High,1
6599-RCLCJ,25-48 months,109.03297872340426,1.0047418797748096,5,1,Premium,0
9831-BPFRI,25-48 months,89.08846153846153,1.0051806760782283,3,0,High,0
5158-RIVOP,7-12 months,18.39090909090909,1.1364310430054374,0,0,Low,1
9788-YTFGE,7-12 months,21.071428571428573,0.9467796610169491,0,1,Low,0
9277-JOOMO,0-6 months,28.78333333333333,0.8546612623045745,0,1,Low,0
1907-YLNYW,7-12 months,72.375,0.9215889464594128,3,1,High,0
1725-MIMXW,0-6 months,19.45,1.0,0,1,Low,0
8947-YRTDV,25-48 months,97.8609375,0.9687215596110551,4,0,Premium,0
3161-ONRWK,49-72 months,65.47166666666666,1.0057785810656008,4,0,Medium,1
0114-RSRRW,7-12 months,18.775,1.0625832223701732,0,1,Low,1
4565-NLZBV,49-72 months,24.086619718309862,1.0233897611320644,0,0,Low,1
0031-PVLZI,0-6 months,19.0875,1.0661427635887362,0,1,Low,0
7206-GZCDC,0-6 months,69.25,1.0,0,1,Medium,0
6682-VCIXC,25-48 months,50.03720930232558,1.02423777653839,4,0,Medium,1
4791-QRGMF,49-72 months,101.035593220339,0.9848014628172651,3,0,Premium,1
6475-VHUIZ,13-24 months,53.11086956521739,1.021448160124432,2,1,Medium,0
3910-MRQOY,49-72 months,20.78402777777778,0.9334090681279026,0,0,Low,1
0661-WCQNQ,13-24 months,58.73636363636364,0.9576690914719083,2,0,Medium,1
7537-RBWEA,0-6 months,25.15,1.0,0,1,Low,0
4656-CAURT,49-72 months,24.827536231884057,0.9646547195143308,0,0,Low,1
0121-SNYRK,49-72 months,34.978,1.012064726399451,2,0,Low,0
1768-ZAIFU,0-6 months,25.2,1.0,0,1,Low,0
4671-LXRDQ,0-6 months,48.225,0.9331259720062208,0,1,Medium,0
3733-LSYCE,13-24 months,74.30333333333333,1.0140864025840026,1,1,High,1
6265-FRMTQ,25-48 months,19.648387096774194,1.038253160400591,0,0,Low,1
1934-SJVJK,0-6 months,20.15,1.0,0,1,Low,0
3838-OZURD,49-72 months,108.07954545454545,0.9715066764798654,4,1,Premium,1
1371-DWPAZ,0-6 months,0.0,0.0,5,0,Low,1
9269-CQOOL,0-6 months,56.48333333333333,0.9684272646798467,1,1,Medium,1
2017-CCBLH,7-12 months,17.7,1.1299435028248588,0,0,Low,0
7690-KPNCU,49-72 months,73.26015625,0.9971313704371194,4,0,High,1
0536-BGFMZ,25-48 months,20.10892857142857,1.0194476511855075,0,1,Low,0
2293-IJWPS,49-72 months,105.0,0.9595238095238096,3,0,Premium,1
2845-HSJCY,13-24 months,89.89999999999999,0.9705228031145718,2,1,High,0
5469-NUJUR,13-24 months,19.657894736842106,1.0148594377510038,0,0,Low,0
1184-PJVDB,7-12 months,85.72,0.9326878208119459,1,1,High,0
2625-TRCZQ,49-72 months,50.0656862745098,0.991697182133276,3,1,Medium,0
4102-HLENU,49-72 months,64.52014925373135,1.0175115953595428,3,0,Medium,0
7266-GSSJX,7-12 months,22.8,0.8969298245614035,0,1,Low,0
7722-VJRQD,49-72 months,63.181250000000006,0.9646849342170343,5,0,Medium,1
7073-QETQY,49-72 months,20.598484848484848,0.9879367414490623,0,0,Low,0
9415-DPEWS,13-24 months,91.07222222222222,0.9701091929482095,2,1,Premium,0
5624-RYAMH,7-12 months,19.87222222222222,0.981269220016774,0,1,Low,0
0196-JTUQI,7-12 months,70.42777777777778,1.0677605111619468,0,1,High,1
7130-YXBRO,25-48 months,110.73125,1.0064909409042162,5,1,Premium,1
9272-LSVYH,7-12 months,73.55,0.9537729435757989,0,1,High,0
7943-RQCHR,7-12 months,98.87777777777778,0.9582537363748735,2,1,Premium,0
3793-MMFUH,13-24 months,99.23076923076923,0.9578682170542636,2,1,Premium,0
3249-ZPQRG,0-6 months,82.5125,0.9507650356006666,1,1,High,0
2568-BRGYX,0-6 months,59.4875,1.1800798487077118,0,1,Medium,0
3084-DOWLE,49-72 months,89.92222222222222,1.023106388236748,6,0,High,1
1084-MNSMJ,49-72 months,86.70490196078431,0.9861034159137937,6,0,High,1
7721-JXEAW,49-72 months,41.57118644067796,0.9874627961022546,2,1,Medium,1
7249-WBIYX,7-12 months,81.385,1.0517908705535417,1,1,High,0
4238-HFHSN,49-72 months,80.40737704918034,1.0216724262719552,1,1,High,0
6250-CGGUN,49-72 months,83.03796296296296,1.0164025824868144,3,0,High,0
5478-JJVZK,25-48 months,61.631818181818176,0.9881259679917399,2,1,Medium,0
7596-IIWYC,25-48 months,19.933333333333334,1.015886287625418,0,0,Low,1
6567-HOOPW,0-6 months,79.2,1.0,1,1,High,0
9793-WECQC,13-24 months,95.34347826086957,0.9995439828537552,3,1,Premium,0
4291-HPAXL,0-6 months,19.85,1.0,0,1,Low,0
8999-YPYBV,25-48 months,85.73444444444445,0.9838519459312346,6,0,High,0
1839-FBNFR,25-48 months,21.91794871794872,0.9056504445484325,0,0,Low,1
3164-AALRN,0-6 months,69.47999999999999,1.00748416810593,3,0,Medium,0
3071-MVJCD,49-72 months,80.76597222222222,1.0189934911395235,5,0,High,1
1697-BCSHV,49-72 months,68.45517241379311,0.9758210759621195,2,1,Medium,1
0562-KBDVM,49-72 months,43.68785714285715,1.0208786357765316,4,0,Medium,1
1131-SUEKT,49-72 months,100.74098360655738,0.9772586734361779,4,0,Premium,1
3717-OEAUQ,0-6 months,64.6,1.0944272445820435,0,1,Medium,0
4538-WNTMJ,25-48 months,25.345652173913045,0.9843897418303456,0,0,Low,0
3334-CTHOL,0-6 months,49.95,1.0,0,1,Medium,1
4704-ERYFC,13-24 months,70.63636363636364,0.9803732303732303,0,1,High,0
9432-RUVSL,25-48 months,102.171875,1.0032115002293929,5,0,Premium,1
8060-HIWJJ,49-72 months,88.00859375,0.9834266895100797,5,0,High,1
7684-XSZIY,49-72 months,22.822916666666668,1.0647193062528526,0,0,Low,1
9089-UOWJG,7-12 months,61.7125,0.9455134697184525,2,1,Medium,1
8621-MNIHH,25-48 months,94.63382352941177,0.9959441189725101,3,1,Premium,0
8039-ACLPL,49-72 months,67.89166666666667,1.0126426905609427,4,0,Medium,1
9885-AIBVB,25-48 months,84.14655172413794,1.0196496260629033,2,1,High,0
1934-MKPXS,25-48 months,18.804545454545455,1.0688905003625817,0,0,Low,1
2592-YKDIF,0-6 months,20.35,1.0,0,1,Low,0
2272-JKMSI,49-72 months,110.33790322580644,1.0041880148225029,5,0,Premium,0
0471-LVHGK,25-48 months,73.19999999999999,0.9972677595628416,3,0,High,0
9518-RWHZL,49-72 months,97.721875,1.0238239902785329,3,0,Premium,1
8714-CTZJW,0-6 months,79.9,1.036921151439299,2,1,High,1
3569-EDBPQ,13-24 months,80.75208333333333,1.0445550940378214,2,1,High,0
3131-NWVFJ,13-24 months,21.035714285714285,0.9293718166383702,0,0,Low,0
7521-YXVZY,0-6 months,19.433333333333334,1.0265866209262435,0,1,Low,0
5419-CONWX,0-6 months,110.7125,0.901433894095066,4,1,Premium,1
6240-EURKS,13-24 months,30.72222222222222,1.139240506329114,1,1,Low,0
2373-NTKOD,7-12 months,68.30625,0.9698966053618812,2,1,Medium,0
1970-KKFWL,25-48 months,22.774285714285714,1.0230836783339607,0,0,Low,1
6960-HVYXR,0-6 months,76.0,1.0,0,1,High,0
9337-SRRNI,49-72 months,25.36060606060606,0.9976102282232048,0,0,Low,1
0895-UADGO,7-12 months,42.93125,1.0377056340078614,3,0,Medium,0
5678-VFNEQ,49-72 months,104.39788732394366,0.997146615400182,4,0,Premium,1
5977-CKHON,25-48 months,93.93023255813954,0.9853057687546422,2,1,Premium,1
7024-OHCCK,0-6 months,85.425,1.0986245244366404,2,1,High,0
2692-BUCFV,25-48 months,101.67586206896551,0.9977786067964458,4,1,Premium,1
7861-UVUFT,13-24 months,87.22666666666667,0.9664475695505961,2,1,High,0
1830-GGFNM,49-72 months,93.51923076923077,1.0110220028788812,4,0,Premium,1
5302-BDJNT,25-48 months,97.66285714285713,0.9778538412029724,3,1,Premium,0
5223-UZAVK,49-72 months,103.184375,0.9720463975286956,4,0,Premium,1
4859-ZSRDZ,49-72 months,54.601724137931036,1.016451419369099,4,0,Medium,1
5651-WYIPH,13-24 months,48.09722222222222,1.0364423909904708,1,1,Medium,1
9350-VLHMB,49-72 months,95.12089552238807,0.9414335252859675,2,1,Premium,1
3498-LZGQZ,49-72 months,18.683333333333334,1.0249776984834968,0,0,Low,0
8785-CJSHH,49-72 months,99.7625,1.00037589274527,3,1,Premium,0
5357-TZHPP,7-12 months,81.38888888888889,1.0369965870307167,1,1,High,1
3870-SPZSI,49-72 months,112.415,1.00564871236045,6,0,Premium,1
0680-DFNNY,13-24 months,100.27,1.008277650344071,3,1,Premium,0
7560-QRBXH,25-48 months,19.514583333333334,1.022312373225152,0,0,Low,0
7077-XJMET,7-12 months,61.78333333333333,1.2001618559482061,4,1,Medium,0
8752-GHJFU,49-72 months,92.74929577464789,0.9919212780173723,4,0,Premium,0
6896-SRVYQ,25-48 months,70.96363636363637,1.0406738406354086,1,1,High,0
7767-UXAGJ,0-6 months,50.45,1.0,0,1,Medium,0
4652-ODEVH,25-48 months,24.183333333333334,1.011026878015162,0,0,Low,0
6510-UPNKS,13-24 months,26.754347826086956,0.9269521410579346,0,0,Low,1
6718-BDGHG,25-48 months,67.63255813953488,0.9588577126745066,2,0,Medium,1
9046-DQMTP,25-48 months,21.14,0.9815515610217597,0,1,Low,1
6439-LAJXL,7-12 months,65.98333333333333,1.0449608486991664,4,1,Medium,0
1571-SAVHK,7-12 months,94.39583333333333,1.0588391083645996,3,1,Premium,0
9052-VKDUW,49-72 months,111.19153846153846,0.9838878165881467,5,1,Premium,1
9546-CQJSU,0-6 months,96.8,0.944214876033058,2,1,Premium,0
1666-JZPZT,25-48 months,47.827777777777776,1.024509234522012,0,1,Medium,0
5777-KJIRB,25-48 months,50.58875,0.9933038471992292,1,0,Medium,0
0506-LVNGN,0-6 months,69.92999999999999,1.0803660803660804,1,1,Medium,1
7677-SJJJK,7-12 months,19.24375,1.0341019811627152,0,0,Low,1
2480-EJWYP,49-72 months,94.11724137931034,1.039129479006375,3,0,Premium,1
3253-HKOKL,49-72 months,100.85480769230769,0.9944989465053533,4,0,Premium,0
7055-HNEOJ,0-6 months,51.51666666666667,1.0831446133937235,2,1,Medium,0
5514-YQENT,25-48 months,109.93048780487804,1.0110934847963793,6,0,Premium,0
3211-AAPKX,13-24 months,101.5975,0.9700041831737986,3,1,Premium,0
8445-DNBAE,0-6 months,50.05,1.0,0,1,Medium,0
2951-QOQTK,0-6 months,83.1125,0.9721762671078358,1,1,High,1
2958-NHPPS,13-24 months,20.604347826086954,1.0119223464866007,0,1,Low,0
6806-YDEUL,0-6 months,17.8,1.095505617977528,0,1,Low,1
1735-XMJVH,7-12 months,19.075,1.0144167758846658,0,1,Low,0
6890-PFRQX,13-24 months,66.63333333333334,1.0430215107553775,3,1,Medium,0
0222-CNVPT,49-72 months,49.135576923076925,0.9931703880550282,3,1,Medium,1
5899-OUVKV,25-48 months,96.1032258064516,0.9833176691729324,3,1,Premium,0
8681-ICONS,25-48 months,22.58103448275862,0.9144842330304649,0,1,Low,0
1621-YNCJH,25-48 months,106.51111111111112,0.995670769872731,5,0,Premium,1
3473-XIIIT,13-24 months,95.921875,1.0425150676005863,3,1,Premium,0
6362-QHAFM,25-48 months,109.19404761904761,0.9918123044383634,4,0,Premium,0
7893-IXHRQ,0-6 months,20.55,1.0,0,1,Low,0
3070-BDOQC,49-72 months,99.0175,1.0063877597394402,4,0,Premium,0
2952-QAYZF,0-6 months,84.83,1.0055404927502063,2,1,High,0
6234-PFPXL,13-24 months,101.58863636363635,0.9440032215485806,3,1,Premium,1
9824-QCJPK,25-48 months,18.520833333333332,1.079865016872891,0,0,Low,0
4763-PGDPO,0-6 months,70.25,1.002135231316726,0,1,Medium,0
4283-IVYCI,7-12 months,60.86666666666666,1.0670865279299016,3,1,Medium,0
1866-OBPNR,0-6 months,74.6,1.0,1,1,High,1
8205-MQUGY,7-12 months,47.59583333333333,1.0337039306662,1,1,Medium,0
8970-ANWXO,13-24 months,76.37391304347825,0.9656438574518958,3,0,High,0
9480-BQJEI,49-72 months,92.44274193548387,0.9984558881260415,3,0,Premium,1
5394-SVGJV,25-48 months,93.9337837837838,1.0518047503272863,3,1,Premium,1
6979-TNDEU,7-12 months,19.60625,0.9792795664647752,0,1,Low,0
9777-WJJPR,25-48 months,86.55483870967741,1.0242061717352418,2,1,High,1
9283-LZQOH,13-24 months,68.98076923076923,1.078561471982158,0,1,Medium,1
7079-QRCBC,13-24 months,100.30416666666667,0.984505462551406,3,1,Premium,0
9495-SKLKD,25-48 months,99.03666666666666,0.9688330921207634,3,1,Premium,1
6048-UWKAL,49-72 months,101.4340579710145,1.0390987219511498,4,0,Premium,1
5067-DGXLL,0-6 months,18.4,1.1005434782608696,0,1,Low,0
5469-CTCWN,49-72 months,107.33934426229509,0.9875223360874811,4,0,Premium,0
9851-QXEEQ,25-48 months,106.00975609756097,0.9876449475427942,4,1,Premium,0
6281-FKEWS,25-48 months,51.47727272727273,0.9528476821192052,3,0,Medium,0
8898-KASCD,25-48 months,33.56794871794872,1.0590459458427224,2,0,Low,0
9242-TKFSV,49-72 months,66.03194444444445,0.9858864606777021,6,0,Medium,1
9290-SHCMB,13-24 months,95.04230769230769,1.0190198696936588,3,1,Premium,0
0743-HNPFG,49-72 months,69.8529411764706,0.9985263157894736,4,0,Medium,1
2277-BKJKN,49-72 months,101.60211267605634,0.9763576503205684,4,0,Premium,0
9809-IMGCQ,13-24 months,94.67954545454545,1.0213399265464846,2,1,Premium,0
5208-HFSBT,0-6 months,51.375,1.0715328467153284,2,1,Medium,1
5035-PGZXH,49-72 months,105.61428571428571,1.011226836196402,4,0,Premium,0
8695-WDYEA,0-6 months,51.25,1.0,1,1,Medium,0
6543-JXSOO,13-24 months,55.77608695652174,1.0353899520598668,3,0,Medium,0
8016-ZMGMO,49-72 months,71.80075757575759,0.9867583907488101,3,0,High,1
8605-ITULD,0-6 months,19.55,1.0,0,1,Low,0
3254-YRILK,13-24 months,93.46315789473684,0.9436873521792996,2,1,Premium,0
6416-YJTTB,7-12 months,72.33181818181818,1.099101363664928,2,1,High,1
2667-WYLWJ,7-12 months,18.125,1.089655172413793,0,0,Low,0
4472-VESGY,49-72 months,96.02692307692307,1.0221091841230425,4,1,Premium,1
3195-TQDZX,0-6 months,20.483333333333334,0.9886086248982913,0,1,Low,0
3128-YOVTD,49-72 months,78.79509803921569,1.0045041121797664,2,1,High,1
0529-ONKER,13-24 months,76.44333333333334,0.9896219421793921,0,1,High,0
1728-CXQBE,49-72 months,95.021875,0.9918768704574605,3,1,Premium,0
7041-TXQJH,25-48 months,39.96891891891892,1.0057815194238768,2,1,Medium,1
5014-GSOUQ,13-24 months,18.742307692307694,1.0644366919761952,0,0,Low,0
5724-BIDBU,49-72 months,53.754081632653055,1.029689249985763,1,0,Medium,0
0481-SUMCB,25-48 months,105.23,0.9707307801957616,3,0,Premium,1
1769-GRUIK,13-24 months,69.31944444444444,1.025686235223402,0,1,Medium,0
5240-IJOQT,0-6 months,74.7,1.0,0,1,High,0
8819-WFGGJ,49-72 months,55.8014705882353,0.9695084991434971,4,0,Medium,1
7427-AUFPY,49-72 months,18.67962962962963,1.0519480519480517,0,0,Low,1
2811-POVEX,13-24 months,92.63260869565218,0.954847339888761,3,1,Premium,1
1092-GANHU,13-24 months,77.26764705882353,0.9920063948840928,1,1,High,0
7898-PDWQE,49-72 months,80.66408450704225,0.9967261203216261,5,0,High,1
9972-EWRJS,49-72 months,20.491044776119406,0.9394347731080194,0,0,Low,1
9314-IJWSQ,13-24 months,85.99285714285715,0.9861284159813937,1,1,High,0
0661-XEYAN,0-6 months,25.8,1.0,0,1,Low,0
5799-JRCZO,49-72 months,19.287301587301585,1.0110278989383592,0,0,Low,1
1921-KYSAY,25-48 months,70.1719512195122,0.9775985818807458,3,0,Medium,0
6198-RTPMF,13-24 months,92.9235294117647,0.9965183262644806,2,1,Premium,0
2924-KHUVI,49-72 months,98.48125,1.0210065367773054,3,0,Premium,0
1925-GMVBW,0-6 months,19.22,1.0691987513007286,0,1,Low,1
7881-EVUAD,0-6 months,36.2,1.1767955801104972,3,1,Medium,0
6184-DYUOB,0-6 months,18.416666666666668,1.0642533936651584,0,1,Low,0
9207-ZPANB,25-48 months,66.03513513513514,1.0214259403266075,4,0,Medium,0
5766-XQXMQ,25-48 months,67.94827586206897,1.0132707434661252,4,1,Medium,1
9327-QSDED,7-12 months,41.925,1.0387596899224807,0,1,Medium,0
1656-DRSMG,49-72 months,111.15793650793651,0.9882335301551488,5,1,Premium,1
3012-VFFMN,7-12 months,22.707142857142856,0.9094054734193142,0,1,Low,0
2984-AFWNC,0-6 months,97.71666666666665,0.9762920006822448,3,1,Premium,0
0640-YJTPY,49-72 months,20.74652777777778,1.0122175732217573,0,0,Low,1
8096-LOIST,13-24 months,57.54736842105264,0.9765867934882019,1,1,Medium,0
9764-REAFF,49-72 months,17.92966101694915,1.0262324526161555,0,0,Low,1
3703-VAVCL,0-6 months,95.025,0.947119179163378,3,1,Premium,1
7107-UBYKY,25-48 months,25.215714285714284,1.0211886012123959,0,1,Low,0
4881-GQJTW,13-24 months,21.457142857142856,0.9134487350199735,0,1,Low,1
8519-QJGJD,13-24 months,73.28214285714286,1.0282177494029923,1,1,High,0
7876-DNYAP,49-72 months,20.82536231884058,0.9507637704860991,0,0,Low,1
7905-NJMXS,7-12 months,67.85714285714286,0.9461052631578947,3,1,Medium,0
2882-WDTBA,49-72 months,78.0891304347826,0.9700453773558643,5,0,High,1
2091-GPPIQ,49-72 months,79.58541666666666,0.9920159158137223,4,0,High,0
6326-MTTXK,7-12 months,102.44375,0.9844426819596119,3,1,Premium,0
5071-FBJFS,0-6 months,54.275,0.9267618608935974,1,1,Medium,0
2796-UUZZO,49-72 months,77.71984126984128,1.033198198658184,2,1,High,1
2429-AYKKO,49-72 months,19.918055555555554,0.9965832229272716,0,0,Low,1
9798-OPFEM,25-48 months,20.371739130434783,1.035748586063387,0,0,Low,0
0330-IVZHA,0-6 months,66.03,1.05936695441466,0,1,Medium,0
3794-NFNCH,25-48 months,49.163333333333334,1.017018102922232,1,1,Medium,0
5193-QLVZB,49-72 months,103.75396825396825,1.009599938805171,4,0,Premium,1
7114-AEOZE,49-72 months,18.801666666666666,1.0557574683095472,0,0,Low,1
2886-KEFUM,49-72 months,109.10714285714286,0.9852700490998363,4,0,Premium,0
5522-NYKPB,25-48 months,87.962,0.9765580591619109,2,1,High,0
4237-RLAQD,0-6 months,45.85,1.0,0,1,Medium,0
9957-YODKZ,0-6 months,76.18333333333334,1.0605994311966747,1,1,High,0
6518-KZXCB,13-24 months,25.75,0.9805825242718447,0,0,Low,0
2245-ADZFJ,25-48 months,79.7290322580645,1.0102969736203269,4,0,High,1
7776-QGYJC,25-48 months,79.67435897435898,1.0229137836707107,2,1,High,1
9313-QOLTZ,25-48 months,19.934615384615384,1.048427551611036,0,1,Low,0
9651-GTSAQ,49-72 months,108.86320754716981,0.974617617747736,5,0,Premium,1
3186-BAXNB,0-6 months,91.7,1.0,3,1,Premium,0
4672-FOTSD,7-12 months,69.35833333333333,0.969602306860507,3,1,Medium,0
0637-YLETY,13-24 months,97.228125,0.9832545881142929,3,1,Premium,1
9818-XQCUV,0-6 months,22.65,0.8984547461368655,0,1,Low,0
7338-ERIVA,25-48 months,45.91282051282051,0.9812074165084329,3,0,Medium,1
1157-BQCUW,0-6 months,74.95,1.0,0,1,High,0
8259-NFJTV,7-12 months,35.22857142857143,0.9835766423357664,2,1,Low,0
3223-DWFIO,0-6 months,65.4125,1.0601949168736862,0,1,Medium,0
2660-EMUBI,7-12 months,89.83500000000001,1.0613903267100795,2,1,High,0
6968-GMKPR,49-72 months,81.99090909090908,0.9946224636877703,2,1,High,0
4751-ERMAN,49-72 months,76.11458333333333,0.9906117421650473,4,0,High,1
1436-ZMJAN,7-12 months,65.315,1.038046390568782,3,1,Medium,1
3292-PBZEJ,7-12 months,107.55,1.0357973035797305,5,1,Premium,0
0799-DDIHE,13-24 months,42.63,1.0860896082570959,0,1,Medium,0
3070-FNFZQ,13-24 months,20.815217391304348,0.9800522193211487,0,0,Low,1
2812-SFXMJ,0-6 months,20.05,1.0,0,1,Low,0
7675-OZCZG,0-6 months,42.36666666666667,1.0621557828481512,0,1,Medium,0
5014-WUQMG,25-48 months,93.43510638297872,1.0285213312231722,4,0,Premium,0
5312-TSZVC,13-24 months,18.040000000000003,1.0892461197339243,0,0,Low,0
2003-CKLOR,49-72 months,101.67424242424242,0.9786156024141272,4,1,Premium,0
0993-OSGPT,49-72 months,58.46911764705882,1.0372997308785432,3,0,Medium,1
9254-RBFON,13-24 months,100.29117647058824,0.9831373354057302,4,0,Premium,1
1205-WNWPJ,7-12 months,59.42142857142857,1.0013222743118164,2,1,Medium,0
9391-EOYLI,7-12 months,79.18333333333334,1.0159966322879395,1,1,High,0
7108-DGVUU,13-24 months,71.28809523809524,1.0057780301259143,3,0,High,1
2782-JEEBU,13-24 months,37.15,0.9690444145356663,2,1,Medium,0
5127-BZENZ,49-72 months,62.71696428571429,1.039591133636092,2,0,Medium,1
2720-FVBQP,0-6 months,45.541666666666664,1.0748398902104301,0,1,Medium,1
9906-NHHVC,49-72 months,54.121538461538464,0.9885158759487194,4,0,Medium,1
4522-XRWWI,25-48 months,80.37857142857143,1.0008886519150448,4,0,High,1
3766-EJLFL,49-72 months,110.41985294117647,0.9875941426773478,5,0,Premium,1
5939-SXWHM,25-48 months,25.938541666666666,1.0139351833259709,0,0,Low,1
8152-UOBNY,49-72 months,106.959,0.9985134490786188,4,0,Premium,0
7351-KYHQH,7-12 months,70.52142857142857,0.9209966575508964,3,1,High,0
7643-RCHXS,49-72 months,20.06111111111111,0.9645527554693992,0,0,Low,0
8246-SHFGA,13-24 months,22.679411764705883,0.9303592270782001,0,1,Low,1
8387-MOJJT,25-48 months,80.57142857142857,0.9674645390070923,1,1,High,1
0620-XEFWH,0-6 months,21.05,0.8954869358669834,0,1,Low,0
6485-QXWWE,49-72 months,26.43064516129032,0.9837065966925002,0,0,Low,1
2761-OCIAX,0-6 months,82.7,0.9032648125755743,1,1,High,0
7321-VGNKU,0-6 months,60.125,1.17006237006237,0,1,Medium,0
5327-CNLUQ,25-48 months,93.19687499999999,1.0397344331556182,4,0,Premium,1
7552-KEYGT,25-48 months,19.27962962962963,1.0140236288540967,0,0,Low,1
5816-JMLGY,49-72 months,81.68357142857144,0.9842860515753298,5,0,High,1
3068-OMWZA,0-6 months,88.8,1.0,2,1,High,0
2927-QRRQV,25-48 months,93.75,1.0096,3,0,Premium,0
6032-KRXXO,25-48 months,91.845,0.9826337851815559,2,1,Premium,0
7459-RRWQZ,13-24 months,66.30333333333333,0.9750640993414108,2,1,Medium,1
6265-SXWBU,49-72 months,94.3659420289855,1.014666922633903,3,0,Premium,1
7941-RCJOW,49-72 months,18.74846153846154,1.0427522258236572,0,0,Low,1
6374-NTQLP,49-72 months,103.44027777777778,1.0063778079138526,5,0,Premium,1
4154-AQUGT,13-24 months,89.94999999999999,0.9899944413563092,3,1,High,1
2387-KDZQY,13-24 months,16.441176470588236,1.2225402504472274,0,0,Low,0
3584-WKTTW,49-72 months,112.16372549019609,0.9945283068343719,5,0,Premium,0
3399-BMLVW,49-72 months,61.20490196078431,0.9884829165932499,3,0,Medium,1
1971-DTCZB,49-72 months,89.84166666666667,1.0123365179482422,6,0,High,1
3092-IGHWF,49-72 months,88.34029850746269,0.989355950530513,2,0,High,0
3374-PZLXD,25-48 months,19.870588235294118,0.9914150384843102,0,1,Low,0
3813-DHBBB,49-72 months,52.56268656716418,0.9693187949001904,4,0,Medium,1
2812-REYAT,49-72 months,18.838775510204083,1.0642942259776837,0,0,Low,1
6518-PPLMZ,49-72 months,20.95,0.9260143198090692,0,0,Low,0
4939-KYYPY,25-48 months,59.69074074074074,0.9959668662550802,2,1,Medium,0
8017-LXHFA,13-24 months,99.72173913043478,0.9501438786187653,3,1,Premium,0
5930-GBIWP,49-72 months,80.48188405797102,1.0126502498536893,5,0,High,1
6022-KOUQO,0-6 months,22.375,1.2983240223463688,1,1,Low,1
6352-TWCAU,25-48 months,86.54571428571428,0.9988940609421941,1,1,High,0
2361-UPSND,25-48 months,70.24021739130436,1.0051221739063152,4,0,Medium,0
6035-RIIOM,49-72 months,94.9898148148148,1.0232676017896656,3,0,Premium,1
2929-QNSRW,49-72 months,98.36339285714287,0.9988472046983216,3,0,Premium,0
1262-OPMFY,7-12 months,72.87777777777778,1.0394114956548255,1,1,High,1
9504-DSHWM,13-24 months,59.56,0.9939556749496307,2,1,Medium,1
5035-BVCXS,7-12 months,78.76363636363637,0.9636426592797784,1,1,High,0
6267-DCFFZ,25-48 months,87.57333333333332,1.0282810596833132,2,1,High,0
3533-UVMOM,49-72 months,69.72720588235293,1.0175368294509066,4,0,Medium,1
2439-LYPMQ,25-48 months,105.50526315789473,0.9724633343310386,4,1,Premium,0
4248-QPAVC,13-24 months,86.08529411764707,0.9914585397519559,2,1,High,1
1899-VXWXM,25-48 months,105.89166666666667,1.001967419532541,4,0,Premium,1
1478-VPOAD,0-6 months,43.8,1.0,0,1,Medium,0
9995-HOTOH,49-72 months,58.85079365079365,1.002535332829863,5,0,Medium,0
2988-PLAHS,0-6 months,73.48333333333333,0.9519165343615332,3,0,High,0
1371-OJCEK,25-48 months,23.618750000000002,1.030960571579783,0,0,Low,1
4999-IEZLT,49-72 months,30.047727272727276,0.9801074048861659,1,0,Low,1
8883-ANODQ,49-72 months,84.51102941176471,0.9986862139470135,2,0,High,1
4690-LLKUA,13-24 months,45.32941176470588,0.9938359719698936,0,1,Medium,0
2351-RRBUE,7-12 months,19.150000000000002,1.0783289817232373,0,0,Low,0
5980-BDHPY,49-72 months,86.52916666666667,1.0065970048634854,6,0,High,1
1498-DQNRX,25-48 months,19.760344827586206,1.004537125905244,0,1,Low,0
9469-WEJBT,25-48 months,92.41351351351352,0.9776708683063784,3,1,Premium,0
3331-HQDTW,25-48 months,105.50735294117646,1.0406857620740122,5,1,Premium,0
9490-DFPMD,25-48 months,84.31785714285714,1.0039391757380662,1,1,High,0
2581-VKIRT,49-72 months,64.42881355932204,1.016625891142504,3,0,Medium,0
5442-XSDCW,7-12 months,78.95454545454545,1.0069084628670122,1,1,High,1
7426-WEIJX,49-72 months,80.985,0.9995678212014572,1,1,High,0
2851-MMUTZ,25-48 months,53.30925925925926,1.0532879424740333,2,1,Medium,0
3049-NDXFL,0-6 months,85.8,1.0,1,1,High,0
8580-AECUZ,0-6 months,79.1,1.0,1,1,High,0
3307-TLCUD,13-24 months,34.86764705882353,0.9865879375790805,2,1,Low,0
6625-FLENO,49-72 months,20.44741379310345,1.0147982629959102,0,0,Low,0
2967-MXRAV,0-6 months,18.8,1.0,0,0,Low,0
7963-GQRMY,0-6 months,44.833333333333336,0.9881040892193308,0,1,Medium,0
8189-HBVRW,49-72 months,92.85283018867923,0.9778915711615054,3,1,Premium,0
4163-KIUHY,25-48 months,25.75,0.9941747572815535,0,1,Low,0
1228-FZFRV,49-72 months,106.836,0.9917069152720057,4,1,Premium,1
3500-NSDOA,49-72 months,71.46985294117647,0.9906274755913126,3,0,High,1
1171-TYKUR,25-48 months,24.238297872340425,1.0479283707865168,0,1,Low,0
3761-FLYZI,49-72 months,108.96076923076923,0.9985245218815523,4,1,Premium,1
2058-DCJBE,0-6 months,64.92,1.0743992606284658,0,1,Medium,0
5364-XYIRR,49-72 months,94.36764705882354,1.0029920523609164,2,1,Premium,0
4829-AUOAX,25-48 months,95.6413043478261,1.0042732128650982,2,1,Premium,1
1219-NNDDO,7-12 months,73.72777777777777,1.0423479767915003,0,1,High,0
8388-DMKAE,7-12 months,21.83125,0.9275694245634125,0,0,Low,0
4403-BWPAY,13-24 months,22.978571428571428,1.0792663972645322,0,0,Low,1
9659-QEQSY,25-48 months,113.9,1.0153643546971027,6,1,Premium,0
5405-ZMYXQ,7-12 months,68.6125,1.0872654399708508,0,1,Medium,1
5047-LHVLY,0-6 months,50.15,1.0,1,1,Medium,0
1442-OKRJE,49-72 months,106.53484848484848,0.9682277814913317,5,0,Premium,1
4737-AQCPU,49-72 months,69.67569444444445,1.0347941355286894,4,0,Medium,1
9158-VCTQB,25-48 months,112.07195121951219,1.0136345335640213,6,1,Premium,1
2808-CHTDM,13-24 months,26.584782608695654,0.944149153651157,0,0,Low,0
6311-UEUME,25-48 months,82.21206896551725,0.9597131052995826,1,1,High,0
0793-TWELN,0-6 months,79.9625,1.0023448491480382,1,1,High,0
3283-WCWXT,0-6 months,25.55,0.9941291585127201,0,0,Low,0
1060-ENTOF,49-72 months,105.0089552238806,1.0037239183580646,5,0,Premium,1
0999-QXNSA,7-12 months,49.17142857142857,0.9304183614177803,0,1,Medium,0
5451-MHQOF,49-72 months,25.56517857142857,0.9563790032480005,0,0,Low,0
4836-WNFNO,49-72 months,25.683333333333334,0.9733939000648929,0,0,Low,1
9225-BZLNZ,49-72 months,84.48750000000001,1.0090250036987718,5,0,High,0
0354-VXMJC,13-24 months,18.55,1.0566037735849056,0,0,Low,1
4422-QVIJA,25-48 months,47.29571428571428,1.0603497749720603,0,1,Medium,0
9365-SRSZE,25-48 months,71.9962962962963,0.9799115180822059,0,1,High,0
6839-ITVZJ,25-48 months,62.159615384615385,0.9660613185657271,2,1,Medium,0
8332-OSJDW,7-12 months,26.245833333333334,1.0058739482457533,0,0,Low,0
4735-BJKOU,25-48 months,20.12125,1.0014288376716158,0,0,Low,0
0274-JKUJR,7-12 months,66.52857142857142,0.8845823491518146,5,1,Medium,0
5740-YHGTW,49-72 months,95.27214285714285,1.0239089525494636,3,1,Premium,1
8917-SZTTJ,49-72 months,19.3625,1.0148482892188508,0,0,Low,1
1696-MZVAU,25-48 months,24.30128205128205,1.0390398311791085,0,0,Low,1
7359-WWYJV,49-72 months,116.32013888888888,0.9839224840448715,6,0,Premium,1
0375-HVGXO,0-6 months,34.7,1.0,1,1,Low,0
4906-ZHGPK,49-72 months,69.81481481481481,1.0126790450928382,3,0,Medium,0
8593-WHYHV,0-6 months,88.26666666666667,0.9663897280966767,1,1,High,0
3795-GWTRD,49-72 months,74.72777777777779,1.011002899412683,5,0,High,1
1298-PHBTI,49-72 months,86.65352112676055,0.9786099733437359,2,0,High,0
6223-DHJGV,25-48 months,22.811904761904763,0.9052290992589499,0,0,Low,0
6961-MJKBO,25-48 months,20.06382978723404,1.0192470837751857,0,0,Low,1
6097-EQISJ,49-72 months,100.22954545454544,1.0221536926600305,4,0,Premium,1
4423-YLHDV,13-24 months,104.77380952380952,0.9964322236109534,4,1,Premium,1
8158-WPEZG,7-12 months,38.64545454545455,0.9224888261585509,2,1,Medium,0
0107-YHINA,0-6 months,99.75,1.0,3,1,Premium,0
4918-FYJNT,49-72 months,91.72363636363637,0.9861144148430065,3,1,Premium,0
0727-BNRLG,49-72 months,97.73260869565217,0.9991547478701871,4,0,Premium,1
4854-CIDCF,0-6 months,65.46666666666667,1.1280549898167005,1,1,Medium,0
8640-SDGKB,0-6 months,74.925,0.9929929929929932,4,1,High,0
3280-MRDOF,25-48 months,69.79666666666667,0.9900186255313052,3,0,Medium,1
6435-SRWBJ,0-6 months,83.55,0.990424895272292,2,1,High,0
9964-WBQDJ,49-72 months,24.301408450704226,1.004057030253854,0,0,Low,1
6303-KFWSL,25-48 months,55.86896551724138,0.9889211208492779,1,0,Medium,0
1702-CCFNJ,49-72 months,60.95288461538462,1.006515120442965,2,1,Medium,1
8932-CZHRQ,49-72 months,76.9595588235294,0.997277026704247,4,0,High,1
0386-CWRGM,25-48 months,21.04021739130435,0.9220437051195949,0,0,Low,0
5515-RUGKN,7-12 months,54.75625,0.9998858577787924,1,1,Medium,1
0404-AHASP,49-72 months,19.748611111111114,0.9975385048174975,0,0,Low,1
7279-NMVJC,13-24 months,19.008823529411764,1.046882252823766,0,0,Low,1
2081-VEYEH,0-6 months,106.2,1.0164783427495292,5,1,Premium,0
6407-UTSLV,0-6 months,81.85,1.0238240684178375,2,1,High,1
4116-TZAQJ,7-12 months,71.07222222222222,1.0447119518486672,1,1,High,1
9060-HJJRW,49-72 months,57.42156862745098,0.9822093221785897,4,0,Medium,1
2587-YNLES,0-6 months,16.724999999999998,1.2017937219730943,0,0,Low,0
7398-SKNQZ,0-6 months,91.06666666666666,1.0420937042459737,2,1,Premium,0
5935-FCCNB,13-24 months,94.59705882352942,0.9958026303516462,2,1,Premium,0
1958-RNRKS,25-48 months,48.065000000000005,1.0381774680120668,0,1,Medium,0
5136-RGMZO,25-48 months,69.94032258064516,1.0158660609275187,3,1,Medium,0
8345-MVDYC,25-48 months,80.41555555555556,1.0153508165915937,5,0,High,1
8226-BXGES,49-72 months,88.94765625,1.0056476333517783,3,0,High,1
3877-JRJIP,0-6 months,59.85,1.0,1,1,Medium,0
8375-DKEBR,0-6 months,69.6,1.0,0,1,Medium,0
9705-IOVQQ,49-72 months,97.85737704918033,1.0116764109694605,3,0,Premium,0
1015-OWJKI,0-6 months,19.05,1.0,0,1,Low,0
7511-YMXVQ,7-12 months,46.53333333333333,0.9756446991404012,2,1,Medium,0
2040-XBAVJ,49-72 months,112.50763888888889,1.0172642598342088,6,0,Premium,1
7551-JOHTI,0-6 months,19.5,1.0,0,1,Low,0
8887-IPQNC,7-12 months,44.778571428571425,0.9881958845110864,0,1,Medium,0
8646-JCOMS,49-72 months,92.89318181818182,0.9747755241846696,3,0,Premium,1
9804-ICWBG,0-6 months,69.9,1.0,0,1,Medium,0
1222-KJNZD,25-48 months,18.6325,1.0948611297464108,0,1,Low,1
0106-GHRQR,13-24 months,75.75625,0.9424964936886397,3,1,High,1
5318-IXUZF,0-6 months,91.875,0.9485714285714286,2,1,Premium,1
3768-VHXQO,49-72 months,23.634328358208954,1.0514366908746449,0,0,Low,1
8952-WCVCD,25-48 months,101.51341463414634,1.0289280522819284,5,0,Premium,1
2418-TPEUN,49-72 months,19.998214285714287,0.990088400750067,0,0,Low,1
3963-RYFNS,49-72 months,111.29930555555556,1.0462778668630008,6,0,Premium,1
3198-VELRD,0-6 months,88.28333333333335,0.9599773456673587,1,1,High,1
8540-ZQGEA,49-72 months,20.414814814814818,0.9821298984034832,0,0,Low,1
1320-REHCS,49-72 months,112.15384615384616,0.9874828532235939,5,1,Premium,0
4137-JOPHL,49-72 months,86.09,1.041932860959461,3,0,High,1
9436-ZBZCT,13-24 months,84.17142857142858,1.068652410047522,2,1,High,0
7801-CEDNV,25-48 months,52.657407407407405,0.9248461403200282,1,0,Medium,1
2057-BOYKM,49-72 months,94.82638888888889,1.0187037715122667,4,0,Premium,1
3658-QQJYD,49-72 months,75.775,0.9805344770702737,4,0,High,1
1803-BGNBD,7-12 months,54.541666666666664,0.9955691367456073,2,1,Medium,0
0134-XWXCE,25-48 months,74.27386363636364,1.007756919263781,4,0,High,1
6950-TWMYB,49-72 months,80.77870370370371,0.9897410621152898,2,0,High,1
5848-FHRFC,49-72 months,20.39558823529412,0.9830557358136851,0,0,Low,1
2243-FNMMI,13-24 months,20.77,0.9340394800192585,0,1,Low,0
2511-MORQY,49-72 months,52.282,1.0500745954630657,1,0,Medium,1
5356-KZCKT,49-72 months,26.096551724137928,0.9369053911205075,0,0,Low,1
9470-XCCEM,25-48 months,90.33142857142857,0.992456351214575,2,1,Premium,1
6519-CFDBX,0-6 months,40.475,1.121680049413218,0,1,Medium,0
3902-MIVLE,49-72 months,74.23333333333333,1.0197575213291423,4,0,High,0
0409-WTMPL,49-72 months,112.52844827586206,0.9833069032351973,5,0,Premium,1
8763-KIAFH,25-48 months,21.6037037037037,0.9512257843305333,0,0,Low,0
3669-WHAFY,49-72 months,113.77605633802817,1.0120758594223889,6,0,Premium,1
3055-VTCGS,49-72 months,55.611111111111114,1.0528471528471528,2,0,Medium,1
3144-KMTWZ,49-72 months,93.93591549295775,0.9926980485647242,3,1,Premium,1
7279-BUYWN,25-48 months,114.3780487804878,0.9897003944983475,5,1,Premium,0
7156-MHUGY,13-24 months,92.39615384615385,0.9794780002497606,2,1,Premium,0
7198-GLXTC,0-6 months,71.825,1.0998955795335885,1,1,High,0
2007-QVGAW,49-72 months,19.009558823529414,1.0179089467373226,0,0,Low,1
5207-PLSTK,0-6 months,48.75,1.0,1,1,Medium,0
2307-FYNNL,49-72 months,109.35692307692307,0.9971933822908754,5,0,Premium,0
5605-XNWEN,49-72 months,25.035416666666666,0.9985853374386287,0,0,Low,1
2155-AMQRX,25-48 months,53.75535714285714,1.0212935587815168,1,1,Medium,1
6181-AXXYF,49-72 months,25.820833333333333,0.9585283201549137,0,0,Low,1
5091-HFAZW,0-6 months,84.25,1.081899109792285,3,1,High,0
0516-VRYBW,13-24 months,21.71388888888889,0.927977484968658,0,0,Low,1
2519-LBNQL,49-72 months,105.6575,0.9876251094337837,4,0,Premium,0
8623-ULFNQ,25-48 months,63.55384615384616,1.039276204308884,2,1,Medium,0
8380-PEFPE,0-6 months,71.65,1.0,0,1,High,0
5687-DKDTV,0-6 months,19.375,1.0503225806451613,0,1,Low,0
1568-LJSZU,49-72 months,94.0125,0.980720648849887,6,0,Premium,1
7530-HDYDS,25-48 months,85.90789473684211,0.9807014856792771,3,1,High,1
7789-HKSBS,25-48 months,109.50357142857142,0.9606992596458043,4,0,Premium,1
7416-CKTEP,49-72 months,19.899122807017545,0.9849680405554332,0,0,Low,1
2586-CWXVV,49-72 months,30.025,1.0124895920066612,1,1,Low,0
3096-IZETN,7-12 months,78.94166666666666,0.9893381188641401,1,1,High,1
2348-KCJLT,25-48 months,61.86818181818182,0.9940489310116818,3,0,Medium,0
8401-EMUWF,25-48 months,72.81666666666668,0.9530785076676584,3,1,High,1
4193-IBKSW,49-72 months,24.577777777777776,1.0070072332730562,0,0,Low,1
5377-NDTOU,49-72 months,88.6443661971831,1.0271380337636544,6,0,High,0
5922-ABDVO,13-24 months,92.68684210526315,0.9672354561199286,2,1,Premium,0
2474-LCNUE,13-24 months,71.42391304347827,1.031167250038046,3,1,High,1
0839-QNXME,25-48 months,19.283333333333335,1.006050129645635,0,0,Low,1
3506-OVLKD,25-48 months,27.282857142857143,0.9603099801026285,0,0,Low,1
9172-ANCRX,7-12 months,97.325,1.0141279219111226,3,1,Premium,0
6650-VJONK,0-6 months,43.85,1.0,0,1,Medium,1
2178-PMGCJ,13-24 months,67.74545454545455,1.028851315083199,0,1,Medium,0
7492-TAFJD,7-12 months,40.0,0.9637499999999999,3,0,Medium,0
2773-MADBQ,25-48 months,52.8125,1.0054437869822486,5,0,Medium,0
6016-LVTJQ,25-48 months,21.070588235294117,0.9800390843104411,0,1,Low,0
7860-KSUGX,49-72 months,65.55555555555556,0.983135593220339,3,0,Medium,1
8966-KZXXA,25-48 months,25.859722222222224,0.9706214082388958,0,0,Low,1
6910-HADCM,0-6 months,76.35,1.0,1,1,High,0
4816-LXZYW,13-24 months,72.9108695652174,1.0855720206326962,1,1,High,0
9606-PBKBQ,25-48 months,82.5640625,1.0295036051550879,1,1,High,0
5149-QYTTU,49-72 months,95.36408450704226,0.9977550824490278,4,0,Premium,1
2070-XYMFH,13-24 months,79.79565217391304,0.9944150820029423,1,1,High,0
2085-BOJKI,13-24 months,93.42647058823529,1.0345033842279239,3,0,Premium,1
0817-HSUSE,0-6 months,75.5,1.0,4,1,High,0
5442-PPTJY,7-12 months,21.52916666666667,0.9150377395006772,0,0,Low,0
1927-QEWMY,49-72 months,20.864583333333332,0.982526210683974,0,0,Low,1
1663-MHLHE,0-6 months,19.2,1.0,0,1,Low,0
5663-QBGIS,49-72 months,96.24166666666666,1.0219066585851588,3,0,Premium,1
4450-MDZFX,49-72 months,74.22166666666666,1.001729054858195,0,1,High,1
6701-DHKWQ,49-72 months,53.18688524590164,0.9654635679940821,4,0,Medium,1
7554-AKDQF,0-6 months,53.90833333333333,0.8468078528366053,0,1,Medium,0
3536-IQCTX,25-48 months,83.159375,1.0257412348277029,1,1,High,0
4911-BANWH,25-48 months,87.01290322580645,0.9946800622821976,1,1,High,1
8496-EJAUI,13-24 months,74.97368421052632,0.985012285012285,1,1,High,1
0794-YVSGE,49-72 months,19.460416666666667,1.0431431324269351,0,0,Low,1
5423-BHIXO,25-48 months,54.3625,0.9970108070820879,1,1,Medium,0
6908-VVYHM,49-72 months,91.24615384615385,0.9934665317821616,2,1,Premium,0
2959-EEXWB,25-48 months,51.86333333333333,0.9814255414872421,3,1,Medium,1
1839-UMACK,25-48 months,22.61547619047619,1.1076485760909618,0,0,Low,0
3030-YDNRM,7-12 months,71.55625,1.046030220979998,0,1,High,0
7321-KKSDU,25-48 months,21.775,0.9414466130884042,0,0,Low,0
3402-XRIUO,13-24 months,62.809090909090905,1.0117962078448401,3,1,Medium,0
3132-TVFDZ,49-72 months,45.13947368421052,0.9935871276161605,2,1,Medium,0
8286-AFUYI,0-6 months,47.95,1.0,1,1,Medium,0
8080-DDEMJ,0-6 months,45.1,1.0,0,1,Medium,0
8356-WUAOJ,0-6 months,45.0,1.0,0,1,Medium,0
6365-MTGZX,13-24 months,88.43541666666665,1.0855379396452214,3,1,High,0
1349-WXNGG,0-6 months,20.05,1.0,0,1,Low,1
8058-DMYRU,49-72 months,91.32962962962964,0.9859888884382982,2,1,Premium,0
9350-ZXYJC,0-6 months,29.2375,0.8653270628473707,0,0,Low,1
6990-YNRIO,49-72 months,106.7376923076923,1.0179159550011172,5,0,Premium,1
8958-JPTRR,49-72 months,22.530357142857145,1.0785448204803043,0,0,Low,0
6959-GQEGV,25-48 months,72.75111111111111,1.04397030973181,4,1,High,0
3173-WSSUE,49-72 months,19.941549295774646,0.9878871349366106,0,0,Low,1
1265-HVPZB,49-72 months,67.08813559322033,0.9897428123894702,4,0,Medium,1
4115-UMJFQ,49-72 months,36.119565217391305,0.9897682816731869,2,0,Medium,1
7369-TRPFD,13-24 months,14.694736842105263,1.2793696275071633,0,0,Low,0
1098-KFQEC,49-72 months,19.69090909090909,0.9852262234533702,0,0,Low,1
7190-XHTWJ,25-48 months,19.88157894736842,0.970747849106552,0,0,Low,0
0621-TWIEM,7-12 months,40.260000000000005,1.1313959264778934,0,1,Medium,0
3537-RYBHH,25-48 months,69.19148936170212,0.9748308733087332,3,1,Medium,1
2485-ITVKB,0-6 months,34.375,1.021090909090909,1,1,Low,0
3669-OYSJI,0-6 months,46.2,1.0,0,1,Medium,1
1612-EOHDH,0-6 months,45.15,1.0,0,1,Medium,0
6702-OHFWR,0-6 months,43.3,1.0,3,1,Medium,0
5296-BFCYD,25-48 months,20.366304347826087,0.9869242674921279,0,0,Low,0
4510-PYUSH,25-48 months,59.227631578947374,0.9649212449736742,2,1,Medium,1
9359-JANWS,49-72 months,59.339999999999996,0.9925851027974385,3,0,Medium,1
7517-SAWMO,13-24 months,75.84736842105262,0.9650961071403791,1,1,High,0
4143-HHPMK,49-72 months,83.4346153846154,1.0229567141474205,2,1,High,0
3279-DYZQM,49-72 months,19.414788732394367,1.0018136312524937,0,0,Low,0
7054-LGEQW,0-6 months,45.95,1.0,0,1,Medium,0
0523-VNGTF,49-72 months,49.35192307692308,1.0232630635545337,4,1,Medium,0
9575-IWCAZ,0-6 months,28.5,0.880701754385965,0,0,Low,0
7105-MXJLL,25-48 months,61.43846153846154,0.987980468260924,2,0,Medium,0
7064-FRRSW,25-48 months,98.840625,1.0016124442758227,3,0,Premium,0
7940-UQQUG,49-72 months,105.025,0.9940490359438229,4,0,Premium,1
0923-PNFUB,0-6 months,82.41666666666667,1.0161779575328613,2,1,High,0
3961-SXAXY,0-6 months,44.05,1.0,0,1,Medium,1
7010-BRBUU,49-72 months,24.092361111111114,1.0003170668434553,0,0,Low,1
3566-HJGPK,0-6 months,45.55,1.0,0,1,Medium,0
3062-ICYZQ,49-72 months,89.00686274509805,1.0538513223258836,3,1,High,0
9938-PRCVK,25-48 months,19.615853658536587,1.0042897109107864,0,0,Low,1
0973-KYVNF,49-72 months,69.59930555555555,1.0150963351725655,4,0,Medium,1
5129-HHMZC,25-48 months,83.12790697674419,1.0399636312771017,5,0,High,1
9637-CDTKZ,49-72 months,112.3111111111111,1.0159279778393353,6,0,Premium,1
3946-JEWRQ,25-48 months,97.08510638297872,0.9805829498137191,2,0,Premium,1
7873-CVMAW,49-72 months,88.36597222222223,1.0020825638325461,6,0,High,1
0463-WZZKO,0-6 months,22.366666666666664,0.9277198211624442,0,1,Low,1
3494-JCHRQ,0-6 months,70.05,1.0,0,1,Medium,0
6474-FVJLC,0-6 months,82.725,1.039588999697794,1,1,High,0
4524-QCSSM,25-48 months,44.482692307692304,1.0037611862868012,3,1,Medium,1
5832-EXGTT,25-48 months,63.24655172413794,0.9518305482103426,2,1,Medium,0
8840-DQLGN,25-48 months,104.38142857142857,0.9628149506617214,4,1,Premium,1
2039-JONDJ,25-48 months,54.72777777777778,1.0131966297837782,2,0,Medium,1
7217-JYHOQ,13-24 months,71.10208333333334,0.9887192710012012,4,1,High,1
6695-FRVEC,49-72 months,59.01044776119403,1.0235475630422135,3,0,Medium,1
4547-LYTDD,13-24 months,74.64375,0.9732897931842922,0,1,High,0
9894-QMIMJ,13-24 months,57.73260869565217,0.966524833377264,2,0,Medium,1
8069-YQQAJ,13-24 months,29.978571428571428,1.0374076721467715,1,1,Low,0
6770-XUAGN,0-6 months,21.0,1.0,0,1,Low,0
4193-ORFCL,0-6 months,45.1,1.0,0,1,Medium,0
1636-NTNCO,0-6 months,51.8375,0.9828791897757416,3,1,Medium,1
3466-WAESX,13-24 months,67.73125,1.0202085448002214,3,1,Medium,0
9281-PKKZE,25-48 months,43.64891304347826,1.0068979256418558,2,1,Medium,0
3638-VBZTA,49-72 months,86.51102941176471,0.9998725086056691,5,0,High,1
7459-IMVYU,25-48 months,69.93552631578947,1.0002069575360766,4,1,Medium,0
7776-QWNFX,25-48 months,50.916666666666664,0.9898527004909984,1,1,Medium,1
6689-TCZHQ,0-6 months,75.67999999999999,1.043208245243129,1,1,High,0
8563-OYMQY,13-24 months,94.83529411764707,0.9590311375759831,3,1,Premium,1
0754-EEBDC,0-6 months,19.1625,1.0384866275277234,0,0,Low,0
5777-ZPQNC,7-12 months,21.724999999999998,0.9275028768699655,0,0,Low,0
1951-IEYXM,49-72 months,89.4701388888889,1.0126283598655663,6,0,High,1
3318-NMQXL,0-6 months,88.93333333333334,1.0344827586206895,2,1,High,0
3143-ILDAL,49-72 months,91.51071428571429,1.0321195800647855,3,1,Premium,0
1022-RKXDR,25-48 months,23.46951219512195,1.058820472850091,0,0,Low,0
2361-FJWNO,25-48 months,34.572500000000005,1.0412900426639669,2,0,Low,1
2272-UOINI,7-12 months,81.57857142857142,0.962262498905525,5,1,High,0
8232-UTFOZ,49-72 months,20.280434782608694,0.9837067209775968,0,0,Low,1
3750-YHRYO,7-12 months,21.428571428571427,0.9636666666666667,0,0,Low,0
6637-KYRCV,0-6 months,33.44,0.9120813397129187,1,1,Low,0
5668-MEISB,49-72 months,106.35277777777777,0.9976232141457936,5,0,Premium,1
0129-QMPDR,25-48 months,19.660227272727273,1.0427142939714467,0,0,Low,1
7188-CBBBA,49-72 months,94.6746153846154,1.0087181195511752,3,0,Premium,0
5356-CSVSQ,0-6 months,58.06666666666666,1.1125143513203215,2,1,Medium,0
3221-CJMSG,13-24 months,52.9,0.9659735349716446,1,1,Medium,1
4720-VSTSI,25-48 months,87.78522727272728,0.9659939677156282,2,1,High,1
3219-JQRSL,49-72 months,88.22777777777777,1.009886027328254,6,0,High,1
2801-NISEI,13-24 months,56.1875,0.9779755283648499,2,1,Medium,0
3946-MHCZW,0-6 months,50.9,1.0,1,1,Medium,0
4623-ZKHLY,13-24 months,21.43409090909091,0.9540875835012194,0,1,Low,1
6732-VAILE,49-72 months,84.73928571428571,1.0142875205462132,5,0,High,1
8201-AAXCB,25-48 months,56.18600000000001,1.0741109885024738,1,1,Medium,0
7696-CFTAT,25-48 months,19.624324324324323,1.0089519349951799,0,0,Low,1
1845-CSBRZ,13-24 months,89.16363636363636,0.957228792822186,1,1,High,1
2123-VSCOT,49-72 months,71.09915254237289,1.0140767846287708,3,0,High,1
6651-AZVTJ,49-72 months,99.43775510204081,1.0036429311742552,3,1,Premium,0
4566-GOLUK,25-48 months,108.91382978723404,0.985641586653513,4,1,Premium,1
2484-DGXPZ,25-48 months,21.256451612903227,0.9197207678883071,0,1,Low,0
2018-QKYGT,0-6 months,81.05,1.0,1,1,High,0
2792-VPPET,0-6 months,25.650000000000002,0.7992202729044834,0,1,Low,0
7409-JURKQ,49-72 months,109.61792452830188,1.019906192176944,5,0,Premium,1
3247-MHJKM,0-6 months,20.2,1.0,0,1,Low,0
1964-SVLEA,13-24 months,20.794999999999998,0.9473431113248377,0,0,Low,0
4587-NUKOX,0-6 months,82.16666666666667,0.9626774847870181,2,1,High,0
7297-DVYGA,49-72 months,19.548039215686277,1.015447113696775,0,0,Low,1
2239-CGBUZ,49-72 months,61.66960784313726,0.9810342908923263,3,0,Medium,1
0854-UYHZD,13-24 months,20.407692307692308,0.9579721070486242,0,0,Low,0
7243-LCGGZ,0-6 months,20.9,1.0,0,1,Low,0
8267-KFGYD,0-6 months,21.05,1.0,0,1,Low,0
4890-VMUAV,49-72 months,72.63968253968254,0.9843104691563053,4,0,High,0
9261-WDCAF,0-6 months,63.03333333333333,0.8670015864621893,1,1,Medium,0
3764-MNMOI,25-48 months,19.742391304347827,0.9725265649947695,0,0,Low,1
7442-YGZFK,0-6 months,49.8,1.0,0,1,Medium,1
0420-BWTPW,7-12 months,26.9,0.9479553903345725,0,1,Low,0
8229-BUJHX,49-72 months,21.140140845070423,0.9697191778540257,0,0,Low,1
7449-HVPIV,49-72 months,92.71181818181817,0.9750644715295688,2,1,Premium,1
5504-WSIUR,49-72 months,91.22785714285715,0.9892811562884144,3,0,Premium,1
8183-ONMXC,0-6 months,79.725,1.01285669488868,1,1,High,0
8466-PZBLH,49-72 months,102.7723880597015,1.0177831027847364,4,0,Premium,1
9614-RMGHA,49-72 months,91.39769230769231,1.004948786789769,2,1,Premium,1
8735-IJJEG,13-24 months,47.775,1.0507587650444794,1,1,Medium,1
0564-MUUQK,13-24 months,95.81,0.9967644296002505,3,1,Premium,1
5054-IEXZT,0-6 months,75.35,1.0,1,1,High,0
5834-ASPWA,0-6 months,75.45,1.0,0,1,High,0
0701-RFGFI,49-72 months,94.16224489795918,1.0131449192123885,2,1,Premium,1
0019-EFAEP,49-72 months,100.85069444444444,1.0044551557927355,4,0,Premium,1
5619-PTMIK,25-48 months,53.47391304347826,0.9930075615903732,1,1,Medium,0
3737-XBQDD,13-24 months,85.36666666666667,0.9939476766887932,2,1,High,1
5882-CMAZQ,0-6 months,32.71,1.0470804035463162,2,1,Low,0
5846-QFDFI,25-48 months,87.53636363636363,1.0121507944750234,3,1,High,1
4445-KWOKW,25-48 months,57.65714285714286,1.0432358771060455,2,0,Medium,1
3511-APPBJ,13-24 months,99.68478260869566,1.0026605604623269,4,0,Premium,1
7967-HYCDE,7-12 months,69.175,1.0220455366823276,0,1,Medium,1
2430-RRYUW,49-72 months,52.51060606060606,1.0435986957901722,2,0,Medium,0
3948-XHGNA,13-24 months,50.43333333333334,0.9824851288830138,1,1,Medium,1
3723-BFBGR,13-24 months,53.80416666666667,1.0185084798265314,1,1,Medium,1
0565-IYCGT,49-72 months,77.62971014492753,1.0124989498641825,5,0,High,1
5447-WZAFP,49-72 months,98.12830188679246,1.0221312105829872,4,0,Premium,0
5110-CHOPY,49-72 months,53.950833333333335,0.9934971656291994,4,0,Medium,0
5445-UTODQ,7-12 months,82.37857142857142,0.9844793202115668,1,1,High,0
4425-OWHWB,13-24 months,21.6875,0.8922190201729108,0,0,Low,1
7892-QVYKW,13-24 months,81.23478260869565,1.053735816741597,1,1,High,0
9675-ICXCT,49-72 months,79.56319444444445,1.0155449459287254,5,0,High,0
1024-VRZHF,7-12 months,75.06363636363636,0.9984861329780793,0,1,High,0
4703-MQYKT,13-24 months,18.59047619047619,1.0543032786885247,0,0,Low,0
9497-QCMMS,0-6 months,93.55,1.0,2,1,Premium,0
5692-ICXLW,25-48 months,91.77903225806452,0.9882431506247474,2,1,Premium,0
0602-DDUML,49-72 months,68.32280701754387,1.0208889687756777,4,0,Medium,0
2208-MPXIO,25-48 months,19.697777777777777,1.0153429602888087,0,0,Low,1
1960-UYCNN,7-12 months,102.155,0.9324066369732269,3,1,Premium,0
0348-SDKOL,49-72 months,101.47241379310344,1.0061847962755293,4,1,Premium,1
3190-FZATL,13-24 months,19.17142857142857,1.0406110283159464,0,1,Low,0
7336-RLLRH,25-48 months,81.64259259259259,0.9902919227890307,4,0,High,0
4373-MAVJG,13-24 months,89.92857142857143,1.0108022239872916,2,1,High,1
8901-HJXTF,7-12 months,25.758333333333336,1.1336137172436103,1,1,Low,0
7710-JSYOA,49-72 months,92.72536231884058,1.0061972007095912,3,0,Premium,1
5419-KLXBN,25-48 months,90.31,0.9871553537814196,3,1,Premium,1
3424-NMNBO,49-72 months,108.40086206896552,1.0041433058968547,5,0,Premium,0
9885-MFVSU,25-48 months,47.48714285714286,0.9760536686621943,3,0,Medium,1
4514-GFCFI,13-24 months,84.384375,1.0043328519053438,1,1,High,0
0607-MVMGC,25-48 months,80.01444444444445,0.9841972977101356,4,0,High,1
3365-SAIGS,13-24 months,78.18529411764706,1.0686152804423878,2,1,High,0
9828-AOQLM,0-6 months,45.7,1.0,0,1,Medium,0
8022-BECSI,13-24 months,19.204545454545453,1.0205917159763316,0,0,Low,0
8000-REIQB,0-6 months,69.95,1.0,0,1,Medium,0
9993-LHIEB,49-72 months,69.06940298507462,0.9823452508292546,4,0,Medium,0
0266-CLZKZ,49-72 months,100.26716417910447,1.053684931302937,4,0,Premium,1
7615-ESMYF,0-6 months,48.55,0.9186405767250259,2,1,Medium,0
3858-VOBET,13-24 months,74.36739130434783,1.0078341956794994,0,1,High,0
7020-OZKXZ,7-12 months,70.82222222222222,1.0660495764041418,1,1,High,1
3977-QCRSL,0-6 months,23.59,0.854175498092412,0,1,Low,0
0017-DINOC,49-72 months,45.56574074074074,0.9919733392940603,3,0,Medium,1
1447-PJGGA,49-72 months,95.87105263157895,0.9935220004940847,3,0,Premium,0
8565-CLBZW,13-24 months,90.21041666666667,0.9960047112075933,2,1,Premium,0
9139-WQQDY,49-72 months,100.8530612244898,0.9960034805131732,3,0,Premium,0
0224-HJAPT,0-6 months,44.63,1.0564642617073716,0,1,Medium,0
8086-OVPWV,0-6 months,90.55,0.8856985091109885,1,1,Premium,0
9430-FRQOC,0-6 months,85.3625,1.0203543710645775,2,1,High,0
7639-OPLNG,49-72 months,81.88357142857143,0.9678376091488786,5,0,High,1
3074-GQWYX,0-6 months,71.55,1.0607966457023061,0,1,High,1
1492-QGCLU,49-72 months,87.09622641509435,0.9839691514481921,5,1,High,0
6845-RGTYS,25-48 months,96.46170212765956,1.0237223459867217,4,1,Premium,0
7328-OWMOM,25-48 months,19.008064516129032,1.0574459058124737,0,0,Low,1
4418-LZMSV,13-24 months,57.7,1.07105719237435,3,1,Medium,1
5155-AZQPB,25-48 months,50.36607142857143,0.990746321574189,0,1,Medium,0
8861-HGGKB,7-12 months,83.08500000000001,1.0405006920623456,1,1,High,0
1087-GRUYI,25-48 months,19.56578947368421,1.0426361802286483,0,0,Low,1
7065-YUNRY,0-6 months,45.3,1.0,0,1,Medium,0
7694-VLBWQ,49-72 months,105.08731343283583,0.990604827542129,4,0,Premium,0
2546-KZAAT,49-72 months,74.33557692307691,1.014319160770415,4,0,High,0
0181-RITDD,49-72 months,110.09112903225805,0.982367979606338,6,0,Premium,0
5989-PGKJB,13-24 months,83.75625,1.029773897470338,2,1,High,0
4795-KTRTH,0-6 months,74.33,1.089734965693529,1,1,High,0
8272-ONJLV,7-12 months,98.66666666666667,0.9699324324324324,3,0,Premium,0
1488-PBLJN,49-72 months,117.74583333333334,0.9923918043809051,6,0,Premium,1
0308-GIQJT,49-72 months,103.98380281690142,1.0169853105508035,4,0,Premium,1
3778-FOAQW,13-24 months,19.035416666666666,1.0585531356024953,0,0,Low,0
4452-ROHMO,13-24 months,22.10666666666667,0.8866103739445115,0,0,Low,0
6481-OGDOO,49-72 months,90.39029850746267,1.0023199557474634,3,0,Premium,1
3090-LETTY,0-6 months,67.3,0.9056463595839526,2,1,Medium,1
5349-AZPEW,0-6 months,25.1,0.99800796812749,0,1,Low,0
3753-TSEMP,13-24 months,92.70666666666666,0.9508485545807566,2,1,Premium,0
8305-VHZBZ,0-6 months,20.2,1.0,0,1,Low,0
9720-JJJOR,25-48 months,61.25121951219513,0.9844701947198661,3,0,Medium,1
8100-HZZLJ,25-48 months,63.65232558139535,1.0046765678376355,3,1,Medium,0
8775-ERLNB,0-6 months,74.3,1.0,0,1,High,0
8309-IEYJD,0-6 months,70.6,1.0,0,1,High,0
9172-JITSM,25-48 months,90.83846153846154,0.9995765941231264,2,1,Premium,0
6298-QDFNH,13-24 months,78.65227272727272,1.0088710376513423,1,1,High,0
7398-HPYZQ,49-72 months,90.19718309859155,1.0039116177389131,6,0,Premium,1
3546-GHEAE,7-12 months,23.62142857142857,0.8234048986997279,0,0,Low,0
7361-YPXFS,25-48 months,66.7,0.9662668665667167,3,1,Medium,1
6557-BZXLQ,13-24 months,65.20625,1.0681491421451166,0,1,Medium,0
2550-QHZGP,7-12 months,18.37142857142857,1.0614307931570763,0,0,Low,0
7519-JTWQH,49-72 months,108.05,1.0226746876446091,5,0,Premium,1
2538-OIMXF,0-6 months,24.7,1.0,0,1,Low,0
8543-MSDMF,0-6 months,68.71666666666667,1.1263642978413777,4,1,Medium,0
9961-JBNMK,13-24 months,96.68095238095238,1.0012313451214105,3,1,Premium,1
1170-SASML,49-72 months,85.06376811594203,1.0039527038538865,2,1,High,1
4872-JCVCA,49-72 months,47.57464788732395,1.0005328912309788,4,0,Medium,1
5346-BZCHP,49-72 months,19.51014492753623,0.9943544792749962,0,0,Low,0
2038-LLMLM,25-48 months,103.04270833333334,1.007834534628643,4,1,Premium,0
6173-ITPWD,25-48 months,86.48936170212765,0.9637023370233703,2,1,High,1
9734-UYXQI,0-6 months,53.275,0.9272641952135148,0,1,Medium,0
1216-BGTSP,25-48 months,110.32666666666667,0.982989908755816,5,1,Premium,1
4138-NAXED,49-72 months,80.11274509803921,1.0110750780150524,1,1,High,1
2189-UXTKY,13-24 months,79.2159090909091,0.9997991679816383,4,1,High,0
0744-BIKKF,49-72 months,86.45555555555556,1.0022490682431564,6,0,High,1
7483-IQWIB,25-48 months,92.30405405405405,1.006998023570749,3,1,Premium,0
5248-KWLAR,49-72 months,89.08802816901408,1.0141654480060076,6,0,High,0
4958-GZWIY,7-12 months,48.607142857142854,1.0019103600293904,1,1,Medium,0
7996-MHXLW,49-72 months,25.509090909090908,0.9859230220955096,0,0,Low,1
7833-PKIHD,49-72 months,77.77058823529413,0.982376522199531,4,0,High,1
7061-OVMIM,25-48 months,20.283333333333335,0.9638455217748562,0,0,Low,1
5153-RTHKF,25-48 months,85.19411764705882,1.0018297314092384,1,1,High,0
1852-QSWCD,49-72 months,23.66953125,1.0477605043403637,0,0,Low,0
4832-VRBMR,49-72 months,104.49923076923076,0.9870886057313636,4,0,Premium,1
9079-LWTFD,25-48 months,99.34468085106383,1.0141458922299322,4,1,Premium,0
6356-ELRKD,0-6 months,95.6,1.0,3,1,Premium,0
8624-GIOUT,49-72 months,59.88367346938776,0.9977677810721466,2,1,Medium,1
3392-EHMNK,49-72 months,94.07164179104478,1.000301453322333,3,0,Premium,1
5986-WWXDV,25-48 months,19.97948717948718,0.9684933264887065,0,0,Low,1
3061-BCKYI,13-24 months,20.267857142857142,0.9818502202643171,0,1,Low,0
6179-GJPSO,25-48 months,106.99302325581395,1.0108135718477624,5,1,Premium,1
7901-TBKJX,49-72 months,99.89285714285714,1.0115838398283876,3,1,Premium,0
7228-PAQPD,13-24 months,55.20357142857143,1.0705829074205861,2,0,Medium,1
3177-LASXD,0-6 months,71.35,1.0,0,1,High,0
7746-QYVCO,13-24 months,53.6125,1.0417346700862673,2,0,Medium,0
5804-HYIEZ,49-72 months,107.915,0.9827178798128156,4,1,Premium,0
9919-FZDED,49-72 months,83.07847222222222,1.0122959384116423,5,0,High,1
5934-TSSAU,13-24 months,74.0391304347826,1.017029772740619,1,1,High,1
3486-KHMLI,13-24 months,22.245238095238093,1.1103499946484,0,1,Low,0
4897-QSUYC,0-6 months,20.15,1.0,0,1,Low,0
1084-UQCHV,0-6 months,69.75,1.0,0,1,Medium,1
8290-YWKHZ,25-48 months,91.59375,1.0175366769020813,2,1,Premium,0
2955-BJZHG,13-24 months,82.40294117647058,0.9811542991755007,1,1,High,0
3806-DXQOM,0-6 months,34.4625,0.976423648893725,2,1,Low,0
6784-XYJAE,25-48 months,53.93055555555556,1.0346639196497553,1,0,Medium,0
3933-DQPWX,49-72 months,38.655,1.0270340188850084,3,0,Medium,1
6661-EIPZC,25-48 months,29.646874999999998,0.9950458522188258,1,1,Low,1
8957-THMOA,49-72 months,19.417,1.0377504248854095,0,0,Low,1
2251-PYLPB,49-72 months,80.70694444444445,0.9856648711903491,5,0,High,1
5555-RNPGT,7-12 months,22.39,1.107637338097365,0,1,Low,1
1057-FOGLZ,13-24 months,21.76111111111111,0.9029869798315037,0,1,Low,0
9300-RENDD,0-6 months,79.95,1.0,1,1,High,0
0761-AETCS,0-6 months,19.3,1.0,0,1,Low,0
8087-LGYHQ,7-12 months,90.18333333333334,1.0428756237294399,3,1,Premium,0
4137-BTIKL,0-6 months,87.375,1.03862660944206,2,1,High,0
2190-BCXEC,25-48 months,78.17125,1.0086828597470296,1,1,High,1
6227-FBDXH,49-72 months,99.15144927536231,1.003515336661088,3,0,Premium,1
2153-MREFK,25-48 months,101.47567567567567,0.9775741756778352,4,0,Premium,0
2911-WDXMV,13-24 months,78.14722222222223,1.0307468097963246,1,1,High,1
7206-PQBBZ,7-12 months,75.88181818181819,0.9251227986102791,0,1,High,0
3106-ULWFW,7-12 months,78.425,1.08638826904686,1,1,High,1
0925-VYDLG,0-6 months,80.66666666666667,0.9328512396694214,0,1,High,0
4547-FZJWE,49-72 months,57.4,1.0357142857142858,2,0,Medium,1
7422-WNBTY,25-48 months,93.6969696969697,0.996296895213454,3,1,Premium,0
0842-IWYCP,25-48 months,47.15,0.9533404029692472,0,1,Medium,1
3521-HTQTV,25-48 months,28.833823529411767,0.9051869230376907,0,0,Low,1
3744-ZBHON,0-6 months,21.983333333333334,0.9188779378316906,0,1,Low,0
3373-DIUUN,25-48 months,23.73,0.8954909397387273,0,0,Low,0
8383-SGHJU,25-48 months,59.17575757575757,1.0037894305612454,2,0,Medium,0
7607-QKKTJ,25-48 months,97.08555555555556,0.978518374400586,3,0,Premium,1
7707-PYBBH,25-48 months,66.1775,0.935363227683125,3,1,Medium,0
8984-HPEMB,49-72 months,119.40281690140846,0.9936951495706332,6,0,Premium,0
4349-GFQHK,0-6 months,54.35,1.0,1,1,Medium,0
4139-DETXS,49-72 months,62.888888888888886,1.0248233215547704,6,0,Medium,1
9779-DPNEJ,13-24 months,81.39318181818182,0.9847262167369392,1,1,High,0
9805-FILKB,25-48 months,18.382608695652173,1.098864711447493,0,0,Low,1
5793-YOLJN,49-72 months,22.005454545454544,0.9543088490456912,0,0,Low,0
0673-IGUQO,0-6 months,20.45,1.0,0,1,Low,0
4123-FCVCB,7-12 months,71.20416666666667,1.0652466498917432,3,0,High,0
8819-IMISP,25-48 months,78.35806451612903,1.0266971306245112,1,1,High,0
7802-EFKNY,0-6 months,20.080000000000002,1.2425298804780875,0,1,Low,0
8311-UEUAB,49-72 months,78.05149253731344,0.9673101377773953,3,0,High,0
5858-EAFCZ,0-6 months,44.45,1.0,0,1,Medium,0
8035-BUYVG,25-48 months,42.91125,0.9869206793090389,3,0,Medium,0
1163-ONYEY,25-48 months,73.74512195121952,1.0109143225678423,4,1,High,1
9787-XVQIU,0-6 months,75.3,1.0,0,1,High,0
8945-MUQUF,49-72 months,94.85490196078432,0.9994212005953365,3,0,Premium,0
5656-MJEFC,25-48 months,48.38809523809524,0.9950794666141809,4,0,Medium,1
6082-OQFBA,13-24 months,18.995652173913044,1.034447241931792,0,0,Low,0
8051-HJRLT,0-6 months,70.55,1.0,0,1,High,0
8974-OVACP,0-6 months,20.15,1.0,0,1,Low,0
4010-YLMVT,49-72 months,105.24910714285714,1.0128351954122448,4,1,Premium,1
1379-FRVEB,13-24 months,95.33666666666666,0.954512079997203,2,1,Premium,0
8612-GXIDD,7-12 months,26.083333333333332,0.9738019169329073,0,0,Low,1
6288-CHQJB,49-72 months,71.70092592592593,0.9755801490243682,4,0,High,1
8160-HOWOX,7-12 months,65.44285714285715,1.0215018554900674,2,1,Medium,0
3023-GFLBR,25-48 months,83.2030303030303,1.0354190188294425,1,1,High,1
6648-INWPS,13-24 months,21.334375,0.9444851325618865,0,1,Low,0
4223-BKEOR,13-24 months,63.65714285714286,1.0187387791741471,3,0,Medium,0
4079-VTGLK,25-48 months,72.725,1.0292196631144723,3,0,High,0
1763-WQFUK,0-6 months,49.25,1.0253807106598984,1,1,Medium,0
1391-UBDAR,7-12 months,74.40454545454546,0.9797788502657463,1,1,High,0
8894-JVDCV,49-72 months,115.05564516129031,0.999950935381898,6,0,Premium,1
2023-VQFDL,13-24 months,19.37777777777778,0.9805045871559632,0,1,Low,0
1345-GKDZZ,0-6 months,21.433333333333334,0.9121306376360809,0,1,Low,0
2014-MKGMH,25-48 months,101.61739130434782,0.9949084374465172,3,0,Premium,0
5628-FCGYG,13-24 months,82.7357142857143,1.0164896831563497,1,1,High,0
2560-WBWXF,49-72 months,22.04191176470588,1.0956399906595058,0,0,Low,1
0248-IPDFW,0-6 months,50.1,1.0,0,1,Medium,0
7978-DKUQH,25-48 months,71.91,1.0374078709497982,1,1,High,0
4335-UPJSI,13-24 months,20.754166666666666,0.951616141337081,0,0,Low,0
0524-IAVZO,25-48 months,87.475,0.9717062017719349,1,1,High,0
2737-YNGYW,0-6 months,92.05,0.8750678978815861,1,1,Premium,0
1784-EZDKJ,49-72 months,107.81960784313726,0.9905433912853713,4,0,Premium,1
9297-FVVDH,49-72 months,85.00701754385965,0.9940355801378628,5,0,High,0
8007-YYPWD,13-24 months,24.60666666666667,1.018016797615822,0,0,Low,1
7101-HRBLJ,49-72 months,84.67916666666666,0.9884367465433254,6,0,High,1
5159-YFPKQ,0-6 months,80.375,0.9430793157076205,1,1,High,0
6635-CPNUN,25-48 months,95.86964285714285,1.0076182316016913,3,1,Premium,1
4021-RQSNY,25-48 months,103.59137931034483,0.9508513223374332,3,1,Premium,0
5453-YBTWV,49-72 months,99.92571428571429,1.0117515868931204,5,0,Premium,1
5039-LZRQT,13-24 months,21.01923076923077,0.9610247026532479,0,0,Low,0
2931-VUVJN,49-72 months,92.94745762711864,1.011861996024727,4,0,Premium,0
9061-TIHDA,13-24 months,94.89615384615385,1.0037287723422363,2,1,Premium,0
8699-ASUFO,7-12 months,75.41428571428571,0.9865504830460315,0,1,High,0
6418-PIQSP,49-72 months,80.41774193548386,1.0072404179787,5,0,High,0
8220-OCUFY,13-24 months,59.921428571428564,1.005483371081178,3,0,Medium,0
3995-WFCSM,0-6 months,55.7,1.09245960502693,2,1,Medium,0
1895-QTKDO,0-6 months,43.95,1.0,0,1,Medium,1
2038-OEQZH,0-6 months,77.025,1.1171697500811424,2,1,High,0
1178-PZGAB,13-24 months,20.192105263157895,1.0028671966636258,0,0,Low,1
7927-AUXBZ,25-48 months,85.19666666666667,0.9994522477405219,2,1,High,0
2626-VEEWG,49-72 months,19.16716417910448,1.0121476405544307,0,0,Low,1
2878-RMWXY,49-72 months,104.86527777777778,0.9788750115889435,4,0,Premium,1
1657-DYMBM,49-72 months,20.944339622641508,0.9501373811990451,0,0,Low,1
7311-MQJCH,0-6 months,19.919999999999998,0.9814257028112451,0,0,Low,0
7375-WMVMT,49-72 months,94.4669014084507,1.010936090589893,4,0,Premium,1
1136-XGEQU,49-72 months,83.288,1.0103496301988282,5,0,High,1
2530-FMFXO,49-72 months,104.88839285714286,0.9839029580761864,4,0,Premium,0
6844-DZKRF,0-6 months,54.625,0.9189931350114418,1,1,Medium,1
4695-WJZUE,0-6 months,89.625,0.9880055788005578,2,1,High,0
7619-ODSGN,13-24 months,55.75625,0.9819526958861114,1,1,Medium,0
5970-GHJAW,25-48 months,18.747826086956522,1.0641233766233766,0,0,Low,1
8879-XUAHX,49-72 months,120.63028169014085,0.9636883738579644,6,0,Premium,0
3689-MOZGR,25-48 months,31.93793103448276,0.9768948391276182,1,1,Low,0
4195-PNGZS,49-72 months,24.90144927536232,0.9818705622162728,0,0,Low,1
5003-XZWWO,49-72 months,83.8992957746479,1.0035841090509245,5,0,High,1
3988-RQIXO,0-6 months,91.3,1.0,2,1,Premium,0
7622-FWGEW,49-72 months,86.15089285714285,0.9941858657463547,6,0,High,1
6922-NCEDI,49-72 months,22.118750000000002,0.9584628426109069,0,0,Low,0
2514-GINMM,0-6 months,79.5,1.0,1,1,High,0
9891-NQDBD,25-48 months,24.00714285714286,1.0642665873252009,0,0,Low,0
6131-IUNXN,13-24 months,20.11578947368421,1.0041862899005756,0,1,Low,0
8548-AWOFC,49-72 months,64.61515151515152,0.9881583266894901,2,1,Medium,0
9798-DRYDS,13-24 months,62.98235294117647,0.9836088540207342,2,0,Medium,0
8532-UEFWH,49-72 months,25.881730769230767,0.9949102797488577,0,0,Low,0
6296-DDOOR,13-24 months,55.01315789473684,1.0579287251853624,2,0,Medium,0
7951-VRDVK,25-48 months,83.43194444444445,1.0289823708611474,6,0,High,1
5931-FLJJF,7-12 months,66.79285714285714,1.0495134210244892,0,1,Medium,0
4815-YOSUK,49-72 months,104.6875,1.0020298507462686,5,0,Premium,1
2659-VXMWZ,49-72 months,111.67313432835822,0.996658692078427,5,0,Premium,0
0380-NEAVX,25-48 months,98.32794117647059,1.015479413128337,4,0,Premium,0
3207-OYBWH,49-72 months,95.21140350877194,1.0004053767700685,3,1,Premium,1
4285-GYRQC,7-12 months,83.87142857142858,1.0283597342871742,2,1,High,0
7216-EWTRS,0-6 months,100.8,1.0,3,1,Premium,0
4365-MSDYN,7-12 months,20.14375,0.9705243561898852,0,1,Low,1
7036-TYDEC,49-72 months,101.8623188405797,1.0209859856299353,4,0,Premium,0
5802-ADBRC,49-72 months,104.65799999999999,0.9975348277245888,4,0,Premium,0
8076-FEZKJ,7-12 months,22.585,0.8634049147664379,0,0,Low,0
5197-YPYBZ,7-12 months,22.891666666666666,1.103021477975974,0,0,Low,1
8337-MSSXB,13-24 months,84.35357142857143,1.0230746432956517,2,1,High,0
4312-GVYNH,49-72 months,48.145714285714284,1.0353984926710582,4,0,Medium,1
8495-LJDFO,49-72 months,111.1140625,0.9805239548324498,5,1,Premium,1
0839-JTCUD,49-72 months,90.28560606060607,0.9957290416775049,6,0,Premium,1
5494-WOZRZ,49-72 months,84.5049295774648,0.9703575922731401,5,0,High,1
1302-UHBDD,13-24 months,82.4225,1.0913282174163608,2,1,High,0
2234-EOFPT,49-72 months,79.90625,0.9930387172467735,5,0,High,1
8619-IJNDK,49-72 months,63.28028169014084,1.0121636359589574,4,0,Medium,1
8378-LKJAF,25-48 months,104.1236842105263,0.9714408471706222,3,1,Premium,1
8182-BJDSI,25-48 months,93.76964285714287,0.9592656776675362,2,1,Premium,0
2528-HFYZX,13-24 months,72.5529411764706,1.053713312793903,1,1,High,0
1153-GNOLC,25-48 months,39.666666666666664,0.9857142857142858,2,0,Medium,0
3298-QEICA,13-24 months,35.36739130434783,0.9783022927039154,2,0,Low,0
0788-DXBFY,49-72 months,19.117241379310343,1.0226370851370852,0,0,Low,0
3597-YASZG,49-72 months,104.99071428571429,0.9948498846836795,4,0,Premium,1
3496-LFSZU,0-6 months,73.55,0.9585316111488783,0,1,High,0
5242-UOWHD,25-48 months,20.64888888888889,0.9855251829530779,0,0,Low,0
2482-CZGBB,7-12 months,74.0,0.9459459459459459,0,1,High,0
6479-SZPLM,25-48 months,20.958333333333332,0.9280318091451293,0,0,Low,1
8097-VBQTZ,49-72 months,71.91296296296296,0.9720083434192569,4,1,High,0
4500-HKANN,13-24 months,61.48695652173913,0.970937632583793,2,0,Medium,0
9917-KWRBE,25-48 months,78.32195121951219,1.0003581215744892,4,0,High,1
3420-ZDBMA,0-6 months,74.32000000000001,0.9613832077502691,0,1,High,0
2212-LYASK,25-48 months,46.162962962962965,0.9932204749679076,3,0,Medium,1
1393-IMKZG,0-6 months,95.85,1.0,3,1,Premium,0
8069-RHUXK,49-72 months,37.9955223880597,0.9395843972188398,2,0,Medium,1
3398-GCPMU,49-72 months,89.56736111111111,0.9998061669910139,6,0,High,1
2908-WGAXL,49-72 months,26.230357142857144,0.9511879637824221,0,0,Low,1
3378-AJRAO,25-48 months,23.036363636363635,1.078729281767956,0,0,Low,0
1013-QCWAM,49-72 months,101.375,0.994327990135635,3,1,Premium,0
0866-QLSIR,25-48 months,61.43382352941177,1.0482824655894674,3,0,Medium,0
6050-FFXES,49-72 months,104.93695652173912,1.003936110708293,4,0,Premium,1
7181-BQYBV,0-6 months,102.45,1.0,4,1,Premium,0
0362-RAOQO,25-48 months,20.75625,0.9467028003613368,0,0,Low,1
9554-DFKIC,25-48 months,52.95666666666667,1.0281991565430855,1,1,Medium,1
5527-ACHSO,7-12 months,75.39090909090909,0.9351260098878572,3,1,High,0
0829-DDVLK,13-24 months,20.163333333333334,0.9968589849561912,0,0,Low,1
1399-UBQIU,7-12 months,64.75,1.0710424710424709,3,1,Medium,0
1813-JLKWR,49-72 months,20.88515625,0.9480417461564359,0,0,Low,1
0336-PIKEI,49-72 months,74.45486111111111,0.9992631628037122,5,0,High,1
7322-OCWHC,49-72 months,93.54236111111112,0.9947364904492171,4,0,Premium,1
9537-VHDTA,0-6 months,51.2,1.0,1,1,Medium,0
4957-TIALW,13-24 months,67.33333333333333,0.9742574257425742,4,0,Medium,1
2054-PJOCK,49-72 months,80.78416666666666,0.9971013296747506,4,0,High,1
9150-HEPMB,49-72 months,53.92321428571428,0.9773156273802035,2,0,Medium,0
9030-QGZNL,7-12 months,20.20625,1.031858954531395,0,0,Low,0
6204-IEUXJ,0-6 months,72.51666666666667,1.104573661227304,2,1,High,1
3126-WQMGH,49-72 months,52.72959183673469,0.9890082244799226,0,1,Medium,1
4529-CKBCL,0-6 months,73.025,1.0982540225950017,1,1,High,0
2506-CLAKW,0-6 months,94.575,1.0378006872852235,5,1,Premium,1
7176-WRTNX,49-72 months,110.16071428571429,1.0434754417247527,6,0,Premium,1
1583-IHQZE,7-12 months,115.39583333333333,0.9788048384184872,5,1,Premium,0
5732-IKGQH,49-72 months,105.40865384615384,0.9909053591790195,5,0,Premium,1
9239-GZHZE,49-72 months,112.83611111111111,1.0072130178971468,6,0,Premium,1
7205-BAIAD,25-48 months,20.682499999999997,0.9960111205125107,0,0,Low,1
0151-ONTOV,0-6 months,70.9,1.0,0,1,High,0
4140-MUHUG,0-6 months,73.64999999999999,1.1792260692464358,2,1,High,0
0093-EXYQL,25-48 months,91.84,0.9968423344947734,2,1,Premium,0
8064-RAVOH,0-6 months,49.85,1.0,1,1,Medium,0
0219-QAERP,25-48 months,19.221666666666668,1.0300875747853984,0,0,Low,1
0320-JDNQG,13-24 months,101.3608695652174,0.9850941534766009,4,1,Premium,0
7180-PISOG,0-6 months,74.5,1.0,0,1,High,0
9168-INPSZ,25-48 months,102.17386363636363,1.0193409184433841,4,1,Premium,0
3571-RFHAR,49-72 months,106.78769230769231,1.0221215351812367,5,1,Premium,0
0015-UOCOJ,7-12 months,48.621428571428574,0.9913324518877626,1,1,Medium,0
5334-AFQJB,49-72 months,24.859722222222224,1.0096653444326498,0,0,Low,1
2754-SDJRD,7-12 months,113.56875,0.8818446975950691,3,1,Premium,1
9578-VRMNM,13-24 months,65.209375,0.9998562323285571,2,1,Medium,1
1587-FKLZB,49-72 months,103.36590909090908,0.9625997669356435,3,1,Premium,1
6140-QNRQQ,0-6 months,71.55,1.0,0,1,High,0
8963-JLGJT,0-6 months,52.51666666666667,1.0644239923833703,2,1,Medium,0
4307-KTUMW,49-72 months,94.89056603773585,0.9895609639704128,3,1,Premium,0
1465-LNTLJ,7-12 months,72.7125,0.8856799037304453,3,1,High,1
5440-FLBQG,49-72 months,106.06086956521739,1.0220546035910472,5,0,Premium,1
2135-DQWAQ,0-6 months,84.09,1.0143893447496728,2,1,High,0
4056-QHXHZ,49-72 months,105.23194444444444,1.0210777779244262,5,0,Premium,0
7470-MCQTK,13-24 months,48.723076923076924,1.000552573413325,3,1,Medium,1
7488-MXJIV,0-6 months,80.4125,1.065132908440852,1,1,High,0
7401-JIXNM,49-72 months,91.94444444444444,0.9929909365558912,6,0,Premium,1
9339-FIIJL,49-72 months,85.44305555555555,1.0059331263512088,5,0,High,1
2027-FECZV,7-12 months,104.49166666666667,1.0211340617274105,4,1,Premium,0
2672-DZUOY,0-6 months,25.15,1.0,0,1,Low,0
4706-DGAHW,0-6 months,45.2,1.0,0,1,Medium,0
3870-MQAMG,49-72 months,109.1324074074074,1.011157021287427,5,0,Premium,0
6670-MFRPK,49-72 months,78.56014492753623,1.0081447796850933,1,0,High,1
6177-PEVRA,25-48 months,54.73645833333333,1.0139494167126573,2,0,Medium,1
4800-CZMPC,25-48 months,104.94895833333334,0.9838115750712151,4,0,Premium,1
4813-HQMGZ,7-12 months,92.96875,0.9707563025210084,2,1,Premium,0
7579-KKLOE,49-72 months,92.8112676056338,0.9831780381206751,6,0,Premium,0
7377-DMMRI,0-6 months,46.225,1.0340724716062735,1,1,Medium,0
8402-EIVQS,49-72 months,100.49477611940299,1.0040322880078418,4,0,Premium,1
4947-DSMXK,25-48 months,100.29411764705883,0.9741348973607038,3,1,Premium,1
7245-NIIWQ,0-6 months,66.61666666666666,1.0485364023017263,0,1,Medium,0
0002-ORFBO,7-12 months,65.92222222222222,0.9951120849485926,3,0,Medium,0
3324-OIRTO,49-72 months,102.65352112676055,1.0194487130234346,5,0,Premium,1
5414-OFQCB,49-72 months,91.75087719298246,0.9858216375387204,2,0,Premium,1
4967-WPNCF,49-72 months,62.01111111111111,1.0272352624977603,6,0,Medium,1
8552-OBVRU,25-48 months,105.58437500000001,0.9897297777251605,5,1,Premium,0
8499-BRXTD,13-24 months,22.325000000000003,0.9003359462486001,0,0,Low,0
9154-QDGTH,25-48 months,103.53139534883722,1.0074238799600164,4,0,Premium,1
8197-BFWVU,49-72 months,92.90208333333334,1.0037449823963402,6,0,Premium,1
2577-GVSIL,25-48 months,76.03142857142856,0.9660478749389352,3,0,High,1
9367-OIUXP,0-6 months,18.2625,1.1334702258726899,0,1,Low,0
6770-UAYGJ,49-72 months,24.727551020408164,1.0211282135930342,0,0,Low,0
6463-HHXJR,49-72 months,99.02323943661972,1.0149132725992618,4,0,Premium,1
7928-VJYAB,7-12 months,92.74545454545455,0.9768672809253086,2,1,Premium,0
1187-WILMM,49-72 months,88.8515873015873,1.00617223299063,6,0,High,1
9776-OJUZI,49-72 months,95.74307692307693,0.9969389230793951,3,1,Premium,1
1306-RPWXZ,49-72 months,20.91122448979592,0.9779436880886155,0,0,Low,1
8949-JTMAY,25-48 months,101.14482758620689,0.9748397654438838,3,1,Premium,1
2774-LVQUS,13-24 months,83.88666666666667,0.9900262258602877,2,1,High,0
3097-PYWXL,0-6 months,20.725,0.9626055488540409,0,1,Low,0
2266-SJNAT,49-72 months,108.1888888888889,1.0088836397247611,5,0,Premium,1
0869-PAPRP,25-48 months,79.5,1.0779874213836478,2,1,High,1
4238-JSSWH,25-48 months,98.64428571428572,1.0345252060071541,3,1,Premium,1
2972-YDYUW,49-72 months,95.94649122807017,0.9870084751186243,3,0,Premium,0
1104-FEJAM,25-48 months,64.3625,1.0005826374053215,2,1,Medium,0
2809-ILCYT,25-48 months,29.342,0.9133665053506919,0,0,Low,0
5499-ECUTN,25-48 months,64.28617021276595,1.0274371576560923,3,0,Medium,1
4981-FLTMF,49-72 months,64.69912280701755,1.0077416380818092,3,1,Medium,1
9121-PHQSR,13-24 months,86.946875,0.978183517233943,1,1,High,1
3113-IWHLC,0-6 months,54.870000000000005,1.0169491525423728,2,1,Medium,0
3211-ILJTT,13-24 months,71.41470588235293,0.985791359499197,0,1,High,1
4612-THJBS,49-72 months,98.40446428571428,1.064484225998748,4,0,Premium,1
4277-BWBML,49-72 months,18.372916666666665,1.0858373965302188,0,0,Low,1
4094-NSEDU,13-24 months,93.98809523809524,1.0027865737808739,2,1,Premium,0
0234-TEVTT,25-48 months,45.75625,0.983472203250922,3,0,Medium,1
4304-TSPVK,49-72 months,115.34632352941176,0.9961305786282998,6,0,Premium,1
1552-AAGRX,25-48 months,107.06333333333333,0.9938042902954638,4,1,Premium,1
2637-FKFSY,0-6 months,43.38333333333333,1.0626200537840953,0,1,Medium,0
9796-MVYXX,13-24 months,49.45357142857143,0.8027731638622084,3,0,Medium,0
7874-ECPQJ,0-6 months,21.375,0.9380116959064327,0,1,Low,1
0020-INWCK,49-72 months,96.47042253521126,0.9925321926008118,3,0,Premium,1
7089-RKVSZ,7-12 months,25.49375,0.9570973277764158,0,0,Low,0
2683-JXWQQ,49-72 months,34.708196721311474,0.9680710372189686,2,1,Low,1
9548-ZMVTX,49-72 months,91.19236111111111,0.99185939368094,3,0,Premium,1
8739-XNIKG,0-6 months,84.95,0.9888169511477339,1,1,High,0
9755-JHNMN,49-72 months,67.48673469387755,0.9987147889985939,4,0,Medium,1
3981-QSVQI,7-12 months,21.1125,0.9330965068087625,0,1,Low,1
2789-HQBOU,0-6 months,84.60000000000001,0.9497635933806144,1,1,High,0
9424-CMPOG,7-12 months,21.933333333333334,0.8936170212765958,0,0,Low,0
5067-WJEUN,49-72 months,57.286567164179104,0.946120577353968,2,0,Medium,1
3450-WXOAT,25-48 months,44.8945652173913,1.0068033798997653,0,1,Medium,1
9251-WNSOD,49-72 months,75.58880597014925,0.9935333550533622,4,0,High,0
6974-DAFLI,49-72 months,20.728181818181817,0.9503969124161221,0,0,Low,0
2616-UUTFK,25-48 months,74.1651515151515,0.980918915606039,4,1,High,1
7064-JHXCE,49-72 months,20.385483870967743,0.9835430018197642,0,0,Low,1
5103-MHMHY,0-6 months,45.95,1.0,0,1,Medium,0
7989-AWGEH,49-72 months,37.51326530612245,1.044963686315045,2,1,Medium,0
4373-VVHQL,0-6 months,44.75,1.0,0,1,Medium,0
4559-UWIHT,13-24 months,84.64285714285714,0.9764556962025318,2,1,High,0
7268-IGMFD,13-24 months,96.88333333333334,0.9692069499397901,3,1,Premium,1
1846-XWOQN,0-6 months,70.15,1.0,0,1,Medium,0
0235-KGSLC,0-6 months,85.55,1.0,2,1,High,1
6650-BWFRT,49-72 months,118.46527777777777,0.9888973562342459,6,0,Premium,1
9570-KYEUA,49-72 months,102.33515625,0.9698524303567475,4,0,Premium,1
6993-YGFJV,49-72 months,113.1376811594203,0.9948056107090244,6,0,Premium,1
2712-SYWAY,0-6 months,25.7,1.0,0,1,Low,0
0730-BGQGF,49-72 months,88.55352112676057,1.0197222973295372,6,0,High,1
5498-IBWPI,49-72 months,49.27045454545454,1.002629272567923,1,0,Medium,1
9101-NTIXF,0-6 months,25.3,0.7667984189723319,0,1,Low,0
0013-SMEOE,49-72 months,111.3274647887324,0.9853812822215896,6,0,Premium,1
9314-QDMDW,7-12 months,66.35909090909091,0.9230084252346051,2,0,Medium,0
9308-ANMVE,25-48 months,56.469148936170214,0.97929579322168,2,1,Medium,0
2884-GBPFB,25-48 months,69.04428571428572,1.0181870848937533,0,1,Medium,0
3757-NJYBX,25-48 months,110.0234375,0.9666122275083433,4,1,Premium,1
3413-DHLPB,49-72 months,99.49916666666667,1.0427223008567912,4,1,Premium,1
7649-PHJVR,7-12 months,20.61818181818182,0.9457671957671957,0,0,Low,0
6114-TCFID,25-48 months,37.33620689655172,1.0579542830755022,3,0,Medium,1
3787-TRIAL,13-24 months,26.94047619047619,0.9669465311533363,0,1,Low,0
2573-GYRUU,25-48 months,91.05729166666667,0.9999199222101469,2,1,Premium,1
5156-UMKOW,0-6 months,30.016666666666666,0.9877845641310383,1,1,Low,0
1247-QBVSH,25-48 months,50.45116279069768,0.9950216649764911,1,1,Medium,0
6734-GMPVK,0-6 months,110.12,0.9562295677442789,4,1,Premium,0
9822-OAOVB,0-6 months,55.45,1.0,1,1,Medium,0
6161-ERDGD,49-72 months,88.7443661971831,0.9628780243935342,5,0,High,0
1226-JZNKR,7-12 months,20.00625,0.9896907216494845,0,0,Low,0
7318-EIVKO,7-12 months,54.575,1.0856619331195603,1,1,Medium,0
3771-PZOBW,13-24 months,89.0675,1.0183287955763887,2,1,High,1
5136-KCKGI,25-48 months,105.06060606060606,0.9870493221805595,4,0,Premium,0
8231-BSWXX,49-72 months,78.20422535211267,1.0108149482215218,1,0,High,1
6486-LHTMA,25-48 months,91.46774193548387,0.9916064186210545,2,0,Premium,0
4083-BFNYK,25-48 months,94.50657894736842,1.0052210233205707,3,0,Premium,1
3722-WPXTK,0-6 months,88.35,1.0,2,1,High,0
7389-KBFIT,0-6 months,31.875,0.9490196078431372,1,1,Low,0
7176-WIONM,7-12 months,51.42916666666667,0.969294336871101,3,1,Medium,1
5141-ZUVBH,7-12 months,96.69444444444444,0.9617925883366849,4,1,Premium,1
1089-HDMKP,7-12 months,54.65909090909091,0.998004158004158,2,1,Medium,0
7623-HKYRK,0-6 months,18.608333333333334,1.0586654724585758,0,1,Low,0
0310-SUCIN,49-72 months,85.15633802816902,0.99581548436182,6,0,High,1
5197-PYEPU,25-48 months,93.42380952380952,1.0109842499617718,3,0,Premium,1
2929-ERCFZ,7-12 months,97.1625,0.9695098417599384,3,1,Premium,0
7548-SEPYI,0-6 months,102.49000000000001,0.9391160113181773,3,1,Premium,0
8835-VSDSE,0-6 months,70.725,0.9996465182043126,0,1,High,0
6619-RPLQZ,25-48 months,19.825555555555557,1.0516729249565655,0,0,Low,0
3275-RHRNE,25-48 months,60.073214285714286,0.998781249071074,5,0,Medium,1
3503-TYDAY,25-48 months,79.04418604651163,1.0177851657889319,1,1,High,0
6901-GOGZG,49-72 months,83.08083333333335,1.0224981694534439,5,0,High,0
1623-NLDOT,25-48 months,34.41190476190476,0.9749532968933786,2,0,Low,0
7021-XSNYE,7-12 months,43.65,1.1374570446735395,4,0,Medium,1
9621-OUPYD,25-48 months,20.316,0.9942902146091751,0,0,Low,1
9898-KZQDZ,25-48 months,91.01124999999999,1.0388825557280008,2,1,Premium,1
8982-NHAVY,25-48 months,99.01666666666667,1.0149806429893957,3,0,Premium,1
4307-KWMXE,7-12 months,38.980000000000004,0.9171369933299127,2,1,Medium,0
0141-YEAYS,25-48 months,88.92777777777779,0.9721371899793839,2,1,High,1
2450-ZKEED,7-12 months,59.23181818181818,0.908295602793339,2,0,Medium,1
3694-DELSO,0-6 months,39.025,0.9878283151825752,2,1,Medium,1
3893-JRNFS,49-72 months,41.12279411764706,0.9702648094837912,2,1,Medium,1
9603-OAIHC,0-6 months,70.05,1.0,0,1,Medium,0
1133-KXCGE,13-24 months,22.61388888888889,0.8888342955410883,0,0,Low,0
5236-PERKL,49-72 months,113.42105263157895,0.99584686774942,5,0,Premium,1
0142-GVYSN,25-48 months,19.66346153846154,1.0323716381418093,0,1,Low,0
1049-FYSYG,13-24 months,38.002941176470586,0.9380852875164462,2,1,Medium,1
7854-FOKSF,0-6 months,35.9,1.0,1,1,Medium,0
2519-FAKOD,25-48 months,99.39868421052631,0.9985041631918246,3,1,Premium,1
8406-LNMHF,49-72 months,83.1042372881356,0.9981440502534086,3,0,High,1
1821-BUCWY,25-48 months,55.12833333333333,1.0094627686912356,2,0,Medium,0
8263-JQAIK,0-6 months,23.75,1.0294736842105263,0,1,Low,0
0023-UYUPN,49-72 months,26.125999999999998,0.9645563806170099,0,0,Low,0
8314-DPQHL,7-12 months,51.51111111111111,0.986194995685936,4,0,Medium,0
1465-WCZVT,0-6 months,20.216666666666665,0.9719703215169002,0,1,Low,0
9481-SFCQY,13-24 months,58.917857142857144,1.0149724192277383,2,1,Medium,1
6360-SVNWV,25-48 months,67.56935483870969,1.0885112071229082,1,1,Medium,1
0567-GGCAC,7-12 months,62.699999999999996,0.9792663476874004,3,1,Medium,0
7089-IVVAZ,7-12 months,105.9125,0.975805499822967,4,1,Premium,1
8884-MRNSU,13-24 months,19.397058823529413,1.02592873388931,0,0,Low,1
2171-UDMFD,25-48 months,21.0796875,0.9226892002075457,0,1,Low,1
9050-IKDZA,0-6 months,81.275,1.00276837896032,1,1,High,0
2205-YMZZJ,7-12 months,78.13571428571429,1.0852911600694761,1,1,High,0
9802-CAQUT,49-72 months,109.54513888888889,1.0000443754160195,5,0,Premium,1
1254-IZEYF,25-48 months,102.79516129032258,0.9723220309729653,3,1,Premium,0
0187-WZNAB,25-48 months,73.05,1.018480492813142,1,1,High,0
9492-TOKRI,13-24 months,84.85277777777777,1.0606606213376109,2,1,High,1
1475-VWVDO,7-12 months,70.07857142857144,1.0688003261645092,1,1,Medium,0
9221-OTIVJ,13-24 months,109.38571428571429,0.9585346741543685,4,1,Premium,0
1357-MVDOZ,7-12 months,62.11363636363637,0.9603366264178558,2,1,Medium,1
7602-MVRMB,49-72 months,111.92847222222223,0.9867909192999001,5,0,Premium,1
3325-FUYCG,25-48 months,101.69285714285715,1.0433377818360607,4,0,Premium,0
5908-QMGOE,13-24 months,75.59333333333333,0.981568039509657,0,1,High,1
1197-BVMVG,0-6 months,73.6125,1.011377143827475,0,1,High,0
5406-KGRMX,49-72 months,24.213380281690142,1.0139022191199139,0,0,Low,0
8481-YYXWG,0-6 months,92.34,0.9676196664500757,3,1,Premium,0
5968-HYJRZ,25-48 months,24.690425531914894,0.9943125511654962,0,0,Low,0
5198-EFNBM,49-72 months,91.22456140350877,0.9937016808338783,3,0,Premium,0
7516-GMHUV,49-72 months,103.266,1.0172757732457924,4,0,Premium,1
7140-ADSMJ,7-12 months,20.2875,1.0080098582871224,0,1,Low,1
2230-XTUWL,25-48 months,18.403125,1.0623195788758704,0,0,Low,0
7706-YLMQA,49-72 months,19.164285714285715,1.0279537830786432,0,0,Low,1
2585-KTFRE,0-6 months,70.45,1.0,4,1,High,1
7994-UYIVZ,7-12 months,82.43125,1.0390476912578663,1,1,High,1
2609-IAICY,0-6 months,77.15,1.0,0,1,High,0
1740-CSDJP,0-6 months,35.25,1.0,1,1,Low,1
7717-BICXI,49-72 months,20.084166666666665,1.0231940583378285,0,0,Low,0
6559-RAKOZ,49-72 months,100.36530612244897,0.9759348502409566,3,0,Premium,0
2636-OHFMN,0-6 months,50.25,0.9661691542288556,3,1,Medium,0
4716-MRVEN,25-48 months,20.66551724137931,0.9677957617220091,0,0,Low,0
2143-LJULT,49-72 months,25.867910447761194,0.9761128580907596,0,0,Low,1
1323-OOEPC,49-72 months,97.16037735849056,1.012758520244684,3,1,Premium,1
3200-MNQTF,49-72 months,69.80746268656716,1.0156507237390693,4,0,Medium,1
6164-HXUGH,0-6 months,19.883333333333333,0.9983235540653815,0,1,Low,0
5630-IXDXV,25-48 months,103.17234042553193,1.0307995298096553,4,1,Premium,0
0320-DWVTU,49-72 months,102.34433962264151,0.972208139374107,5,0,Premium,0
9135-MGVPY,49-72 months,85.20144927536231,0.9941145452380549,6,0,High,0
1212-GLHMD,0-6 months,81.61666666666666,1.0543189707984482,2,1,High,0
7878-JGDKK,0-6 months,55.1875,0.8072480181200452,0,1,Medium,0
1088-AUUZZ,49-72 months,76.09285714285714,0.9968084107763071,4,0,High,1
0397-GZBBC,49-72 months,94.48728813559322,0.9932553029283824,2,1,Premium,1
6614-YWYSC,49-72 months,24.618852459016395,1.015481937739304,0,0,Low,1
9588-OZDMQ,0-6 months,44.875,1.0027855153203342,0,1,Medium,0
7641-EUYET,25-48 months,98.72173913043478,1.0200387562758741,4,1,Premium,0
6476-EPYZR,7-12 months,21.291666666666668,0.9628180039138943,0,1,Low,0
9921-ZVRHG,13-24 months,76.57142857142857,1.050652985074627,1,1,High,0
1174-FGIFN,25-48 months,89.61607142857143,1.009305569393245,2,0,High,0
6620-HVDUJ,13-24 months,60.03125,1.0069755335762625,3,1,Medium,1
4701-MLJPN,25-48 months,55.343548387096774,0.9983096785474893,2,1,Medium,0
1032-MAELW,49-72 months,78.43161764705883,1.0002343742675803,5,0,High,0
7641-TQFHN,25-48 months,99.88076923076923,1.0067002965073741,3,0,Premium,0
1552-TKMXS,25-48 months,20.711904761904762,0.9825267272100242,0,1,Low,1
9206-GVPEQ,13-24 months,54.37307692307692,1.0014147273113108,4,1,Medium,0
8622-ZLFKO,0-6 months,85.375,1.0629575402635432,2,1,High,0
1596-BBVTG,25-48 months,75.3157142857143,1.0004552265700573,0,1,High,1
6188-UXBBR,25-48 months,21.44078947368421,0.9444614912549862,0,0,Low,1
2333-KWEWW,13-24 months,21.58888888888889,0.9287184765826043,0,0,Low,1
5702-SKUOB,0-6 months,23.3625,0.8389513108614233,0,1,Low,0
1134-YWTYF,25-48 months,51.47592592592592,1.0451487570601143,2,1,Medium,0
6061-GWWAV,25-48 months,70.59878048780489,0.9943514535938228,4,0,High,0
0679-TDGAK,49-72 months,80.512,0.9377484101748808,4,0,High,0
6585-WCEWR,49-72 months,18.811111111111114,1.081807442409923,0,0,Low,0
9067-YGSCA,49-72 months,26.52,0.9822775263951735,0,0,Low,1
9067-SQTNS,25-48 months,21.045454545454547,0.9788336933045356,0,0,Low,1
8433-WXGNA,0-6 months,94.6,0.8002114164904863,1,1,Premium,0
1776-SPBWV,25-48 months,20.061764705882354,1.0019058789033866,0,0,Low,1
8735-SDUFN,49-72 months,24.704166666666666,0.9836397368864902,0,0,Low,1
9668-PUGNU,49-72 months,25.580281690140847,0.957768968175311,0,0,Low,0
9405-GPBBG,49-72 months,110.45703125,1.0003890087350142,5,0,Premium,1
1926-QUZNN,49-72 months,25.572222222222223,0.9873995220508364,0,0,Low,1
3707-GNWHM,0-6 months,74.25,1.0,0,1,High,0
7016-NVRIC,25-48 months,91.6103448275862,0.9835133812624685,3,0,Premium,1
5829-NVSQN,13-24 months,73.45434782608696,0.9359554884725798,4,0,High,1
9565-AXSMR,49-72 months,20.283653846153847,0.9465750177767243,0,0,Low,0
8922-LIEGH,25-48 months,87.50200000000001,1.025119425841695,2,1,High,0
8869-LIHMK,49-72 months,114.59453125,1.0044109325679536,6,0,Premium,1
8245-UMPYT,13-24 months,98.825,0.9754616746774601,2,1,Premium,0
5186-SAMNZ,0-6 months,69.5,1.0,0,1,Medium,1
0447-RXSGD,13-24 months,100.20208333333333,0.9944903008503649,3,1,Premium,1
4927-WWOOZ,0-6 months,85.725,1.0667833187518228,2,1,High,0
5788-YPOEG,25-48 months,83.51323529411764,1.014809206008206,6,0,High,0
5373-SFODM,25-48 months,87.02083333333333,0.9796504668422313,1,1,High,1
0661-KBKPA,49-72 months,74.38584905660377,1.058669101700719,4,0,High,0
9081-WWXKP,25-48 months,18.582978723404256,1.089706892603618,0,0,Low,1
0784-ZQJZX,49-72 months,21.24513888888889,0.9366848625502565,0,0,Low,1
3133-PZNSR,49-72 months,97.10555555555555,1.0066365352708966,4,0,Premium,1
5766-ZJYBB,0-6 months,19.4,1.0,0,1,Low,0
8931-GJJIQ,7-12 months,89.25555555555555,0.9332752396364995,1,1,High,0
4277-PVRAN,7-12 months,84.9125,0.9433240100103047,1,1,High,1
0022-TCJCI,25-48 months,62.03333333333333,1.0107469102632993,3,0,Medium,1
0722-SVSFK,7-12 months,102.14285714285714,0.9829370629370631,4,1,Premium,0
3612-YVGSJ,49-72 months,23.68450704225352,1.0323204091341578,0,0,Low,1
9825-YCXWZ,25-48 months,97.9560975609756,1.0320950151884867,4,0,Premium,1
5397-NSKQG,49-72 months,48.97985074626866,1.0392028400347386,3,0,Medium,1
8565-HBFNN,49-72 months,106.0449275362319,1.010892293394924,5,0,Premium,1
2000-DHJUY,49-72 months,92.49214285714285,0.9968414305462241,6,0,Premium,1
0203-HHYIJ,25-48 months,27.054000000000002,0.9351667036297774,0,0,Low,1
8670-ERCJH,49-72 months,113.39027777777778,1.000085741232959,6,0,Premium,1
7758-UJWYS,25-48 months,38.995588235294115,1.039861221103443,2,0,Medium,0
2050-ONYDQ,49-72 months,25.459230769230768,1.021240595824395,0,0,Low,1
7055-JCGNI,49-72 months,111.37071428571429,1.005201418685343,6,0,Premium,1
0739-UUAJR,49-72 months,54.89513888888889,0.9800503485180078,4,0,Medium,1
4826-DXMUP,25-48 months,71.29,1.0113620423621825,3,0,High,0
0952-KMEEH,13-24 months,94.63461538461539,1.0371469213574478,3,1,Premium,0
7285-KLOTR,7-12 months,73.0625,1.0792130025662958,4,0,High,0
0654-PQKDW,49-72 months,68.76532258064516,1.028861602692655,4,0,Medium,1
7175-NTIXE,25-48 months,79.718,0.9552422288567199,4,1,High,1
7963-SHNDT,49-72 months,38.11730769230769,1.0257807376015338,3,0,Medium,0
9796-BPKIW,7-12 months,70.3375,0.994490847698596,0,1,High,1
0188-GWFLE,0-6 months,16.85,1.1899109792284865,0,1,Low,0
8129-GMVGI,49-72 months,19.46607142857143,1.0299972479589028,0,0,Low,0
2882-DDZPG,7-12 months,18.954166666666666,1.0261595955154978,0,1,Low,1
3547-LQRIK,25-48 months,26.613829787234042,1.010752688172043,0,0,Low,0
9137-NOQKA,0-6 months,18.6,1.032258064516129,0,1,Low,0
5843-TTHGI,13-24 months,49.59444444444445,1.0081774392293044,1,1,Medium,0
1849-RJYIG,7-12 months,60.96875,0.9841107124551512,2,1,Medium,0
8868-GAGIO,25-48 months,82.53222222222222,1.024448363602095,2,1,High,0
4061-UKJWL,0-6 months,47.23333333333333,0.9622441778405083,0,1,Medium,0
5380-XPJNZ,25-48 months,17.847368421052632,1.1234149218519611,0,0,Low,0
8263-QMNTJ,49-72 months,117.01805555555555,0.9874544526604394,6,0,Premium,0
8178-EYZUO,25-48 months,90.32173913043479,1.0374025223837489,3,1,Premium,0
3230-JCNZS,49-72 months,99.45985915492957,0.9953764346859445,4,0,Premium,1
0277-ORXQS,49-72 months,50.97803030303031,0.9916036319864467,3,0,Medium,1
5130-IEKQT,25-48 months,106.21,0.9975520195838434,4,1,Premium,0
3230-WYKIR,13-24 months,79.19166666666666,1.035462485530885,4,0,High,1
7996-BPXHY,13-24 months,25.576923076923077,0.9774436090225564,0,0,Low,1
3227-WLKLI,49-72 months,91.75307692307692,0.9977867017664468,6,0,Premium,1
0407-BDJKB,49-72 months,95.71499999999999,1.0003656689129188,3,1,Premium,0
2266-FUBDZ,13-24 months,18.59,1.0408821947283486,0,0,Low,0
8237-ULIXL,49-72 months,25.997916666666665,0.9558458209792452,0,0,Low,1
9600-UDOPK,25-48 months,95.54833333333333,0.9843185822184235,2,1,Premium,1
8216-AZUUZ,25-48 months,102.46785714285713,0.9798194555784046,4,0,Premium,0
9153-BTBVV,49-72 months,24.690140845070424,1.0125499144324015,0,0,Low,1
4074-SJFFA,0-6 months,54.75,1.0,1,1,Medium,0
3269-ATYWD,25-48 months,96.38589743589743,0.9923650922440511,2,1,Premium,1
5186-PEIZU,25-48 months,17.647142857142857,1.0908281389136243,0,1,Low,1
1074-AMIOH,49-72 months,111.98301886792453,0.9666644201445637,5,1,Premium,1
4910-GMJOT,0-6 months,94.6,1.0,2,1,Premium,0
0354-WYROK,25-48 months,93.91290322580646,1.0531034245869542,4,1,Premium,0
4361-FEBGN,25-48 months,20.478125000000002,0.983976804517015,0,0,Low,1
7748-UMTRK,25-48 months,99.15,1.021684316691881,3,1,Premium,0
0380-ZCSBI,7-12 months,19.869999999999997,1.0065425264217414,0,1,Low,1
7145-FEJWU,7-12 months,106.30416666666667,0.990553835299651,4,1,Premium,0
6463-MVYRY,49-72 months,70.2280701754386,0.9946165375968022,4,0,Medium,1
3969-JQABI,49-72 months,65.37241379310345,0.9981274396033337,3,1,Medium,1
9624-EGDEQ,25-48 months,21.98108108108108,0.9007746219107342,0,0,Low,0
1051-EQPZR,25-48 months,17.732954545454547,1.1052867670618391,0,1,Low,0
5849-ASHZJ,25-48 months,20.477777777777778,0.9791101465002713,0,0,Low,1
5780-INQIK,7-12 months,51.03125,0.9680342927127985,1,1,Medium,0
7576-OYWBN,0-6 months,77.26666666666667,0.9842536669542709,0,1,High,0
4526-ZJJTM,25-48 months,87.646,1.0086027884900624,3,1,High,1
8384-FZBJK,49-72 months,98.45087719298245,1.0218293921628028,3,1,Premium,0
3750-RNQKR,7-12 months,20.520833333333332,0.9478172588832487,0,1,Low,0
0962-CQPWQ,49-72 months,20.905645161290323,0.9710295876248891,0,0,Low,1
3096-YXENJ,49-72 months,108.96692307692308,0.987914469457916,5,0,Premium,1
1265-BCFEO,49-72 months,79.75,1.0087774294670846,4,0,High,1
5837-LXSDN,13-24 months,57.87857142857143,1.016783907194866,2,0,Medium,1
5945-AZYHT,49-72 months,110.6218309859155,0.9907628451200957,5,0,Premium,0
8325-QRPZR,7-12 months,75.0,1.002,1,1,High,0
6384-VMJHP,49-72 months,73.12777777777778,0.9982526779609511,5,0,High,1
2262-SLNVK,0-6 months,70.1,1.0,0,1,Medium,0
7730-CLDSV,49-72 months,99.02013888888888,0.9962619837434866,4,0,Premium,1
1135-HIORI,49-72 months,113.54609375,0.981539710607614,5,0,Premium,0
0164-APGRB,49-72 months,118.00972222222224,0.9736485929831581,6,0,Premium,0
6481-ESCNL,25-48 months,99.26724137931035,1.012922275293096,3,1,Premium,1
1790-NESIO,13-24 months,20.1,1.0149253731343282,0,0,Low,0
1550-EENBN,25-48 months,103.40645161290323,1.0091246568505114,4,1,Premium,0
5539-TMZLF,0-6 months,69.75,1.0,0,1,Medium,0
4323-SADQS,7-12 months,39.892857142857146,0.864816472694718,2,1,Medium,0
4446-BZKHU,49-72 months,102.97459016393442,1.0250101489305814,4,1,Premium,0
5202-IVJNU,25-48 months,29.007692307692306,1.03765579421904,1,1,Low,1
5976-JCJRH,7-12 months,73.82000000000001,0.9523164454077484,0,1,High,0
8198-RKSZG,13-24 months,81.21785714285714,0.990545710390924,4,1,High,1
0137-OCGAB,0-6 months,80.2,1.0,1,1,High,0
3351-NQLDI,49-72 months,94.64850746268657,0.996846147174542,3,0,Premium,1
9297-EONCV,49-72 months,93.01666666666667,0.9820820641462104,6,0,Premium,1
7593-JNWRU,0-6 months,43.46666666666667,1.0260736196319018,0,1,Medium,1
4588-YBNIB,0-6 months,19.6,1.0,0,1,Low,0
1069-QJOEE,25-48 months,20.218,0.9842714412899396,0,0,Low,0
3336-JORSO,25-48 months,110.77121212121212,0.9971002202191249,5,1,Premium,0
7799-DSEWS,13-24 months,72.21111111111111,0.9465302354208339,4,1,High,0
8766-PAFNE,49-72 months,78.3781690140845,1.009209592351995,5,0,High,1
5315-CKEQK,25-48 months,49.35,1.033434650455927,0,0,Medium,0
3130-ICDUP,0-6 months,94.05,0.8564593301435407,1,1,Premium,1
0820-FNRNX,13-24 months,63.35588235294117,1.052783064853071,3,1,Medium,0
0880-FVFWF,49-72 months,87.89999999999999,0.9829351535836179,2,1,High,0
4611-ANLQC,49-72 months,48.525,1.0314270994332817,4,0,Medium,0
4213-HKBJO,25-48 months,25.033333333333335,1.0266311584553927,0,0,Low,1
2792-LSHWX,0-6 months,83.4,1.0,3,1,High,0
5028-GZLDO,0-6 months,70.35,1.0049751243781095,0,1,High,1
0014-BMAQU,49-72 months,85.36190476190477,0.9916601584290974,2,0,High,1
6861-XWTWQ,7-12 months,95.06428571428572,1.0440303553986023,3,1,Premium,0
9018-PCIOK,49-72 months,65.76545454545455,0.9845594537060076,3,0,Medium,0
4837-QUSFT,49-72 months,102.20769230769231,0.9798675397004591,4,0,Premium,1
6877-TJMBR,0-6 months,84.8,1.0,2,1,High,0
9953-ZMKSM,49-72 months,24.75079365079365,1.020169306740204,0,0,Low,0
0907-HQNTS,49-72 months,114.10857142857144,0.9902849416595723,6,0,Premium,1
7665-NKLAV,25-48 months,42.981944444444444,0.9457459527579409,3,0,Medium,1
6769-DCQLI,49-72 months,104.36250000000001,1.0061085159899388,5,0,Premium,1
2433-KMEAS,13-24 months,51.24318181818182,1.0625803876347186,1,1,Medium,0
4391-LNRXK,13-24 months,97.4,0.9748459958932237,4,1,Premium,1
8250-ZNGGW,0-6 months,57.57000000000001,1.0404724682994613,3,1,Medium,1
2195-ZRVAX,25-48 months,86.07765957446809,0.9909656050325658,2,1,High,0
3550-SAHFP,25-48 months,83.57121212121211,0.9973530104973077,1,1,High,0
2011-TRQYE,13-24 months,33.333333333333336,1.005,2,1,Low,1
8562-GHPPI,0-6 months,19.8,1.0,0,1,Low,1
5893-PYOLZ,49-72 months,80.97232142857142,1.010221746849122,5,0,High,1
4986-MXSFP,0-6 months,20.45,0.9779951100244499,0,1,Low,0
6131-FOYAS,25-48 months,59.854285714285716,0.9957515871879326,2,1,Medium,0
3027-YNWZU,49-72 months,24.7625,1.0095911155981827,0,0,Low,1
5609-IMCGG,13-24 months,86.84333333333333,0.97128929489886,2,1,High,1
4873-ILOLJ,13-24 months,93.27083333333333,0.9686843868662051,2,1,Premium,0
4727-MCYZG,0-6 months,55.55,1.0,1,1,Medium,0
9481-WHGWY,49-72 months,77.68214285714286,0.9699783917980781,4,0,High,1
2725-KXXWT,0-6 months,90.75,1.0,2,1,Premium,0
9565-DJPIB,0-6 months,91.4125,0.9801722959113907,2,1,Premium,0
4328-VUFWD,25-48 months,56.6448717948718,1.046873231785981,2,0,Medium,0
3301-LSLWQ,25-48 months,65.93620689655172,1.0024841147399524,2,1,Medium,0
7473-ZBDSN,13-24 months,18.25357142857143,1.0299354333789865,0,0,Low,0
3166-PNEOF,49-72 months,84.84098360655739,1.018965084149711,5,0,High,1
5639-NTUPK,13-24 months,51.58846153846154,1.0099157533735927,1,1,Medium,1
8780-YRMTT,49-72 months,48.140151515151516,0.9846250688488473,4,0,Medium,0
8348-HFYIV,0-6 months,45.175,1.0902047592695074,3,1,Medium,0
5140-FOMCQ,49-72 months,111.14830508474576,0.9820212725401244,5,0,Premium,1
6242-SGYTS,49-72 months,93.41693548387097,1.01641099130675,3,0,Premium,1
8166-ORCHU,25-48 months,92.5909090909091,1.0103583701521845,4,0,Premium,0
8414-OOEEL,49-72 months,78.72878787878788,1.0097958083947576,5,0,High,1
8454-AATJP,49-72 months,116.73611111111111,0.985556216537775,6,0,Premium,1
6849-WLEYG,0-6 months,19.75,1.0,0,1,Low,0
4659-NZRUF,13-24 months,94.17105263157895,1.0103954170741931,3,1,Premium,0
4531-AUZNK,49-72 months,98.04019607843138,0.970520294797052,3,0,Premium,0
4191-XOVOM,49-72 months,106.55873015873016,0.9891259012095573,4,1,Premium,0
2150-OEGBV,25-48 months,20.83703703703704,0.9646285104870245,0,0,Low,1
8429-XIBUM,13-24 months,105.32272727272726,0.9622804367528376,3,1,Premium,1
1855-CFULU,0-6 months,22.8625,0.8769819573537452,0,1,Low,0
4878-BUNFV,25-48 months,19.73452380952381,1.0489232068528682,0,0,Low,0
1872-EBWSC,25-48 months,21.28793103448276,0.9559407143435652,0,0,Low,0
2608-BHKFN,0-6 months,66.725,1.0498313975271638,0,1,Medium,1
7026-YMSBE,25-48 months,20.834999999999997,0.9455243580513559,0,0,Low,0
7341-LXCAF,0-6 months,75.35,0.9907100199071004,0,1,High,0
6997-UVGOX,49-72 months,84.9281690140845,1.0061443805038226,6,0,High,1
9674-EHPPG,25-48 months,40.05869565217392,1.008520106365659,3,0,Medium,1
9462-MJUAW,0-6 months,51.65,0.9757986447241046,0,1,Medium,0
8128-YVJRG,7-12 months,86.38571428571429,0.922027451628907,1,1,High,0
5440-VHLUL,49-72 months,107.04420289855072,0.9827715761469257,4,0,Premium,1
5781-BKHOP,49-72 months,101.86180555555556,0.9881034353460911,4,0,Premium,1
4283-FUTGF,13-24 months,77.46052631578948,1.030847630372006,1,1,High,0
5213-TWWJU,25-48 months,93.79107142857143,0.9702416084382081,3,1,Premium,0
1569-TTNYJ,0-6 months,82.42,0.9554719728221305,1,1,High,0
8628-MFKAX,49-72 months,114.95902777777776,1.0155792220658328,6,0,Premium,1
2397-BRLOM,7-12 months,72.93125,1.1030936669808895,1,1,High,1
7629-WIXZF,7-12 months,52.75,1.1203791469194313,2,0,Medium,0
5445-GLVOT,13-24 months,47.684090909090905,1.0443734807683143,1,1,Medium,0
3976-HXHCE,49-72 months,19.65,0.9821882951653945,0,0,Low,1
2466-NEJOJ,7-12 months,21.21875,0.9260677466863033,0,1,Low,1
0254-KCJGT,49-72 months,83.73942307692307,0.9720630619251571,5,0,High,1
5472-CVMDX,49-72 months,39.98823529411764,0.9727861135628126,3,0,Medium,0
6461-SZMCV,49-72 months,89.65281690140846,0.9810065432379994,6,0,High,1
8150-QUDFX,0-6 months,25.8,0.7693798449612403,0,1,Low,0
9508-ILZDG,25-48 months,93.83088235294117,1.026847425750333,3,1,Premium,0
2346-DJQTB,25-48 months,23.214285714285715,1.0403076923076922,0,1,Low,0
1697-LYYYX,49-72 months,18.750819672131147,1.018622136737192,0,0,Low,1
1942-OQFRW,0-6 months,44.0,1.0,0,1,Medium,0
4749-VFKVB,0-6 months,50.1,1.0,0,1,Medium,0
9640-ZSLDC,49-72 months,62.20754716981132,0.9741583257506825,2,0,Medium,1
4231-LZUYM,49-72 months,26.208333333333332,0.9786963434022258,0,0,Low,1
7598-UAASY,0-6 months,75.9,1.0065876152832676,1,1,High,0
7938-OUHIO,0-6 months,97.88333333333333,1.0083432657926104,4,1,Premium,0
8510-AWCXC,13-24 months,100.62307692307692,1.0017582753612109,3,1,Premium,0
6128-AQBMT,25-48 months,54.03414634146342,0.9984427191477837,4,1,Medium,0
3594-BDSOA,13-24 months,20.116666666666667,1.0140845070422535,0,0,Low,1
0431-APWVY,25-48 months,92.81964285714285,0.9706997056503588,2,0,Premium,1
5133-VRSAB,7-12 months,27.05625,1.0847770847770848,1,1,Low,0
5996-DAOQL,0-6 months,20.45,1.0,0,1,Low,0
6838-YAUVY,49-72 months,93.79351851851852,1.0139293365055233,3,0,Premium,1
0484-JPBRU,25-48 months,24.303658536585367,1.0389382307190527,0,1,Low,1
7883-ROJOC,13-24 months,44.19210526315789,1.0160185791698924,0,1,Medium,0
0244-LGNFY,49-72 months,93.51388888888889,0.9907619189068767,6,0,Premium,1
7274-CGTOD,49-72 months,42.230645161290326,1.0347935683458733,4,0,Medium,1
4295-YURET,49-72 months,72.93482142857142,0.9954093062543611,4,0,High,1
3426-NIYYL,13-24 months,51.03333333333333,1.0101241018941869,0,1,Medium,0
8225-BTJAU,7-12 months,79.35499999999999,0.9986768319576588,1,1,High,0
4635-EJYPD,25-48 months,19.1859375,0.9877025816434561,0,0,Low,0
1866-ZSLJM,13-24 months,19.183333333333334,1.0686359687228497,0,1,Low,1
4636-TVXVG,49-72 months,20.07741935483871,0.9936535989717223,0,0,Low,1
4236-UJPWO,0-6 months,23.2,1.0560344827586208,0,1,Low,0
9392-XBGTD,25-48 months,21.55,0.9559164733178654,0,0,Low,0
3387-VATUS,0-6 months,92.56,1.0247407087294726,2,1,Premium,1
6402-SSEJG,25-48 months,61.608000000000004,0.9909427347097778,5,0,Medium,0
1143-NMNQJ,0-6 months,84.9,1.0094228504122498,1,1,High,0
1169-SAOCL,49-72 months,105.47142857142858,1.011174319382365,4,0,Premium,1
1110-KYLGQ,49-72 months,107.62063492063493,1.0058479963422369,5,1,Premium,1
9929-PLVPA,0-6 months,23.625,0.8634920634920634,0,1,Low,1
3518-PZXZQ,0-6 months,55.3,1.0,1,1,Medium,0
2371-JUNGC,7-12 months,18.90909090909091,1.0709134615384615,0,1,Low,0
7693-QPEFS,49-72 months,73.64903846153847,0.990508518832822,0,1,High,1
0924-BJCRC,49-72 months,88.24333333333334,1.0136743096740075,2,1,High,0
5074-FBGHB,49-72 months,107.653125,0.9721036895120323,4,0,Premium,1
2351-BKRZW,25-48 months,75.68255813953488,0.9936239187548974,4,0,High,1
4455-BFSPD,49-72 months,104.65409836065574,0.9665173326649854,3,0,Premium,1
0415-MOSGF,0-6 months,44.4,1.0,0,1,Medium,0
1724-BQUHA,0-6 months,95.53999999999999,0.936780406112623,2,1,Premium,0
3948-KXDUF,49-72 months,67.38712121212122,1.020224618048139,4,0,Medium,1
2323-ARSVR,49-72 months,109.26940298507463,1.016295476741724,6,0,Premium,0
0815-MFZGM,25-48 months,98.45238095238095,1.0055622732769045,4,0,Premium,1
4826-XTSOH,0-6 months,86.05,1.0,1,1,High,0
5480-XTFFL,25-48 months,22.506451612903227,0.9330657875877884,0,0,Low,0
8295-FHIVV,7-12 months,24.092857142857145,0.805217906907797,0,1,Low,0
2495-INZWQ,0-6 months,43.575,1.0223752151462993,2,1,Medium,0
9086-YJYXS,25-48 months,80.99411764705883,0.9531556394799913,3,0,High,1
1179-INLAT,0-6 months,23.083333333333332,0.8425992779783393,0,0,Low,0
7909-FIOIY,13-24 months,22.88421052631579,1.0859015639374425,0,1,Low,0
4139-SUGLD,25-48 months,34.75806451612903,1.0184686774941996,2,1,Low,1
6857-VWJDT,0-6 months,95.65,1.0,2,1,Premium,0
6351-SCJKT,0-6 months,35.75,1.1566433566433567,3,1,Medium,0
5468-BPMMO,25-48 months,18.504347826086956,1.0592105263157896,0,1,Low,0
5624-BQSSA,0-6 months,20.95,1.0,0,1,Low,0
0197-PNKNK,49-72 months,84.76231884057971,0.9963153575214582,2,0,High,1
2439-QKJUL,0-6 months,21.96,0.9221311475409836,0,1,Low,0
1194-SPVSP,0-6 months,19.65,1.0,0,1,Low,1
9534-NSXEM,25-48 months,22.903846153846153,0.9015952980688496,0,0,Low,1
2408-WITXK,7-12 months,32.980000000000004,1.052152819890843,1,1,Low,0
8929-KSWIH,25-48 months,100.54,0.9876666003580663,4,0,Premium,1
2250-IVBWA,49-72 months,80.23984375,1.0100966827966933,2,1,High,0
1810-MVMAI,25-48 months,66.67333333333333,1.013898610138986,4,1,Medium,0
9506-UXUSK,13-24 months,71.67307692307692,0.9787496646096057,0,1,High,0
1229-RCALF,49-72 months,115.56484375,0.9951123219512855,6,0,Premium,0
3572-UOLYZ,25-48 months,86.06195652173913,0.9853366507950541,2,1,High,1
1429-UYJSV,7-12 months,21.741666666666664,0.9060942889996169,0,0,Low,0
5577-OTWWW,13-24 months,19.82,0.9964682139253279,0,1,Low,1
6100-QQHEB,13-24 months,89.12352941176471,1.0384463071744439,2,1,High,0
6366-XIVKZ,13-24 months,62.83076923076923,1.0050808031341822,3,1,Medium,0
3470-OBUET,49-72 months,72.66268656716417,1.018404403910936,4,0,High,1
2770-NSVDG,13-24 months,28.666666666666668,1.0151162790697674,1,1,Low,0
9375-MHRRS,0-6 months,48.05833333333334,1.0414426911739205,1,1,Medium,0
2634-HCZGT,49-72 months,60.93679245283019,0.9854473394949916,2,0,Medium,0
7503-QQRVF,13-24 months,73.640625,1.008953957139826,1,1,High,1
4860-YZGZM,7-12 months,18.54,1.0787486515641855,0,1,Low,0
6599-GZWCM,13-24 months,74.32692307692308,1.004346701164295,1,0,High,0
2691-NZETQ,7-12 months,84.28888888888889,1.0125889796994463,1,1,High,0
4404-HIBDJ,25-48 months,74.55199999999999,0.9966198089923812,5,0,High,0
5533-NHFRF,7-12 months,37.971428571428575,1.1693002257336342,3,1,Medium,0
7037-MTYVW,25-48 months,86.76315789473684,0.9842887473460723,5,0,High,1
4760-THGOT,25-48 months,95.51860465116279,0.9851483943223042,3,1,Premium,0
7295-JOMMD,0-6 months,99.075,0.9901589704769114,4,1,Premium,1
4016-BJKTZ,25-48 months,112.36200000000001,0.9691888716825973,5,0,Premium,0
6584-VQMYT,25-48 months,58.0574074074074,0.9680074000829321,2,0,Medium,0
9838-BFCQT,49-72 months,25.714583333333334,1.0149882524507818,0,0,Low,0
2790-XUYMV,49-72 months,84.91478873239437,1.0063029217359574,2,0,High,1
0581-MDMPW,13-24 months,86.36458333333333,1.0299360752623328,2,1,High,1
5013-SBUIH,49-72 months,111.023,0.9876331931221459,5,0,Premium,0
1023-BQXZE,49-72 months,75.74298245614035,0.9816090889087055,4,0,High,1
9163-GHAYE,13-24 months,49.12,0.9945032573289903,1,1,Medium,0
3904-UKFRE,0-6 months,84.0375,0.9531459170013387,1,1,High,0
5353-WILCI,25-48 months,54.38035714285714,1.0307030506025678,2,1,Medium,0
0709-TVGUR,7-12 months,69.21111111111111,1.0771391876705732,0,1,Medium,0
0058-EVZWM,49-72 months,90.17454545454547,0.9958464392289699,2,1,Premium,1
6023-YEBUP,0-6 months,109.98333333333333,0.9178663433853614,3,1,Premium,0
7209-JCUDS,7-12 months,104.88499999999999,0.9048004957810937,3,1,Premium,0
7009-PCARS,49-72 months,18.20909090909091,1.0489266100848726,0,0,Low,1
0519-DRGTI,13-24 months,22.130000000000003,0.9195661997288748,0,1,Low,0
1017-FBQMM,49-72 months,108.12096774193549,0.9808458268068918,4,0,Premium,1
3001-CBHLQ,25-48 months,104.7359375,1.0015664394086319,4,1,Premium,0
1985-MBRYP,25-48 months,18.122093023255815,1.0843118383060635,0,0,Low,1
6158-DWPZT,7-12 months,28.866666666666667,0.8348729792147807,0,0,Low,1
9372-TXXPS,49-72 months,58.0575,1.030874564009818,3,0,Medium,1
3259-QMXUN,49-72 months,84.31896551724138,1.0211225846028014,5,0,High,0
1015-JPFYW,7-12 months,19.535714285714285,0.9956124314442414,0,0,Low,0
6645-MXQJT,0-6 months,92.075,1.0545750746673905,3,1,Premium,0
4360-QRAVE,25-48 months,35.54054054054054,1.0312167300380228,2,1,Low,0
8433-WPJTV,49-72 months,104.10923076923078,0.9979902764847571,4,0,Premium,1
5804-JMYIO,25-48 months,19.434615384615388,1.016227983376212,0,0,Low,0
3763-GCZHZ,49-72 months,104.39393939393939,0.9967053701015965,4,0,Premium,0
6484-LATFU,49-72 months,24.373529411764707,1.0072402558223723,0,0,Low,0
7599-NTMDP,49-72 months,48.525000000000006,1.003606388459557,4,0,Medium,1
0772-GYEQQ,0-6 months,87.35000000000001,1.0114481969089866,3,1,High,0
0536-ACXIP,49-72 months,113.40416666666667,0.9660138883785869,5,0,Premium,0
0936-NQLJU,25-48 months,21.35487804878049,0.9669921763462965,0,0,Low,1
4831-EOBFE,25-48 months,91.35000000000001,1.0361247947454844,3,1,Premium,1
1575-KRZZE,0-6 months,55.1625,1.0006798096532972,2,1,Medium,0
3251-YMVWZ,49-72 months,24.56415094339623,0.9790690529226515,0,0,Low,1
4102-OQUPX,0-6 months,74.4,1.0,0,1,High,0
9170-GYZJC,25-48 months,81.12682926829268,0.9848776381456318,5,1,High,1
4884-LEVMQ,25-48 months,20.256410256410255,1.0095569620253164,0,0,Low,1
8857-CUPFQ,49-72 months,19.645238095238096,0.9798812265179978,0,0,Low,0
7610-TVOPG,13-24 months,25.240000000000002,1.0439778129952457,0,1,Low,0
3638-DIMPH,13-24 months,45.58846153846154,0.9607694254619084,0,0,Medium,0
1845-ZLLIG,0-6 months,50.15,1.0,1,1,Medium,0
8559-WNQZS,0-6 months,20.45,1.0,0,0,Low,0
3999-QGRJH,7-12 months,70.10625,0.9942052242132478,0,1,Medium,0
1699-UOTXU,49-72 months,60.6375,1.012574726860441,3,0,Medium,0
2454-RPBRZ,7-12 months,88.35000000000001,1.1103565365025465,3,1,High,0
0635-WKOLD,25-48 months,73.04375,0.9685975870625481,3,0,High,1
5993-JSUWV,49-72 months,60.87045454545454,1.0045924653698242,3,0,Medium,1
4518-FZBSX,25-48 months,20.354761904761904,0.9948531992045854,0,0,Low,0
5387-ASZNZ,49-72 months,63.247727272727275,1.0095224406194976,3,0,Medium,1
6988-CJEYV,49-72 months,100.41938775510205,0.9828779303126682,3,1,Premium,0
2002-MZHWP,0-6 months,20.5,1.0,0,1,Low,0
3097-FQTVJ,25-48 months,19.76341463414634,1.0119708749845737,0,0,Low,0
5465-BUBFA,25-48 months,18.839024390243903,1.0244691869497669,0,0,Low,1
7299-GNVPL,13-24 months,84.2108695652174,1.0022459147584997,3,1,High,0
9743-DQKQW,0-6 months,26.599999999999998,0.9436090225563911,0,1,Low,0
1215-VFYVK,0-6 months,50.5625,0.9542645241038319,4,1,Medium,0
9371-BITHB,49-72 months,20.58653846153846,0.9642223260158805,0,0,Low,0
2265-CYWIV,0-6 months,86.9125,1.1459801524521789,3,1,High,0
9093-FPDLG,7-12 months,90.89999999999999,1.0363036303630364,4,1,Premium,0
0541-FITGH,0-6 months,56.55,1.099027409372237,2,1,Medium,0
6985-HAYWX,25-48 months,77.53076923076922,1.022819724178986,1,1,High,1
7508-KBIMB,13-24 months,60.59375,0.9283135636926251,2,0,Medium,1
6838-HVLXG,7-12 months,20.558333333333334,0.9874341305229023,0,1,Low,0
2277-DJJDL,49-72 months,100.29833333333333,0.9870552850662191,3,1,Premium,0
1897-OKVMW,49-72 months,90.89765625,0.9967253693628652,6,0,Premium,0
5485-ITNPC,49-72 months,84.77727272727273,1.0132432577341697,6,0,High,1
0233-FTHAV,49-72 months,79.41666666666667,0.9972717733473242,1,0,High,1
4644-PIZRT,13-24 months,70.68529411764706,0.9952565222818623,3,0,High,1
8922-NPKBJ,25-48 months,20.65,0.9370460048426151,0,0,Low,0
2740-TVLFN,0-6 months,50.15,1.0,0,1,Medium,0
7771-CFQRQ,25-48 months,63.984042553191486,0.9971236179233519,3,0,Medium,1
9512-PHSMG,7-12 months,25.275,0.8130563798219586,0,1,Low,0
6963-EZQEE,49-72 months,90.09285714285714,0.982874811702212,6,0,High,1
2452-KDRRH,49-72 months,102.10522388059702,0.9930931655228363,3,1,Premium,1
2004-OCQXK,0-6 months,81.95,1.0,1,1,High,0
5027-QPKTE,7-12 months,64.44285714285715,1.0761471957437374,0,1,Medium,0
4146-SVFUD,0-6 months,44.6,1.0,0,1,Medium,0
1564-HJUVY,0-6 months,56.55,1.1273209549071619,3,1,Medium,1
3617-XLSGQ,49-72 months,107.31060606060606,1.0180727144369925,5,0,Premium,1
7517-LDMPS,7-12 months,84.77916666666667,0.9978866663390179,2,1,High,0
7244-KXYZN,13-24 months,21.972916666666666,0.9306911918080971,0,0,Low,1
5226-NOZFC,25-48 months,82.5576923076923,1.038667598416026,2,1,High,0
2672-HUYVI,0-6 months,75.88333333333334,1.2005271249725453,2,1,High,0
1400-WIVLL,49-72 months,104.73421052631579,1.0307042890524887,4,0,Premium,0
7508-MYBOG,13-24 months,88.25357142857142,0.9755979118611146,1,1,High,0
8148-NLEGT,25-48 months,24.148809523809526,0.9503574069509488,0,0,Low,0
0148-DCDOS,25-48 months,94.484,1.0022861013504933,2,1,Premium,1
8347-GDTMP,49-72 months,19.15078125,1.015624362583119,0,0,Low,1
9992-RRAMN,13-24 months,85.16818181818182,0.9991994449484976,1,1,High,0
6746-WAUWT,13-24 months,20.342105263157894,0.9684346701164295,0,0,Low,1
0310-MVLET,49-72 months,98.52540983606558,1.0063393815359274,3,1,Premium,0
0428-IKYCP,13-24 months,84.12045454545455,1.0342312160592224,2,1,High,1
4550-VBOFE,49-72 months,101.45,1.0147856086742237,4,1,Premium,0
2187-PKZAY,7-12 months,86.95,0.9194939620471535,1,1,High,1
4003-OCTMP,25-48 months,61.63709677419355,1.0383357320423916,3,0,Medium,0
6652-YFFJO,7-12 months,65.10000000000001,0.9969278033794162,2,1,Medium,0
7225-IILWY,49-72 months,24.796323529411765,1.038460397947988,0,0,Low,0
5248-RPYWW,49-72 months,93.28402777777778,0.9664033827393936,6,0,Premium,1
7923-IYJWY,49-72 months,117.01268656716418,0.9922001058693725,6,0,Premium,1
3170-GWYKC,49-72 months,103.94583333333334,1.0096604802180622,5,1,Premium,1
5696-QURRL,0-6 months,45.05,1.0,0,1,Medium,0
7409-KIUTL,0-6 months,71.0,1.0,0,1,High,0
9830-ECLEN,49-72 months,50.342241379310344,0.9932017055670668,4,0,Medium,0
1732-VHUBQ,25-48 months,70.40957446808511,1.001994409609428,0,1,High,1
0495-RVCBF,0-6 months,79.7,1.0,1,1,High,0
2668-TZSPS,0-6 months,20.45,1.0,0,1,Low,0
7854-EDSSA,13-24 months,57.03181818181818,1.0345102414919902,2,1,Medium,0
8869-TORSS,25-48 months,60.34166666666667,1.0001381024720342,3,0,Medium,1
7446-SFAOA,25-48 months,19.39189189189189,1.023623693379791,0,0,Low,1
9522-ZSINC,13-24 months,19.523076923076925,1.021867612293144,0,0,Low,0
8234-GSZYK,25-48 months,25.815116279069766,1.0245934867798747,0,0,Low,1
6505-OZNPG,0-6 months,58.13333333333333,1.0905963302752293,6,0,Medium,0
6164-HAQTX,49-72 months,54.76971830985916,0.9850333663353606,5,0,Medium,1
0679-IDSTG,0-6 months,69.25,1.0,0,1,Medium,0
7765-LWVVH,49-72 months,95.04374999999999,1.0005918327086212,3,0,Premium,0
1658-TJVOA,0-6 months,75.14999999999999,0.9860279441117765,1,1,High,0
0953-LGOVU,7-12 months,36.020833333333336,0.9855407750144591,2,1,Medium,0
2115-BFTIW,25-48 months,70.694,1.003621240840807,0,1,High,0
4692-NNQRU,13-24 months,82.97380952380952,0.9545180636460158,2,0,High,0
7742-MYPGI,0-6 months,49.55833333333334,0.9846981671430972,1,1,Medium,0
0611-DFXKO,13-24 months,91.02250000000001,0.9777802191765771,2,1,Premium,0
7780-OTDSO,13-24 months,96.83055555555556,1.0265354714707822,3,1,Premium,0
9619-GSATL,25-48 months,56.843023255813954,0.9754935051651836,2,0,Medium,0
5622-UEJFI,25-48 months,27.137142857142855,0.9359865234786271,0,0,Low,1
9747-DDZOS,0-6 months,73.5,1.0,1,1,High,1
0674-DGMAQ,25-48 months,92.8375,1.0071361249495085,3,1,Premium,0
6203-HBZPA,49-72 months,64.13365384615385,0.9963567669680204,6,0,Medium,1
0484-FFVBJ,25-48 months,62.8421875,1.0319500733484173,2,0,Medium,1
0301-FIDRB,49-72 months,65.05972222222222,0.9806374484981747,6,0,Medium,1
4139-JPIAM,49-72 months,42.77549019607844,1.0391464784213058,3,1,Medium,1
2181-TIDSV,49-72 months,19.165441176470587,1.0409361212353732,0,0,Low,1
2761-XECQW,7-12 months,46.425,0.9337641357027464,3,1,Medium,0
1936-CZAKF,49-72 months,49.18163265306123,1.0095232167309847,3,0,Medium,1
9453-PATOS,49-72 months,85.49166666666666,0.9954186567891607,6,0,High,0
0564-JJHGS,7-12 months,92.12222222222222,1.0366662646242915,2,1,Premium,0
3348-CFRNX,25-48 months,92.96071428571429,0.9934304045487724,3,1,Premium,0
4402-FTBXC,49-72 months,86.42592592592592,1.0390400685665309,3,1,High,0
1428-GTBJJ,7-12 months,74.97727272727273,0.9943013034252802,1,1,High,0
2931-XIQBR,49-72 months,103.07,0.9998059571165228,4,0,Premium,0
0106-UGRDO,49-72 months,118.59202898550726,0.9781433119267736,6,0,Premium,0
5542-TBBWB,0-6 months,69.9,1.0,0,1,Medium,0
1930-QPBVZ,49-72 months,98.28529411764706,0.9675913457222372,4,0,Premium,1
2606-PKWJB,25-48 months,39.10125,1.0293788561746746,3,0,Medium,0
5322-ZSMZY,25-48 months,24.374193548387098,1.0564452091053467,0,0,Low,0
8059-UDZFY,25-48 months,105.00151515151515,1.0033188554277717,4,1,Premium,1
7740-BTPUX,49-72 months,114.41272727272727,0.9928965309008851,5,0,Premium,0
5220-AGAAX,49-72 months,24.474999999999998,0.9805924412665986,0,0,Low,1
0208-BPQEJ,7-12 months,16.508333333333333,1.1751640585562846,0,1,Low,1
9435-JMLSX,49-72 months,85.15352112676055,1.0111149704758597,6,0,High,1
3352-ALMCK,25-48 months,102.70374999999999,0.9994766500736343,4,1,Premium,0
5312-IRCFR,49-72 months,93.44921875,0.9935877607323496,3,0,Premium,0
5294-IMHHT,49-72 months,95.15471698113207,1.0272743496192893,3,0,Premium,1
8802-UNOJF,7-12 months,85.8125,0.9765477057538237,3,1,High,0
6313-GIDIT,49-72 months,53.859433962264156,1.0109649506927536,4,1,Medium,0
6176-YJWAS,49-72 months,98.80902777777777,0.9913061812559301,4,0,Premium,1
5310-NOOVA,25-48 months,19.718478260869563,1.0117413593517448,0,0,Low,0
4526-EXKKN,25-48 months,24.348750000000003,1.0103188048667795,0,0,Low,0
5311-IHLEI,7-12 months,50.479166666666664,1.0093272802311186,4,1,Medium,1
3987-KQDDU,7-12 months,73.50555555555555,1.028493689063563,1,1,High,0
3404-JNXAX,49-72 months,80.7235294117647,1.0003279166363042,1,1,High,0
5131-PONJI,49-72 months,91.72755102040816,0.9855272379384381,3,1,Premium,1
2845-AFFTX,25-48 months,103.88536585365854,0.960674289202451,3,1,Premium,0
3489-VSFRD,49-72 months,58.620535714285715,1.0277968166933211,3,0,Medium,1
3345-JHUEO,0-6 months,13.925,1.4506283662477557,0,1,Low,0
5815-HGGHV,13-24 months,63.722500000000004,1.0067087763348896,3,0,Medium,0
5260-UMPWX,25-48 months,18.998076923076923,1.0658973580321895,0,1,Low,1
2249-YPRNG,13-24 months,111.9825,0.9452369789922532,4,1,Premium,1
7410-YTJIK,7-12 months,68.67857142857143,1.0985959438377535,0,1,Medium,0
4626-GYCZP,7-12 months,90.8,1.033590308370044,2,1,Premium,0
5649-RXQTV,49-72 months,98.78725490196078,1.002153568274069,4,1,Premium,0
2674-MIAHT,0-6 months,81.05,0.9907464528069093,1,1,High,0
2576-HXMPA,0-6 months,19.55,1.0,0,1,Low,1
7587-AOVVU,25-48 months,103.46481481481482,0.973760985126452,4,1,Premium,0
5590-BYNII,13-24 months,95.22727272727273,1.05799522673031,3,1,Premium,0
6898-MDLZW,7-12 months,54.05416666666667,0.9943729283897325,2,1,Medium,0
3237-AJGEH,0-6 months,31.683333333333334,0.9784324039978959,1,1,Low,0
4707-YNOQA,25-48 months,26.974999999999998,0.9490268767377202,0,0,Low,1
9357-UJRUN,13-24 months,56.12083333333334,1.039720840448437,2,0,Medium,0
1591-NFNLQ,49-72 months,83.18333333333334,0.9617311160088158,1,1,High,1
8648-PFRMP,13-24 months,48.050000000000004,0.9646201873048906,2,1,Medium,0
7663-CUXZB,49-72 months,111.20762711864407,1.0228614974280816,6,0,Premium,0
0258-NOKBL,0-6 months,89.48333333333333,1.0102439932948408,3,1,High,0
1163-VIPRI,49-72 months,112.88538461538462,0.9682387172830167,5,0,Premium,0
2815-CPTUL,0-6 months,66.38,1.0583006929798133,0,1,Medium,0
9348-ROUAI,49-72 months,88.03474576271186,1.0257313656972882,6,0,High,1
9443-JUBUO,49-72 months,62.206250000000004,1.0489299708630564,6,0,Medium,1
0596-BQCEQ,49-72 months,101.34354838709677,0.9882227491923035,4,1,Premium,0
1481-ZUWZA,25-48 months,94.97857142857143,0.9949612694592765,3,1,Premium,1
3043-TYBNO,0-6 months,65.63333333333334,0.9240731335703402,2,1,Medium,0
4830-FAXFM,13-24 months,23.11578947368421,1.0425774134790529,0,1,Low,1
5906-BFOZT,0-6 months,19.5,1.0,0,1,Low,0
2960-NKRSO,13-24 months,87.79791666666667,0.9789526137199536,3,1,High,0
8996-ZROXE,49-72 months,53.25964912280702,1.0045128137558468,2,0,Medium,0
5598-IKHQQ,49-72 months,25.922916666666666,0.9817568110584264,0,0,Low,1
0397-ZXWQF,49-72 months,21.357462686567164,0.9598518466752857,0,0,Low,1
5266-PFRQK,49-72 months,20.607692307692307,1.0117581187010078,0,0,Low,1
4674-HGNUA,49-72 months,90.94577464788732,0.9885011189146916,6,0,Premium,1
6765-MBQNU,25-48 months,26.309615384615384,0.9882318543966084,0,0,Low,0
9786-IJYDL,25-48 months,111.83,1.012250737726907,6,0,Premium,0
1303-SRDOK,49-72 months,69.86545454545454,0.9883282152709103,0,0,Medium,1
3769-MHZNV,25-48 months,20.313636363636363,0.9894831058402328,0,0,Low,0
6295-OSINB,49-72 months,109.44791666666667,1.0018463881222042,5,0,Premium,0
3308-MHOOC,0-6 months,19.2,1.0,0,1,Low,0
2309-OSFEU,7-12 months,29.845,1.1358686547160328,1,1,Low,0
2207-QPJED,25-48 months,91.12837837837837,0.9876177059390525,3,1,Premium,0
4177-JPDFU,7-12 months,36.87083333333333,0.9221380946999662,2,1,Medium,0
2239-CFOUJ,0-6 months,20.4,1.0,0,0,Low,0
8046-DNVTL,49-72 months,37.83145161290323,1.0203150646969794,3,0,Medium,1
2209-XADXF,0-6 months,25.25,1.0,0,1,Low,1
6620-JDYNW,13-24 months,64.24166666666666,0.9433130107666365,2,1,Medium,0
1891-FZYSA,49-72 months,89.03115942028985,1.0103204382116666,2,1,High,0
4770-UEZOX,0-6 months,72.4,1.0324585635359116,1,1,High,0
1038-RQOST,13-24 months,21.839473684210525,0.9432461742378602,0,1,Low,0
7613-LLQFO,7-12 months,88.29583333333333,0.9564437732999859,1,1,High,0
4568-TTZRT,7-12 months,20.200000000000003,1.0099009900990097,0,1,Low,0
9513-DXHDA,25-48 months,81.9462962962963,0.9969944182052384,5,0,High,0
2640-PMGFL,25-48 months,80.76111111111112,0.9843846735915249,1,1,High,0
3801-HMYNL,0-6 months,89.15,1.0,2,1,High,0
0516-QREYC,13-24 months,19.164583333333333,1.059245570170671,0,1,Low,0
9685-WKZGT,13-24 months,74.05357142857143,1.0121051362430673,0,1,High,0
6022-UGGSO,25-48 months,71.1546875,1.0456092579986387,1,1,High,0
8084-OIVBS,7-12 months,19.268181818181816,1.0379806558150508,0,0,Low,0
8896-BQTTI,0-6 months,25.0,1.0,0,1,Low,0
3865-QBWSJ,25-48 months,83.22763157894737,0.9666260888811599,1,1,High,0
3352-RICWQ,7-12 months,23.405555555555555,0.8438167576548777,0,0,Low,0
2160-GPFXD,49-72 months,66.05,0.9939439818319457,3,0,Medium,1
2065-MMKGR,25-48 months,71.72758620689655,0.9898562569107255,2,0,High,1
5857-TYBCJ,25-48 months,91.82272727272726,0.9714370575714075,2,1,Premium,0
1498-NHTLT,49-72 months,87.89830508474576,0.9869359814886233,6,0,High,0
4484-CGXFK,0-6 months,65.38333333333334,0.8457812898292122,1,1,Medium,0
1402-PTHGN,13-24 months,60.41388888888889,1.01797783806152,3,0,Medium,0
4176-RELJR,49-72 months,24.957462686567165,1.0057112101187096,0,0,Low,1
6214-EDAKZ,13-24 months,54.820454545454545,1.0060113593963766,2,1,Medium,0
5199-FPUSP,25-48 months,33.75606060606061,1.0087077516944207,2,0,Low,1
6377-KSLXC,0-6 months,21.41,0.9318075665576833,0,1,Low,0
1796-JANOW,0-6 months,19.075,1.0458715596330275,0,1,Low,0
0238-WHBIQ,49-72 months,88.04583333333333,1.018787563295632,6,0,High,1
8735-NBLWT,7-12 months,20.455555555555556,0.9972840847365562,0,1,Low,0
6651-RLGGM,49-72 months,25.207462686567165,1.0433418201196045,0,0,Low,0
6127-ISGTU,13-24 months,86.140625,0.986178124433158,1,1,High,0
1614-JBEBI,7-12 months,17.2,1.2034883720930232,0,1,Low,0
8740-XLHDR,0-6 months,43.8,0.9874429223744293,4,1,Medium,0
1208-DNHLN,13-24 months,46.39782608695653,1.0420746849084008,0,0,Medium,1
1761-AEZZR,0-6 months,79.55,1.0,1,1,High,0
3923-CSIHK,49-72 months,68.89699999999999,1.0312495464243727,0,1,Medium,0
5696-EXCYS,13-24 months,21.708823529411767,0.8959490583931715,0,0,Low,1
5795-KTGUD,49-72 months,111.08235294117648,0.9974581656428722,5,0,Premium,1
7120-RFMVS,0-6 months,84.5,1.0,1,1,High,0
7924-GJZFI,25-48 months,72.524,0.9555457503722905,0,1,High,0
4702-HDRKD,49-72 months,49.57238805970149,0.9955138723711745,4,0,Medium,1
8512-WIWYV,25-48 months,22.109375,0.9204240282685513,0,0,Low,1
5897-ZYEKH,49-72 months,106.15149253731343,0.9948046652559352,4,0,Premium,0
5456-ITGIC,49-72 months,64.45972222222223,0.9998491736872724,6,0,Medium,1
7317-GGVPB,49-72 months,108.3225352112676,1.002561468748781,5,0,Premium,1
1406-PUQVY,0-6 months,49.9,1.0,1,1,Medium,0
1322-AGOQM,25-48 months,30.002173913043475,1.0099268168973263,1,1,Low,1
3677-IYRBF,0-6 months,39.325,0.7730451366815002,1,1,Medium,0
5692-FPTAH,0-6 months,45.4,1.0,0,1,Medium,0
9114-AAFQH,25-48 months,64.471875,1.0182734719596724,3,0,Medium,0
8715-KKTFG,49-72 months,106.85819672131149,0.9667016959813448,4,0,Premium,1
1550-LOAHA,25-48 months,80.8109375,1.0413194377308148,2,1,High,1
1728-BQDMA,0-6 months,41.35,1.0749697702539298,0,1,Medium,0
0268-QKIWO,0-6 months,19.616666666666667,1.0067969413763806,0,1,Low,0
0876-WDUUZ,0-6 months,85.17999999999999,1.0025827659074902,2,1,High,1
5117-ZSMHQ,49-72 months,89.33380281690141,1.0063379948602331,6,0,High,1
5151-HQRDG,25-48 months,54.88513513513514,1.003003816324018,1,1,Medium,0
0960-HUWBM,49-72 months,103.07769230769232,1.0099178364340564,4,0,Premium,1
6465-GSRCL,49-72 months,108.12985074626866,0.9858517260894171,4,0,Premium,1
0617-FHSGK,49-72 months,75.06734693877551,1.0017671206807492,0,1,High,1
0263-FJTQO,49-72 months,69.733,1.0109990965539988,3,0,Medium,1
7319-ZNRTR,25-48 months,16.445999999999998,1.1917791560257815,0,0,Low,0
2858-MOFSQ,13-24 months,55.14705882352941,1.0127466666666667,1,0,Medium,0
7503-EPSZW,49-72 months,24.36171875,0.9872045665907706,0,0,Low,0
7089-XXAYG,25-48 months,38.816,0.9815539983511954,2,0,Medium,1
8118-LSUEL,13-24 months,107.97826086956522,0.9853835313066237,4,1,Premium,0
8070-AAWZP,13-24 months,34.50833333333333,0.992513885534895,2,1,Low,0
1666-JXLKU,25-48 months,102.98783783783784,0.9714739342089723,3,1,Premium,0
7855-DIWPO,13-24 months,71.1047619047619,0.9654768282882401,0,1,High,0
5133-POWUA,0-6 months,45.8,1.0,0,1,Medium,0
5652-MSDEY,7-12 months,77.72999999999999,0.9745272095715941,0,1,High,0
7005-CCBKV,0-6 months,92.72500000000001,0.910218387705581,2,1,Premium,0
1810-BOHSY,49-72 months,96.29509803921569,1.0010893800714715,3,0,Premium,1
1784-BXEFA,7-12 months,18.735,1.0968775020016013,0,1,Low,0
7351-MHQVU,0-6 months,51.26666666666667,0.9938231469440831,4,1,Medium,1
9224-VTYID,25-48 months,91.87978723404257,0.9849826901478572,6,0,Premium,0
9500-IWPXQ,49-72 months,79.02540983606558,1.0047401230150086,5,0,High,0
5762-TJXGK,49-72 months,58.43365384615385,1.005413766434648,5,0,Medium,1
4504-YOULA,25-48 months,61.05428571428572,0.9737236183256118,2,1,Medium,1
5569-IDSEY,49-72 months,105.24154929577465,1.004356175933299,4,0,Premium,1
4250-FDVOU,0-6 months,64.85000000000001,0.8673862760215881,2,1,Medium,0
7284-ZZLOH,25-48 months,51.02777777777778,1.0445291235710397,2,0,Medium,1
5277-ZLOOR,0-6 months,93.725,0.9127767404641238,1,1,Premium,0
2141-RRYGO,0-6 months,65.3125,1.0511004784688995,3,1,Medium,1
1777-JYQPJ,0-6 months,19.225,1.2639791937581273,0,1,Low,0
6376-GAHQE,0-6 months,74.8,1.0407754010695187,1,1,High,0
3401-URHDA,49-72 months,59.67843137254902,1.0037127086345117,2,0,Medium,1
1599-EAHXY,49-72 months,25.10666666666667,0.9539298990971852,0,0,Low,1
8631-XVRZL,7-12 months,18.188888888888886,1.1078191814294442,0,0,Low,0
5052-PNLOS,0-6 months,107.75,0.9777262180974478,4,1,Premium,1
3853-LYGAM,13-24 months,96.47058823529412,0.9914939024390245,3,1,Premium,1
6979-ZNSFF,7-12 months,95.2625,0.9137908410969688,1,1,Premium,0
5751-USDBL,25-48 months,83.61630434782609,0.9687105957596163,5,0,High,0
5680-LQOGP,49-72 months,83.03823529411765,0.9929160910990684,6,0,High,1
2386-LAHRK,0-6 months,53.5,1.0,1,1,Medium,0
8189-DUKMV,0-6 months,19.7625,1.0373181530676787,0,0,Low,1
6032-IGALN,0-6 months,25.1,1.0,0,1,Low,0
9931-DCEZH,25-48 months,54.16428571428571,1.004351839641303,2,0,Medium,1
1898-JSNDC,25-48 months,57.03846153846154,1.0273769386378961,2,0,Medium,1
0315-LVCRK,7-12 months,80.79545454545455,1.0495639943741208,2,1,High,0
3911-RSNHI,49-72 months,60.70915492957747,1.0113795863444963,5,0,Medium,1
2410-CIYFZ,0-6 months,21.45,0.951048951048951,0,1,Low,0
4248-HCETZ,25-48 months,78.83833333333334,1.010295330105913,2,1,High,0
5505-OVWQW,13-24 months,20.802941176470586,0.9686130354870635,0,0,Low,0
7271-AJDTL,49-72 months,92.23818181818183,1.0239794208669255,3,1,Premium,1
1867-TJHTS,49-72 months,78.0491379310345,1.0224328175221178,1,1,High,1
0516-WJVXC,0-6 months,61.65,0.8791565287915654,2,1,Medium,0
9174-FKWZE,0-6 months,19.45,1.0,0,1,Low,0
6860-YRJZP,7-12 months,75.38333333333334,0.9823126243643598,0,1,High,0
4429-WYGFR,25-48 months,47.58846153846154,1.0328133839812494,1,1,Medium,1
2817-LVCPP,49-72 months,20.479,0.9473118804629131,0,0,Low,1
5038-ETMLM,49-72 months,113.64930555555556,1.0000061104152027,6,0,Premium,1
5056-FIMPT,25-48 months,105.40232558139536,1.0056704101670233,5,0,Premium,1
4521-WFJAI,49-72 months,25.786607142857143,1.0063363456944012,0,0,Low,1
6569-KTMDU,0-6 months,19.1,1.0,0,1,Low,0
8809-RIHDD,49-72 months,102.39791666666666,1.0097861691522045,4,0,Premium,0
8809-XKHMD,49-72 months,101.73750000000001,0.9883278043985746,4,0,Premium,1
0396-YCHWO,25-48 months,96.50555555555555,0.9885441252662485,2,1,Premium,0
0867-LDTTC,0-6 months,78.53,0.9569591239016937,4,1,High,1
4822-NGOCH,13-24 months,81.43076923076923,1.0370772718685057,2,1,High,0
9391-DXGGG,25-48 months,90.69886363636364,0.9829230094593748,3,0,Premium,1
9844-FELAJ,49-72 months,106.79785714285715,1.0103198967341507,5,0,Premium,0
2122-SZZZD,25-48 months,18.988636363636363,1.0269299820466786,0,0,Low,1
5307-DZCVC,25-48 months,82.14375,1.0463364528646428,1,1,High,1
3148-AOIQT,49-72 months,24.903623188405795,1.0018622515785491,0,0,Low,1
8679-JOEVF,13-24 months,63.99375,0.9282156460591855,2,1,Medium,0
8395-ETZKQ,49-72 months,17.55220588235294,1.1109714716601735,0,0,Low,1
6692-YQHXC,13-24 months,75.34375,0.9284114475321443,0,1,High,1
3889-VWBID,49-72 months,84.94779411764705,0.9753049017995482,5,0,High,1
5222-JCXZT,0-6 months,19.725,0.9632446134347274,0,1,Low,0
9754-CLVZW,25-48 months,39.42884615384616,0.9853192215773301,3,1,Medium,1
1432-FPAXX,25-48 months,29.529310344827586,1.0362585391487127,1,1,Low,0
2739-CCZMB,0-6 months,24.4,0.834016393442623,0,1,Low,1
7080-TNUWP,49-72 months,94.32714285714285,1.0071332293386241,3,0,Premium,1
0496-AHOOK,13-24 months,71.37083333333334,1.0424426411349175,4,0,High,1
8336-TAVKX,49-72 months,78.92013888888889,0.9940428527431916,5,0,High,1
2468-SJFLM,0-6 months,74.3,1.0,1,1,High,0
3181-VTHOE,49-72 months,51.93071428571429,0.9830405897968446,4,0,Medium,1
7168-HDQHG,25-48 months,19.525,0.9833546734955186,0,1,Low,1
4803-AXVYP,25-48 months,98.26973684210526,1.0130280511481555,3,1,Premium,0
3884-HCSWG,13-24 months,67.32352941176471,1.039755351681957,0,1,Medium,0
4567-AKPIA,25-48 months,108.64024390243902,1.004231913341191,5,0,Premium,1
5077-DXTCG,0-6 months,45.3,1.0,0,1,Medium,0
1142-WACZW,0-6 months,37.8,0.7896825396825398,1,1,Medium,1
7901-HXJVA,13-24 months,79.825,0.9577200125274037,1,1,High,0
5649-ANRML,0-6 months,90.125,1.0552011095700415,4,1,High,1
4892-VLANZ,0-6 months,19.8,1.0,0,1,Low,0
5924-IFQTT,13-24 months,71.54230769230769,1.0175797000161282,4,1,High,0
7968-QUXNS,0-6 months,18.358333333333334,1.032228778937812,0,1,Low,0
2919-HBCJO,0-6 months,83.4,0.9190647482014389,1,1,High,1
4236-XPXAV,0-6 months,93.01,1.066014407053005,4,1,Premium,0
8903-WMRNW,13-24 months,111.29333333333334,0.9142506289684916,4,1,Premium,0
2452-SNHFZ,25-48 months,75.42765957446808,1.0002961834645003,1,1,High,1
3629-WEAAM,7-12 months,63.00625,1.017359388949509,3,1,Medium,0
6029-CSMJE,13-24 months,25.894117647058824,0.990572467060427,0,1,Low,0
7993-NQLJE,13-24 months,76.77,0.9782467109548,1,1,High,0
9909-DFRJA,25-48 months,95.20576923076922,1.0067667198577979,4,0,Premium,1
9099-FTUHS,13-24 months,54.31521739130435,1.0015609365619371,1,1,Medium,0
0581-BXBUB,0-6 months,79.4375,0.9158143194335169,1,1,High,0
4962-CHQPW,25-48 months,18.45,1.0758807588075883,0,0,Low,0
9467-ROOLM,25-48 months,18.452,1.0324084110123564,0,1,Low,0
3030-YZADT,7-12 months,47.888888888888886,0.9386310904872391,0,1,Medium,0
7410-KTVFV,13-24 months,48.797222222222224,1.0154266522456878,1,1,Medium,0
5150-ITWWB,0-6 months,111.91666666666667,0.8475055845122859,2,1,Premium,0
2253-KPMNB,49-72 months,45.23768115942029,1.0223777792016402,4,0,Medium,1
1345-ZUKID,13-24 months,23.2,0.8340517241379312,0,0,Low,0
6429-SHBCB,13-24 months,73.39736842105263,0.9482628804990856,2,1,High,0
9281-OFDMF,25-48 months,87.51923076923077,1.0363436607339047,2,1,High,0
2603-HVKCG,25-48 months,101.40806451612903,0.9999204746075423,4,1,Premium,0
1834-WULEG,13-24 months,18.322916666666668,1.1051733939738486,0,0,Low,0
9097-ZUBYC,13-24 months,47.457142857142856,1.0282962071041541,1,1,Medium,1
5148-ORICT,49-72 months,74.36796875,0.9997583805191667,5,0,High,0
4893-GYUJU,49-72 months,20.66,0.936592449177154,0,0,Low,0
4578-PHJYZ,49-72 months,66.97788461538461,1.0264582166903542,4,0,Medium,0
7272-QDCKA,25-48 months,96.01607142857142,1.043575294314568,3,0,Premium,0
8908-SLFCJ,13-24 months,20.726190476190474,1.0059735784032167,0,0,Low,1
8393-DLHGA,25-48 months,97.95,0.9790709545686576,3,1,Premium,0
9766-HGEDE,13-24 months,18.058823529411764,1.071498371335505,0,0,Low,0
6968-MHOMU,49-72 months,46.36810344827586,0.9704947292096604,2,0,Medium,1
7395-IGJOS,13-24 months,78.18823529411765,1.0423563045440867,1,1,High,1
5044-XDPYX,49-72 months,25.122549019607842,1.0150243902439025,0,0,Low,0
1814-WFGVS,49-72 months,48.986111111111114,0.9982421321236177,4,0,Medium,0
2834-SPCJV,49-72 months,83.6278846153846,1.005645430190979,2,1,High,0
3721-WKIIL,25-48 months,20.78333333333333,0.943063352044908,0,0,Low,0
6734-CKRSM,0-6 months,21.2,0.9433962264150944,0,1,Low,0
1265-ZFOSD,49-72 months,80.1453125,1.0144074240149727,5,0,High,0
6568-POCUI,25-48 months,95.24000000000001,0.999580008399832,3,0,Premium,1
7890-VYYWG,0-6 months,31.233333333333334,1.1670224119530417,1,1,Low,0
5197-LQXXH,49-72 months,83.02112676056338,1.0033590635338028,5,0,High,1
9907-SWKKF,0-6 months,25.05,1.0,0,1,Low,0
3457-PQBYH,49-72 months,20.012931034482758,1.0143441740254147,0,0,Low,1
7682-AZNDK,25-48 months,90.93382352941177,0.988081183795585,3,1,Premium,0
0587-DMGBH,7-12 months,45.69375,1.0909588291615373,1,1,Medium,0
5384-ZTTWP,13-24 months,18.196666666666665,1.088111375709837,0,1,Low,0
3745-HRPHI,49-72 months,55.03030303030303,0.9930892070484582,4,0,Medium,1
7636-OWBPG,7-12 months,31.766666666666666,0.9239244491080798,1,1,Low,1
1231-YNDEK,49-72 months,17.853448275862068,1.0726219217769193,0,0,Low,1
1407-DIGZV,0-6 months,17.333333333333332,1.101923076923077,0,0,Low,0
6397-JNZZG,25-48 months,54.46976744186046,1.019831782085219,4,1,Medium,1
0570-BFQHT,7-12 months,72.65555555555555,1.1086557577611256,2,1,High,0
4393-OBCRR,0-6 months,23.733333333333334,0.8532303370786517,0,0,Low,0
3523-QRQLL,13-24 months,68.10000000000001,1.0205580029368575,3,0,Medium,1
8564-LDKFL,25-48 months,104.46624999999999,1.0146817752144832,4,0,Premium,1
3696-DFHHB,49-72 months,26.791176470588233,0.9518059062465694,0,0,Low,1
0895-DQHEW,49-72 months,97.74351851851851,1.0670784271004046,4,1,Premium,0
4717-GHADL,49-72 months,80.484,0.9890164504746285,4,0,High,0
5501-TVMGM,0-6 months,55.25,1.0,1,1,Medium,0
5879-HMFFH,49-72 months,90.56666666666666,0.9722119985277881,6,0,Premium,1
6772-WFQRD,25-48 months,21.3725,0.9544976020587204,0,0,Low,1
3810-DVDQQ,49-72 months,115.40138888888889,1.0190518600536773,6,0,Premium,1
6972-SNKKW,0-6 months,18.2,1.098901098901099,0,1,Low,0
3694-GLTJM,0-6 months,18.41,1.0673546985334057,0,1,Low,1
8550-XSXUQ,25-48 months,71.26041666666667,0.9900306972664814,3,0,High,1
8149-RSOUN,0-6 months,93.85,1.0,2,1,Premium,0
9055-MOJJJ,49-72 months,63.5625,1.0352015732546707,3,0,Medium,0
4359-INNWN,13-24 months,19.876470588235293,1.0087303936075762,0,0,Low,1
0585-EGDDA,25-48 months,79.21875,1.009861932938856,2,1,High,0
4032-RMHCI,25-48 months,34.44878048780488,1.027612574341546,2,0,Low,1
0549-CYCQN,49-72 months,77.93529411764706,1.0213601026492565,1,0,High,1
3481-JHUZH,25-48 months,83.8780487804878,0.9567461471357953,1,1,High,0
7250-EQKIY,0-6 months,50.45,1.0,1,1,Medium,0
3594-IVHJZ,0-6 months,21.225,0.9634864546525322,0,1,Low,0
6869-FGJJC,49-72 months,80.31544117647059,0.9910921092383891,2,0,High,1
3896-ZVNET,13-24 months,23.822916666666668,1.0368167905553125,0,0,Low,0
8205-VSLRB,49-72 months,78.54571428571428,0.9841402640864283,4,0,High,1
5960-MVTUK,0-6 months,32.28333333333333,0.921528136293237,1,1,Low,0
6817-WTYHE,0-6 months,55.525,0.8086447546150383,0,1,Medium,1
3082-VQXNH,0-6 months,31.46666666666667,0.9470338983050847,1,1,Low,1
4013-UBXWQ,7-12 months,74.44285714285715,1.0027825753214354,3,1,High,0
4931-TRZWN,13-24 months,71.06538461538462,1.0124479082102074,3,1,High,0
0750-EKNGL,7-12 months,20.157142857142855,1.0294117647058825,0,1,Low,0
7669-LCRSD,7-12 months,52.387499999999996,1.0746838463373898,1,1,Medium,0
3567-PQTSO,49-72 months,105.21320754716982,1.0003496942417014,4,0,Premium,0
5519-NPHVG,7-12 months,87.175,1.080585030111844,2,1,High,0
8043-PNYSD,49-72 months,19.77142857142857,0.9888005780346822,0,0,Low,0
9938-EKRGF,13-24 months,85.85666666666665,0.9836161043599799,6,1,High,0
2703-AMTUL,25-48 months,53.87083333333333,0.995900688374971,2,0,Medium,0
0928-JMXNP,0-6 months,29.5625,1.011416490486258,1,1,Low,0
8173-RXAYP,13-24 months,18.85625,1.0447464368578057,0,0,Low,0
4825-XJGDM,49-72 months,44.205737704918036,0.9885594556006749,4,0,Medium,1
5402-HTOTQ,13-24 months,54.709375,1.010795681727309,1,1,Medium,0
6734-JDTTV,49-72 months,19.493076923076924,1.0183102482143562,0,0,Low,1
7850-THJMU,25-48 months,19.034615384615385,1.0323297635886037,0,0,Low,1
3890-RTCMS,13-24 months,49.9375,0.9902377972465582,1,1,Medium,0
8849-GYOKR,49-72 months,106.72777777777777,0.9983342876477018,4,0,Premium,1
3148-BLQJT,0-6 months,20.1,1.0,0,1,Low,0
3717-FDJFU,0-6 months,21.380000000000003,0.9565014031805424,0,0,Low,0
3665-JATSN,13-24 months,37.37105263157895,1.0623195549609183,2,1,Medium,0
7966-YOTQW,7-12 months,56.82000000000001,0.9591693065821892,1,1,Medium,1
0461-CVKMU,13-24 months,82.6195652173913,1.014287593737666,3,1,High,0
8806-EAGWC,0-6 months,53.050000000000004,1.0395852968897266,1,1,Medium,0
8853-TZDGH,49-72 months,111.28819444444444,1.002801784655705,5,0,Premium,1
7779-LGOVN,7-12 months,85.66499999999999,1.0114982781766184,1,1,High,0
4324-BZCKL,7-12 months,55.129999999999995,1.0076183566116452,2,1,Medium,0
6924-TDGMT,7-12 months,16.813636363636363,1.2222222222222223,0,0,Low,0
9710-ZUSHQ,25-48 months,109.64189189189189,0.9736242065692982,4,1,Premium,1
1536-YHDOE,13-24 months,64.50882352941177,0.9626590069757899,2,0,Medium,0
8123-QBNAZ,25-48 months,102.35972222222222,1.0209093746183802,4,1,Premium,1
3629-ZNKXA,13-24 months,103.08529411764707,0.9875317412764986,4,1,Premium,0
4827-LTQRJ,49-72 months,109.25530303030304,1.0123078416552833,5,0,Premium,1
7711-YIJWC,49-72 months,86.30327868852459,0.9837401462627031,6,0,High,1
5482-VXSXJ,13-24 months,98.05909090909091,0.9504473184072684,3,1,Premium,0
7365-BVCJH,0-6 months,24.4,1.0,0,1,Low,0
9620-ENEJV,0-6 months,72.325,0.9754580020739716,0,1,High,1
4183-WCSEP,25-48 months,78.55322580645162,0.9986859125721207,2,1,High,0
2378-YIZKA,49-72 months,82.46691176470588,1.0307164192412286,6,0,High,1
5498-TXHLF,25-48 months,84.53382352941176,1.03449715568081,2,1,High,0
0689-DSXGL,49-72 months,85.25576923076923,1.006383506642907,3,1,High,1
6818-DJXAA,7-12 months,96.435,0.944677762223259,3,1,Premium,0
9722-UJOJR,25-48 months,68.09655172413792,1.0389659712375938,0,1,Medium,0
0464-WJTKO,49-72 months,20.289583333333333,0.9906561248588152,0,0,Low,1
8902-ZEOVF,25-48 months,20.245744680851065,0.9903315642898429,0,0,Low,0
6778-EICRF,13-24 months,75.88333333333334,0.9857236986602239,3,0,High,0
2662-NNTDK,49-72 months,24.63,1.0069021518473407,0,0,Low,1
4132-KALRO,0-6 months,99.8125,1.0103944896681276,3,1,Premium,0
3902-FOIGH,7-12 months,101.54583333333333,0.9980714783964547,3,1,Premium,0
6772-KSATR,0-6 months,81.7,1.0,1,1,High,0
7112-OPOTK,25-48 months,65.79242424242425,1.037353476268337,0,1,Medium,0
2874-YXVVA,25-48 months,106.90588235294118,0.9831077363266204,5,1,Premium,0
1245-HARPS,13-24 months,20.885714285714283,0.9767441860465117,0,0,Low,0
4210-QFJMF,0-6 months,79.3125,0.9979511426319938,1,1,High,0
4323-ELYYB,13-24 months,16.81153846153846,1.1896591169068864,0,0,Low,0
4293-ETKAP,49-72 months,78.02923076923076,1.0175673810603523,4,0,High,1
6064-PUPMC,13-24 months,61.88478260869565,0.9242983103242352,2,0,Medium,1
6504-VBLFL,49-72 months,55.79272727272727,1.0503161050641987,3,0,Medium,0
6322-PJJDJ,49-72 months,95.72755102040816,0.990310511336382,3,0,Premium,0
0330-BGYZE,49-72 months,102.62666666666668,0.9987657528907365,4,0,Premium,1
1085-LDWAM,49-72 months,20.907971014492755,0.9733130003812428,0,0,Low,1
7586-ZATGZ,25-48 months,84.22625000000001,1.0079992876330122,1,1,High,0
7197-VOJMM,49-72 months,69.72611940298506,0.9924544861023409,4,0,Medium,1
3318-OSATS,25-48 months,99.25857142857143,0.9616297980742937,2,1,Premium,0
5828-AVIPD,13-24 months,98.71315789473684,1.0226600197275466,3,0,Premium,0
1843-TLSGD,13-24 months,20.950000000000003,0.9952267303102624,0,0,Low,0
9626-VFRGG,25-48 months,88.90365853658537,0.995459595890317,2,1,High,1
7075-BNDVQ,0-6 months,33.9375,1.0313075506445673,2,1,Low,0
9143-CANJF,13-24 months,54.99375,1.002841231958177,2,1,Medium,0
7284-BUYEC,0-6 months,45.88,1.11050566695728,3,1,Medium,1
2041-JIJCI,0-6 months,74.05,0.8642808912896692,2,1,High,0
1086-LXKFY,0-6 months,69.1,1.0,0,1,Medium,0
4900-MSOMT,49-72 months,79.36388888888888,1.0105351580273705,5,0,High,1
2229-VWQJH,13-24 months,51.385416666666664,0.9594161767687006,1,1,Medium,1
9194-GFVOI,25-48 months,85.03809523809524,0.9919083883973568,5,0,High,1
1336-EZFZY,0-6 months,20.825,0.9627851140456183,0,1,Low,0
4282-MSACW,49-72 months,118.17573529411764,0.9917433533060809,6,0,Premium,1
1403-LKLIK,25-48 months,17.55757575757576,1.1448049706593026,0,0,Low,0
2636-ALXXZ,0-6 months,69.6,1.0,0,1,Medium,0
7774-OJSXI,25-48 months,98.91774193548386,1.0458184545647249,4,0,Premium,0
7786-WBJYI,0-6 months,76.3875,1.0204549173621338,1,1,High,1
0136-IFMYD,49-72 months,110.6413043478261,0.9937518420277041,5,0,Premium,0
5144-TVGLP,25-48 months,96.13157894736842,0.9856282507528059,2,1,Premium,0
9643-AVVWI,0-6 months,80.43333333333334,0.9946125155408205,2,1,High,0
0253-ZTEOB,25-48 months,80.63125000000001,0.9878304007441283,4,0,High,0
2706-QZIHY,13-24 months,25.86,0.974477958236659,0,0,Low,0
6061-PQHMK,25-48 months,21.1,0.9431279620853079,0,0,Low,1
9885-CSMWE,0-6 months,78.45,1.0,1,1,High,0
6137-MFAJN,25-48 months,43.84479166666667,1.0217861300515547,3,1,Medium,0
9122-UMROB,0-6 months,20.3,1.0,0,1,Low,0
4232-JGKIY,0-6 months,19.2,1.0,0,1,Low,0
2402-TAIRZ,25-48 months,81.59729729729729,0.9810373952502403,2,0,High,0
9659-ZTWSM,49-72 months,106.84772727272727,1.0047008274307105,5,0,Premium,1
9139-TWBAS,25-48 months,45.78846153846154,1.0450230995380092,4,0,Medium,1
6685-GBWJZ,49-72 months,70.61587301587302,1.0026074447041897,4,0,High,1
5016-ETTFF,7-12 months,25.525,1.1557296767874634,1,1,Low,0
3866-MDTUB,0-6 months,73.45,0.9632402995234853,3,1,High,0
2195-VVRJF,13-24 months,56.169444444444444,1.0521734830127096,2,1,Medium,1
3913-RDSJZ,49-72 months,26.79609375,0.9534971865068953,0,0,Low,0
8058-JMEQO,7-12 months,84.72222222222223,0.9967868852459016,1,1,High,0
4203-QGNZA,25-48 months,19.119642857142857,1.0591202017371812,0,1,Low,0
5043-TRZWM,0-6 months,75.55,1.0,1,1,High,0
0697-ZMSWS,0-6 months,84.725,1.0109176748303335,1,1,High,0
7657-DYEPJ,25-48 months,65.71973684210526,1.0674114561435122,4,0,Medium,1
9494-BDNNC,49-72 months,95.05151515151515,1.0026142123888162,3,0,Premium,0
1640-PLFMP,0-6 months,70.25,1.0,0,1,Medium,0
5366-OBVMR,13-24 months,50.486111111111114,0.9963136176066023,1,1,Medium,0
8276-MQBYC,49-72 months,96.33921568627451,1.0151629251216086,3,1,Premium,0
7644-OMVMY,0-6 months,0.0,0.0,0,0,Low,0
7593-XFKDI,0-6 months,46.3,1.0,0,1,Medium,0
4573-JKNAE,7-12 months,17.691666666666666,1.0937352802637779,0,0,Low,1
0337-CNPZE,25-48 months,108.37682926829268,0.9808369622703079,4,1,Premium,0
9817-APLHW,7-12 months,26.349999999999998,0.9487666034155599,0,1,Low,0
8380-MQINP,49-72 months,19.619090909090907,1.0347064547518652,0,0,Low,0
0840-DFEZH,7-12 months,80.66428571428571,0.9341184804746303,0,1,High,0
1513-XNPPH,7-12 months,91.30416666666667,0.979144799890476,3,1,Premium,0
8690-ZVLCL,49-72 months,90.61617647058823,0.9711290348756066,6,0,Premium,1
6015-VVHHE,0-6 months,89.21000000000001,0.9320703956955498,1,1,High,1
1125-SNVCK,49-72 months,42.98061224489796,1.019064124783362,0,1,Medium,0
0384-LPITE,25-48 months,62.78875000000001,0.9882343572694151,5,0,Medium,1
4616-EWBNJ,13-24 months,19.9125,1.009416195856874,0,0,Low,1
6347-DCUIK,7-12 months,81.17999999999999,0.9134023158413404,0,1,High,0
1335-HQMKX,49-72 months,101.71041666666666,0.9964564429241515,4,0,Premium,0
2545-EBUPK,0-6 months,93.025,0.9035205589895189,1,1,Premium,0
6923-AQONU,13-24 months,19.73913043478261,1.0588105726872246,0,0,Low,0
2172-EJXVF,49-72 months,105.94295774647887,0.9995945200380222,4,0,Premium,0
0897-FEGMU,7-12 months,96.08636363636364,1.035526751501963,3,1,Premium,0
7663-RGWBC,0-6 months,44.15,1.0,0,1,Medium,0
1120-BMWUB,13-24 months,52.134375,1.0338668105256847,2,1,Medium,0
9124-LHCJQ,0-6 months,85.45,1.0,1,1,High,0
4536-PLEQY,7-12 months,83.31666666666666,1.0208041608321665,2,1,High,1
7029-IJEJK,49-72 months,43.88333333333333,1.0049373338397265,3,0,Medium,1
8871-JLMHM,49-72 months,92.6125,0.9739506006208666,3,0,Premium,1
2235-ZGKPT,0-6 months,59.8875,0.8490920475892297,0,1,Medium,0
3891-PUQOD,0-6 months,59.2,1.0,2,1,Medium,0
5447-VYTKW,25-48 months,54.12777777777778,0.9874781894693626,2,1,Medium,0
3623-FQBOX,13-24 months,19.82857142857143,1.0061239193083573,0,1,Low,0
0689-NKYLF,13-24 months,81.58461538461538,1.0198001131435037,2,1,High,0
8659-HDIYE,49-72 months,76.08359375,0.9811576493782538,4,1,High,1
3658-KIBGF,0-6 months,54.9,1.0,2,1,Medium,0
3474-BAFSJ,49-72 months,57.29736842105263,1.0035364901483488,5,0,Medium,1
5519-YLDGW,13-24 months,107.34285714285713,0.9679265371306895,4,1,Premium,0
3865-ZFZIB,13-24 months,18.849999999999998,1.0424403183023874,0,0,Low,0
1855-AGAWH,25-48 months,94.83225806451614,0.989114905775903,3,0,Premium,0
7109-CQYUZ,49-72 months,89.46923076923076,0.9975496517926232,6,0,High,0
1370-GGAWX,25-48 months,95.8358695652174,0.9824087831323935,3,0,Premium,0
4680-KUTAJ,7-12 months,52.8,1.0530303030303032,1,1,Medium,0
5307-UVGNB,49-72 months,47.079245283018864,1.0344260981083682,4,1,Medium,1
4946-EDSEW,7-12 months,16.39090909090909,1.1744315030504715,0,1,Low,0
2883-ILGWO,49-72 months,103.75350877192982,1.0110501441506947,4,1,Premium,1
2516-VQRRV,0-6 months,79.2,0.9526515151515151,0,1,High,0
7580-UGXNC,0-6 months,52.1,1.0527831094049904,2,1,Medium,0
3642-BYHDO,49-72 months,19.56830985915493,1.0169503724763378,0,0,Low,1
9629-NHXFW,0-6 months,19.4,1.0,0,1,Low,0
2696-RZVZW,49-72 months,23.958823529411767,1.0455438251902773,0,0,Low,1
5766-FTRTS,49-72 months,83.79305555555555,1.0078400822131244,6,0,High,0
0396-HUJBP,0-6 months,22.2,0.8693693693693695,0,1,Low,0
5178-LMXOP,0-6 months,95.1,1.0,2,1,Premium,0
8879-ZKJOF,25-48 months,80.9939024390244,0.9858766844839267,5,0,High,1
6285-FTQBF,49-72 months,25.94027777777778,0.9849547571879852,0,0,Low,1
8185-UPYBR,0-6 months,73.0,1.0342465753424657,0,1,High,0
4585-HETAI,0-6 months,81.3625,0.9064372407435858,1,1,High,0
7526-BEZQB,7-12 months,95.675,1.003919519205644,2,1,Premium,0
1474-JUWSM,49-72 months,68.48706896551724,0.9987286802190196,3,0,Medium,0
3530-CRZSB,7-12 months,22.271428571428572,0.9271969211032712,0,1,Low,0
8498-XXGWA,49-72 months,56.51,0.9759334631038754,2,1,Medium,0
9617-INGJY,0-6 months,70.6,1.0,0,1,High,0
0621-TSSMU,49-72 months,20.120535714285715,0.9915242955402706,0,0,Low,1
7234-KMNRQ,0-6 months,18.3625,1.034717494894486,0,1,Low,0
7636-PEPNS,49-72 months,41.60431034482759,1.0599863243612855,0,0,Medium,0
4683-WYDOU,49-72 months,111.49516129032257,0.9650643019370145,4,0,Premium,1
9052-DHNKM,25-48 months,60.84423076923077,1.0115996080786371,2,0,Medium,0
6794-HKIAJ,49-72 months,90.1040322580645,1.0066142183318567,3,1,High,1
5578-NKCXI,49-72 months,100.80431034482758,0.984580913856653,4,0,Premium,1
1642-HMARX,49-72 months,94.48088235294118,0.9705667190685946,6,0,Premium,0
3096-WPXBT,49-72 months,98.66639344262295,1.0206109343457421,4,0,Premium,1
8434-PNQZX,25-48 months,80.31904761904762,0.9767297088990337,4,0,High,1
5950-AAAGJ,13-24 months,85.4388888888889,0.9866701345991286,1,1,High,1
4299-OPXEJ,49-72 months,19.295535714285712,1.0131877284716118,0,0,Low,1
4951-UKAAQ,0-6 months,88.8,1.0016891891891893,2,1,High,0
9618-LFJRU,0-6 months,20.7125,0.9873264936632469,0,1,Low,1
6693-DJWTY,25-48 months,57.612857142857145,0.9650623620719582,2,0,Medium,1
0744-GKNGE,49-72 months,83.23828125,1.0427894316955277,2,1,High,1
6447-EGDIV,25-48 months,22.04032258064516,0.9505305525064033,0,0,Low,0
1167-OYZJF,49-72 months,18.851492537313433,1.0635762638058668,0,0,Low,1
2108-YKQTY,0-6 months,37.825,1.3403833443489754,1,1,Medium,1
4806-DXQCE,49-72 months,110.20928571428571,1.0312198220269229,6,0,Premium,0
4918-QLLIW,0-6 months,62.9,0.848966613672496,1,1,Medium,1
7056-IMHCC,49-72 months,104.70566037735848,0.9732043103758966,3,1,Premium,0
4854-SSLTN,0-6 months,65.25,0.9118773946360154,3,0,Medium,0
5294-DMSFH,25-48 months,90.40517241379311,0.9711833698865261,2,1,Premium,1
4837-PZTIC,25-48 months,39.898936170212764,1.0501533128916145,3,0,Medium,0
1625-JAIIY,49-72 months,83.61470588235295,0.9926483520348939,1,0,High,0
0603-OLQDC,7-12 months,69.79166666666667,1.0008358208955221,3,1,Medium,0
3272-VUHPV,7-12 months,50.1875,1.1217932752179327,2,1,Medium,1
4176-FXYBO,49-72 months,113.31388888888888,0.9667835167798398,5,1,Premium,0
1063-DHQJF,49-72 months,93.92608695652173,0.9810905892700089,3,0,Premium,0
8663-UPDGF,25-48 months,69.2326923076923,1.0038610038610039,3,1,Medium,1
6719-FGEDO,49-72 months,98.66944444444444,0.9830804312941641,4,0,Premium,1
1837-YQUCE,49-72 months,60.20357142857143,0.9692116034881652,5,0,Medium,1
2947-DOMLJ,0-6 months,50.6,1.0,1,1,Medium,0
4112-LUEIZ,7-12 months,86.31,1.0369597960838837,2,1,High,0
0369-ZGOVK,25-48 months,71.15,0.9894588896697118,0,0,High,1
4510-HIMLV,0-6 months,69.8,1.0,0,1,Medium,0
9919-KNPOO,13-24 months,92.77857142857142,1.0163984910308723,2,1,Premium,0
8749-JMNKX,49-72 months,93.15588235294118,1.0069144065923656,3,1,Premium,1
7872-BAAZR,49-72 months,19.016981132075472,1.0280285742633197,0,0,Low,1
9391-LMANN,49-72 months,95.03584905660377,1.0096190116937005,4,0,Premium,0
2430-USGXP,13-24 months,99.65833333333335,1.0139643782924992,3,1,Premium,0
8174-TBVCF,49-72 months,97.98642857142858,0.9674809193693004,6,0,Premium,1
1698-XFZCI,49-72 months,106.91639344262295,1.007796807678744,5,0,Premium,0
1877-HKBQX,7-12 months,56.16818181818182,0.9720806020878854,2,0,Medium,0
4450-DLLMH,0-6 months,78.875,0.9039619651347067,0,1,High,1
0428-AXXLJ,25-48 months,20.651999999999997,0.9442184776292855,0,0,Low,1
2746-DIJLO,25-48 months,57.65853658536585,0.9764382402707276,1,0,Medium,1
5955-ERIHD,13-24 months,93.775,1.0098640362569982,2,1,Premium,0
0917-EZOLA,49-72 months,106.80486111111111,0.9751428812931164,4,0,Premium,1
3508-VLHCZ,49-72 months,87.87394366197184,1.0304533542766927,6,0,High,1
4086-ATNFV,25-48 months,60.06029411764706,1.0123160549447858,3,0,Medium,0
0468-YRPXN,25-48 months,96.79655172413793,1.0206975170104378,4,1,Premium,1
5996-NRVXR,25-48 months,102.92,0.9536533229692966,5,0,Premium,1
3739-YBWAB,25-48 months,36.609722222222224,0.9655905003983459,2,0,Medium,0
7047-FWEYA,25-48 months,99.8836956521739,1.0327010762517277,4,0,Premium,0
2000-MPKCA,49-72 months,109.1853448275862,0.9868540523469267,5,0,Premium,0
9762-YAQAA,25-48 months,82.40384615384616,0.9878179696616103,1,0,High,1
5949-EBSQK,0-6 months,57.3875,1.0707906774123284,2,1,Medium,1
5473-KHBPS,49-72 months,95.6951923076923,1.0000502396430977,3,0,Premium,1
0100-DUVFC,49-72 months,104.41357142857143,1.0037009419957723,4,0,Premium,0
5397-TUPSH,49-72 months,70.08,1.012414383561644,0,0,Medium,1
8950-MTZNV,0-6 months,44.95,1.0,0,1,Medium,0
0326-VDYXE,49-72 months,99.75,0.9789473684210527,3,0,Premium,0
6773-LQTVT,25-48 months,35.35,1.0084865629420083,2,1,Low,0
7274-RTAPZ,0-6 months,90.55,1.0,2,1,Premium,0
0436-TWFFZ,49-72 months,85.2865671641791,0.9995712435686536,5,0,High,0
8566-YPRGL,0-6 months,19.5,1.0,0,1,Low,0
0311-UNPFF,25-48 months,87.475,1.0151471849099742,2,1,High,1
6609-MXJHJ,25-48 months,26.31833333333333,0.9537078082452031,0,0,Low,0
2669-OIDSD,25-48 months,100.70833333333333,0.9934629706247414,4,1,Premium,1
8400-WZICQ,49-72 months,56.941818181818185,0.9781914553930647,2,1,Medium,0
3834-XUIFC,7-12 months,86.07857142857142,0.9897933781428928,1,1,High,0
9576-SYUHJ,25-48 months,91.0608108108108,1.0009794464643467,2,1,Premium,0
0410-IPFTY,25-48 months,86.26290322580645,0.9720284950358057,2,1,High,1
2831-EBWRN,0-6 months,49.9375,0.9191489361702128,0,1,Medium,0
9430-NKQLY,49-72 months,24.87222222222222,1.0091579182488275,0,0,Low,1
8414-MYSHR,0-6 months,89.95,1.0161200667037242,2,1,High,0
0247-SLUJI,0-6 months,19.7,1.0,0,1,Low,0
9402-ORRAH,13-24 months,93.35333333333332,0.9801471113332858,2,1,Premium,0
6483-OATDN,7-12 months,51.45,0.9970845481049562,1,1,Medium,1
1293-HHSHJ,25-48 months,21.17142857142857,0.9966261808367073,0,0,Low,0
4840-ORQXB,49-72 months,104.30982142857144,1.0042199149169284,4,1,Premium,0
7599-FKVXZ,25-48 months,107.4452380952381,0.9879451326257008,4,1,Premium,1
3982-DQLUS,49-72 months,87.51461538461538,0.9798363350297533,2,1,High,0
8610-ZIKJJ,0-6 months,15.95,1.272727272727273,0,0,Low,0
3756-VNWDH,49-72 months,102.68692307692307,0.9811375877386831,3,0,Premium,0
7801-KICAO,13-24 months,74.76388888888889,0.991788965261007,0,1,High,0
7673-LPRNY,13-24 months,80.13260869565217,0.9802501288624834,4,0,High,0
8229-TNIQA,0-6 months,49.2375,0.92003046458492,0,1,Medium,0
6060-QBMGV,49-72 months,20.482857142857142,0.969103082717255,0,0,Low,1
7339-POGZN,0-6 months,53.6375,0.9452342111395945,0,1,Medium,0
2828-SLQPF,13-24 months,45.57105263157895,0.9874689611364554,0,1,Medium,1
4465-VDKIQ,13-24 months,75.47777777777777,1.030766965994406,2,1,High,0
2921-XWDJH,25-48 months,82.81973684210527,1.007610059895461,2,1,High,0
6221-AVQYL,0-6 months,65.525,1.1178939336131246,0,1,Medium,1
2558-BUOZZ,25-48 months,96.50744680851065,0.9823076159925922,3,0,Premium,1
9257-AZMTZ,49-72 months,20.745192307692307,0.968899188876014,0,0,Low,1
0003-MKNFE,7-12 months,60.266666666666666,0.9939159292035398,1,1,Medium,0
0975-UYDTX,25-48 months,88.94423076923077,1.0129943136364619,6,0,High,1
7743-EXURX,7-12 months,51.88125,0.983977833995904,1,1,Medium,0
4682-BLBUC,25-48 months,73.87386363636364,0.960420864803335,4,0,High,0
0975-VOOVL,0-6 months,32.833333333333336,0.8893401015228426,1,1,Low,0
5968-VXZLG,0-6 months,43.95,1.0602957906712172,0,1,Medium,1
5569-KGJHX,7-12 months,83.85,1.0178890876565294,1,1,High,1
4988-IQIGL,0-6 months,75.35,1.0,0,1,High,0
5201-FRKKS,25-48 months,78.09,0.9514662568830835,1,1,High,1
9799-CAYJJ,0-6 months,76.9,0.9011703511053315,0,1,High,0
7730-IUTDZ,25-48 months,74.38604651162791,1.0109422872506721,1,1,High,0
0426-TIRNE,0-6 months,20.9,1.0,0,1,Low,0
5443-SCMKX,49-72 months,96.72672413793103,0.97491154425461,3,0,Premium,0
8295-KMENE,49-72 months,76.60169491525424,0.9980196924438544,4,0,High,0
6738-ISCBM,25-48 months,55.46022727272727,0.9736707304579448,4,0,Medium,0
9821-BESNZ,49-72 months,103.94848484848485,1.0029006209369442,4,0,Premium,0
3678-MNGZX,49-72 months,20.26029411764706,0.9846846192930245,0,0,Low,1
1335-NTIUC,7-12 months,21.13888888888889,1.1802890932982917,0,1,Low,0
2916-BQZLN,13-24 months,86.94473684210527,0.9747571052392626,2,1,High,0
4558-CGYCZ,0-6 months,19.575,1.0089399744572158,0,1,Low,0
2368-GAKKQ,49-72 months,113.41785714285714,1.0020467928330763,6,0,Premium,1
8710-YGLWG,0-6 months,44.9,1.0,0,1,Medium,0
3199-XGZCY,7-12 months,72.0875,1.0438702965146522,0,1,High,0
3785-KTYSH,49-72 months,24.132075471698112,1.0193901485535575,0,0,Low,0
6814-ZPWFQ,49-72 months,24.719607843137254,1.0113429047354645,0,0,Low,1
4063-EIKNQ,7-12 months,24.30454545454546,0.8619786796334391,0,1,Low,1
6993-YCOBK,49-72 months,109.78083333333333,1.0074618368415857,5,0,Premium,0
5206-HPJKM,13-24 months,54.949999999999996,1.0100090991810737,2,1,Medium,1
7587-RZNME,0-6 months,41.21666666666667,1.0505458956732712,0,1,Medium,0
0748-RDGGM,49-72 months,107.63785714285714,1.0173000736596922,6,0,Premium,1
8393-JMVMB,0-6 months,19.45,1.0,0,1,Low,0
5019-GQVCR,25-48 months,84.78139534883721,1.0008091946456001,1,1,High,0
6036-TTFYU,13-24 months,19.653125,0.9972968675465099,0,1,Low,0
2550-AEVRU,49-72 months,53.56140350877193,0.9979200786112021,2,0,Medium,0
0969-RGKCU,25-48 months,18.298648648648648,1.082047116165719,0,0,Low,1
0378-CJKPV,49-72 months,110.63819444444444,1.013212485642014,6,0,Premium,1
4706-AXVKM,7-12 months,82.44090909090909,1.0286155372994432,1,1,High,1
5889-JTMUL,49-72 months,97.774,0.9721398326753533,3,1,Premium,0
9026-RNUJS,0-6 months,47.45,1.0611169652265542,1,1,Medium,0
3746-EUBYR,0-6 months,74.6,1.0,0,1,High,1
2332-EFBJY,13-24 months,21.4,0.9205607476635514,0,1,Low,0
2880-FPNAE,0-6 months,70.05,1.059243397573162,1,1,Medium,0
1703-MGIAB,13-24 months,65.17647058823529,1.058664259927798,3,1,Medium,0
4311-QTTAI,13-24 months,18.471875,1.0475384875655558,0,0,Low,1
9474-PHLYD,13-24 months,59.51,0.998991766089733,2,1,Medium,0
4318-RAJVY,7-12 months,19.825,0.9987389659520808,0,0,Low,0
2165-VOEGB,25-48 months,104.8445652173913,1.0033901116559711,5,0,Premium,1
3612-YUNGG,49-72 months,105.33046875,1.036737055250217,5,0,Premium,1
2254-DLXRI,0-6 months,79.15,1.0,1,1,High,0
5062-CJJKH,25-48 months,54.218,0.9895237743922681,2,0,Medium,0
9028-LIHRP,49-72 months,101.53521126760563,0.9868497711194341,5,0,Premium,1
2219-MVUSO,7-12 months,54.8,0.8239051094890512,0,1,Medium,0
1053-MXTTK,49-72 months,107.31041666666667,1.0124832553534333,6,0,Premium,1
1530-ZTDOZ,49-72 months,42.26020408163265,0.9618978630930822,2,1,Medium,1
1301-LOPVR,25-48 months,56.44655172413793,0.9805736277833776,5,0,Medium,1
0853-TWRVK,49-72 months,105.29861111111111,1.0028622304293344,5,0,Premium,1
8914-RBTSB,25-48 months,97.40322580645162,0.9630071203841695,3,1,Premium,0
6212-ATMLK,49-72 months,94.595,1.0116813785083778,2,1,Premium,0
8200-LGKSR,49-72 months,86.2830985915493,0.9642676417296485,5,0,High,0
1568-BEKZM,49-72 months,90.47714285714285,0.9952789970631888,6,0,Premium,1
0670-ANMUU,49-72 months,94.19507042253521,1.0366784542117422,3,0,Premium,1
6897-RWMUB,49-72 months,68.16803278688525,0.998268502374797,4,0,Medium,1
0963-ZBDRN,25-48 months,99.48125,0.9670163975623547,3,1,Premium,0
7594-RQHXR,0-6 months,79.6,1.0,1,1,High,0
6999-CHVCF,49-72 months,105.1375,0.9711092616811318,4,0,Premium,1
6134-KWTBV,49-72 months,23.058870967741935,1.0147938306578532,0,0,Low,1
1077-HUUJM,7-12 months,67.52142857142857,1.052258542261716,0,1,Medium,0
6331-EWIEB,13-24 months,86.725,0.9829922167771693,1,1,High,0
0895-LNKRC,0-6 months,18.916666666666668,1.028193832599119,0,0,Low,0
2045-BMBTJ,25-48 months,57.11060606060607,1.040962512933436,5,1,Medium,1
8417-GSODA,25-48 months,91.71964285714286,1.0052372330276658,2,0,Premium,1
5171-EPLKN,25-48 months,17.40740740740741,1.1403191489361701,0,0,Low,1
4452-QIIEB,7-12 months,39.771428571428565,1.103807471264368,0,1,Medium,0
5998-VVEJY,25-48 months,80.33846153846154,1.0020107238605898,1,1,High,0
1624-NALOJ,0-6 months,100.52000000000001,0.8933545563072024,2,1,Premium,0
6741-EGCBI,25-48 months,86.52833333333334,1.0459001868366815,2,1,High,1
7820-ZYGNY,49-72 months,92.46825396825396,0.9781735473349928,2,0,Premium,1
4317-VTEOA,0-6 months,50.75,1.0,1,1,Medium,0
9677-AVKED,49-72 months,83.95754716981132,1.0076521152873756,5,0,High,0
1670-SVOWZ,13-24 months,86.31071428571428,1.0386891215293583,3,1,High,1
2227-JRSJX,13-24 months,93.16190476190476,1.0642762216315682,4,1,Premium,1
9847-HNVGP,13-24 months,18.27058823529412,1.091918866709594,0,0,Low,0
6696-YDAYZ,13-24 months,18.159375,1.1288934778867665,0,0,Low,0
8980-WQFWL,25-48 months,59.888571428571424,1.0369257191927868,2,1,Medium,0
1730-ZMAME,25-48 months,83.28125,0.9545966228893058,1,1,High,0
6506-EYCNH,25-48 months,19.42142857142857,1.0066200809121002,0,1,Low,1
4634-JLRJT,0-6 months,20.35,1.0,0,1,Low,0
9501-UKKNL,49-72 months,50.94576271186441,1.0148047108922749,3,1,Medium,0
2560-QTSBS,49-72 months,22.543750000000003,1.0335458830052675,0,0,Low,1
7541-YLXCL,25-48 months,69.4,0.9423631123919308,3,0,Medium,0
4795-WRNVT,25-48 months,64.65,1.0069605568445474,3,1,Medium,0
6080-TCMYC,25-48 months,82.3075,0.9865443610849558,1,1,High,0
0260-ZDLGK,7-12 months,72.37777777777778,1.0072152287381027,4,1,High,0
7860-UXCRM,49-72 months,74.19920634920635,1.0040538661475436,5,0,High,1
6357-JJPQT,0-6 months,77.45,1.0393802453195609,1,1,High,0
2292-XQWSV,25-48 months,61.2125,0.9850929140289973,5,0,Medium,0
9552-TGUZV,7-12 months,82.2625,0.9117155447500379,1,1,High,0
5913-INRQV,25-48 months,92.02352941176471,0.9796407568396829,3,0,Premium,0
8722-NGNBH,0-6 months,44.69,0.8950548221078541,3,1,Medium,0
6210-KBBPI,7-12 months,102.15555555555555,0.9735153360887536,3,1,Premium,1
9643-YBLUR,7-12 months,72.66111111111111,0.9503020108570991,3,1,High,1
8734-FNWVH,25-48 months,58.88709677419355,1.0138044371405095,1,1,Medium,1
9447-YPTBX,49-72 months,18.862000000000002,1.0523804474605025,0,0,Low,1
0133-BMFZO,0-6 months,90.825,0.9496284062758051,3,1,Premium,0
6128-CZOMY,0-6 months,45.65,1.0,0,1,Medium,0
9540-JYROE,7-12 months,68.91875,1.0171397478915387,0,1,Medium,0
9026-LHEVG,7-12 months,39.93333333333333,1.0204507512520868,2,1,Medium,0
2260-USTRB,0-6 months,57.975,1.2108667529107373,0,1,Medium,1
3656-TKRVZ,0-6 months,55.06666666666666,1.0051452784503634,2,1,Medium,0
7011-CVEUC,25-48 months,93.53399999999999,1.0231573545448716,3,1,Premium,1
6185-TASNN,0-6 months,46.3,1.0,0,1,Medium,0
7925-PNRGI,25-48 months,78.69111111111111,1.0331535398604952,5,1,High,0
8623-TMRBY,49-72 months,81.29509803921569,1.0357328059237105,2,1,High,0
1552-CZCLL,49-72 months,19.76818181818182,1.0117268337548861,0,1,Low,1
3038-PQIUY,25-48 months,66.37894736842105,0.9965509039010467,3,1,Medium,1
1501-SGHBW,0-6 months,40.5,1.1320987654320989,0,1,Medium,0
9313-CDOGY,25-48 months,18.876315789473683,1.038338212742228,0,1,Low,0
8148-BPLZQ,25-48 months,51.00588235294118,0.9763579748587244,1,1,Medium,0
2623-DRYAM,49-72 months,100.99000000000001,1.007525497574017,3,0,Premium,0
9987-LUTYD,13-24 months,57.146153846153844,0.9650693229236775,2,0,Medium,0
3208-YPIOE,25-48 months,77.37564102564103,0.9725282918827564,0,1,High,0
4488-KQFDT,49-72 months,105.29508196721312,0.9872255955161139,4,0,Premium,0
2612-RANWT,7-12 months,97.02499999999999,1.0322081937644938,3,1,Premium,1
5693-PIPCS,25-48 months,102.93536585365854,0.968083215847027,4,0,Premium,1
0491-KAPQG,13-24 months,74.22380952380952,0.9929428369795343,0,1,High,0
1925-LFCZZ,49-72 months,49.880909090909086,1.0033898922889064,3,0,Medium,1
8039-EQPIM,49-72 months,58.77536231884058,1.025089384786093,5,0,Medium,1
6900-PXRMS,25-48 months,104.24038461538461,1.0144820588506596,4,1,Premium,0
8707-RMEZH,49-72 months,87.76159420289855,0.9947403621471212,3,0,High,1
3346-BRMIS,13-24 months,45.03888888888889,1.0735167139509065,3,1,Medium,0
3209-ZPKFI,25-48 months,54.00425531914893,1.0045504688361833,1,1,Medium,0
6479-VDGRK,49-72 months,85.12777777777778,1.002023102525615,6,0,High,1
9373-WSLOY,25-48 months,53.056060606060605,0.9423994060027987,4,1,Medium,0
2933-FILNV,0-6 months,18.275,1.33515731874145,0,1,Low,0
3569-JFODW,49-72 months,92.39513888888888,0.9843591458785862,6,0,Premium,1
9819-FBNSV,25-48 months,69.60675675675675,1.0379739463006465,0,1,Medium,1
9544-PYPSJ,49-72 months,97.08629032258065,0.9898410957993802,3,1,Premium,1
1591-XWLGB,49-72 months,19.430985915492958,1.0215642215134821,0,0,Low,1
0396-UKGAI,13-24 months,55.834782608695654,0.9904220526397757,2,1,Medium,1
3243-ZHOHY,13-24 months,18.509375,1.0859361809893637,0,0,Low,0
5186-EJEGL,7-12 months,72.58333333333333,0.9575200918484501,4,1,High,0
7527-QNRUS,13-24 months,24.27058823529412,1.0362336403296168,0,0,Low,0
9986-BONCE,0-6 months,21.375,0.9801169590643275,0,1,Low,1
2722-JMONI,0-6 months,49.55,1.0,1,1,Medium,0
2203-GHNWN,13-24 months,80.3625,0.9911339244050398,1,1,High,0
3878-AVSOQ,0-6 months,71.25,1.0,0,1,High,0
3258-SYSWS,49-72 months,108.96944444444445,1.0443294501516733,6,0,Premium,1
5296-PSYVW,49-72 months,24.31527777777778,1.009653281544525,0,0,Low,0
6319-QSUSR,7-12 months,19.654545454545453,1.0023126734505088,0,1,Low,1
4083-EUGRJ,7-12 months,19.833333333333332,1.0210084033613447,0,1,Low,0
7579-OOPEC,0-6 months,57.55,0.8714161598609904,1,1,Medium,1
0512-FLFDW,49-72 months,100.48333333333333,1.0001658649859015,3,0,Premium,1
1771-OADNZ,25-48 months,94.66206896551724,1.013077371411919,3,1,Premium,0
0487-CRLZF,49-72 months,75.95714285714286,0.9801579838254656,4,0,High,1
2107-FBPTK,25-48 months,104.03666666666666,1.0006087597321458,4,1,Premium,0
9451-WLYRI,49-72 months,18.687735849056605,1.0193851279721338,0,0,Low,1
8219-VYBVI,25-48 months,25.752564102564104,0.9707771195300442,0,0,Low,0
1991-VOPLL,7-12 months,17.516666666666666,1.087535680304472,0,1,Low,0
9738-QLWTP,25-48 months,82.5576923076923,0.9920335429769392,2,0,High,0
1016-DJTSV,7-12 months,71.60625,0.9733787204329231,0,1,High,0
9419-IPPBE,49-72 months,89.31078431372549,1.009396577274773,2,0,High,0
0174-QRVVY,49-72 months,26.021830985915493,0.974182024843712,0,0,Low,1
5699-BNCAS,49-72 months,24.883802816901408,0.9906042167822272,0,0,Low,0
2900-PHPLN,49-72 months,20.88642857142857,0.9360145001880922,0,0,Low,1
0612-RTZZA,0-6 months,25.25,1.0,0,1,Low,0
8106-GWQOK,25-48 months,57.715789473684204,1.0395768739741018,5,0,Medium,1
8751-EDEKA,25-48 months,86.91071428571429,1.0343949044585987,3,1,High,1
6878-GGDWG,25-48 months,20.0359375,0.9682601575294393,0,1,Low,1
4039-PIMHX,49-72 months,48.946938775510205,1.0174282855236825,1,0,Medium,0
8450-LUGUK,25-48 months,23.293243243243243,1.0346347972384986,0,0,Low,1
3604-WLABM,7-12 months,58.3,0.9305317324185249,2,1,Medium,0
0795-GMVQO,49-72 months,109.43880597014925,1.0042141727128908,5,0,Premium,1
2259-OUUSZ,7-12 months,35.65,0.9957924263674615,2,0,Medium,1
1142-IHLOO,49-72 months,87.7627450980392,0.9975759065215936,2,0,High,1
6410-LEFEN,7-12 months,46.27222222222222,0.975747388642094,0,1,Medium,0
4633-MKHYU,7-12 months,87.62222222222222,1.008876489982247,2,1,High,0
6257-RJOHI,0-6 months,50.575,1.0044488383588728,1,1,Medium,0
1545-JFUML,49-72 months,98.51549295774649,1.004918079661453,4,0,Premium,0
3194-ORPIK,49-72 months,82.323,1.0252298871518288,1,1,High,1
7826-VVKWT,13-24 months,94.31041666666665,1.0237469349886237,3,0,Premium,0
1353-GHZOS,13-24 months,62.470454545454544,0.9564521410121148,2,0,Medium,1
2587-EKXTS,25-48 months,111.70795454545454,0.9981384087972901,5,1,Premium,0
5442-BXVND,25-48 months,25.40909090909091,0.9543828264758497,0,1,Low,1
8816-VXNZD,0-6 months,75.1,1.0,0,1,High,0
9378-FXTIZ,49-72 months,68.80833333333334,1.0194986072423398,2,0,Medium,1
1723-HKXJQ,25-48 months,101.74880952380951,1.000011700148592,3,1,Premium,0
7825-GKXMW,0-6 months,45.8,1.0,0,1,Medium,0
9753-OYLBX,0-6 months,20.5,1.0,0,1,Low,0
2364-UFROM,25-48 months,68.15833333333333,1.0328891062477077,4,0,Medium,0
6656-JWRQX,0-6 months,30.55,1.0,1,1,Low,0
6473-ULUHT,13-24 months,87.390625,0.9715000893974611,5,1,High,0
1240-KNSEZ,0-6 months,20.1,1.0,0,1,Low,0
0836-SEYLU,7-12 months,36.55,1.1121751025991793,2,1,Medium,0
4433-JCGCG,25-48 months,101.74021739130436,0.992724436704736,3,1,Premium,0
3716-BDVDB,0-6 months,69.1,1.0,0,1,Medium,0
7688-AWMDX,49-72 months,53.21408450704225,1.024164946270711,2,0,Medium,1
2842-BCQGE,25-48 months,73.52093023255814,1.0248782185107863,0,1,High,1
7244-QWYHG,49-72 months,43.769,1.0155589572528503,3,0,Medium,1
5899-MQZZL,13-24 months,76.88076923076923,0.9755365450998049,0,1,High,0
6849-OYAMU,13-24 months,99.40263157894738,1.0060095835649803,4,0,Premium,1
5312-UXESG,25-48 months,97.33170731707317,1.007379842630181,3,1,Premium,1
9488-HGMJH,0-6 months,71.15,1.0,0,1,High,0
6038-GCYEC,13-24 months,51.677083333333336,1.0478532553920579,4,1,Medium,1
2150-WLKUW,25-48 months,65.875,0.9700189753320683,2,0,Medium,1
7159-FVYPK,0-6 months,78.33333333333333,0.8827659574468086,3,1,High,1
7032-LMBHI,25-48 months,63.4554054054054,1.0188257341823372,2,0,Medium,1
1150-WFARN,49-72 months,106.80895522388059,1.0181730527374864,5,0,Premium,1
6088-BXMRG,25-48 months,96.55,1.023821853961678,3,1,Premium,0
3144-AUDBS,0-6 months,45.13333333333333,1.0889955686853767,1,1,Medium,0
4821-SJHJV,25-48 months,90.68125,0.988076366393273,2,1,Premium,0
7346-MEDWM,49-72 months,83.88305084745764,0.992453173304237,2,1,High,0
1137-DGOWI,25-48 months,73.29666666666667,0.9584337623357133,4,0,High,1
5616-PRTNT,13-24 months,18.725,1.036048064085447,0,1,Low,0
3812-LRZIR,25-48 months,28.22037037037037,0.8681672025723473,0,0,Low,0
4818-QIUFN,13-24 months,76.045,1.0408310868564665,1,1,High,0
9483-GCPWE,7-12 months,21.13888888888889,0.9508541392904074,0,0,Low,0
4227-OJHAL,49-72 months,75.92647058823529,0.9614565175285688,4,0,High,1
9220-CXRSC,49-72 months,58.83840579710145,1.0435360912348979,2,0,Medium,1
4993-JCRGJ,25-48 months,87.75384615384615,0.9606416549789621,2,1,High,0
9537-JALFH,49-72 months,19.66231884057971,1.0120881550821845,0,0,Low,1
6698-OXETB,7-12 months,21.04090909090909,0.9695398574206092,0,0,Low,0
2103-ZRXFN,0-6 months,50.75,1.0,0,1,Medium,0
3724-BSCVH,7-12 months,24.240000000000002,0.8436468646864685,0,0,Low,0
4877-TSOFF,49-72 months,77.53181818181818,0.9770182329835259,4,0,High,1
9209-NWPGU,25-48 months,63.05795454545455,1.0371411580256258,3,0,Medium,0
6961-VCPMC,25-48 months,78.37391304347825,1.0258515477643406,1,1,High,0
7306-YDSOI,49-72 months,58.984057971014494,1.0129855770412048,3,0,Medium,1
5288-AHOUP,7-12 months,79.47272727272728,0.9877602379318232,1,1,High,0
6688-UZPWD,7-12 months,104.12272727272726,0.9796132186667832,3,1,Premium,0
0655-YDGFJ,25-48 months,45.6448275862069,1.0724106670695777,1,1,Medium,1
8468-EHYJA,49-72 months,96.43947368421053,1.033290583130952,3,1,Premium,0
6823-SIDFQ,25-48 months,19.09642857142857,0.955676080044885,0,0,Low,1
1097-FSPVW,25-48 months,58.453571428571436,0.9332192827029998,2,1,Medium,1
2839-RFSQE,0-6 months,19.35,1.0671834625322996,0,1,Low,0
8328-SKJNO,13-24 months,41.19130434782608,0.9868587713742876,3,0,Medium,1
7010-ZMVBF,13-24 months,19.833333333333332,1.03109243697479,0,1,Low,0
5201-CBWYG,49-72 months,23.81048387096774,1.0415580016934802,0,0,Low,1
0968-GSIKN,0-6 months,70.8,1.0,0,1,High,0
1965-DDBWU,13-24 months,90.5375,0.9835703437802016,2,1,Premium,1
9057-SIHCH,0-6 months,97.3,0.9928057553956834,2,1,Premium,0
6352-GIGGQ,49-72 months,88.10671641791045,1.007868680280867,6,0,High,1
3635-QQRQD,49-72 months,19.381451612903227,1.034494237090667,0,0,Low,1
6771-XWBDM,49-72 months,103.88333333333334,1.0059361463179848,4,1,Premium,1
2897-DOVND,0-6 months,73.325,0.951926355267644,0,1,High,0
3082-YVEKW,13-24 months,76.49565217391304,1.008554052517904,4,0,High,1
0191-EQUUH,25-48 months,33.778,1.0376576469891645,2,0,Low,1
7134-HBPBS,49-72 months,107.97291666666666,1.0011769926872094,5,0,Premium,1
3489-HHPFY,0-6 months,67.025,1.2540096978739275,1,1,Medium,0
2926-JEJJC,7-12 months,17.61875,1.1465058531394112,0,0,Low,1
8601-QACRS,0-6 months,49.989999999999995,1.0122024404880978,0,1,Medium,0
4950-BDEUX,25-48 months,48.61857142857143,1.0119589809890401,3,1,Medium,0
5789-LDFXO,13-24 months,24.693749999999998,0.9962034927866364,0,0,Low,0
0508-OOLTO,0-6 months,67.875,1.0556169429097606,0,1,Medium,0
2984-TBYKU,49-72 months,107.39791666666666,0.9767414793117496,5,0,Premium,1
9822-WMWVG,25-48 months,104.44878048780487,1.0196385204558194,5,1,Premium,0
2391-SOORI,0-6 months,54.9125,0.898702481220123,1,1,Medium,0
9040-KZVWO,25-48 months,77.61923076923077,0.9726970913235221,1,0,High,1
2645-QTLMB,7-12 months,95.57142857142857,0.9861733931240658,3,1,Premium,0
4806-HIPDW,0-6 months,68.95,1.0,0,1,Medium,0
1548-ARAGG,0-6 months,56.2125,1.0406937958639093,2,1,Medium,0
6339-RZCBJ,25-48 months,78.57291666666667,1.0041627999469707,5,0,High,1
4424-TKOPW,0-6 months,98.375,0.9540025412960609,2,1,Premium,0
4415-WNGVR,7-12 months,78.65416666666667,1.0069396620225672,5,0,High,0
2522-AHJXR,49-72 months,109.5475,0.9991099751249458,5,1,Premium,1
0412-UCCNP,49-72 months,57.74272727272727,1.0252373380354867,3,0,Medium,0
1816-FLZDK,0-6 months,29.15,1.0,1,1,Low,0
7096-UCLNH,0-6 months,20.05,1.0,0,1,Low,0
8443-ZRDBZ,0-6 months,79.725,0.9539040451552211,0,1,High,0
9136-ALYBR,0-6 months,24.45,1.0,0,1,Low,0
4615-PIVVU,25-48 months,65.7797619047619,1.0109492353633156,3,0,Medium,1
8885-QSQBX,0-6 months,49.55,1.0,1,1,Medium,1
7479-NITWS,7-12 months,90.26428571428572,0.9898710136899579,2,1,Premium,1
8617-ENBDS,0-6 months,77.5,0.9496774193548386,1,1,High,1
9385-NXKDA,49-72 months,82.21319444444445,1.0053130833621935,5,0,High,1
0430-IHCDJ,13-24 months,49.95,0.980980980980981,0,1,Medium,0
2959-MJHIC,0-6 months,76.85,1.0455432661027977,1,1,High,0
6674-KVJHG,7-12 months,22.286363636363635,1.1307362839078117,0,0,Low,0
1814-DKOLC,0-6 months,26.95,0.9443413729128015,0,1,Low,0
4201-JMNGR,0-6 months,55.8,1.0,2,1,Medium,0
9351-HXDMR,49-72 months,114.45625000000001,0.9689291759951946,5,0,Premium,1
3537-HPKQT,49-72 months,77.57090909090908,1.002308738046128,1,1,High,1
2129-ALKBS,25-48 months,26.9375,0.9726218097447795,0,1,Low,0
5821-MMEIL,49-72 months,19.5719298245614,1.0167622803872356,0,0,Low,1
5960-WPXQM,0-6 months,79.05,1.0,1,1,High,0
0684-AOSIH,0-6 months,95.0,1.0,3,1,Premium,0
8260-NGFNY,0-6 months,25.2,1.0,0,1,Low,0
1309-XGFSN,49-72 months,78.45288461538462,1.0305548406074199,4,0,High,0
1866-RZZQS,25-48 months,102.14024390243902,0.9633812906692139,3,1,Premium,0
6968-URWQU,25-48 months,55.608139534883726,1.0133408610919432,1,0,Medium,0
4742-TXUEX,25-48 months,18.9468085106383,1.0186412128017968,0,0,Low,1
9631-XEYKE,0-6 months,45.75,1.1016393442622952,0,1,Medium,1
8631-NBHFZ,49-72 months,78.10000000000001,1.0166453265044815,5,0,High,1
1335-MXCSE,49-72 months,56.72545454545455,0.9739895509471457,2,0,Medium,1
8873-TMKGR,25-48 months,18.25862068965517,1.0460812086874411,0,0,Low,0
8800-JOOCF,7-12 months,80.54583333333333,1.043505250633697,1,1,High,0
1469-LBJQJ,49-72 months,105.10378787878788,1.000915401082624,4,1,Premium,0
4958-XCBDQ,25-48 months,99.89428571428572,1.0150730772530963,3,1,Premium,0
8337-UPOAQ,7-12 months,91.42999999999999,0.9821721535601007,2,1,Premium,0
0064-YIJGF,25-48 months,71.44444444444444,1.0602643856920684,0,1,High,1
2386-OWURY,49-72 months,100.3051724137931,0.9501005552022277,3,1,Premium,0
1725-IQNIY,49-72 months,113.15185185185184,0.9699355176589964,6,0,Premium,1
0310-VQXAM,7-12 months,19.866666666666667,0.9991610738255035,0,1,Low,0
6598-RFFVI,0-6 months,14.15,1.3639575971731448,0,0,Low,1
3453-RTHJQ,0-6 months,72.5,0.953103448275862,0,1,High,0
6712-OAWRH,25-48 months,90.45384615384616,1.008801768857896,2,1,Premium,0
6278-FEPBZ,7-12 months,20.683333333333334,0.9790491539081386,0,1,Low,0
4280-DLSHD,7-12 months,55.73125,0.982393181563306,2,1,Medium,0
1508-DFXCU,7-12 months,76.0,1.0717105263157896,1,1,High,0
8614-VGMMV,13-24 months,45.30333333333333,1.0838054594952544,0,1,Medium,0
7868-BGSZA,25-48 months,83.29302325581395,0.9628657583203039,4,0,High,0
2800-QQUSO,25-48 months,100.54642857142856,0.9975491066671404,3,1,Premium,0
2930-UOTMB,25-48 months,64.33225806451613,1.0142656571228001,3,1,Medium,1
7973-DZRKH,49-72 months,89.84924242424243,1.0122511614573233,3,0,High,1
5914-DVBWJ,13-24 months,83.65833333333333,1.021416475744596,2,1,High,0
7698-YFGEZ,0-6 months,20.0,1.0,0,1,Low,0
2533-QVMSK,49-72 months,92.43114754098362,1.0180550875263819,3,0,Premium,0
9773-PEQBZ,7-12 months,79.725,1.0015678896205706,1,1,High,0
8644-XLFBW,0-6 months,71.65,1.0,0,1,High,0
0650-BWOZN,13-24 months,75.525,0.9738497186362131,1,1,High,0
8625-AZYZY,13-24 months,105.93541666666665,0.98786603473028,4,1,Premium,0
7785-RDVIG,0-6 months,18.233333333333334,1.0585009140767825,0,1,Low,0
9602-WCXPI,49-72 months,19.781,1.0186542641929124,0,0,Low,1
2903-YYTBW,0-6 months,44.55,1.0,0,1,Medium,0
3620-MWJNE,0-6 months,43.65,1.2474226804123711,2,1,Medium,0
8573-JGCZW,13-24 months,20.679411764705883,0.9502204522827478,0,0,Low,1
6837-HAEVO,49-72 months,105.76449275362319,0.9927717447158371,4,0,Premium,0
6701-YVNQG,49-72 months,87.52361111111111,1.0134408175571672,6,0,High,1
9306-CPCBC,0-6 months,70.10000000000001,1.0592011412268187,0,1,Medium,0
4304-XUMGI,49-72 months,76.449,0.9830082800298239,4,0,High,1
9504-YAZWB,49-72 months,19.782075471698114,1.023653965377462,0,0,Low,0
8819-ZBYNA,49-72 months,110.2353448275862,0.9897007186818171,5,0,Premium,1
6174-NRBTZ,25-48 months,32.37608695652174,0.949775062109716,1,0,Low,1
9481-IEBZY,49-72 months,111.96527777777777,1.00834832227253,6,1,Premium,1
1833-VGRUM,0-6 months,74.2,1.0,0,1,High,0
6137-NICCO,0-6 months,86.45833333333333,1.0878072289156626,3,1,High,0
9065-ZCPQX,49-72 months,80.04374999999999,0.985086280940111,5,0,High,1
6402-EJMWF,0-6 months,59.625,0.9274633123689727,1,1,Medium,0
3620-EHIMZ,49-72 months,19.840384615384615,0.975283512649026,0,0,Low,0
3213-VVOLG,0-6 months,0.0,0.0,0,0,Low,0
6870-ECSHE,0-6 months,17.4,1.1752873563218391,0,0,Low,0
8747-UDCOI,49-72 months,20.306923076923077,0.9528770029167772,0,0,Low,1
8374-XGEJJ,25-48 months,102.05581395348837,0.9896545437972838,3,1,Premium,0
2656-TABEH,0-6 months,105.05,0.9538315088053309,3,1,Premium,0
6946-LMSQS,25-48 months,87.098,1.022411536430228,2,0,High,0
4626-OZDTJ,49-72 months,77.46764705882353,1.015262538441095,4,0,High,1
9169-BSVIN,7-12 months,68.92083333333333,1.0845777159784777,3,1,Medium,1
2325-ZUSFD,49-72 months,68.65438596491228,1.0210563974139473,3,0,Medium,1
8194-PEEBY,13-24 months,22.229166666666668,0.8952202436738518,0,0,Low,0
6872-HXFNF,49-72 months,58.69453125,0.9941300962344768,2,0,Medium,1
3932-CMDTD,0-6 months,110.975,0.95201621986934,5,0,Premium,0
7714-YXSMB,25-48 months,99.99807692307692,1.0050193272947556,3,1,Premium,1
8387-UGUSU,13-24 months,18.953333333333333,1.0578614139992966,0,1,Low,0
1080-BWSYE,49-72 months,27.2,0.9430147058823529,0,0,Low,1
4039-HEUNW,25-48 months,95.44722222222222,1.011029946741946,3,1,Premium,0
1194-HVAIF,25-48 months,91.20555555555556,1.0416032161783517,2,1,Premium,1
0812-WUPTB,0-6 months,70.85,1.0,0,1,High,0
3594-UVONA,25-48 months,88.86,0.9672518568534774,5,0,High,1
0004-TLHLJ,0-6 months,70.2125,1.0525191383300694,1,1,Medium,0
1767-TGTKO,7-12 months,51.46875,0.8830601092896175,0,1,Medium,0
8439-LTUGF,7-12 months,19.86,1.0070493454179255,0,1,Low,1
8805-JNRAZ,0-6 months,51.85,0.9488910318225651,1,1,Medium,0
5089-IFSDP,49-72 months,105.94051724137931,1.0331269173495212,5,0,Premium,1
6418-HNFED,49-72 months,80.18529411764706,1.0382202985731577,6,0,High,1
0206-OYVOC,25-48 months,18.786956521739132,1.0246470724369359,0,0,Low,0
7291-CDTMJ,0-6 months,19.65,1.0,0,1,Low,1
7128-GGCNO,25-48 months,70.63913043478261,1.0305902628177508,0,1,High,1
0237-YFUTL,49-72 months,108.116,1.0141884642421104,5,1,Premium,1
7691-KGKGP,49-72 months,63.46792452830189,1.0241393661929958,3,1,Medium,1
6710-HSJRD,49-72 months,116.92049180327868,0.975876839382234,5,1,Premium,0
3675-EQOZA,0-6 months,18.71,1.103687867450561,0,1,Low,1
0840-DCNZE,25-48 months,88.06170212765957,0.9873758728164489,6,0,High,1
1732-FEKLD,49-72 months,94.84722222222223,0.9989749597305608,3,0,Premium,1
9862-KJTYK,13-24 months,29.794736842105266,0.850821409644939,0,1,Low,1
0479-HMSWA,25-48 months,104.4346153846154,1.0097226825765109,5,0,Premium,0
5854-KSRBJ,49-72 months,25.457857142857144,0.9977273364944866,0,0,Low,0
0365-BZUWY,13-24 months,102.5,1.0004878048780488,4,1,Premium,0
4817-VYYWS,25-48 months,99.46000000000001,1.0074401769555599,3,1,Premium,0
5701-SVCWR,0-6 months,24.0,1.0,0,1,Low,0
3129-AAQOU,13-24 months,25.573684210526313,1.0010290183165262,0,0,Low,0
4922-CVPDX,25-48 months,73.29615384615384,1.0027811302933305,4,0,High,1
1396-QWFBJ,13-24 months,74.55714285714286,0.9931979306380532,1,1,High,1
1357-BIJKI,49-72 months,97.17399999999999,1.0110729207401157,3,0,Premium,0
1099-BTKWT,49-72 months,54.75955882352941,0.9934338619365407,4,0,Medium,0
5299-SJCZT,0-6 months,99.45,1.0211161387631975,3,1,Premium,1
2018-PZKMU,7-12 months,107.82777777777778,0.9561543613787418,4,1,Premium,0
7340-KEFQE,49-72 months,34.94117647058823,0.978787878787879,2,0,Low,1
4570-QHXHL,7-12 months,45.077777777777776,0.9705447374907568,0,1,Medium,0
2403-BCASL,25-48 months,110.60731707317072,1.0121391871926615,5,0,Premium,0
7392-YYPYJ,13-24 months,109.81590909090909,0.9165338686645006,3,1,Premium,0
2898-LSJGD,13-24 months,55.09761904761905,1.0154703772524956,4,0,Medium,0
2223-GDSHL,49-72 months,116.86619718309859,0.9930159686652605,6,0,Premium,1
7359-PTSXY,0-6 months,45.75,1.0,0,1,Medium,0
9470-RTWDV,25-48 months,80.11923076923077,1.0234746291584658,4,0,High,1
2176-OSJUV,49-72 months,65.94014084507042,0.9880173012228335,3,0,Medium,1
9348-YVOMK,0-6 months,44.05,1.0170261066969353,0,1,Medium,1
8104-OSKWT,7-12 months,83.43333333333334,0.9564522572912504,1,1,High,0
4521-YEEHE,13-24 months,88.59722222222223,1.002853111773005,2,1,High,0
4090-KPJIP,0-6 months,70.8,1.0586158192090396,0,1,High,0
3786-WOVKF,49-72 months,106.63055555555555,1.0020579883814833,4,0,Premium,1
4503-BDXBD,7-12 months,74.13636363636364,1.0109748620478234,1,1,High,0
6086-ESGRL,0-6 months,80.15,1.0,1,1,High,1
2592-HODOV,13-24 months,19.97307692307692,0.9663007895243598,0,0,Low,1
3886-CERTZ,49-72 months,112.63611111111112,0.9699376063528077,5,0,Premium,0
7995-ZHHNZ,25-48 months,56.8297619047619,0.987158807633492,1,0,Medium,1
3824-RHKVR,13-24 months,20.02058823529412,0.9839870721316291,0,1,Low,1
5816-SCGFC,7-12 months,59.90714285714286,0.8563252652915225,1,1,Medium,0
5989-AXPUC,49-72 months,117.50073529411765,1.0093553857610402,6,0,Premium,0
4979-HPRFL,49-72 months,25.040178571428573,0.9644499910857549,0,0,Low,1
8590-OHDIW,25-48 months,19.719736842105263,1.0294255021018217,0,0,Low,0
8015-IHCGW,49-72 months,117.01597222222222,0.9870447410431862,6,0,Premium,0
2332-TODQS,25-48 months,24.40625,1.0263764404609474,0,0,Low,1
9278-VZKCD,49-72 months,108.61442307692307,1.0044706486424277,5,1,Premium,0
8008-OTEZX,25-48 months,20.25142857142857,0.9703019187358917,0,0,Low,0
2773-OVBPK,49-72 months,112.94328358208955,0.9854503647320013,5,0,Premium,1
5999-LCXAO,0-6 months,29.9,1.0,1,1,Low,0
5206-XZZQI,49-72 months,82.03962264150944,0.9824521055173523,2,1,High,0
4803-LBYPN,25-48 months,18.70294117647059,1.1121245478848876,0,1,Low,0
5759-RCVCB,0-6 months,36.31666666666667,0.9692519504359798,1,1,Medium,1
6372-RFVNS,0-6 months,78.8,1.0,1,1,High,0
2139-FQHLM,13-24 months,88.54736842105264,1.015840466000951,3,1,High,0
8261-GWDBQ,49-72 months,115.43166666666666,1.0053567045438139,6,0,Premium,1
1093-YSWCA,7-12 months,20.286363636363635,0.9637015460452611,0,0,Low,1
8938-UMKPI,25-48 months,109.10531914893616,0.9752045164246923,4,1,Premium,0
0991-BRRFB,13-24 months,48.599999999999994,1.0164609053497944,1,1,Medium,0
3882-IYOIJ,49-72 months,112.64083333333333,1.023163595203042,6,0,Premium,1
8749-TZYEC,49-72 months,26.031944444444445,0.9526756655818173,0,0,Low,1
1755-FZQEC,25-48 months,20.285897435897436,0.9809770587120015,0,0,Low,0
3115-JPJDD,49-72 months,78.63474576271186,1.0332582525945964,2,0,High,1
5600-KTXFM,0-6 months,71.95,0.9722029186935371,0,1,High,0
3871-IKPYH,0-6 months,69.1,1.0,0,1,Medium,0
6319-IEJWJ,13-24 months,88.8275,1.0154512960513356,2,1,High,0
9025-AOMKI,0-6 months,89.39999999999999,1.046420581655481,2,1,High,1
6339-TBELP,49-72 months,86.92957746478874,0.9939079714841219,2,0,High,1
7964-YESJC,13-24 months,64.97708333333334,1.0203597422168071,3,1,Medium,0
6173-GOLSU,49-72 months,90.73134328358209,1.043189669353512,2,1,Premium,1
5275-SQEIZ,0-6 months,80.85,1.0,1,1,High,0
7716-YTYHG,25-48 months,83.95729166666666,0.97728259655827,1,0,High,0
9938-ZREHM,25-48 months,71.84864864864865,1.0034983448690942,3,0,High,0
7950-XWOVN,7-12 months,34.86818181818182,0.9951766392908358,2,1,Low,0
4390-KYULV,0-6 months,17.05,1.2052785923753666,0,1,Low,1
4647-MUZON,13-24 months,96.97222222222223,0.989458607848754,3,1,Premium,1
9702-AIUJO,49-72 months,44.617,1.0041015756326064,0,0,Medium,1
8849-PRIQJ,49-72 months,108.68059701492538,1.0066194243023512,5,0,Premium,0
8851-RAGOV,25-48 months,73.508,0.9665614626979376,4,1,High,0
1304-NECVQ,0-6 months,74.775,1.0504847876964225,1,1,High,0
5396-IZEPB,7-12 months,20.077777777777776,0.9811842833425568,0,1,Low,1
1729-VLAZJ,7-12 months,41.144999999999996,0.9782476607121158,3,0,Medium,0
8285-ABVLB,49-72 months,18.97642857142857,1.0460345541461213,0,0,Low,1
0701-TJSEF,7-12 months,64.10555555555555,1.0646503163185719,4,1,Medium,1
5712-VBOXD,0-6 months,17.1125,1.1775018261504746,0,1,Low,1
6629-LADHQ,0-6 months,61.525,0.8281186509548965,1,1,Medium,0
8945-GRKHX,0-6 months,78.65,1.0,1,1,High,0
1559-DTODC,13-24 months,24.650000000000002,1.020283975659229,0,1,Low,1
4797-MIWUM,7-12 months,24.957142857142856,0.811390955924442,0,1,Low,1
6959-UWKHF,0-6 months,42.9,1.0,0,1,Medium,0
8720-RQSBJ,0-6 months,44.0,1.0,0,1,Medium,0
4537-CIBHB,7-12 months,19.15,1.0574412532637076,0,0,Low,0
3815-SLMEF,0-6 months,46.449999999999996,0.73735199138859,2,1,Medium,0
5154-VEKBL,7-12 months,59.983333333333334,0.9752709085857182,5,1,Medium,0
4324-AHJKS,0-6 months,60.08,0.9287616511318242,2,1,Medium,1
4355-CVPVS,49-72 months,88.71428571428571,1.0020933977455717,2,0,High,1
4495-LHSSK,13-24 months,55.150000000000006,1.0453309156844968,1,1,Medium,0
5655-JSMZM,49-72 months,96.29081632653062,0.999056853706353,2,1,Premium,0
5915-ANOEI,49-72 months,79.09285714285714,1.0007224780998827,5,0,High,0
9861-PDSZP,49-72 months,108.42500000000001,0.9965413880562599,5,0,Premium,1
4505-EXZHB,0-6 months,72.35000000000001,1.0283344851416725,1,1,High,0
7225-CBZPL,13-24 months,91.99411764705883,1.0305006713984268,2,1,Premium,0
6704-UTUKK,25-48 months,45.9448275862069,0.9990243170219153,2,1,Medium,0
4587-VVTOX,0-6 months,90.86666666666667,1.1588407923697723,4,1,Premium,0
2019-HDCZY,49-72 months,99.9484126984127,1.0265295588994323,3,0,Premium,0
4652-NNHNY,13-24 months,80.2625,0.9201059025073975,0,1,High,1
8788-DOXSU,49-72 months,61.78813559322034,0.992909065971746,2,0,Medium,1
7404-JLKQG,0-6 months,53.81666666666666,1.069371322390833,2,1,Medium,0
7421-ZLUPA,7-12 months,28.36875,1.0310641110376735,1,1,Low,0
8972-HJWNV,7-12 months,92.40714285714286,0.9149725593259642,1,1,Premium,0
3274-NSDWE,49-72 months,21.20073529411765,0.9244962369507161,0,0,Low,1
2632-IVXVF,49-72 months,110.46029411764707,1.0116757418822306,5,0,Premium,1
3692-JHONH,49-72 months,108.11250000000001,0.98508498092265,4,0,Premium,0
8915-NNTRC,49-72 months,109.99722222222222,0.9791156342331877,5,0,Premium,1
5914-GXMDA,25-48 months,18.5375,1.0411328388401888,0,0,Low,0
7463-IFMQU,49-72 months,19.772916666666667,1.0140132757349067,0,0,Low,1
2920-RNCEZ,0-6 months,69.95,1.0,0,1,Medium,1
2541-YGPKE,25-48 months,65.79404761904762,0.9681726889463876,3,0,Medium,1
8515-OCTJS,25-48 months,27.684,0.8940182054616385,0,0,Low,1
5382-TEMLV,25-48 months,51.07888888888889,0.9964977920863152,1,1,Medium,1
3441-CGZJH,25-48 months,61.40813953488372,0.9835829656700308,5,0,Medium,1
9592-ERDKV,25-48 months,78.6972972972973,1.0070231471941755,4,0,High,0
2860-RANUS,13-24 months,86.375,0.993342981186686,1,1,High,1
5261-QSHQM,0-6 months,21.65,1.1293302540415704,0,1,Low,0
4778-IZARL,49-72 months,106.43968253968254,1.034388654428322,6,0,Premium,1
0432-CAJZV,0-6 months,79.21666666666667,1.144961077214391,2,1,High,0
7008-LZVOZ,49-72 months,25.33863636363636,0.9984751995694683,0,0,Low,1
8868-WOZGU,25-48 months,106.41071428571429,0.993321027017956,4,1,Premium,0
1200-TUZHR,7-12 months,86.96875,0.9796622349982034,1,1,High,0
9365-CSLBQ,49-72 months,23.304225352112674,1.0448748942342563,0,0,Low,0
1334-FJSVR,0-6 months,24.25,1.0,0,1,Low,0
5884-FBCTL,49-72 months,25.803472222222222,0.9727373038727563,0,0,Low,1
7130-CTCUS,13-24 months,51.56875,1.0578111744031025,2,1,Medium,1
6242-FEGFD,49-72 months,97.33712121212122,0.9924271315717786,4,0,Premium,0
7625-XCQRH,7-12 months,76.17727272727274,1.0042365296258726,0,1,High,0
6194-HBGQN,49-72 months,80.90588235294118,1.0030173040570016,5,0,High,1
7634-WSWDB,7-12 months,41.35,0.9310761789600968,2,1,Medium,0
6986-IXNDM,13-24 months,95.53214285714286,0.9724475681333882,2,1,Premium,0
1731-TVIUK,0-6 months,90.55,1.0325786858089454,3,1,Premium,0
2987-BJXIK,49-72 months,85.58642857142857,0.9896428839685866,5,0,High,0
9769-TSBZE,49-72 months,69.87857142857143,0.9444955535111929,3,0,Medium,0
0406-BPDVR,49-72 months,99.50185185185185,1.0200815171874709,3,0,Premium,1
0618-XWMSS,25-48 months,73.87678571428572,1.013850281598221,1,1,High,1
1395-WSWXR,13-24 months,20.29375,1.0224822913458578,0,0,Low,0
6023-GSSXW,49-72 months,59.87246376811594,1.026348276529822,2,0,Medium,1
6752-APNJL,25-48 months,54.78928571428572,0.9947200312887035,2,1,Medium,0
5276-KQWHG,0-6 months,65.825,1.0573490315229774,0,1,Medium,0
0420-HLGXF,25-48 months,103.48717948717949,0.9638875123885035,3,1,Premium,0
7446-KQISO,25-48 months,108.90333333333332,1.0077744788956569,5,0,Premium,1
9823-EALYC,49-72 months,79.54791666666667,1.0163685409737317,5,0,High,1
0582-AVCLN,25-48 months,19.553947368421053,1.0381535562882713,0,0,Low,0
5803-NQJZO,49-72 months,66.73124999999999,1.0160157347569543,4,0,Medium,1
2565-JSLRY,0-6 months,24.05,1.0,0,1,Low,0
2607-DHDAK,49-72 months,19.647916666666667,1.0077404304951756,0,0,Low,1
1073-XXCZD,49-72 months,26.24818181818182,0.9791154365670348,0,0,Low,1
0743-HRVFF,49-72 months,56.84215686274509,0.9878231773573191,4,0,Medium,0
4006-HKYHO,49-72 months,84.27777777777777,1.0287409360580093,6,0,High,1
3727-JEZTU,0-6 months,20.4,1.0,0,1,Low,0
8143-ETQTI,13-24 months,19.632608695652173,1.000885837670247,0,0,Low,0
6689-KXGBO,0-6 months,50.55,1.0,1,1,Medium,0
9667-TKTVZ,0-6 months,58.525,0.9286629645450662,1,1,Medium,0
3657-COGMW,49-72 months,112.29423076923078,0.962649632661449,5,1,Premium,1
8570-KLJYJ,25-48 months,52.59722222222222,1.035225772379192,1,0,Medium,0
7754-IXRMC,0-6 months,45.35,1.0,0,1,Medium,0
9473-CBZOP,25-48 months,59.0875,0.9985191453353078,2,0,Medium,0
2969-WGHQO,7-12 months,68.15,1.0190755685986794,4,0,Medium,0
6615-NGGZJ,13-24 months,101.11071428571428,0.9944544523330154,3,1,Premium,0
4334-HOWRP,49-72 months,63.138888888888886,1.0286845578530577,6,0,Medium,1
4255-DDUOU,0-6 months,20.5,1.0,0,1,Low,0
5863-OOKCL,7-12 months,16.32,1.1550245098039216,0,1,Low,0
1686-STUHN,25-48 months,20.235714285714284,0.9784680550653019,0,0,Low,1
1329-VHWNP,7-12 months,27.135714285714283,0.9231376678073179,0,1,Low,1
2984-MIIZL,0-6 months,80.475,0.9294812053432744,1,1,High,1
0266-GMEAO,49-72 months,111.92430555555556,1.0212259029229824,6,0,Premium,1
5590-YRFJT,13-24 months,24.14,1.0128417564208783,0,1,Low,0
5574-NXZIU,49-72 months,111.90079365079364,0.9758643923543389,6,0,Premium,1
0019-GFNTW,49-72 months,45.716071428571425,0.9854302566306004,4,0,Medium,1
4256-ZWTZI,0-6 months,57.36,0.8891213389121339,1,1,Medium,0
8309-PPCED,49-72 months,110.86805555555556,0.9962292514876292,5,0,Premium,1
4098-NAUKP,49-72 months,83.58235294117648,1.0127735942008587,2,1,High,0
5196-WPYOW,49-72 months,59.61268656716418,1.0073359121693517,3,0,Medium,0
4608-LCIMN,7-12 months,46.14375,0.9676283353650278,0,1,Medium,1
1485-YDHMM,49-72 months,89.07115384615385,1.0469158192456334,3,1,High,1
4054-CUMIA,13-24 months,22.330555555555556,0.9068292076128872,0,1,Low,0
0603-TPMIB,49-72 months,26.000847457627117,0.9788142498614778,0,0,Low,0
2525-GVKQU,49-72 months,18.216666666666665,1.130832570905764,0,0,Low,0
8161-QYMTT,7-12 months,100.18571428571428,0.9392556680450591,2,1,Premium,0
9581-GVBXT,49-72 months,33.56440677966101,1.0368126041508863,2,0,Low,0
5862-BRIXZ,25-48 months,62.9,0.965818759936407,5,0,Medium,1
5404-GGUKR,0-6 months,52.46,0.9788410217308425,1,1,Medium,0
3308-JSGML,49-72 months,65.87881355932203,0.9722397314020351,5,0,Medium,1
2126-GSEGL,49-72 months,84.53642857142857,1.0031178443781632,5,0,High,1
3677-TNKIO,13-24 months,65.28571428571429,1.0875273522975928,0,1,Medium,1
0440-QEXBZ,25-48 months,48.61590909090909,1.031555327006685,0,1,Medium,0
2434-EEVDB,49-72 months,92.9484375,1.017768588094878,3,0,Premium,1
6762-QVYJO,49-72 months,62.48879310344827,0.9561714514326707,5,0,Medium,0
6199-IWKGC,25-48 months,103.3445652173913,0.9700558494693774,3,0,Premium,0
2675-DHUTR,49-72 months,99.66724137931034,0.9923019703496118,3,1,Premium,0
8152-VETUR,49-72 months,95.4125,1.023974846063147,3,0,Premium,1
9667-EQRXU,25-48 months,39.098333333333336,1.0307344729101835,2,1,Medium,0
7446-YPODE,7-12 months,60.26818181818182,0.9996983181235386,2,1,Medium,1
9522-BNTHX,25-48 months,51.93970588235294,1.0829864945213625,4,1,Medium,0
4676-WLUHT,49-72 months,45.036111111111104,1.0258434589526926,3,0,Medium,1
3329-WDIOK,0-6 months,51.78333333333333,0.9771483746379145,3,1,Medium,0
7980-MHFLQ,49-72 months,25.822222222222223,0.9642857142857142,0,0,Low,0
2873-ZLIWT,25-48 months,82.57625,1.0275351569004405,2,1,High,0
3415-TAILE,0-6 months,67.175,0.9780424264979531,2,1,Medium,0
0757-WCUUZ,49-72 months,63.13148148148148,1.0034613241031358,2,0,Medium,1
1629-DQQVB,13-24 months,50.67857142857143,0.9885835095137421,1,1,Medium,1
1915-IOFGU,0-6 months,70.5,1.0,0,1,High,0
3045-XETSH,7-12 months,95.345,0.9948083276522104,3,1,Premium,0
0374-AACSZ,0-6 months,50.15,1.0,1,1,Medium,0
7239-HZZCX,0-6 months,19.75,1.0,0,1,Low,0
4872-VXRIL,49-72 months,65.45625,0.9876826124319681,3,0,Medium,1
9140-CZQZZ,49-72 months,81.11470588235295,0.981326371514558,5,0,High,1
3423-HHXAO,13-24 months,19.428571428571427,1.0036764705882353,0,0,Low,0
9938-TKDGL,49-72 months,98.05882352941177,1.0152069586082784,4,0,Premium,0
0531-ZZJWQ,49-72 months,73.68,1.004343105320304,0,1,High,0
6537-QLGEX,13-24 months,41.525,0.9367850692354004,2,1,Medium,0
2688-BHGOG,7-12 months,79.83888888888889,0.9963816018370328,1,1,High,0
7683-CBDKJ,13-24 months,66.97142857142858,0.9772824232081911,3,1,Medium,0
0946-CLJTI,49-72 months,100.21724137931035,0.9848604755187007,3,1,Premium,0
3160-TYXLT,49-72 months,48.053773584905656,0.9635039362349569,3,1,Medium,1
1325-USMEC,49-72 months,99.20714285714286,1.0014399884800922,4,0,Premium,1
0916-QOFDP,13-24 months,96.16428571428571,0.9962118398573869,2,1,Premium,0
0628-CNQRM,13-24 months,70.18409090909091,0.9617564198050581,4,0,Medium,1
5606-AMZBO,7-12 months,76.515,1.0213683591452658,1,1,High,1
6199-IPCAO,25-48 months,23.88103448275862,1.0929174788823912,0,0,Low,0
7665-TOALD,0-6 months,69.6,1.0,0,1,Medium,0
0112-QWPNC,49-72 months,82.84387755102041,1.0181802505327207,5,0,High,0
0324-BRPCJ,49-72 months,100.7595588235294,0.994446593156393,3,1,Premium,0
2777-PHDEI,0-6 months,78.05,1.0,1,1,High,0
5640-CAXOA,25-48 months,39.568333333333335,1.019754854471168,2,0,Medium,1
2235-EZAIK,49-72 months,75.02638888888889,1.0556285751309724,5,0,High,1
3847-BAERP,7-12 months,24.7,0.8461538461538461,0,1,Low,0
1196-AMORA,7-12 months,74.28571428571429,0.9907692307692306,0,1,High,0
4282-YMKNA,7-12 months,78.51111111111112,0.9520945372204924,0,1,High,0
1453-RZFON,0-6 months,49.9,1.0,1,1,Medium,0
8263-OKETD,13-24 months,68.5175,1.0055825154157698,3,1,Medium,1
0670-KDOMA,0-6 months,20.25,1.0,0,1,Low,0
2476-YGEFM,25-48 months,76.38793103448276,0.9949215664146258,0,1,High,1
8687-BAFGU,0-6 months,74.0,1.0,1,1,High,0
0641-EVBOJ,0-6 months,71.46666666666667,1.1515858208955223,2,1,High,0
0829-XXPLX,13-24 months,93.5575,0.9555620874863052,3,1,Premium,1
9974-JFBHQ,49-72 months,96.425,1.028260305937257,4,1,Premium,1
5356-RHIPP,0-6 months,20.2,1.0,0,1,Low,0
6624-JDRDS,0-6 months,26.90833333333333,1.094456488076804,1,1,Low,1
0608-JDVEC,49-72 months,20.264,0.9771022502960917,0,0,Low,0
9780-FKVVF,0-6 months,56.11666666666667,1.054054054054054,2,1,Medium,1
1919-RTPQD,7-12 months,47.66428571428571,0.9388580848194216,0,1,Medium,0
5214-NLTIT,49-72 months,90.44166666666666,1.0039620381461347,2,0,Premium,1
3345-PBBFH,7-12 months,49.18125,1.007497776083365,1,1,Medium,1
5055-BRMNE,49-72 months,104.61940298507463,1.0198872958128256,4,0,Premium,1
9189-JWSHV,13-24 months,94.33541666666667,0.9916742121419578,2,1,Premium,0
2190-PHBHR,49-72 months,96.13472222222222,0.9824754034413511,3,0,Premium,1
2650-GYRYL,25-48 months,18.189393939393938,1.0693044564764682,0,0,Low,1
0746-JTRFU,0-6 months,28.175,0.8890860692102928,0,1,Low,0
5208-FVQKB,49-72 months,66.63071428571428,1.0197999635517727,4,0,Medium,0
7184-LRUUR,13-24 months,65.53636363636363,0.9956304619225969,3,0,Medium,1
6627-CFOSN,49-72 months,95.31694915254236,1.0433611323505878,4,1,Premium,1
3982-JGSFD,25-48 months,19.329166666666666,1.0528131062729038,0,0,Low,1
1574-DYCWE,49-72 months,20.17156862745098,0.9890157958687728,0,0,Low,0
7247-XOZPB,49-72 months,78.41415094339622,0.9870667356440767,4,0,High,1
2466-FCCPT,13-24 months,19.78,0.9959555106167846,0,0,Low,1
6211-WWLTF,49-72 months,100.48253968253968,0.9922121824845191,4,0,Premium,1
4826-TZEVA,25-48 months,74.29249999999999,1.0068311067739006,1,1,High,1
6016-NXBNJ,25-48 months,18.228571428571428,1.0505485893416928,0,0,Low,0
9138-EFSMO,25-48 months,78.24038461538461,1.0090696817008726,1,0,High,1
0576-WNXXC,25-48 months,92.97037037037036,1.0277467930842166,3,1,Premium,0
4632-XJMEX,49-72 months,64.51886792452831,0.9741336452697762,3,0,Medium,1
8910-LEDAG,25-48 months,71.39264705882353,1.0022040496838116,0,1,High,1
3452-GWUIN,13-24 months,92.64473684210526,1.0248828291435876,2,1,Premium,0
2716-GFZOR,25-48 months,82.59651162790698,1.042416904818887,3,1,High,1
3724-UCSHY,0-6 months,20.483333333333334,0.9544344995931652,0,1,Low,0
8626-XHBIE,49-72 months,25.432142857142857,0.975143940457801,0,0,Low,0
4628-CTTLA,49-72 months,37.04298245614035,1.0609296928650926,2,1,Medium,0
3192-LNKRK,25-48 months,85.58676470588235,0.982044365023454,2,1,High,0
4439-YRNVD,7-12 months,37.4,0.9692513368983957,2,1,Medium,0
2876-VBBBL,0-6 months,20.25,1.0,0,1,Low,0
6834-NXDCA,13-24 months,23.138461538461538,1.0329122340425532,0,1,Low,0
2208-UGTGR,49-72 months,99.66160714285715,0.9893478825669003,3,1,Premium,0
3005-TYFRD,49-72 months,103.21181818181817,1.004245461671937,4,1,Premium,1
8670-MEFCP,25-48 months,93.86805555555556,0.9896870607383296,6,0,Premium,1
3079-BCHLN,25-48 months,20.06276595744681,0.9918871626279229,0,0,Low,1
7777-UNYHB,7-12 months,19.366666666666667,1.0378657487091223,0,1,Low,1
5597-GLBUC,0-6 months,85.45,1.0,2,1,High,0
7278-CKDNC,13-24 months,87.01875,0.9250879839115134,1,1,High,0
2748-MYRVK,49-72 months,97.41269841269842,1.025533648362392,3,0,Premium,1
8450-UYIBU,25-48 months,40.988571428571426,0.9722222222222223,2,1,Medium,0
2969-VAPYH,49-72 months,57.76119402985075,1.0474160206718346,3,0,Medium,1
4822-YCXMX,25-48 months,81.738,1.0374611563776945,1,1,High,0
7181-OQCUT,13-24 months,105.47619047619048,0.9845823927765236,4,1,Premium,0
8474-UMLNT,13-24 months,64.78846153846153,1.0464826357969725,4,1,Medium,1
9821-POOTN,25-48 months,73.60571428571428,1.0216598090210387,0,1,High,0
3836-FZSDJ,49-72 months,26.774647887323944,0.9281167806417675,0,0,Low,1
9142-XMYJH,25-48 months,20.7448275862069,0.9327626329787234,0,1,Low,1
6559-ILWKJ,49-72 months,49.51056338028169,0.9967569874119907,3,0,Medium,0
0187-QSXOE,7-12 months,86.49285714285715,1.0289867041043852,2,1,High,0
7733-UDMTP,49-72 months,54.28157894736842,1.013235080234644,4,1,Medium,0
2649-HWLYB,49-72 months,75.83923076923077,1.004097737115964,4,0,High,1
5214-CHIWJ,25-48 months,22.038888888888888,0.9210990673052686,0,0,Low,0
4229-CZMLL,0-6 months,78.3,0.9565772669220947,0,1,High,0
6904-JLBGY,49-72 months,117.17013888888889,1.0015350422284783,6,0,Premium,1
2465-BLLEU,0-6 months,19.75,1.0,0,1,Low,0
1685-VAYJF,7-12 months,44.72727272727273,1.010569105691057,0,1,Medium,1
8874-EJNSR,25-48 months,25.33205128205128,0.9947871855863151,0,0,Low,0
6917-YACBP,49-72 months,93.16779661016949,0.9633156870235952,3,1,Premium,0
5049-MUBWG,25-48 months,73.39807692307691,1.0218251368983677,4,0,High,1
4223-WOZCM,0-6 months,53.55,0.9327731092436976,1,1,Medium,0
0769-MURVM,49-72 months,63.54652777777778,1.0338881178489077,6,0,Medium,1
9253-VIFJQ,49-72 months,66.30076923076923,1.0113004838092143,3,0,Medium,1
7030-FZTFM,49-72 months,110.03819444444444,1.0078318765580134,5,0,Premium,1
9741-YLNTD,0-6 months,87.05833333333334,1.0102421747870203,2,1,High,1
5917-RYRMG,25-48 months,18.365625,1.0781010719754978,0,0,Low,1
5120-ZBLAI,49-72 months,77.524,0.9764718022805841,3,0,High,1
1194-BHJYC,49-72 months,61.9483606557377,1.0032549585191262,5,0,Medium,0
3663-MITLP,13-24 months,97.15,1.0422027792074111,4,1,Premium,0
0906-QVPMS,49-72 months,115.96458333333334,0.9929755852181881,6,0,Premium,1
9025-ZRPVR,7-12 months,20.62222222222222,0.9189116379310346,0,1,Low,0
1905-OEILC,0-6 months,19.5,1.0,0,1,Low,0
7858-GTZSP,7-12 months,88.90833333333335,0.9734745524416533,1,1,High,0
3285-UCQVC,25-48 months,26.31216216216216,1.086949822813415,1,1,Low,1
6248-BSHKG,49-72 months,20.105737704918035,1.014635737290554,0,0,Low,0
4685-TFLLS,13-24 months,19.016666666666666,1.0411919368974585,0,0,Low,1
3470-BTGQO,13-24 months,46.90714285714286,0.9731993299832495,0,1,Medium,0
1209-VFFOC,49-72 months,58.065441176470586,0.9713178589066596,5,0,Medium,0
8224-DWCKX,7-12 months,69.00416666666666,1.0622546947648088,0,1,Medium,1
5482-PLVPE,0-6 months,20.925,1.1636798088410991,0,1,Low,0
4553-DVPZG,49-72 months,99.43064516129031,1.0193034535338297,3,1,Premium,0
4902-OHLSK,25-48 months,98.71551724137932,0.9993363025063313,3,1,Premium,0
6917-IAYHD,0-6 months,33.6,1.0,2,1,Low,0
0495-ZBNGW,0-6 months,68.78999999999999,1.1615060328536126,1,1,Medium,1
8620-RJPZN,0-6 months,20.7,1.0,0,1,Low,0
7572-KPVKK,49-72 months,106.29838709677419,0.978848342310902,4,0,Premium,0
2642-MAWLJ,25-48 months,19.943055555555556,1.0153910439445644,0,0,Low,1
2357-COQEK,25-48 months,103.2375,1.000605400169512,4,1,Premium,0
7103-ZGVNT,49-72 months,70.80942028985508,1.0408219654717192,4,0,High,1
3737-GCSPV,7-12 months,111.09545454545454,0.8659220162841128,3,1,Premium,1
2027-WKXMW,49-72 months,109.07460317460317,0.997024026077972,5,1,Premium,0
7137-NAXML,13-24 months,17.63478260869565,1.142628205128205,0,0,Low,1
2428-ZMCTB,7-12 months,20.825,0.9483793517406963,0,1,Low,1
2961-VNFKL,49-72 months,25.378873239436622,1.0225040235307175,0,0,Low,1
1768-HNVGJ,25-48 months,68.05444444444444,1.029322927721269,3,1,Medium,0
6963-KQYQB,49-72 months,25.210714285714285,0.9539594843462247,0,0,Low,0
5934-RMPOV,13-24 months,82.57954545454545,1.0262831980184395,1,1,High,0
1207-BLKSA,49-72 months,24.13653846153846,0.9549836666401085,0,0,Low,0
4088-YLDSU,49-72 months,104.41909090909091,0.9974229721141206,4,0,Premium,0
8316-BBQAY,49-72 months,60.324615384615385,0.9937900079059448,5,0,Medium,1
1166-PQLGG,49-72 months,20.325694444444444,0.9618367556117394,0,0,Low,1
3146-JTQHR,7-12 months,18.945,1.0345737661652152,0,0,Low,1
4291-YZODP,7-12 months,13.828571428571427,1.449896694214876,0,0,Low,0
4395-PZMSN,0-6 months,81.7,1.047123623011016,2,1,High,0
6427-FEFIG,13-24 months,76.94375000000001,1.0215254650312726,4,0,High,1
0017-IUDMW,49-72 months,117.45486111111111,0.9944245720873858,6,0,Premium,1
8706-HRADD,13-24 months,48.166666666666664,0.9041522491349481,3,1,Medium,0
9955-QOPOY,49-72 months,61.78840579710145,0.9840033775859642,5,0,Medium,1
4385-ZKVNW,25-48 months,57.934090909090905,0.9476285747911027,2,1,Medium,1
5446-DKWYW,49-72 months,65.00081967213114,1.0030642740949043,2,0,Medium,0
2034-CGRHZ,13-24 months,104.02916666666665,0.989626306724877,4,1,Premium,1
5797-APWZC,0-6 months,90.6,1.0,2,1,Premium,0
3683-QKIUE,0-6 months,48.00833333333333,1.0581496268009025,1,1,Medium,1
4228-ZGYUW,0-6 months,92.025,0.97853844064113,2,1,Premium,0
9031-ZVQPT,49-72 months,108.89722222222223,0.9935974287682066,5,0,Premium,0
2990-IAJSV,49-72 months,92.12152777777777,0.9986807885115526,6,0,Premium,1
8107-KNCIM,13-24 months,72.38214285714285,1.0375487245275572,0,1,High,0
9027-YFHQJ,7-12 months,21.849999999999998,1.1464530892448515,0,1,Low,1
5176-LDKUH,25-48 months,78.596875,0.9561448848952329,1,0,High,0
4644-OBGFZ,49-72 months,18.66090909090909,1.0449651678277392,0,0,Low,0
7926-IJOOU,0-6 months,19.3,1.0,0,1,Low,1
6480-YAGIY,25-48 months,111.81888888888889,1.00340828919781,6,0,Premium,1
4029-HPFVY,0-6 months,73.46666666666667,0.9568965517241379,0,1,High,0
7602-DBTOU,49-72 months,19.950704225352112,0.982421461348394,0,0,Low,0
5345-BMKWB,7-12 months,19.79375,1.0230502052415535,0,1,Low,0
3519-ZKXGG,0-6 months,85.53333333333335,0.8867887763055338,0,1,High,0
5457-COLHT,49-72 months,80.3268115942029,1.0040234188234658,5,0,High,1
6416-TVAIH,0-6 months,68.5,1.0,0,1,Medium,0
5451-YHYPW,49-72 months,117.27361111111112,0.9870080651846939,6,0,Premium,1
5108-ADXWO,7-12 months,71.97727272727273,1.0211556678244393,1,1,High,0
7998-WNZEM,49-72 months,80.39718309859154,1.0025226866612944,5,0,High,1
3066-RRJIO,0-6 months,69.95,1.0,0,1,Medium,0
4664-NJCMS,25-48 months,61.1,0.9746317512274958,5,0,Medium,1
0307-BCOPK,13-24 months,20.415625,0.9331088320832697,0,0,Low,0
7629-WFGLW,49-72 months,97.70982142857143,0.9789189930095491,4,0,Premium,0
2542-HYGIQ,0-6 months,19.95,1.0,0,1,Low,1
6715-OFDBP,0-6 months,69.28,1.0111143187066973,3,1,Medium,0
5016-LIPDW,49-72 months,18.62456140350877,1.0416352675207234,0,0,Low,0
6481-LXPWL,49-72 months,35.205357142857146,1.0254121227491757,2,0,Low,1
1567-DSCIC,7-12 months,96.70625,0.9720157694047696,3,1,Premium,0
2150-UWTFY,13-24 months,64.63863636363637,0.9460286206532822,3,1,Medium,0
6124-ACRHJ,0-6 months,19.75,1.0,0,1,Low,0
9362-MWODR,25-48 months,61.50875,1.0421281524986281,3,1,Medium,1
9975-GPKZU,25-48 months,18.619565217391305,1.0607122008172796,0,0,Low,1
9625-RZFUK,49-72 months,20.2515873015873,0.9727632558686367,0,0,Low,0
5153-LXKDT,49-72 months,109.81617647058823,1.0034951456310681,5,0,Premium,0
5161-UBZXI,49-72 months,105.2427536231884,1.0105208799531793,5,0,Premium,1
1020-JPQOW,49-72 months,91.36785714285715,0.9910487433061016,3,1,Premium,0
7919-ZODZZ,7-12 months,66.005,0.9984092114233771,3,0,Medium,0
0565-JUPYD,49-72 months,104.61587301587302,0.9988923954603386,5,0,Premium,1
6867-ACCZI,13-24 months,50.33958333333334,1.0429168563506186,5,0,Medium,0
5939-XAIXZ,13-24 months,54.415789473684214,1.0309507689331656,1,1,Medium,0
9054-FOWNV,13-24 months,85.68863636363636,1.0357266000053047,2,1,High,0
2683-BPJSO,25-48 months,85.07241379310345,0.9926837177252645,2,1,High,0
2157-MXBJS,13-24 months,76.11153846153846,0.9893375107382889,3,0,High,0
8207-VVMYB,49-72 months,28.670714285714286,0.9068487007648421,0,0,Low,1
9732-EQMWY,49-72 months,102.55102040816327,0.9692736318407961,4,1,Premium,0
9360-AHGNL,25-48 months,112.3313953488372,0.9752393768438486,5,0,Premium,0
1087-UDSIH,0-6 months,19.916666666666668,0.9841004184100418,0,1,Low,0
5269-NRGDP,25-48 months,73.5297619047619,0.9948352626892255,4,0,High,0
6195-MELTI,49-72 months,54.99473684210526,0.993731457555747,2,0,Medium,0
5485-WUYWF,0-6 months,47.275,1.4045478582760447,3,1,Medium,1
2121-JAFOM,49-72 months,115.44999999999999,1.0008661758336943,6,0,Premium,1
8818-DOPVL,25-48 months,105.7358695652174,0.9878388519382792,4,1,Premium,0
2632-UCGVD,49-72 months,104.11969696969696,0.9609132845355725,3,1,Premium,1
5445-PZWGX,49-72 months,105.31048387096774,0.9685645365087874,4,0,Premium,0
1227-UDMZR,49-72 months,92.19305555555555,0.9886861808704562,6,0,Premium,1
5198-HQAEN,25-48 months,90.44571428571429,0.9917551175132676,3,0,Premium,0
9170-CCKOU,13-24 months,85.53823529411765,1.0544991919678162,3,1,High,1
2167-FQSTQ,49-72 months,94.2513888888889,0.9803569060284995,6,0,Premium,0
2819-GWENI,25-48 months,19.392857142857142,1.0261510128913442,0,0,Low,0
1043-YCUTE,49-72 months,23.699107142857144,1.0612214143088572,0,0,Low,1
3814-MLAXC,25-48 months,77.55322580645162,1.0296154566062847,1,1,High,1
3572-UUHRS,25-48 months,19.273333333333333,0.9780352819093739,0,0,Low,1
2692-PFYTJ,0-6 months,25.75,1.0,0,1,Low,0
1226-UDFZR,0-6 months,57.35,0.8648648648648649,1,1,Medium,0
5955-EPOAZ,0-6 months,18.25,1.1479452054794521,0,1,Low,0
6821-JPCDC,25-48 months,97.76979166666666,0.9926378930097274,4,0,Premium,0
8815-LMFLX,25-48 months,21.874000000000002,1.161195940385846,0,1,Low,1
9135-HSWOC,49-72 months,19.90703125,0.9896000941878262,0,0,Low,1
8582-KRHPJ,49-72 months,35.648,0.9818222621184919,2,1,Low,0
5811-IWXYM,49-72 months,101.94423076923077,0.993190092622286,3,0,Premium,1
7044-YAACC,0-6 months,70.0875,1.001605136436597,0,1,Medium,0
8189-XRIKE,25-48 months,90.5609375,1.0042961403750927,2,1,Premium,0
1506-YJTYT,25-48 months,74.91111111111111,0.9858350637792939,4,0,High,1
4123-DVHPH,7-12 months,89.03333333333333,0.9889554473979782,2,1,High,0
6425-YQLLO,49-72 months,105.68560606060606,1.002501702447941,4,0,Premium,1
5442-UTCVD,0-6 months,85.68333333333334,1.0719704337677494,2,1,High,0
2228-BZDEE,49-72 months,19.989814814814817,1.0055120663300754,0,0,Low,0
7734-DBOAI,0-6 months,40.1,1.0,2,1,Medium,0
2789-CZANW,49-72 months,109.3328125,1.0088462692752918,5,0,Premium,1
2091-RFFBA,25-48 months,71.5209677419355,1.033263423764743,0,1,High,0
2114-MGINA,13-24 months,80.64999999999999,1.1134531928084315,2,1,High,0
7596-LDUXP,7-12 months,81.58749999999999,1.0436647770798224,2,0,High,1
3740-RLMVT,49-72 months,61.483582089552236,0.9913215516822839,3,0,Medium,1
4489-SNOJF,25-48 months,73.38714285714286,0.9845048762920713,4,1,High,0
2192-OZITF,25-48 months,74.42444444444445,0.9882505747812844,3,0,High,0
5651-CPDND,7-12 months,49.21,0.9347693558219874,0,1,Medium,0
2186-QZEYA,25-48 months,59.27413793103448,0.9877832397684633,2,1,Medium,1
1131-ALZWV,13-24 months,25.21875,0.97546468401487,0,0,Low,1
7729-XBTWX,49-72 months,20.37121212121212,0.9695053923391596,0,0,Low,0
9134-WYRVP,49-72 months,83.66960784313724,1.0320354334860504,2,0,High,0
3284-SVCRO,25-48 months,24.912222222222223,1.0235939520984791,0,0,Low,0
9732-OUYRN,49-72 months,18.748979591836736,1.0133884837270055,0,0,Low,1
0559-CKHUS,25-48 months,17.99310344827586,1.0865274051360676,0,0,Low,0
2931-SVLTV,25-48 months,111.7275,0.9854333087198763,5,1,Premium,1
6899-PPEEA,25-48 months,96.76486486486488,0.9977795156830431,2,1,Premium,0
7504-UWHNB,25-48 months,69.17399999999999,1.0083268279989592,0,1,Medium,0
2582-FFFZR,13-24 months,48.78636363636363,1.0371750675486817,3,1,Medium,0
8908-NMQTX,49-72 months,63.423611111111114,1.034315120989817,6,0,Medium,1
2187-LZGPL,7-12 months,41.9,0.9570405727923629,2,1,Medium,1
1431-AIDJQ,25-48 months,78.88181818181818,1.0407975106603664,5,0,High,1
6288-LBEAR,13-24 months,77.55434782608695,1.0199299229152068,2,1,High,0
4597-NUCQV,13-24 months,101.67291666666667,0.9958404196463332,3,1,Premium,0
9019-QVLZD,0-6 months,79.55,1.0,1,1,High,0
8413-YNHNV,49-72 months,91.62463768115943,0.9893627117571693,6,0,Premium,0
5808-TOTXO,0-6 months,19.133333333333333,1.07404181184669,0,0,Low,1
4369-NYSCF,49-72 months,76.51160714285713,0.9900458613889117,4,0,High,1
6333-YDVLT,49-72 months,109.8253846153846,1.0015899364725824,5,0,Premium,1
5324-KTGCG,49-72 months,21.68661971830986,0.9614223088163664,0,0,Low,0
5599-HVLTW,13-24 months,75.57857142857142,1.0631320291087798,1,1,High,1
7394-LWLYN,0-6 months,61.9,1.1332794830371569,0,1,Medium,0
3707-LRWZD,25-48 months,86.9328125,0.9668386145910096,1,0,High,0
6873-UDNLD,25-48 months,68.275,0.9879165140974002,3,1,Medium,0
2700-LUEVA,0-6 months,20.75,1.0,0,1,Low,1
1455-ESIQH,0-6 months,89.1,1.0,2,1,High,0
0958-YHXGP,7-12 months,71.04285714285714,0.9839131309068972,0,1,High,0
1101-SSWAG,13-24 months,47.41,1.077831681079941,0,1,Medium,0
2979-SXESE,13-24 months,94.54117647058824,0.9985067197610752,3,1,Premium,0
4013-TLDHQ,13-24 months,78.47105263157896,0.9971830041248867,2,1,High,0
5743-KHMNA,49-72 months,26.733802816901406,0.9557188767715085,0,0,Low,1
4194-FJARJ,49-72 months,60.6287037037037,0.9896302631378,2,0,Medium,1
5325-UWTWJ,25-48 months,94.50806451612904,0.9581192934550729,3,1,Premium,1
3969-GYXEL,7-12 months,76.24545454545455,1.0020269464647669,1,1,High,0
9208-OLGAQ,13-24 months,80.20277777777778,1.0591902469435113,2,1,High,0
3244-CQPHU,49-72 months,107.59305555555555,1.0233002439748538,5,0,Premium,1
2674-MLXMN,49-72 months,97.90352112676055,1.017838774878977,3,1,Premium,1
9708-HPXWZ,0-6 months,42.95,1.0570430733410943,3,1,Medium,1
6992-TKNYO,25-48 months,70.2486842105263,0.9822248028620129,3,0,Medium,1
4468-YDOVK,0-6 months,47.04,1.0342261904761905,1,1,Medium,1
3754-DXMRT,0-6 months,46.325,0.9530491095520777,0,1,Medium,0
5792-JALQC,49-72 months,59.67788461538461,1.002884073149118,2,0,Medium,1
7130-VTEWQ,7-12 months,75.78125,0.9995876288659794,0,1,High,0
2200-DSAAL,49-72 months,78.38529411764705,1.0288919740347455,4,0,High,0
4302-ZYFEL,49-72 months,20.33478260869565,1.010583707504811,0,0,Low,1
9351-LZYGF,25-48 months,64.94761904761906,1.022362343280299,3,1,Medium,1
4366-CTOUZ,49-72 months,100.76899999999999,0.9943534221834097,4,0,Premium,0
6121-VZNQB,0-6 months,19.1,1.0,0,1,Low,0
7903-CMPEY,0-6 months,80.3,1.0,1,1,High,0
1518-OMDIK,25-48 months,44.32121212121212,1.0051620402023793,0,1,Medium,1
6671-NGWON,7-12 months,21.514285714285712,0.9458831341301462,0,1,Low,0
0595-ITUDF,49-72 months,93.1328125,0.9856891200402651,3,1,Premium,0
6996-KNSML,0-6 months,74.9,1.0,1,1,High,0
1955-IBMMB,49-72 months,20.208474576271186,0.9995806424557577,0,0,Low,1
0096-BXERS,0-6 months,52.425000000000004,0.960419647114926,0,1,Medium,0
3806-YAZOV,0-6 months,18.666666666666668,1.0071428571428571,0,1,Low,0
7998-ZLXWN,13-24 months,22.053333333333335,0.92729746070133,0,1,Low,1
6253-WRFHY,13-24 months,67.48846153846154,0.9594232632358808,2,0,Medium,0
9133-AYJZG,13-24 months,97.78695652173913,1.0093370681605975,3,1,Premium,1
2675-OTVVJ,25-48 months,90.56935483870969,0.9876409096575427,2,1,Premium,0
8680-CGLTP,25-48 months,58.4896551724138,1.0044511260464568,3,0,Medium,0
8430-TWCBX,49-72 months,21.062244897959182,0.9828012208710819,0,0,Low,1
5018-GWURO,49-72 months,87.55,0.9777270131353512,1,1,High,1
6741-QRLUP,49-72 months,79.29126984126985,1.0127218313031117,5,0,High,1
4737-HOBAX,49-72 months,79.90555555555555,0.9986789960369882,4,0,High,1
0537-QYZZN,13-24 months,77.40625,1.031570448122729,1,1,High,0
3340-QBBFM,25-48 months,55.356944444444444,0.9772938254258976,2,0,Medium,1
1704-NRWYE,7-12 months,83.51666666666667,0.968070245459988,1,1,High,0
2592-SEIFQ,0-6 months,22.316666666666666,1.1090365944734877,0,1,Low,0
8200-KLNYW,13-24 months,81.66428571428571,0.9906411265634568,5,0,High,0
3372-CDXFJ,13-24 months,26.430769230769233,0.9269499417927822,0,0,Low,1
4781-ZXYGU,0-6 months,20.15,1.0,0,1,Low,1
7632-YUTXB,25-48 months,20.804000000000002,0.9637569698134973,0,0,Low,0
2718-YSKCS,49-72 months,19.541549295774647,1.0029910987783344,0,0,Low,1
9896-UYMIE,49-72 months,111.87424242424242,1.0216828961089968,6,0,Premium,1
0853-NWIFK,25-48 months,99.64333333333333,1.006590171612083,4,0,Premium,0
8212-CRQXP,13-24 months,77.56590909090909,1.0313809370330218,1,1,High,1
6980-CDGFC,49-72 months,19.811940298507466,1.0523956606900706,0,0,Low,1
7691-XVTZH,49-72 months,87.85735294117647,1.0238186900557387,2,0,High,1
2520-SGTTA,0-6 months,0.0,0.0,0,0,Low,0
7481-ATQQS,49-72 months,92.16020408163266,0.9857834073319529,2,1,Premium,1
2277-VWCNI,0-6 months,44.9625,1.084236864053378,0,1,Medium,0
1088-CNNKB,49-72 months,80.0031746031746,0.999960319034959,5,0,High,1
8642-GVWRF,0-6 months,82.5,0.9660606060606061,2,1,High,1
1930-BZLHI,13-24 months,20.128571428571426,1.011000709723208,0,0,Low,0
3400-ESFUW,49-72 months,55.38909090909091,1.0390132615546217,3,0,Medium,1
5868-YTYKS,0-6 months,20.25,1.0,0,1,Low,0
3525-DVKFN,13-24 months,21.061764705882354,0.9211004049713726,0,0,Low,0
1482-OXZSY,25-48 months,97.875,1.0257982120051086,3,1,Premium,1
0377-JBKKT,13-24 months,57.809090909090905,1.0024374901714108,3,1,Medium,0
5778-BVOFB,7-12 months,58.89444444444444,1.0102820488633149,2,1,Medium,1
3373-YZZYM,0-6 months,19.2,1.0,0,1,Low,0
2057-ZBLPD,13-24 months,86.12857142857143,1.0043124896334383,1,1,High,0
0228-MAUWC,13-24 months,60.24210526315789,0.9885112703127731,2,1,Medium,0
5502-RLUYV,49-72 months,107.92608695652173,0.9631591669016639,4,1,Premium,0
0023-HGHWL,0-6 months,25.1,1.0,0,1,Low,0
7663-YJHSN,49-72 months,104.95694444444445,0.9904061189111938,5,0,Premium,1
4915-BFSXL,49-72 months,69.41,0.9933727128655814,3,0,Medium,1
3086-RUCRN,49-72 months,99.92424242424242,1.0317816527672479,5,1,Premium,1
5215-LNLDJ,7-12 months,21.292857142857144,1.1600134183160011,0,1,Low,0
7576-JMYWV,25-48 months,108.08913043478262,1.0195289716618732,5,1,Premium,0
9039-RBEEE,25-48 months,48.22692307692307,1.0149932211500121,4,1,Medium,1
0257-KXZGU,25-48 months,63.9234375,0.9769499645572096,2,1,Medium,1
1307-ATKGB,13-24 months,91.13125000000001,0.9826486523558053,3,1,Premium,0
8417-FMLZI,0-6 months,79.59166666666667,1.0497330122500261,2,1,High,1
3714-XPXBW,25-48 months,80.4581081081081,0.9806345420648651,5,1,High,1
1850-AKQEP,7-12 months,22.3375,0.9110240626748742,0,1,Low,0
2824-DXNKN,49-72 months,69.80347222222223,1.0235880497826237,3,0,Medium,1
5227-JSCFE,49-72 months,47.23098591549296,0.9813472893183038,4,0,Medium,1
0848-ZGQIJ,13-24 months,91.321875,1.0364438969304999,3,1,Premium,1
3621-CHYVB,49-72 months,48.8140350877193,1.0222469810235768,4,1,Medium,1
8042-RNLKO,49-72 months,25.74469696969697,0.9885531000794514,0,0,Low,1
1792-UXAFY,13-24 months,88.0529411764706,1.0124590821030128,3,1,High,0
5372-FBKBN,13-24 months,21.53333333333333,0.963622291021672,0,1,Low,0
0420-TXVSG,49-72 months,67.09772727272727,0.9851302374419943,3,0,Medium,1
6217-TOWGS,13-24 months,77.79705882352941,0.9691883104608522,3,1,High,1
0515-YPMCW,0-6 months,70.45,1.0,0,1,High,0
0378-XSZPU,49-72 months,61.4448275862069,0.9813682024804983,3,0,Medium,1
1045-LTCYT,7-12 months,17.46875,1.2050089445438283,0,1,Low,1
1544-JJMYL,25-48 months,71.38148148148149,0.9715404970684376,4,0,High,1
4636-JGAAI,25-48 months,88.24264705882354,1.006882759770019,2,1,High,0
6874-SGLHU,25-48 months,100.71000000000001,0.9631615529738853,3,0,Premium,1
5951-AOFIH,25-48 months,68.04242424242425,0.975861761824174,3,1,Medium,1
4729-XKASR,0-6 months,24.75,1.0,0,1,Low,0
3059-NGMXB,13-24 months,67.475,1.0255650240829939,3,1,Medium,0
8652-YHIYU,13-24 months,79.0125,1.0061699098243948,1,0,High,1
5278-PNYOX,49-72 months,100.36224489795919,1.0028671648619796,4,0,Premium,1
5449-FIBXJ,13-24 months,105.93157894736842,0.9751577482983057,4,1,Premium,0
3486-HOOGQ,49-72 months,82.04714285714286,0.971392753295144,5,0,High,1
5061-PBXFW,25-48 months,58.2703125,1.0537098114927734,3,1,Medium,1
8630-FJLIB,13-24 months,67.86944444444445,1.0284451356771578,0,1,Medium,0
3891-NLXJB,25-48 months,37.59054054054054,1.0787288348851423,3,0,Medium,0
4749-OJKQU,0-6 months,75.5875,1.0008268562923763,0,1,High,0
0577-WHMEV,13-24 months,85.93125,1.0554949450869153,3,1,High,0
5453-AXEPF,13-24 months,78.64117647058823,1.023636771635874,1,1,High,1
3639-XJHKQ,13-24 months,68.30526315789473,0.887193712436431,3,1,Medium,0
3716-LRGXK,49-72 months,101.12333333333332,1.0002637043873819,3,0,Premium,1
2263-SFSQZ,49-72 months,23.965686274509803,1.0410717938228677,0,0,Low,0
9950-MTGYX,25-48 months,17.426785714285714,1.164873450148581,0,0,Low,1
3397-AVTKU,25-48 months,59.268604651162796,1.0123403503953228,2,0,Medium,0
4825-FUREZ,25-48 months,19.892857142857142,1.0179533213644525,0,0,Low,0
9837-BMCLM,0-6 months,80.68333333333334,0.9729394753150176,1,1,High,0
2672-OJQZP,0-6 months,44.75,1.0,0,1,Medium,0
0137-UDEUO,0-6 months,21.25,0.9341176470588236,0,1,Low,0
3134-DSHVC,49-72 months,98.70555555555555,0.9928519164743627,4,0,Premium,1
6161-UUUTA,0-6 months,86.96666666666665,0.9187428133384441,1,1,High,0
7821-DPRQE,49-72 months,107.66029411764706,1.0003688071138794,5,1,Premium,0
6543-XRMYR,25-48 months,98.91166666666666,1.0079700743087268,3,1,Premium,0
2001-EWBQU,49-72 months,105.56333333333333,0.9918216552464556,4,0,Premium,0
4925-LMHOK,13-24 months,62.64666666666667,0.9354049164627009,2,1,Medium,1
1608-GMEWB,25-48 months,93.33888888888889,1.0060115469317303,2,1,Premium,1
6695-AMZUF,49-72 months,85.00285714285714,1.0170246378273,6,0,High,1
1455-UGQVH,7-12 months,103.775,0.9491688749698868,3,1,Premium,0
8410-BGQXN,0-6 months,23.35,0.8308351177730191,0,1,Low,0
8280-MQRQN,0-6 months,50.45,1.0,1,1,Medium,0
1619-YWUBB,49-72 months,23.748529411764707,1.0505913678865564,0,0,Low,1
7611-YKYTC,13-24 months,71.54318181818182,1.0483179262365385,1,1,High,1
2037-SGXHH,25-48 months,95.3763157894737,0.9923847363628838,3,1,Premium,0
3178-FESZO,0-6 months,100.25,1.0,3,1,Premium,1
0365-GXEZS,13-24 months,81.59722222222223,0.9583659574468085,2,1,High,0
0082-OQIQY,25-48 months,89.91724137931034,1.047630004601933,3,1,High,0
6087-MVHJH,13-24 months,88.88125,0.9951480205330147,2,1,High,0
4603-JANFB,0-6 months,69.85,1.0,0,1,Medium,0
3018-TFTSU,7-12 months,71.55,1.1418588399720475,2,1,High,1
3606-SBKRY,25-48 months,49.141935483870974,1.0184784035709595,3,0,Medium,0
4806-KEXQR,0-6 months,81.075,0.9855072463768116,1,1,High,0
0667-NSRGI,25-48 months,71.575,0.971707998602864,3,0,High,0
7083-YNSKY,13-24 months,26.64,0.9534534534534533,0,1,Low,1
6893-ODYYE,49-72 months,90.98899999999999,0.9902295881919793,4,0,Premium,1
8242-JSVBO,7-12 months,46.07142857142857,0.9691472868217055,0,1,Medium,1
2479-BRAMR,25-48 months,79.84268292682927,1.0489376976065738,2,1,High,1
9541-ZPSEA,49-72 months,79.04632352941177,1.0164925629982418,2,0,High,1
2665-NPTGL,25-48 months,96.5653846153846,1.015891982315689,3,1,Premium,1
1139-WUOAH,49-72 months,54.21140350877193,0.9841102894775166,4,0,Medium,1
4693-VWVBO,0-6 months,20.349999999999998,0.9606879606879608,0,1,Low,0
7434-SHXLS,0-6 months,20.9,1.0,0,1,Low,0
6937-GCDGQ,13-24 months,50.294736842105266,0.9732628714943491,1,0,Medium,1
0988-JRWWP,0-6 months,46.800000000000004,1.158119658119658,1,1,Medium,0
5075-JSDKI,49-72 months,25.306779661016947,0.9661442636126181,0,0,Low,0
7908-QCBCA,0-6 months,69.4,1.0,0,1,Medium,0
8644-XYTSV,25-48 months,38.71547619047619,1.037052981150641,2,1,Medium,1
6711-FLDFB,7-12 months,77.30714285714285,0.9688626074101452,0,1,High,0
3873-WOSBC,49-72 months,26.64029850746269,0.9609501932881394,0,0,Low,1
7465-ZZRVX,0-6 months,70.35,1.0,0,1,High,0
7975-JMZNT,49-72 months,92.0590909090909,0.9960993433071645,6,0,Premium,1
7251-XFOIL,49-72 months,90.17377049180328,0.9892011780533033,2,1,High,0
4116-IQRFR,0-6 months,18.275,1.3187414500683996,0,0,Low,1
3714-JTVOV,25-48 months,76.89047619047619,0.9643587044032947,1,1,High,1
8259-DZLIZ,49-72 months,53.12265625,1.013691780519729,1,0,Medium,1
0442-ZXKVS,49-72 months,119.09351851851852,0.9706657544257935,6,0,Premium,1
7853-WNZSY,0-6 months,19.75,1.0,0,1,Low,1
3120-FAZKD,49-72 months,22.794444444444448,1.055081647574945,0,0,Low,1
8606-OEGQZ,13-24 months,25.258333333333333,1.001649620587265,0,0,Low,1
0225-ZORZP,0-6 months,78.35000000000001,1.075941289087428,2,1,High,0
4702-IOQDC,0-6 months,70.1,1.0,0,1,Medium,0
9489-JMTTN,49-72 months,91.60972222222222,0.9796995103018542,6,0,Premium,1
0575-CUQOV,49-72 months,97.78333333333333,1.0017044486108744,4,0,Premium,0
0967-BMLBD,7-12 months,17.849999999999998,1.120448179271709,0,0,Low,0
6178-KFNHS,7-12 months,75.77083333333333,1.0333791586472367,1,1,High,0
2830-LEWOA,49-72 months,105.72377049180328,0.9827496646844933,5,0,Premium,1
5006-MXVRN,25-48 months,19.55,1.0588235294117647,0,0,Low,1
1264-BYWMS,49-72 months,96.07181818181817,1.0075795569602286,2,1,Premium,0
9658-WYUFB,13-24 months,95.1470588235294,0.9921483771251933,3,1,Premium,0
8327-WKMIE,25-48 months,21.236486486486488,0.9488386891504931,0,0,Low,1
6917-FIJHC,49-72 months,24.666666666666668,1.054054054054054,0,0,Low,0
5329-KRDTM,49-72 months,74.94791666666667,1.0320500347463515,4,0,High,1
7797-EJMDP,7-12 months,71.8125,0.9197563098346387,3,1,High,1
3530-VWVGU,13-24 months,18.195454545454545,1.0936797401948537,0,1,Low,0
2013-SGDXK,0-6 months,84.3,1.0,2,1,High,0
6368-NWMCE,25-48 months,69.90263157894738,0.9749275307758912,3,1,Medium,1
3633-CDBUW,13-24 months,85.05588235294118,0.9505515405096994,5,0,High,0
0707-HOVVN,49-72 months,74.46642857142857,1.0138796965075347,4,0,High,1
8580-QVLOC,49-72 months,89.44791666666667,1.0335623617095608,6,0,High,1
3956-MGXOG,25-48 months,80.17678571428571,1.0052785139980844,1,1,High,0
9274-UARKJ,13-24 months,75.33333333333333,1.1044247787610622,2,1,High,1
4077-HWUYD,49-72 months,89.76597222222222,0.9753138949273961,6,0,High,1
2012-NWRPA,7-12 months,102.83636363636364,0.9680427864214992,3,1,Premium,0
8808-ELEHO,7-12 months,73.24375,1.1093096680604146,1,1,High,0
0103-CSITQ,49-72 months,109.69649122807017,0.9972971676235867,5,0,Premium,1
3506-LCJDC,0-6 months,19.95,1.0,0,1,Low,1
8671-KKKOS,25-48 months,44.82934782608696,1.016075455228766,3,1,Medium,0
7305-ZWMAJ,25-48 months,19.57,1.0577414409810935,0,0,Low,1
9518-XXBXE,7-12 months,72.045,1.045180095773475,1,1,High,0
3934-HXCFZ,13-24 months,95.0608695652174,1.0440678741309914,4,1,Premium,0
6578-KRMAW,25-48 months,93.103125,1.0031886684791729,4,1,Premium,1
4860-IJUDE,13-24 months,73.58846153846153,1.0021951601944286,1,1,High,1
7666-WKRON,25-48 months,82.09102564102565,0.9800096828098889,2,0,High,0
9688-YGXVR,25-48 months,90.3,0.9761904761904763,3,1,Premium,1
0423-UDIJQ,7-12 months,49.766666666666666,0.9886135298057603,1,1,Medium,0
1945-XISKS,49-72 months,19.928358208955224,0.986032055122828,0,0,Low,0
4910-AQFFX,7-12 months,73.47222222222223,1.0799999999999998,1,1,High,1
2154-KVJFF,13-24 months,74.12333333333332,1.0759095201690878,1,1,High,0
5360-LJCNJ,49-72 months,106.40845070422536,0.9881733951025811,4,0,Premium,1
2607-FBDFF,0-6 months,49.0,1.0,1,1,Medium,1
9647-ERGBE,25-48 months,101.53833333333334,0.9853421532097894,3,1,Premium,0
3428-XZMAZ,0-6 months,69.35,1.0,0,1,Medium,0
1100-DDVRV,13-24 months,49.19705882352941,1.012255634602738,3,1,Medium,0
0378-TOVMS,0-6 months,90.73333333333333,0.9456282145481263,2,1,Premium,0
4355-HBJHH,49-72 months,79.00597014925373,1.0087845241243814,4,0,High,0
6728-WYQBC,0-6 months,20.95,1.0,0,1,Low,1
9058-CBREO,0-6 months,50.55,1.0,0,1,Medium,0
9029-FEGVJ,25-48 months,80.3125,0.9873929961089494,1,1,High,0
7216-KAOID,25-48 months,19.46829268292683,1.001628664495114,0,0,Low,1
0318-QUUOB,0-6 months,80.55,1.0,1,1,High,0
6145-NNPNO,0-6 months,44.15,1.0,0,1,Medium,1
5520-FVEWJ,7-12 months,76.40833333333333,1.105900316283128,2,1,High,0
5339-TJFEK,49-72 months,104.63225806451612,1.0082932544086818,4,1,Premium,0
5572-ZDXHY,13-24 months,84.34772727272728,0.999434160536739,2,1,High,0
2074-GUHPQ,13-24 months,91.57941176470588,1.0122362462664998,3,1,Premium,1
4625-XMOYM,49-72 months,27.611805555555556,0.9506803148814165,0,0,Low,1
5827-MWCZK,49-72 months,97.00357142857142,0.9994477375648909,3,1,Premium,1
1385-TQOZW,7-12 months,16.394444444444446,1.2473737716028463,0,1,Low,1
5914-XRFQB,49-72 months,117.01249999999999,0.9896378592030767,6,0,Premium,1
4329-YPDDQ,13-24 months,110.18499999999999,0.9819848436720063,6,1,Premium,1
4804-NCPET,13-24 months,20.389473684210525,0.9907072792978834,0,0,Low,0
3750-CKVKH,0-6 months,58.325,1.1615945135019288,0,1,Medium,0
5944-UGLLK,49-72 months,57.466981132075475,0.9553311992120167,4,0,Medium,1
8063-GBATB,25-48 months,84.71296296296296,1.0063394906547163,1,1,High,0
7787-BNTZM,0-6 months,21.75,0.9264367816091953,0,1,Low,1
2252-ISRNH,7-12 months,85.32222222222222,1.0589269436124495,2,0,High,0
9415-TPKRV,7-12 months,55.85,0.9982094897045658,1,1,Medium,0
5322-TEUJK,49-72 months,114.08802816901408,1.0044875158174131,6,0,Premium,1
4547-KQRTM,7-12 months,83.07000000000001,0.9636451185746959,1,1,High,1
4877-EVATK,0-6 months,20.0,1.0,0,1,Low,0
1866-DIOQZ,49-72 months,66.0443661971831,1.0114413059936236,6,0,Medium,1
8375-KVTHK,49-72 months,99.32867647058823,1.0097788832382095,4,0,Premium,0
2697-NQBPF,25-48 months,104.13676470588236,1.0116504031745583,4,1,Premium,0
3709-OIJEA,25-48 months,84.02307692307691,1.0140071408953586,3,0,High,0
7639-SUPCW,13-24 months,47.93636363636363,1.0180163095012327,1,1,Medium,1
1386-ZIKUV,7-12 months,18.650000000000002,1.0160857908847183,0,1,Low,0
0599-XNYDO,13-24 months,77.0175,0.9062875320544032,0,1,High,1
6377-WHAOX,49-72 months,106.85416666666667,0.9934100214466758,4,1,Premium,0
6855-VLGOS,49-72 months,19.896527777777777,1.0328435307668145,0,0,Low,0
8999-XXGNS,49-72 months,105.9701388888889,0.9979226328171589,4,0,Premium,1
8746-OQQRW,0-6 months,25.475,0.9911678115799804,0,1,Low,0
3181-MIZBN,13-24 months,19.5875,1.0082961072112318,0,1,Low,0
0471-ARVMX,49-72 months,101.82096774193548,1.02974860998907,4,0,Premium,0
7766-CLTIC,7-12 months,62.955,0.9681518544992456,2,1,Medium,0
5650-YLIBA,25-48 months,85.17903225806452,0.9526992482626725,1,1,High,0
0825-CPPQH,49-72 months,19.330281690140847,0.9880869977048344,0,0,Low,1
9084-OAYKL,49-72 months,20.900862068965516,0.9951742627345845,0,0,Low,0
6122-LJADA,49-72 months,89.10071428571429,1.0117764007022552,6,0,High,1
2400-XIWIO,49-72 months,88.88591549295774,1.0136589076043037,6,0,High,0
7524-VRLPL,49-72 months,72.91304347826087,1.0162790697674418,4,0,High,1
1069-XAIEM,0-6 months,85.05,1.0,1,1,High,0
7569-NMZYQ,49-72 months,120.45069444444445,0.9858805758465023,6,0,Premium,1
5201-USSQZ,25-48 months,84.47884615384615,1.0168226001047145,2,1,High,1
2105-PHWON,25-48 months,91.1560606060606,1.042168774828383,3,1,Premium,1
1494-EJZDW,7-12 months,22.080000000000002,0.9125905797101448,0,0,Low,0
4884-TVUQF,49-72 months,101.39649122807018,0.9990483770503149,4,0,Premium,1
8003-EWNDZ,7-12 months,22.265,0.9521670783741297,0,1,Low,0
1897-RCFUM,25-48 months,23.451282051282053,1.0319265252569427,0,0,Low,0
9256-JTBNZ,7-12 months,22.39090909090909,0.9066179455948031,0,1,Low,1
4658-HCOHW,13-24 months,100.48333333333333,1.023055233040305,5,1,Premium,0
2211-RMNHO,49-72 months,81.76470588235294,1.0432374100719424,5,0,High,1
2432-TFSMK,13-24 months,90.72222222222223,0.9876301285976729,2,0,Premium,1
3440-JPSCL,0-6 months,91.27499999999999,1.0950424541221584,4,1,Premium,0
4929-ROART,13-24 months,53.88055555555556,1.0439758725576118,1,1,Medium,0
1834-ABKHQ,49-72 months,50.204807692307696,1.0148430467508092,1,0,Medium,1
1741-WTPON,49-72 months,117.28392857142856,0.9877738698823064,6,0,Premium,0
3932-IJWDZ,25-48 months,105.50777777777779,0.9823920300767716,4,1,Premium,1
1240-HCBOH,49-72 months,26.26194029850746,0.9938336506493138,0,0,Low,0
3594-KADLU,0-6 months,33.699999999999996,1.0415430267062316,2,1,Low,0
8065-BVEPF,49-72 months,99.94076923076922,0.9915873248000739,4,1,Premium,1
3796-ENZGF,49-72 months,67.20873015873015,1.0006140547689621,3,0,Medium,0
1734-ZMNTZ,7-12 months,27.336363636363636,0.9145327569005653,0,0,Low,0
2853-CWQFQ,0-6 months,59.55,1.0,2,1,Medium,0
0813-TAXXS,49-72 months,78.60636363636364,0.9897417511883145,3,0,High,1
2519-TWKFS,25-48 months,58.644,0.9395675601937112,1,0,Medium,0
2889-FPWRM,49-72 months,120.6222222222222,0.976602800294768,6,0,Premium,1
0626-QXNGV,49-72 months,24.672916666666666,0.9788060457654311,0,0,Low,1
6723-CEGQI,49-72 months,45.137692307692305,1.0024881132943644,3,0,Medium,0
6987-XQSJT,49-72 months,80.93055555555556,0.9823236656941823,1,1,High,0
4732-RRJZC,7-12 months,20.62142857142857,0.9819882230689297,0,1,Low,0
9499-XPZXM,49-72 months,66.73263888888889,0.9702898173682294,3,0,Medium,1
4338-EYCER,13-24 months,53.58095238095238,1.0190188410949164,1,1,Medium,1
3007-FDPEA,0-6 months,19.925,1.0388958594730238,0,1,Low,1
6350-XFYGW,0-6 months,105.6,0.897253787878788,3,1,Premium,0
4290-BSXUX,0-6 months,83.91666666666667,0.9491559086395234,1,1,High,1
8513-OLYGY,49-72 months,115.72430555555555,1.0006540928811891,6,0,Premium,1
0311-QYWSS,0-6 months,52.43333333333334,0.9431023521932612,1,1,Medium,0
8705-DWKTI,49-72 months,83.29615384615384,1.0060488525649904,2,1,High,1
8755-IWJHN,49-72 months,92.4927536231884,1.0308915700407395,3,1,Premium,1
0325-XBFAC,7-12 months,92.5375,1.0233689044981764,3,1,Premium,0
4480-QQRHC,7-12 months,75.01875,0.9870865616929101,1,1,High,1
0929-PECLO,49-72 months,87.91746031746032,1.0191377193615945,2,1,High,1
3680-CTHUH,49-72 months,117.49166666666666,0.9924108092772537,6,0,Premium,1
1202-KKGFU,7-12 months,57.541666666666664,0.9419261404779147,2,1,Medium,1
6112-KTHFQ,13-24 months,21.484615384615385,0.8983172216254923,0,1,Low,0
1852-XEMDW,13-24 months,64.88863636363637,1.002486778046303,3,1,Medium,0
2462-XIIJB,0-6 months,90.53999999999999,1.021647890435167,2,1,Premium,0
4760-XOHVN,0-6 months,19.45,1.0,0,1,Low,0
1820-DJFPH,49-72 months,23.738194444444446,1.013135184155867,0,0,Low,1
9426-SXNHE,0-6 months,26.575,0.7055503292568204,0,1,Low,1
9068-FHQHD,25-48 months,19.43375,1.0368559850775068,0,0,Low,1
1269-FOYWN,25-48 months,19.56477272727273,1.0222454550734739,0,0,Low,1
9470-YFUYI,49-72 months,70.59295774647887,1.0057660461682727,4,0,High,1
7817-BOQPW,0-6 months,83.15,0.9085989176187612,0,1,High,0
7402-EYFXX,25-48 months,92.46538461538461,1.012270704213635,2,1,Premium,0
1853-UDXBW,0-6 months,70.0,1.0,0,1,Medium,0
9895-VFOXH,0-6 months,24.4,1.0,0,1,Low,0
5458-CQJTA,49-72 months,74.15615384615384,1.0086823024179745,4,0,High,1
1230-QAJDW,0-6 months,69.96666666666667,0.9325869461648404,2,1,Medium,0
5701-ZIKJE,13-24 months,46.98076923076923,1.0759721653704462,1,1,Medium,0
5219-YIPTK,25-48 months,103.32121212121211,1.010441107461286,4,1,Premium,0
5032-MIYKT,0-6 months,70.7,1.0,0,1,High,0
7396-VJUZB,0-6 months,38.8375,1.165111039588027,0,1,Medium,0
9717-QEBGU,0-6 months,72.0,0.9763888888888889,0,1,High,0
5172-RKOCB,49-72 months,109.375,0.9961142857142857,5,0,Premium,1
6509-TSGWN,25-48 months,24.63783783783784,1.0735519964896885,0,1,Low,0
3540-RZJYU,13-24 months,84.68,1.0179499291450165,2,1,High,0
3178-CIFOT,13-24 months,20.786956521739132,0.9453043296381509,0,0,Low,1
2091-MJTFX,25-48 months,52.05,0.9836695485110472,3,1,Medium,1
4530-NDRKU,25-48 months,18.139285714285716,1.050206733608978,0,0,Low,0
5985-TBABQ,25-48 months,71.3421875,1.047767143389036,3,0,High,0
9800-ONTFE,13-24 months,73.41363636363636,1.0325057271995544,0,1,High,1
6743-HHQPF,25-48 months,26.12261904761905,0.9608531194458368,0,1,Low,1
8455-HIRAQ,7-12 months,46.1625,0.9629027890603845,0,1,Medium,0
6616-AALSR,49-72 months,103.46615384615384,1.0080591200392548,4,0,Premium,1
0883-EIBTI,0-6 months,15.775,1.236133122028526,0,1,Low,0
9415-ZNBSX,49-72 months,89.90285714285714,0.989957414351999,6,0,High,1
4018-KJYUY,13-24 months,19.65909090909091,1.024971098265896,0,1,Low,1
0722-TROQR,0-6 months,80.4375,0.9311577311577313,0,1,High,0
7571-YXDAD,0-6 months,73.575,1.018008834522596,0,1,High,1
3884-UEBXB,49-72 months,36.33507462686567,0.9949064470414262,2,0,Medium,1
8780-RSYYU,25-48 months,21.284000000000002,0.9020860740462318,0,1,Low,1
5537-UXXVS,13-24 months,18.7625,1.0259826782145236,0,1,Low,1
1791-PQHBB,0-6 months,62.975,0.9718142119888845,2,1,Medium,1
8701-DGLVH,49-72 months,20.444117647058825,1.000287728384405,0,0,Low,0
8741-LQOBK,25-48 months,35.22282608695652,0.9950933497916987,2,1,Low,1
3393-FMZPV,25-48 months,95.51,1.049628311171605,3,1,Premium,0
8082-GHXOP,13-24 months,50.71923076923077,0.8675210434518844,0,1,Medium,0
6402-ZFPPI,25-48 months,106.40799999999999,0.966092774979325,4,1,Premium,0
0980-FEXWF,25-48 months,49.45384615384615,1.018121014154612,1,0,Medium,0
7486-KSRVI,25-48 months,97.94302325581396,1.0210017689449253,3,0,Premium,0
3011-WQKSZ,13-24 months,19.871052631578948,1.0064892067275857,0,1,Low,0
8443-WVPSS,7-12 months,99.09,1.0076697951357352,4,1,Premium,0
3006-XIMLN,0-6 months,96.9,0.9721362229102167,2,1,Premium,1
8218-FFJDS,49-72 months,84.15208333333334,1.02671254920407,5,0,High,1
1986-PHGZF,13-24 months,53.605555555555554,1.0894393201368018,2,1,Medium,1
9965-YOKZB,7-12 months,87.79444444444444,0.9550718218059863,1,1,High,0
0504-HHAPI,25-48 months,91.39814814814815,0.9661027251544929,2,1,Premium,1
9360-OMDZZ,13-24 months,96.78541666666666,0.9722539122199022,2,1,Premium,0
6305-YLBMM,49-72 months,105.2463768115942,0.988632608096943,5,0,Premium,1
0345-XMMUG,25-48 months,105.52826086956522,1.0319510537049628,5,0,Premium,1
8024-XNAFQ,49-72 months,107.62152777777777,0.9979416034844331,5,0,Premium,1
3647-GMGDH,13-24 months,87.0409090909091,1.0879941511306073,3,1,High,1
2988-GBIVW,49-72 months,92.43,0.9829059829059827,2,1,Premium,0
2832-SCUCO,0-6 months,28.7,0.6933797909407665,0,1,Low,0
7036-ZZKBD,25-48 months,65.15483870967742,1.019110803049807,3,1,Medium,1
3791-LGQCY,49-72 months,101.57232142857143,0.9909195594272203,3,1,Premium,1
0265-PSUAE,13-24 months,95.16875,1.05812044394825,4,1,Premium,1
0463-TXOAK,49-72 months,25.66346153846154,0.9975271637317348,0,0,Low,1
0594-UFTUL,13-24 months,19.384615384615383,1.0240079365079366,0,1,Low,0
9509-MPYOD,25-48 months,20.012857142857143,1.0368334642015846,0,0,Low,0
9128-CPXKI,49-72 months,95.85508474576271,0.9994253330857845,3,0,Premium,0
0129-KPTWJ,49-72 months,93.71319444444445,1.0099965171511778,3,1,Premium,0
8166-ZZTFS,49-72 months,79.77424242424243,1.0097244116920856,4,0,High,1
5855-EIBDE,49-72 months,105.59897959183674,1.0099529409491048,5,0,Premium,1
5365-LLFYV,0-6 months,52.8,0.8683712121212122,0,1,Medium,0
5956-YHHRX,13-24 months,108.18333333333332,0.9645663226005239,4,1,Premium,0
6008-NAIXK,49-72 months,54.943518518518516,1.009218220731728,4,0,Medium,0
2956-GGUCQ,13-24 months,73.84375,1.0677951756242063,1,1,High,0
1928-BXYIV,0-6 months,61.15,1.0,2,1,Medium,0
5760-FXFVO,0-6 months,82.49166666666666,0.9570663703404385,2,1,High,0
6595-COKXZ,0-6 months,44.45,1.0,0,1,Medium,0
0961-ZWLVI,49-72 months,107.96836734693878,1.0114073472010887,5,0,Premium,1
5181-OABFK,49-72 months,59.76428571428572,1.0256961874028923,3,0,Medium,1
4007-NHVHI,49-72 months,93.20803571428571,1.0390735010968168,3,1,Premium,0
7816-VGHTO,0-6 months,36.25,1.1186206896551723,3,0,Medium,0
5871-DGTXZ,25-48 months,18.990625,1.0426197136745103,0,0,Low,0
7550-WIQVA,49-72 months,108.62799999999999,0.9965202341937623,5,0,Premium,0
7544-ZVIKX,49-72 months,103.53189655172415,1.0146631472892744,4,0,Premium,1
0016-QLJIS,49-72 months,91.66,0.9867990399301768,6,0,Premium,0
7508-DQAKK,49-72 months,85.03203125,1.016087687544216,6,0,High,1
5176-OLSKT,49-72 months,66.2159090909091,1.010331216749614,3,0,Medium,1
9356-AXGMP,25-48 months,116.54210526315791,0.9498712911529602,5,0,Premium,0
3556-BVQGL,13-24 months,20.822499999999998,0.960499459719054,0,0,Low,0
0362-ZBZWJ,25-48 months,85.19999999999999,0.9964788732394368,1,1,High,0
8979-CAMGB,49-72 months,104.5015625,0.9770188842870171,4,0,Premium,0
4211-MMAZN,0-6 months,20.25,1.0,0,1,Low,0
7581-EBBOU,49-72 months,70.41166666666666,0.996283759793595,4,0,High,1
4274-OWWYO,0-6 months,74.35,1.0,1,1,High,0
5073-RZGBK,49-72 months,80.844,0.9901786156053635,5,0,High,1
1541-ETJZO,0-6 months,62.05,1.0,2,1,Medium,0
2192-CKRLV,49-72 months,49.735416666666666,0.9892347002890295,4,0,Medium,0
3154-HMWUU,49-72 months,19.98,1.026026026026026,0,0,Low,1
6119-SPUDB,25-48 months,38.15978260869565,1.0023642008716211,3,0,Medium,0
6522-OIQSX,49-72 months,54.67391304347826,1.0050497017892646,4,0,Medium,1
7813-ZGGAW,25-48 months,92.83709677419354,1.040532323355166,3,1,Premium,1
8748-HFWBO,13-24 months,18.826315789473682,1.0570310315907185,0,0,Low,0
1052-QJIBV,49-72 months,19.680281690140845,1.0111643884634651,0,0,Low,1
1319-YLZJG,7-12 months,79.99166666666666,1.0576101677258047,3,1,High,0
4106-HADHQ,25-48 months,81.61410256410257,0.9802227493363075,5,0,High,1
0723-FDLAY,25-48 months,84.18522727272727,1.0126479759189018,5,0,High,1
3050-RLLXC,49-72 months,82.50714285714285,0.9847632239632933,5,0,High,1
9298-WGMRW,49-72 months,115.45486111111111,1.0003909656852426,6,0,Premium,1
2369-UAPKZ,0-6 months,108.38,0.9605093190625577,4,1,Premium,0
3088-LHEFH,7-12 months,84.48181818181818,0.9351124502313569,1,1,High,1
2778-OCLGR,13-24 months,40.47083333333333,0.9661278698651293,2,1,Medium,1
6583-KQJLK,13-24 months,85.67,1.1048208240924478,3,1,High,0
8544-JNBOX,49-72 months,21.12777777777778,0.984485932158822,0,0,Low,0
6681-ZSEXG,49-72 months,60.52232142857143,0.9831083573061886,2,0,Medium,1
6139-ZZRBQ,49-72 months,18.71953125,1.071073828304328,0,0,Low,1
6116-RFVHN,25-48 months,100.43088235294118,1.0001903562590602,3,1,Premium,0
0637-KVDLV,0-6 months,81.225,0.9418282548476455,0,1,High,0
8884-FEEWR,25-48 months,21.542857142857144,0.9562334217506632,0,0,Low,1
3125-RAHBV,13-24 months,21.23409090909091,0.9560098469442363,0,0,Low,1
6633-MPWBS,0-6 months,43.38,1.1341632088520055,1,1,Medium,0
0373-AIVNJ,7-12 months,41.44444444444444,0.9542895442359249,3,0,Medium,0
8785-EPNCG,7-12 months,22.29090909090909,1.0385399673735727,0,1,Low,1
1682-VCOIO,13-24 months,20.917391304347827,0.9776553731033049,0,0,Low,0
5729-KLZAR,0-6 months,75.6875,1.068208092485549,1,1,High,0
2072-ZVJJX,49-72 months,25.41470588235294,0.993519268603171,0,0,Low,1
8849-AYPTR,25-48 months,89.81969696969698,1.015924157824598,2,1,High,0
9518-IMLHK,25-48 months,69.55645161290323,1.0415999999999999,5,1,Medium,1
1582-RAFML,0-6 months,60.1,1.0,2,1,Medium,0
3646-ITDGM,49-72 months,18.78392857142857,1.0487688943815952,0,0,Low,1
8740-CRYFY,0-6 months,78.95,1.0,1,1,High,0
3569-VLDHH,49-72 months,75.95454545454545,0.9887492519449431,5,0,High,0
8224-KDLKN,49-72 months,24.15138888888889,1.0351371556731268,0,0,Low,1
7594-LZNWR,25-48 months,66.91470588235293,1.0334051250494485,0,1,Medium,1
4001-TSBTV,49-72 months,95.02844827586206,0.9633957163462847,3,1,Premium,0
2962-XPMCQ,0-6 months,49.25,0.916751269035533,0,1,Medium,0
8727-XDPUD,25-48 months,35.5918918918919,1.0058470650770748,1,0,Low,1
1043-UXOVO,49-72 months,112.58169014084507,1.0050479776813082,6,0,Premium,1
1064-FBXNK,0-6 months,19.85,1.0,0,0,Low,1
3996-ZNWYK,49-72 months,19.555633802816903,1.0124959487197953,0,0,Low,1
2878-DHMIN,25-48 months,19.02857142857143,1.0457957957957957,0,0,Low,0
7762-ONLJY,0-6 months,15.741666666666667,1.2514557967178401,0,0,Low,0
1678-FYZOW,0-6 months,81.55,0.9736358062538321,1,1,High,0
5795-BKOYE,49-72 months,59.9231884057971,0.9862626067187463,3,0,Medium,1
8627-EHGIP,25-48 months,53.98636363636364,0.9993264292329712,4,0,Medium,0
7402-PWYJJ,49-72 months,91.74528301886792,0.9935115681233934,2,0,Premium,0
5480-TBGPH,13-24 months,101.30624999999999,0.98019618730335,4,1,Premium,1
0018-NYROU,0-6 months,70.3,0.9807965860597441,0,1,Medium,0
7501-VTYLJ,0-6 months,53.1,0.9708097928436911,1,1,Medium,0
7608-RGIRO,49-72 months,22.79032258064516,1.070629865534324,0,0,Low,0
0480-BIXDE,13-24 months,91.73947368421052,1.0551619288029603,3,1,Premium,0
5895-QSXOD,7-12 months,73.05555555555556,0.9588593155893536,0,1,High,0
9814-AOUDH,49-72 months,19.82075471698113,0.9838172298905283,0,0,Low,1
6175-IRFIT,0-6 months,85.27000000000001,0.9235370001172745,1,1,High,0
8760-ZRHKE,49-72 months,70.17605633802818,0.9860913196186653,3,0,Medium,0
1622-HSHSF,0-6 months,19.55,1.0,0,1,Low,0
8854-CCVSQ,13-24 months,80.66111111111111,0.9998622494662167,1,1,High,0
6749-UTDVX,49-72 months,106.03888888888889,0.9774715775134909,4,0,Premium,0
5542-DHSXL,0-6 months,58.7625,0.9308657732397362,2,1,Medium,0
9102-OXKFY,49-72 months,52.816101694915254,1.0252555236429568,1,0,Medium,1
0511-JTEOY,0-6 months,71.1,1.0,0,1,High,0
5216-WASFJ,25-48 months,84.9483870967742,0.9988418014733803,1,1,High,0
7808-DVWEP,0-6 months,16.55,1.2084592145015105,0,1,Low,1
7067-KSAZT,49-72 months,107.38153846153847,0.9894624487807673,4,0,Premium,0
2284-VFLKH,49-72 months,100.42448979591838,0.9883047471955778,4,0,Premium,1
0366-NQSHS,0-6 months,23.175,0.8349514563106797,0,1,Low,0
6532-YLWSI,49-72 months,19.279245283018867,1.078880407124682,0,0,Low,1
3807-BPOMJ,49-72 months,95.92909090909092,0.9877087242470763,3,0,Premium,0
3892-NXAZG,49-72 months,115.1277777777778,0.9906384210780291,6,0,Premium,1
4948-WBBKL,25-48 months,73.8736111111111,1.013893850232191,0,1,High,1
4182-BGSIQ,7-12 months,19.675,1.0063532401524777,0,1,Low,1
9300-AGZNL,0-6 months,94.0,1.0,2,1,Premium,0
0988-AADSA,49-72 months,80.89930555555556,0.9993905317824798,5,0,High,1
9972-NKTFD,25-48 months,54.19642857142857,1.0083690280065898,2,1,Medium,1
3717-LNXKW,25-48 months,91.55394736842106,1.0015952630746898,2,1,Premium,1
5734-EJKXG,49-72 months,120.74918032786886,0.9822012843314281,6,0,Premium,0
2207-RYYRL,49-72 months,25.597115384615385,0.9590924458134555,0,0,Low,0
6729-FZWSY,49-72 months,17.85,1.0896358543417366,0,0,Low,0
9695-IDRZR,25-48 months,116.08529411764707,1.0005573994780714,6,0,Premium,1
8144-DGHXP,49-72 months,79.6287037037037,1.0121978162536773,5,0,High,0
7814-LEEVE,0-6 months,20.3,1.0,0,1,Low,1
1112-CUNAO,13-24 months,94.99666666666667,0.945822660444226,2,1,Premium,0
5175-AOBHI,0-6 months,48.4,0.9504132231404959,0,1,Medium,0
5174-RNGBH,7-12 months,68.94999999999999,0.9608411892675853,3,1,Medium,0
8631-WUXGY,25-48 months,95.46195652173913,1.0454426416168516,4,1,Premium,0
7270-BDIOA,13-24 months,90.62727272727273,0.993078543484803,2,1,Premium,0
9565-JSNFM,25-48 months,68.3578947368421,1.0306051740067756,0,0,Medium,1
5906-DVAPM,49-72 months,76.61636363636363,0.9789031538479794,4,0,High,1
6654-QGBZZ,0-6 months,19.9,1.0,0,1,Low,0
8348-JLBUG,49-72 months,78.4015625,1.0242142814436894,2,0,High,1
0607-DAAHE,49-72 months,19.85566037735849,0.994678576519219,0,0,Low,1
5641-DMBFJ,49-72 months,84.7655172413793,0.9945081767146694,5,0,High,0
9200-NLNPD,49-72 months,52.853571428571435,1.0226366646395024,4,0,Medium,1
2664-XJZNO,49-72 months,104.99375,0.9991070897077207,5,0,Premium,1
9732-KPKBW,0-6 months,53.95,1.0,2,1,Medium,0
3339-EAQNV,49-72 months,99.07083333333334,0.9816208941413971,3,0,Premium,1
0921-OHLVP,13-24 months,81.78636363636363,1.0154504529539266,1,1,High,0
3389-YGYAI,7-12 months,103.69375,1.0174190826351637,4,1,Premium,0
9560-ARGQJ,13-24 months,82.009375,0.987691955950158,1,1,High,0
8350-NYMVI,25-48 months,40.949999999999996,1.0036630036630039,3,1,Medium,1
1600-DILPE,7-12 months,43.69583333333333,1.029846476590064,0,1,Medium,1
0536-ESJEP,49-72 months,77.61944444444444,0.9604552123966646,4,0,High,1
4654-GGUII,13-24 months,39.55277777777778,1.016363508673362,3,0,Medium,0
6478-HRRCZ,25-48 months,68.8046875,1.0246394913137278,4,0,Medium,0
8510-BBWMU,25-48 months,19.681707317073172,1.003469855629221,0,0,Low,0
6857-TKDJV,49-72 months,24.18582089552239,1.0191921996976148,0,0,Low,1
2360-RDGRO,49-72 months,104.81461538461538,0.9946131998620276,4,1,Premium,0
0584-BJQGZ,25-48 months,73.516,1.0657543936013927,5,1,High,1
5134-IKDAY,0-6 months,69.8,1.0,0,1,Medium,0
1360-XFJMR,49-72 months,109.6186567164179,1.0007420569273398,5,0,Premium,1
3070-DVEYC,7-12 months,77.87857142857142,0.9469870677795104,0,1,High,0
5730-RIITO,25-48 months,34.88953488372093,0.958740209965006,2,1,Low,1
9058-MJLZC,13-24 months,95.13125000000001,0.9944156100124826,3,1,Premium,0
5707-ORNDZ,7-12 months,54.894444444444446,0.9937253314441857,1,1,Medium,0
0902-XKXPN,49-72 months,19.94927536231884,1.01256810751907,0,0,Low,1
5177-RVZNU,25-48 months,20.416216216216217,0.9943076515753243,0,0,Low,1
0056-EPFBG,13-24 months,41.269999999999996,0.9546886358129393,3,0,Medium,1
8993-IZEUX,7-12 months,69.80714285714285,0.9905863092192778,0,1,Medium,1
8696-JKZNU,25-48 months,76.79864864864865,0.9928560116837641,0,1,High,0
5380-AFSSK,0-6 months,97.37,0.9643627400636746,2,1,Premium,0
8190-ZTQFB,25-48 months,50.61219512195122,1.014577610717556,3,0,Medium,0
0931-MHTEM,49-72 months,98.14166666666667,1.019444680309077,4,0,Premium,1
2055-PDADH,0-6 months,68.23333333333333,1.0317537860283341,0,1,Medium,0
7515-LODFU,49-72 months,19.656521739130433,1.0327361203273613,0,0,Low,1
0440-UEDAI,49-72 months,95.14622641509433,0.9926825640771405,4,0,Premium,1
1337-BOZWO,13-24 months,45.13333333333333,1.0280649926144756,3,0,Medium,1
0868-VJRDR,49-72 months,103.21171875,1.0081219580504273,5,0,Premium,1
8714-EUHJO,25-48 months,96.62741935483871,0.9433140262731811,2,1,Premium,0
6344-SFJVH,13-24 months,25.2975,0.9842869848799288,0,1,Low,1
3950-VPYJB,49-72 months,61.56842105263158,0.9680287228586083,3,0,Medium,0
8041-TMEID,49-72 months,110.98253968253968,0.9776312590283042,5,0,Premium,1
7321-ZNSLA,13-24 months,45.41153846153846,0.8929448632167357,3,0,Medium,0
6941-KXRRV,25-48 months,58.11875,1.0143026131842134,2,0,Medium,1
3721-CNEYS,0-6 months,68.975,1.0286335628851033,0,1,Medium,0
8727-JQFHV,49-72 months,19.704385964912284,1.0530650402884743,0,0,Low,0
9475-NNDGC,49-72 months,112.01760563380282,1.010109074906485,5,0,Premium,1
1355-KUSBG,7-12 months,49.971428571428575,0.9765580331618067,0,1,Medium,0
3688-FTHLT,13-24 months,66.690625,0.9454102431938523,1,1,Medium,1
0899-LIIBW,25-48 months,103.74411764705883,0.9721033084795735,3,1,Premium,0
2568-OIADY,25-48 months,101.67567567567568,0.9786018075491759,3,1,Premium,0
1384-RCUXW,13-24 months,78.05625,1.0319481143406197,1,1,High,0
5825-XJOCM,25-48 months,63.23645833333333,1.0183998550414286,3,0,Medium,1
6848-YLDFR,49-72 months,74.15172413793104,1.0141369047619047,4,0,High,1
8125-QPFJD,49-72 months,84.24027777777778,1.007831434553938,5,0,High,1
2320-YKQBO,7-12 months,20.707142857142856,0.932045532942394,0,1,Low,0
1193-RTSLK,25-48 months,85.09473684210526,0.9859599208312717,3,1,High,1
2302-ANTDP,25-48 months,113.31041666666665,1.0365331225063894,6,1,Premium,0
5923-GXUOC,7-12 months,108.14500000000001,0.9653705672939109,5,1,Premium,0
4973-RLZVI,25-48 months,76.95333333333333,0.9700684397470329,5,0,High,1
7869-ZYDST,25-48 months,60.73548387096774,0.9722487784151264,1,1,Medium,1
4501-UYKBC,25-48 months,70.76847826086956,0.9764234260524982,3,0,High,1
1215-EXRMO,49-72 months,21.353,0.962394042991617,0,0,Low,0
2305-MRGLV,25-48 months,73.76428571428572,1.0377650818243438,1,1,High,1
8404-VIOMB,49-72 months,62.672727272727265,0.997243980272701,6,0,Medium,1
5233-GEEAX,7-12 months,27.7375,1.05993690851735,1,1,Low,0
2359-KLTEK,25-48 months,93.85365853658537,1.0111486486486487,3,1,Premium,1
5304-EFJLP,49-72 months,111.42847222222223,1.0019880715705765,5,0,Premium,1
2673-ZALNP,7-12 months,24.735714285714288,0.8045047646549234,0,0,Low,0
9184-GALIL,25-48 months,20.55921052631579,0.9946879999999999,0,1,Low,0
4393-RYCRE,25-48 months,102.51818181818182,1.0344506517690875,5,0,Premium,0
9746-MDMBK,25-48 months,113.14468085106384,1.0026984843356275,6,0,Premium,1
3162-ZJZFU,49-72 months,90.17830188679245,1.0263000972915293,3,1,Premium,0
8404-GFGCZ,0-6 months,62.525,1.0491803278688523,2,1,Medium,0
8875-AKBYH,13-24 months,87.26,0.9666513866605545,1,1,High,0
4432-ADRLB,0-6 months,37.45,1.192256341789052,0,1,Medium,0
0533-UCAAU,49-72 months,72.63333333333334,0.9788893988067919,3,0,High,1
1394-SUIUH,25-48 months,83.42045454545455,1.0207328701811742,3,1,High,0
3521-MNKLV,13-24 months,48.65833333333333,1.0214077753039905,1,1,Medium,0
2533-TIBIX,13-24 months,31.31,0.9645480677099968,1,1,Low,1
8993-PHFWD,0-6 months,19.633333333333333,1.2860780984719864,0,1,Low,0
1565-RHDJD,0-6 months,83.3875,1.0079448358566931,2,1,High,1
7137-RYLPP,25-48 months,85.70675675675676,0.999921164246409,1,1,High,0
3765-JXVKY,0-6 months,74.7,1.0,1,1,High,0
5092-STPKP,13-24 months,57.550000000000004,0.9791485664639443,2,1,Medium,1
7330-WZLNC,0-6 months,91.1,0.9967069154774972,2,1,Premium,0
0114-PEGZZ,25-48 months,110.46969696969697,0.9735701549855986,4,1,Premium,0
3359-DSRKA,49-72 months,19.980172413793102,0.9934849203952195,0,0,Low,0
8639-NHQEI,49-72 months,96.58541666666666,0.992903518043183,3,0,Premium,1
7161-DFHUF,49-72 months,23.55070422535211,1.0127085700615994,0,0,Low,0
3957-LXOLK,25-48 months,112.58928571428571,0.9428072957969866,4,1,Premium,0
3720-DBRWL,49-72 months,84.45294117647059,0.9928606254788604,6,0,High,1
6635-MYYYZ,25-48 months,84.34666666666666,1.0118953525134367,6,0,High,1
8565-WUXZU,49-72 months,85.30069444444445,0.9941302418731123,3,0,High,1
5281-BUZGT,25-48 months,88.51944444444445,1.0263281764835095,2,1,High,0
4994-OBRSZ,13-24 months,75.34285714285714,1.0100492984452027,5,0,High,1
0562-FGDCR,49-72 months,75.42569444444445,0.9883899717345068,4,0,High,0
2436-QBZFP,13-24 months,38.63181818181818,1.014707612660313,2,1,Medium,0
3420-YJLQT,0-6 months,75.875,1.0484349258649093,1,1,High,0
6040-CGACY,13-24 months,19.959999999999997,0.9819639278557116,0,1,Low,0
6582-PLFUU,49-72 months,21.308823529411764,0.9174603174603175,0,0,Low,1
8242-PDSGJ,49-72 months,38.46785714285714,1.0177328010398292,3,0,Medium,1
0264-CNITK,49-72 months,19.57183098591549,1.0269861830742661,0,0,Low,1
0089-IIQKO,25-48 months,96.60000000000001,1.034679089026915,3,1,Premium,1
7839-NUIAA,49-72 months,59.69672131147541,1.0017300562954827,2,1,Medium,0
6075-QMNRR,49-72 months,48.760576923076925,1.020291455502751,1,1,Medium,1
5378-IKEEG,0-6 months,35.75,1.0,1,1,Medium,0
5966-EMAZU,49-72 months,107.51328125,1.0091776452037176,5,0,Premium,0
0440-EKDCF,49-72 months,60.53548387096774,0.9936321006074816,3,0,Medium,1
4774-HHGGS,25-48 months,21.251666666666665,0.8964002823307977,0,0,Low,0
2718-GAXQD,0-6 months,45.4,1.013215859030837,0,1,Medium,0
2055-BFOCC,49-72 months,84.59603174603176,0.9929543770111922,6,0,High,1
8180-AKMJV,0-6 months,44.55,1.0,0,1,Medium,1
4298-OYIFC,13-24 months,102.65333333333334,1.0077607481491102,4,1,Premium,0
5566-SOEZD,25-48 months,81.8425925925926,0.9854282158615228,2,0,High,1
9842-EFSYY,0-6 months,55.9375,1.0225698324022348,5,1,Medium,0
2272-WUSPA,49-72 months,107.6625,1.0286775804017183,5,0,Premium,0
4584-LBNMK,25-48 months,26.096666666666664,0.9464810320602888,0,0,Low,1
3898-GUYTS,25-48 months,97.44555555555556,0.9959407532411261,4,1,Premium,0
0930-EHUZA,25-48 months,72.39861111111111,1.0545782416022407,5,0,High,0
6413-XKKPU,13-24 months,90.55588235294118,0.9872357010620676,3,1,Premium,0
9975-SKRNR,0-6 months,18.9,1.0,0,1,Low,0
3703-KBKZP,13-24 months,78.834375,0.9443849843421732,0,1,High,1
1449-XQEMT,0-6 months,19.383333333333333,1.0214961306964747,0,1,Low,0
2626-URJFX,0-6 months,56.4,0.902482269503546,0,1,Medium,0
4973-MGTON,49-72 months,84.07464788732395,1.0038698004791182,6,0,High,1
3682-YEUWS,7-12 months,25.39,0.9610082709728238,0,1,Low,0
1223-UNPKS,13-24 months,20.0,1.0025,0,0,Low,0
2612-RRIDN,0-6 months,85.2125,0.9505647645591901,1,1,High,0
4735-ASGMA,25-48 months,96.7423076923077,1.0166182960283066,3,1,Premium,0
3446-QDSZF,0-6 months,56.8375,0.976468000879701,1,1,Medium,1
3669-LVWZB,0-6 months,61.19,0.8334695211635889,3,1,Medium,0
6892-EZDTG,0-6 months,91.35,1.0032840722495897,2,1,Premium,0
5117-IFGPS,25-48 months,81.30172413793103,1.0368783798112606,1,1,High,0
7379-FNIUJ,0-6 months,99.25,1.0095717884130984,4,1,Premium,0
1627-AFWVJ,25-48 months,19.112068965517242,1.015065403698692,0,0,Low,0
9725-SCPZG,0-6 months,90.85,1.0,2,1,Premium,0
5884-GCYMI,0-6 months,69.4,1.0,0,1,Medium,0
3217-FZDMN,7-12 months,92.86875,1.0170267178141195,3,1,Premium,1
4486-EFAEB,13-24 months,19.357692307692307,1.0538446254718854,0,1,Low,0
0060-FUALY,49-72 months,94.87542372881356,0.9986780166677088,3,1,Premium,0
7853-GVUDZ,0-6 months,20.15,1.0,0,1,Low,1
7480-QNVZJ,49-72 months,96.334,0.9934187306662238,2,1,Premium,0
6954-OOYZZ,13-24 months,42.669444444444444,1.0393854566759977,0,1,Medium,1
7088-FBAWU,13-24 months,71.51764705882353,1.042400065800296,4,1,High,0
8313-AFGBW,25-48 months,74.95,0.981987991994663,4,0,High,0
3943-KDREE,25-48 months,70.575,1.0619907899397805,0,1,High,1
9239-ZBZZV,0-6 months,50.85,0.9429695181907571,3,1,Medium,0
3097-IDVPU,13-24 months,47.91842105263158,1.045526937228843,0,1,Medium,1
4398-HSCJH,0-6 months,51.88333333333333,1.2258271763572117,2,1,Medium,0
2197-OMWGI,49-72 months,53.768382352941174,0.9857094017094018,4,0,Medium,0
2303-PJYHN,0-6 months,26.0,0.7634615384615385,0,1,Low,1
9795-VOWON,7-12 months,21.55,1.1299303944315546,0,0,Low,1
1237-WIYYZ,13-24 months,21.625,0.9040462427745665,0,1,Low,0
1987-AUELQ,49-72 months,26.390140845070423,0.949218124566366,0,0,Low,1
7852-LECYP,13-24 months,97.0,0.9670103092783505,3,1,Premium,1
4430-UZIPO,0-6 months,36.233333333333334,1.017019319227231,2,1,Medium,0
4822-LPTYJ,49-72 months,102.03055555555555,1.0168522501429311,4,0,Premium,1
8165-CBKXO,49-72 months,56.18787878787879,1.010004314529177,4,0,Medium,1
6527-PZFPV,13-24 months,19.568749999999998,1.0629191951453212,0,0,Low,1
4855-SNKMY,0-6 months,44.1,1.0,0,1,Medium,0
9593-CVZKR,49-72 months,24.74732142857143,0.987985712739474,0,0,Low,0
8595-SIZNC,13-24 months,24.94545454545454,1.0262390670553938,0,0,Low,1
8008-HAWED,13-24 months,50.910714285714285,0.9968432129077517,3,1,Medium,0
7124-UGSUR,49-72 months,105.0,0.9942857142857143,4,0,Premium,1
1862-SKORY,25-48 months,40.935,0.960058629534628,2,1,Medium,0
5236-XMZJY,25-48 months,60.394047619047626,0.9876801166939345,3,1,Medium,1
4827-DPADN,49-72 months,83.92638888888888,0.9925364489383885,5,0,High,1
2694-CIUMO,7-12 months,79.85416666666667,0.996190973128098,1,1,High,1
5846-ABOBJ,49-72 months,24.375352112676058,1.003062433189842,0,0,Low,1
1439-LCGVL,25-48 months,17.676923076923078,1.0861618798955612,0,0,Low,0
0909-SDHNU,7-12 months,28.849999999999998,1.0329289428076258,1,1,Low,0
4647-XXZAM,0-6 months,47.53333333333333,0.9572230014025246,0,1,Medium,0
1502-XFCVR,49-72 months,105.96293103448276,1.0045965977041418,5,0,Premium,0
7740-KKCXF,49-72 months,29.98921568627451,1.002026872405113,1,1,Low,1
5360-XGYAZ,49-72 months,64.78472222222223,1.0133562010933648,6,0,Medium,1
9692-TUSXH,13-24 months,96.70555555555556,0.993221117941058,3,1,Premium,0
7912-SYRQT,7-12 months,78.99285714285715,0.9507188715073694,0,1,High,1
3557-HTYWR,25-48 months,74.38936170212766,0.9954380344936075,4,0,High,0
4816-JBHOV,0-6 months,46.85,0.9541088580576308,0,1,Medium,0
8920-NAVAY,49-72 months,113.76370967741936,0.9735090418028313,5,0,Premium,1
1699-TLDLZ,13-24 months,18.846875,1.0452661250207262,0,0,Low,0
5600-PDUJF,0-6 months,52.11666666666667,0.9497921330348577,1,1,Medium,1
8292-TYSPY,13-24 months,55.078947368421055,0.9985666507405637,2,1,Medium,1
0567-XRHCU,49-72 months,42.9,1.0244755244755246,3,0,Medium,1
1867-BDVFH,7-12 months,75.83636363636364,0.9804003836010547,0,1,High,0
2067-QYTCF,49-72 months,108.646875,1.0230390887910952,5,1,Premium,0
2359-QWQUL,25-48 months,106.02179487179488,0.9875328004643457,5,0,Premium,1
9103-TCIHJ,13-24 months,59.986666666666665,0.9285396754834409,1,1,Medium,0
7407-SUJIZ,25-48 months,21.66,0.951061865189289,0,1,Low,0
9150-KPBJQ,0-6 months,19.474999999999998,1.0089858793324775,0,0,Low,1
0052-DCKON,49-72 months,120.33560606060605,0.962308694748903,6,0,Premium,1
3654-ARMGP,49-72 months,87.23360655737704,1.0162367864693447,5,0,High,1
9699-UBQFS,25-48 months,96.66976744186047,0.9775548498845265,3,1,Premium,0
9367-TCUYN,7-12 months,18.633333333333333,1.07871198568873,0,1,Low,0
1261-FWTTE,13-24 months,33.410869565217396,1.0370876439586179,1,1,Low,1
3528-HFRIQ,49-72 months,53.02887323943662,0.9862551626140422,4,1,Medium,1
0708-SJDIS,25-48 months,63.455882352941174,1.0243337195828506,2,1,Medium,0
4140-WJAWW,0-6 months,21.61,0.9185562239703842,0,1,Low,1
2073-QBVBI,25-48 months,33.94268292682927,1.044407717457694,2,0,Low,0
6928-ONTRW,49-72 months,19.163888888888888,1.027975068850558,0,0,Low,1
3320-VEOYC,13-24 months,90.95,1.0511269928532159,2,1,Premium,0
5231-FIQPA,25-48 months,19.76707317073171,1.004195200197421,0,0,Low,0
6617-WLBQC,13-24 months,78.73260869565217,1.0395946654885826,1,0,High,1
2599-CIPQE,49-72 months,109.61760563380282,0.997102603801949,6,0,Premium,1
6653-CBBOM,0-6 months,70.3,1.0,0,1,Medium,0
8774-GSBUN,49-72 months,24.959722222222222,1.0176395303544599,0,0,Low,0
7326-RIGQZ,0-6 months,62.975,1.1083763398173878,0,1,Medium,0
1401-FTHFQ,13-24 months,19.360869565217392,1.0330114529530654,0,0,Low,1
3247-ZVOUO,7-12 months,85.175,1.0044027003228646,1,1,High,0
0254-FNMCI,49-72 months,105.89166666666667,1.0378531518060912,6,0,Premium,0
1848-LBZHY,7-12 months,50.728571428571435,0.9915516755843422,1,1,Medium,1
6101-IMRMM,0-6 months,95.90833333333335,0.9853158397775652,3,1,Premium,0
8118-TJAFG,7-12 months,100.76111111111112,1.0073330760324197,4,1,Premium,0
5429-LWCMV,7-12 months,88.12916666666666,1.0115833766724978,2,1,High,0
7298-IZWLY,0-6 months,19.4,1.0,0,1,Low,0
9758-MFWGD,25-48 months,28.932291666666668,1.0334473447344734,1,0,Low,1
3955-JBZZM,13-24 months,82.065,0.9602144641442759,1,1,High,0
1268-ASBGA,13-24 months,85.946875,0.9930553030578481,1,1,High,1
8943-URTMR,0-6 months,76.35,1.0432220039292732,1,1,High,0
4815-TUMEQ,7-12 months,18.52,1.0421166306695464,0,0,Low,0
4713-LZDRV,0-6 months,97.525,0.8162009741092027,1,1,Premium,0
9909-IDLEK,13-24 months,91.33500000000001,1.0598346745497345,3,1,Premium,0
4092-OFQZS,13-24 months,20.875,0.9892215568862275,0,0,Low,0
1561-BWHIN,13-24 months,18.13157894736842,1.0920174165457184,0,0,Low,0
4325-NFSKC,13-24 months,87.36842105263158,1.036987951807229,2,1,High,0
9927-DSWDF,13-24 months,99.1159090909091,1.0553300772740821,5,1,Premium,0
9500-LTVBP,25-48 months,81.02571428571429,0.9879579674882752,1,1,High,1
7252-NTGSS,0-6 months,45.15,1.0,0,1,Medium,0
8149-AIQCG,25-48 months,70.02179487179487,1.0446747349726277,0,1,Medium,1
1360-JYXKQ,49-72 months,100.68703703703704,0.9842379209505066,4,0,Premium,0
2955-PSXOE,0-6 months,20.2,1.0,0,1,Low,1
7762-URZQH,49-72 months,105.7780303030303,1.0025711359550802,4,0,Premium,1
0899-WZRSD,49-72 months,103.47232142857142,1.0181466748354029,4,1,Premium,0
3255-GRXMG,13-24 months,41.51111111111111,1.0997055674518201,0,1,Medium,1
4828-FAZPK,13-24 months,79.246875,1.0088725896131552,1,1,High,1
6094-ZIVKX,49-72 months,54.04338235294117,1.0075239118899577,2,0,Medium,1
6925-BAYGL,49-72 months,24.067924528301884,1.0428817811226092,0,0,Low,1
3262-EIDHV,49-72 months,81.85972222222222,1.0346968900049205,5,0,High,1
7354-OIJLX,7-12 months,80.51666666666667,0.9420409853032498,0,1,High,0
1376-HHBDV,25-48 months,51.225,0.9526598340653977,1,1,Medium,0
6907-NZZIJ,25-48 months,100.43333333333334,0.9872220378360438,3,1,Premium,0
6133-OZILE,13-24 months,33.73888888888889,1.043306438333608,2,1,Low,0
4135-FRWKJ,49-72 months,75.53727272727274,1.0094354382544437,4,0,High,0
2911-UREFD,25-48 months,56.008974358974356,0.9980543411083389,4,1,Medium,0
3744-ZRRDZ,13-24 months,88.23095238095237,0.9333459265455919,1,1,High,0
5673-TIYIB,0-6 months,38.575,1.0473104342190538,3,1,Medium,1
6551-ZCOTS,25-48 months,25.690909090909088,0.9692144373673036,0,0,Low,1
7191-ADRGF,25-48 months,54.32840909090908,0.9994770859043277,4,0,Medium,1
5018-LXQQG,25-48 months,64.11666666666666,1.0340525084481416,3,1,Medium,1
6892-BOGQE,49-72 months,21.03098591549296,0.9937717653361906,0,0,Low,1
1602-IJQQE,0-6 months,84.525,0.8914522330671397,0,1,High,0
4628-WQCQQ,25-48 months,86.58857142857143,0.9833861281594405,2,0,High,0
1746-TGTWV,0-6 months,75.35,1.0,1,1,High,1
5995-SNNEW,13-24 months,94.99347826086957,1.0995491681351122,4,1,Premium,0
8050-WYBND,13-24 months,46.88181818181818,1.0547799108008533,3,0,Medium,1
2821-WARNZ,49-72 months,18.802040816326528,1.03446217301639,0,0,Low,1
4879-GZLFH,25-48 months,92.27142857142857,0.9986840068122,3,1,Premium,0
1644-IRKSF,25-48 months,94.68181818181819,0.9906865098415746,3,0,Premium,0
8314-HTWVE,7-12 months,20.592857142857145,0.9639264654873395,0,0,Low,0
9402-ROUMJ,49-72 months,99.83582089552239,1.004148602182688,4,0,Premium,1
2507-QZPQS,13-24 months,96.74,0.989249534835642,3,1,Premium,0
7159-NOKYQ,49-72 months,95.04776119402985,0.9800336044722214,3,0,Premium,0
5707-ZMDJP,49-72 months,70.36981132075472,0.9904815529815529,4,0,High,0
8779-YIQQA,13-24 months,16.67142857142857,1.187660668380463,0,0,Low,0
7136-IHZJA,25-48 months,71.17999999999999,1.0023883113234056,4,1,High,0
8966-OIQHG,13-24 months,20.561363636363637,1.0091743119266054,0,0,Low,1
7074-STDCN,25-48 months,38.32051282051282,1.0594847775175644,2,1,Medium,0
3705-PSNGL,25-48 months,20.67666666666667,0.9866193777204576,0,0,Low,0
8739-QOTTN,0-6 months,20.925,0.972520908004779,0,1,Low,0
1399-OUPJN,49-72 months,22.316666666666666,0.8849887976101568,0,0,Low,1
0277-BKSQP,7-12 months,59.3875,0.9160176804883182,1,1,Medium,0
6502-HCJTI,7-12 months,96.15714285714286,0.9848462338434111,3,1,Premium,1
2606-RMDHZ,0-6 months,34.78333333333333,0.8768567321514136,1,1,Low,1
5774-XZTQC,7-12 months,21.535714285714285,0.9495854063018242,0,1,Low,0
2676-SSLTO,49-72 months,65.28571428571429,1.013238512035011,2,0,Medium,1
6266-QHOJZ,49-72 months,89.9176923076923,0.9992471747666669,3,0,High,0
7269-JISCY,49-72 months,44.77454545454545,1.0061520344351498,0,0,Medium,1
0363-SVHYR,49-72 months,88.22253521126761,0.9844423512883552,6,0,High,1
8547-NSBBO,25-48 months,97.24000000000001,0.9949609214315096,4,1,Premium,0
8258-GSTJK,0-6 months,79.25,0.9716088328075709,0,1,High,0
6861-OKBCE,7-12 months,20.12272727272727,0.9988705669753785,0,1,Low,1
9940-RHLFB,0-6 months,75.3,1.0,1,1,High,0
6591-QGOYB,13-24 months,98.35882352941177,1.0842951976556428,5,1,Premium,1
9070-BCKQP,49-72 months,109.46111111111111,1.0062934578490585,5,0,Premium,1
6421-SZVEM,25-48 months,82.88571428571429,0.9995691140985866,2,0,High,1
1328-EUZHC,13-24 months,20.583333333333332,0.9765182186234819,0,0,Low,0
2995-UPRYS,25-48 months,101.55499999999999,0.9768105952439565,4,0,Premium,1
8878-RYUKI,49-72 months,58.5326923076923,1.0156717153464534,2,1,Medium,0
9633-DENPU,25-48 months,57.94468085106383,1.011309392670926,2,1,Medium,1
7811-JIVPF,13-24 months,47.01086956521739,1.0572023121387284,1,1,Medium,1
7113-HIPFI,49-72 months,62.07651515151515,1.0607876398872358,4,0,Medium,0
8541-QVFKM,7-12 months,79.025,0.9300854160075924,0,1,High,0
6686-YPGHK,25-48 months,86.00638297872341,0.9941122628206713,2,1,High,0
1383-EZRWL,7-12 months,23.55,0.851380042462845,0,1,Low,0
9258-CNWAC,49-72 months,115.02535211267606,0.9880430523583289,6,0,Premium,1
5371-VYLSX,49-72 months,82.274,1.0136859761285462,2,1,High,0
6374-AFWOX,25-48 months,66.24239130434783,0.9910572173998654,4,0,Medium,0
4759-TRPLW,0-6 months,70.4,1.0,0,1,High,0
5317-FLPJF,49-72 months,63.53636363636363,0.9655887823722994,5,0,Medium,1
7621-VPNET,25-48 months,88.80357142857143,0.9673034385682687,2,1,High,1
6034-YMTOB,0-6 months,79.89,0.9469270246589061,1,1,High,0
8563-IIOXK,7-12 months,47.32857142857143,1.051162088741322,1,0,Medium,0
4903-CNOZC,25-48 months,67.7448275862069,1.046574366283213,3,0,Medium,1
4353-HYOJD,25-48 months,49.48703703703704,1.0073345058563783,1,1,Medium,0
8020-BWHYL,13-24 months,76.49666666666667,0.9843566168460499,1,1,High,1
7267-FRMJW,25-48 months,19.442,1.033844254706306,0,0,Low,0
2982-VPSGI,7-12 months,98.08181818181819,0.9583835387895078,2,1,Premium,0
4188-FRABG,49-72 months,103.96052631578948,0.9912416149854448,5,1,Premium,0
8199-ZLLSA,49-72 months,116.47985074626865,1.0160555601827232,6,0,Premium,1
4128-ETESU,25-48 months,101.00425531914894,0.9870871250421301,3,1,Premium,0
0620-DLSLK,13-24 months,79.14615384615385,1.0347944406647875,1,1,High,0
4625-EWPTF,7-12 months,28.30625,1.0757341576506956,1,1,Low,0
5980-NOPLP,25-48 months,99.18409090909091,0.9689053871359501,2,1,Premium,0
3850-OKINF,49-72 months,66.09225352112676,1.0016302436841376,2,0,Medium,0
6892-XPFPU,13-24 months,101.41250000000001,1.0279797855293973,4,1,Premium,0
8010-EZLOU,13-24 months,81.15,0.9882932840418976,1,1,High,0
1156-ZFYDO,0-6 months,19.75,1.0,0,1,Low,0
3295-YVUSR,0-6 months,77.15,0.9410239792611794,0,1,High,0
8016-NCFVO,49-72 months,116.04636363636364,1.0039090958942742,6,1,Premium,0
4119-ZYPZY,49-72 months,107.36901408450704,0.9947003882883828,4,0,Premium,0
5549-ZGHFB,49-72 months,25.229,0.9889412977129494,0,0,Low,0
7577-SWIFR,0-6 months,89.25,1.0,2,1,High,0
0303-WMMRN,0-6 months,17.21,1.1185357350377687,0,1,Low,0
6408-OTUBZ,49-72 months,102.7128787878788,1.017885986974576,5,0,Premium,1
5204-HMGYF,49-72 months,88.6734693877551,0.9833831990794016,6,0,High,0
1078-TDCRN,0-6 months,27.616666666666664,1.1134580567290284,1,1,Low,0
3727-OVPRY,49-72 months,25.9780303030303,0.9892974833046573,0,0,Low,1
3797-FKOGQ,7-12 months,81.2,1.061576354679803,1,1,High,0
7622-NXQZR,25-48 months,28.958928571428572,1.0394030955170501,1,1,Low,1
6196-HBOBZ,49-72 months,97.65461538461538,1.0173610290584556,4,0,Premium,0
3970-XGJDU,49-72 months,18.123387096774195,1.0594046188759845,0,0,Low,1
7017-VFULY,0-6 months,21.575,0.9316338354577057,0,1,Low,1
5562-YJQGT,0-6 months,17.55,1.1595441595441596,0,1,Low,1
8807-OPMBM,49-72 months,25.236363636363638,1.0163904899135445,0,0,Low,1
5439-WIKXB,25-48 months,93.93780487804878,1.0065170260551222,3,1,Premium,0
9874-QLCLH,13-24 months,102.55882352941177,1.0160022942357327,4,1,Premium,0
8294-UIMBA,25-48 months,87.93666666666667,1.0734998673287595,3,0,High,1
8109-YUOHE,13-24 months,55.70294117647059,1.007128148265484,2,0,Medium,0
5840-NVDCG,13-24 months,69.678125,0.9795039691438311,4,0,Medium,1
8092-NLTGF,49-72 months,24.688888888888886,1.0024752475247525,0,0,Low,1
5928-QLDHB,7-12 months,76.09444444444445,1.0020442432649486,0,1,High,0
9840-EFJQB,0-6 months,74.35,1.0,1,1,High,0
0696-UKTOX,13-24 months,57.06304347826087,0.9489504362070935,2,1,Medium,0
4801-KFYKL,7-12 months,19.9,0.9773869346733669,0,1,Low,1
3472-OAOOR,13-24 months,32.11578947368421,1.0882497541789578,2,1,Low,0
6135-OZQVA,7-12 months,57.76428571428572,0.9287745764807716,1,1,Medium,0
8062-YBDOE,0-6 months,69.65,1.0,0,1,Medium,0
2252-JHJGE,49-72 months,104.31885245901638,0.9969434819162563,4,0,Premium,0
4188-PCPIG,49-72 months,72.36228070175439,0.9721915798916271,4,0,High,1
6000-APYLU,7-12 months,79.23333333333333,1.0197728228859908,1,1,High,0
7105-BENQF,13-24 months,63.38333333333333,1.0231396266105706,3,0,Medium,0
7721-DVEKZ,0-6 months,19.65,1.0,0,1,Low,0
3566-VVORZ,7-12 months,42.1625,1.0886451230358731,0,1,Medium,1
9507-HSMMZ,49-72 months,21.289814814814818,0.9394163441047274,0,0,Low,0
2480-SQIOB,0-6 months,42.4125,1.0562923666371942,0,1,Medium,0
0947-IDHRQ,7-12 months,75.24285714285715,1.0672109360167077,1,1,High,0
7813-TKCVO,13-24 months,19.6575,1.0352282843698335,0,0,Low,0
0128-MKWSG,25-48 months,44.11538461538461,1.0381865736704445,3,1,Medium,0
3672-YITQD,25-48 months,83.93333333333334,1.0019857029388402,1,1,High,0
4350-ZTLPI,49-72 months,107.89056603773585,1.0098195236263159,5,0,Premium,1
9048-JVYVF,0-6 months,63.78333333333333,1.0872746276456755,3,1,Medium,0
0361-HJRDX,49-72 months,66.75882352941177,0.9639175257731957,6,0,Medium,1
5727-MYATE,49-72 months,88.85555555555555,1.0218832062023258,6,0,High,1
3823-KYNQY,7-12 months,23.366666666666664,1.0677603423680457,0,0,Low,1
8988-ECPJR,25-48 months,79.95,0.9956222639149467,1,1,High,0
7570-WELNY,49-72 months,83.9860294117647,1.0085010637273357,2,0,High,1
3021-VLNRJ,49-72 months,69.563,1.0177824418153327,4,0,Medium,1
3776-EKTKM,0-6 months,36.45,1.0,1,1,Medium,0
2080-CAZNM,25-48 months,100.8280487804878,1.0354261662574535,4,1,Premium,0
1028-FFNJK,25-48 months,97.25500000000001,1.0436481414837282,3,1,Premium,0
6907-FLBER,0-6 months,54.3,1.0,1,1,Medium,0
3001-UNBTL,25-48 months,102.2344827586207,1.016780221262817,3,1,Premium,0
5982-PSMKW,13-24 months,95.57826086956523,0.9531456125187644,6,0,Premium,1
3507-GASNP,49-72 months,19.831666666666667,1.0059668879737793,0,0,Low,0
7096-ZNBZI,49-72 months,26.59027777777778,0.9947244711412901,0,0,Low,1
1902-XBTFB,13-24 months,90.97727272727273,0.982663002747939,3,1,Premium,0
1676-MQAOA,49-72 months,74.11597222222223,1.0132768652730797,5,0,High,1
0786-IVLAW,49-72 months,109.67575757575759,0.9856325808858065,4,0,Premium,1
7566-DSRLQ,49-72 months,111.09444444444445,0.9914987248087214,5,0,Premium,0
0643-OKLRP,25-48 months,81.40106382978723,0.9870878366898859,1,1,High,0
7245-JMTTQ,49-72 months,111.82843137254902,0.9970630780695218,5,0,Premium,0
6050-IJRHS,49-72 months,105.67142857142858,1.007841016628363,4,0,Premium,0
6202-JVYEU,7-12 months,18.288888888888888,1.0880923450789792,0,0,Low,0
8591-TKMZH,49-72 months,111.10508474576271,0.9999542348059556,5,0,Premium,0
0734-OXWBT,0-6 months,75.21666666666667,0.9399512519388433,3,1,High,0
4282-ACRXS,25-48 months,25.151315789473685,0.9880198796756474,0,1,Low,0
0365-TRTPY,25-48 months,91.41351351351352,0.9976643112674807,3,1,Premium,1
7349-ALMUX,25-48 months,62.53513513513514,1.0490102861094301,4,0,Medium,1
9381-NDKME,13-24 months,38.887499999999996,1.0453230472516877,2,1,Medium,1
6502-KUGLL,13-24 months,55.775,1.0658897355445989,3,1,Medium,1
1841-YSJGV,49-72 months,109.0611111111111,1.0081503744078244,5,0,Premium,1
2794-XIMMO,49-72 months,60.08018867924528,1.0061552955955093,5,0,Medium,0
8382-SHQEH,7-12 months,95.61875,0.8879011700111118,1,1,Premium,0
3511-BFTJW,49-72 months,38.375,1.003257328990228,3,0,Medium,1
7668-XCFYV,13-24 months,94.98235294117647,0.9743915278379884,2,1,Premium,0
2983-ZANRP,0-6 months,72.7,1.0116918844566711,1,1,High,1
7845-URHJN,7-12 months,19.53125,1.03168,0,1,Low,1
3034-ZBEQN,25-48 months,33.427083333333336,1.0380803988781553,2,0,Low,0
5018-HEKFO,7-12 months,27.014999999999997,0.90690357208958,0,1,Low,0
2923-ARZLG,0-6 months,0.0,0.0,0,0,Low,0
3976-NLDEZ,0-6 months,20.6,1.0,0,1,Low,0
2282-YGNOR,25-48 months,59.810344827586206,0.9697319112136062,3,0,Medium,1
5336-UFNZP,49-72 months,108.42307692307692,0.991025186236254,4,0,Premium,0
6854-EXGSF,7-12 months,71.64375,0.9142458344237984,3,1,High,1
1241-EZFMJ,49-72 months,25.22295081967213,1.0090016898479137,0,0,Low,1
9233-PSYHO,25-48 months,99.10666666666667,1.0105273779093233,3,0,Premium,1
5376-PCKNB,49-72 months,103.59722222222223,1.008231666443223,4,0,Premium,1
8044-BGWPI,7-12 months,25.504166666666666,0.8292762620486848,0,1,Low,0
4060-LDNLU,7-12 months,91.38571428571429,1.0526809441925904,2,1,Premium,0
3589-PPVKW,7-12 months,38.68333333333333,1.147781128823783,0,1,Medium,0
8327-LZKAS,25-48 months,105.43953488372092,1.0200158803678951,4,0,Premium,0
5887-IKKYO,49-72 months,95.925,0.9835809225957779,3,0,Premium,1
1075-BGWOH,13-24 months,99.221875,0.9952442442757709,3,1,Premium,0
1755-RMCXH,0-6 months,20.125,1.008695652173913,0,1,Low,0
0302-JOIVN,7-12 months,105.3625,0.9600189820856567,4,1,Premium,0
3858-XHYJO,25-48 months,105.71375,1.0003429071431105,4,0,Premium,1
4299-SIMNS,7-12 months,87.16111111111111,0.9310344827586208,1,1,High,0
7025-IWFHT,25-48 months,90.96951219512195,0.9843957369796903,3,0,Premium,0
6261-LHRTG,25-48 months,54.111538461538466,1.0117989906887483,2,1,Medium,1
7841-FCRQD,25-48 months,56.28181818181818,0.9550153448554353,2,0,Medium,1
2056-EVGZL,49-72 months,107.68382352941177,0.9820416524411062,5,0,Premium,1
8777-MBMTS,49-72 months,103.46923076923076,1.0230094416771986,5,0,Premium,1
7753-USQYQ,49-72 months,65.9509090909091,0.9734513274336283,3,0,Medium,0
5366-IJEQJ,13-24 months,88.0725,1.0071248119447047,2,1,High,0
7661-CPURM,13-24 months,90.83947368421053,0.9654393232712419,2,0,Premium,1
6233-HXJMX,25-48 months,93.15888888888888,0.9585773409825508,2,1,Premium,1
5902-WBLSE,49-72 months,20.16,0.9995039682539681,0,0,Low,1
1981-INRFU,0-6 months,82.25,0.9696048632218845,1,1,High,0
4971-PUYQO,25-48 months,100.91111111111111,0.9369632239594803,2,1,Premium,0
3239-TPHPZ,7-12 months,22.045833333333334,0.9094689094689095,0,0,Low,0
5115-GZDEL,49-72 months,64.88472222222222,1.0356829419697327,6,0,Medium,1
3338-CVVEH,7-12 months,97.79583333333333,0.9668101060883644,2,1,Premium,0
8485-GJCDN,0-6 months,63.7,1.083987441130298,0,1,Medium,0
2615-YVMYX,49-72 months,108.64154929577465,0.9894925164159174,5,1,Premium,0
2851-STERV,25-48 months,70.60714285714286,1.033889731917046,4,0,High,0
4393-GEADV,49-72 months,112.03285714285714,1.0242530890172525,6,0,Premium,1
8486-AYEQH,25-48 months,71.86451612903227,1.058241314301104,0,1,High,0
1527-SXDPN,49-72 months,95.96634615384616,1.0029557637392916,3,0,Premium,1
6029-WTIPC,25-48 months,101.19054054054054,0.9991052469918937,3,1,Premium,0
8634-CILSZ,49-72 months,104.64275362318841,1.0005470648929762,4,0,Premium,1
5419-JKZNQ,25-48 months,78.38166666666666,0.9938548555146826,0,1,High,0
2495-KZNFB,25-48 months,90.5939393939394,1.0006188118811883,2,1,Premium,0
1409-PHXTF,49-72 months,112.55092592592592,0.9813335527127638,5,0,Premium,0
4560-WQAQW,49-72 months,68.99915254237288,0.9956644026578563,3,0,Medium,1
9591-YVTEB,49-72 months,45.07363636363637,0.9950384219761602,3,1,Medium,0
9309-BZGNT,49-72 months,30.93188405797102,0.9634072061097314,1,0,Low,1
4274-DRSQT,49-72 months,90.91060606060607,0.977883701938301,2,0,Premium,1
2027-DNKIV,25-48 months,59.54324324324324,0.9866778630112115,3,0,Medium,0
8075-GXIUB,7-12 months,20.35,0.9754299754299754,0,0,Low,1
2885-HIJDH,49-72 months,89.7695652173913,0.9680340969632393,5,0,High,1
5424-RLQLC,7-12 months,63.895,0.9335628765944126,2,1,Medium,0
6682-QJDGB,25-48 months,53.48,1.0330964846671653,2,1,Medium,0
6507-DTJZV,13-24 months,63.98076923076923,1.0378118425007514,2,1,Medium,1
8780-IXSTS,0-6 months,86.88333333333333,1.0370228275465183,2,1,High,0
7673-BQGKU,49-72 months,19.384057971014492,1.0395140186915888,0,0,Low,1
6723-WSNTY,49-72 months,108.81742424242424,0.9934070830345519,5,0,Premium,1
9530-EHPOH,7-12 months,55.27272727272727,0.9724506578947368,1,1,Medium,0
2725-IWWBA,25-48 months,55.654347826086955,1.0223819382055388,3,0,Medium,0
0345-HKJVM,0-6 months,96.26666666666667,0.9276315789473684,2,1,Premium,0
1061-PNTHC,49-72 months,106.30357142857143,1.0310095750041994,5,1,Premium,0
0394-YONDK,49-72 months,25.57357142857143,0.9834371421389267,0,0,Low,1
6574-MCOEH,25-48 months,76.70909090909092,1.0318203365726475,4,0,High,0
7399-QHBJS,49-72 months,66.11527777777778,1.0096002352792892,3,0,Medium,1
3049-SOLAY,0-6 months,97.61666666666667,0.9752432986170394,2,1,Premium,0
0997-YTLNY,13-24 months,50.19210526315789,0.9722644576102344,1,1,Medium,0
3317-HRTNN,0-6 months,39.6,1.154040404040404,2,1,Medium,0
9479-HYNYL,49-72 months,80.35281690140846,1.004320733385334,5,0,High,1
3235-ETOOB,7-12 months,76.2375,0.9772093785866536,1,1,High,0
9708-KFDBY,0-6 months,20.55,1.0,0,1,Low,1
8058-INTPH,0-6 months,79.65,1.0,1,1,High,0
3642-GKTCT,49-72 months,114.64999999999999,1.0039249890972526,6,0,Premium,0
0774-RMNUW,49-72 months,58.06549295774647,1.0281493699440896,5,0,Medium,1
1334-PDUKM,49-72 months,84.74926470588235,1.0200678471963145,2,0,High,1
0756-MPZRL,25-48 months,33.43152173913043,1.0080306922001498,2,0,Low,1
2242-MFOTG,25-48 months,78.88787878787879,1.0153651135097759,1,0,High,1
2927-CVULT,49-72 months,105.02641509433961,0.9907031474561656,5,0,Premium,1
2144-BFDSO,49-72 months,108.63799999999999,1.0010309468141902,5,1,Premium,1
8745-PVESG,49-72 months,39.61842105263158,1.037396213882431,3,0,Medium,1
7647-GYYKX,49-72 months,20.2287037037037,1.0059962466242507,0,0,Low,1
5647-FXOTP,49-72 months,106.6875,0.9926186291739895,4,1,Premium,0
5569-OUICF,25-48 months,100.43571428571428,1.0086053623497617,3,1,Premium,1
8821-XNHVZ,0-6 months,80.05,1.0,1,1,High,0
2082-OJVTK,25-48 months,93.04655172413793,0.9586599218040656,2,1,Premium,0
9700-ISPUP,7-12 months,61.69,1.0617604149781164,3,1,Medium,0
9839-ETQOE,25-48 months,44.48488372093023,0.9092976448754478,3,1,Medium,0
6078-VESFR,13-24 months,65.31538461538462,1.078612648686845,0,1,Medium,1
9027-TMATR,25-48 months,80.47209302325582,0.979221454787157,5,0,High,0
5940-NFXKV,13-24 months,77.14473684210526,1.0843254306668941,1,1,High,0
1941-HOSAM,0-6 months,90.1,1.0,2,1,High,0
9110-HSGTV,49-72 months,80.51159420289855,1.024076107500945,5,0,High,1
0704-VCUMB,49-72 months,20.963934426229507,0.9659446355958712,0,0,Low,1
6171-ZTVYB,25-48 months,67.61279069767441,0.97984418800626,3,1,Medium,1
8053-WWDRO,0-6 months,24.383333333333336,0.7997265892002733,0,1,Low,1
9564-KCLHR,0-6 months,51.25,1.0,1,1,Medium,0
1935-IMVBB,49-72 months,88.44553571428571,1.0141834664190028,2,1,High,0
2535-PBCGC,49-72 months,64.35571428571428,1.0030189349375125,6,0,Medium,1
2082-CEFLT,0-6 months,45.6,1.0,0,1,Medium,0
1470-PSXNM,49-72 months,92.24795918367346,1.0151986106655755,3,0,Premium,0
1213-NGCUN,0-6 months,44.55833333333334,1.1142696839349167,1,1,Medium,1
2498-XLDZR,25-48 months,72.4015625,1.016552646912834,5,0,High,0
9866-OCCKE,49-72 months,112.1576388888889,0.9785334381791501,5,0,Premium,0
5338-YHWYT,25-48 months,62.225675675675674,0.9875344756444503,3,0,Medium,1
7718-UPSKJ,49-72 months,105.1,1.0123691722169363,5,0,Premium,1
8731-WBBMB,25-48 months,79.94423076923077,1.0244641697337087,5,1,High,1
1448-CYWKC,49-72 months,107.33448275862068,0.9801137276319595,4,0,Premium,1
7901-IIDQV,13-24 months,51.760416666666664,1.0548601328235059,1,0,Medium,1
2690-DVRVK,0-6 months,19.89,1.0331825037707392,0,0,Low,0
5688-KZTSN,13-24 months,19.203333333333333,1.0414858531504947,0,1,Low,0
1270-XKUCC,25-48 months,19.975,0.9862327909887358,0,0,Low,0
0334-ZFJSR,49-72 months,62.947272727272725,1.0492908928107219,3,0,Medium,1
2894-QOJRX,25-48 months,34.12,0.996483001172333,1,1,Low,1
5747-PMBSQ,7-12 months,93.41,0.9902580023552082,4,1,Premium,0
5583-EJXRD,25-48 months,53.98181818181818,1.0012630515325025,5,0,Medium,1
4565-EVZMJ,25-48 months,59.85212765957447,0.9840919997867084,3,0,Medium,0
3143-JQEGI,13-24 months,94.06153846153846,0.939278704612365,2,1,Premium,0
6386-SZZKH,49-72 months,108.02448979591837,0.9993104360311342,5,0,Premium,1
3327-YBAKM,49-72 months,98.66171875,0.9821438469517845,4,0,Premium,0
9441-QHEVC,0-6 months,19.1,1.0,0,1,Low,0
6705-LNMDD,13-24 months,50.152499999999996,0.9969592742136485,1,1,Medium,0
2580-ASVVY,25-48 months,43.056756756756755,1.0544221957190383,3,0,Medium,0
3370-GQEAL,25-48 months,83.66499999999999,1.021335086356302,1,1,High,0
5032-USPKF,25-48 months,83.88552631578948,1.0025567424278072,5,0,High,1
2982-IHMFT,0-6 months,74.45,1.0,0,1,High,0
3521-SYVOR,25-48 months,63.38378378378378,1.021554664847348,2,1,Medium,0
4254-QPEDE,49-72 months,64.04038461538461,1.0345034683643135,6,0,Medium,1
6283-GITPX,49-72 months,77.78450704225352,0.9886287504300433,5,0,High,1
9526-JAWYF,25-48 months,89.81923076923077,0.999785894745857,3,1,High,0
0771-CHWSK,49-72 months,72.7030303030303,1.0260920306768921,4,0,High,1
9788-HNGUT,49-72 months,119.36666666666666,0.979754258586987,6,0,Premium,1
9495-REDIY,25-48 months,38.821999999999996,1.047086703415589,2,0,Medium,1
5375-XLDOF,49-72 months,111.09855072463769,1.0292663518484697,6,0,Premium,1
1172-VIYBP,49-72 months,69.54811320754717,1.0021839096051328,3,0,Medium,1
5649-VUKMC,7-12 months,92.92916666666667,1.027664439761467,3,0,Premium,0
6559-PDZLR,25-48 months,97.57692307692308,1.0109972408356327,4,1,Premium,0
8992-OBVDG,13-24 months,66.36190476190475,0.9289968427095294,2,1,Medium,0
4273-MBHYA,0-6 months,89.35,1.0,2,1,High,0
4724-WXVWF,25-48 months,92.61041666666667,1.0301217015724473,3,1,Premium,0
5701-GUXDC,25-48 months,37.63846153846154,0.9405272838749232,2,0,Medium,1
1460-UZPRJ,49-72 months,20.96916666666667,0.9513968922624486,0,0,Low,0
6082-GLJIX,13-24 months,18.408333333333335,1.0457220461747396,0,1,Low,0
5143-EGQFK,7-12 months,29.139999999999997,1.0175017158544957,1,1,Low,0
4919-IKATY,0-6 months,90.75,0.931129476584022,2,1,Premium,0
2495-TTHBQ,0-6 months,21.1875,0.9628318584070796,0,0,Low,0
0485-ZBSLN,49-72 months,26.386153846153846,0.9379919538219346,0,0,Low,1
3810-PJUHR,49-72 months,24.502142857142857,1.034603387458823,0,0,Low,0
9050-QLROH,13-24 months,88.73611111111111,1.022131789012365,2,1,High,1
0847-HGRML,49-72 months,20.16290322580645,0.9919206463482922,0,0,Low,1
8232-CTLKO,49-72 months,60.55757575757576,0.9866643314651721,2,0,Medium,0
9227-YBAXE,49-72 months,80.2323076923077,1.0282640793081628,5,0,High,1
6168-WFVVF,0-6 months,78.5,0.8955414012738853,0,1,High,0
9860-LISIZ,25-48 months,19.8,1.027777777777778,0,1,Low,0
0112-QAWRZ,13-24 months,90.1375,1.007349882124532,2,1,High,1
0877-SDMBN,49-72 months,104.42685185185185,0.9954336280047171,4,0,Premium,1
2786-GCDPI,49-72 months,104.447,1.004815839612435,4,1,Premium,0
4043-MKDTV,49-72 months,102.70070422535211,1.0248225734563035,5,0,Premium,0
8065-YKXKD,7-12 months,79.965,0.9347839679859938,0,1,High,0
9637-EIHEQ,0-6 months,50.8,1.0,1,1,Medium,0
9229-RQABD,13-24 months,23.583333333333332,1.0070671378091873,0,0,Low,0
8313-KTIHG,0-6 months,62.35,0.983159582999198,2,1,Medium,0
5320-BRKGK,49-72 months,76.13362068965517,0.9956179584442053,4,0,High,0
6284-KMNUF,49-72 months,94.11785714285715,1.041247675786438,3,0,Premium,0
9689-PTNPG,0-6 months,72.275,1.1103424420615704,1,1,High,0
9465-RWMXL,25-48 months,76.4984375,1.0313936150656673,1,1,High,0
6229-UOLQL,49-72 months,51.51607142857143,1.0093937398176713,4,0,Medium,0
2362-IBOOY,25-48 months,84.72638888888889,1.0002786748192711,1,1,High,0
3137-LUPIX,0-6 months,63.25,1.0181818181818183,2,1,Medium,0
0843-WTBXE,49-72 months,85.23113207547169,1.0025679340306604,1,1,High,1
6143-JQKEA,7-12 months,43.62,1.0499770747363595,0,1,Medium,1
8676-OOQEJ,0-6 months,29.6,1.0304054054054053,1,1,Low,0
5515-IDEJJ,0-6 months,19.9,1.0,0,1,Low,0
9701-CDXHR,49-72 months,71.56078431372549,0.9663113765892153,0,1,High,0
7450-NWRTR,7-12 months,100.0125,0.9943757030371203,3,1,Premium,0
8124-NZVGJ,0-6 months,42.6,1.1561032863849765,3,0,Medium,0
2162-FRZAA,49-72 months,38.01666666666667,1.035072336694432,3,0,Medium,1
5376-DEQCP,0-6 months,70.6,1.0,0,1,High,0
5118-MUEYH,25-48 months,105.90729166666667,0.9923773740791376,4,1,Premium,1
9095-HFAFX,0-6 months,77.92,1.0395277207392197,1,1,High,1
5627-TVBPP,25-48 months,18.414285714285715,1.091543832428239,0,0,Low,1
2379-ENZGV,0-6 months,87.25,0.9724928366762177,2,1,High,0
3936-QQFLL,0-6 months,19.65,1.0050890585241732,0,1,Low,0
2589-AYCRP,49-72 months,19.781,0.9984328395935494,0,0,Low,1
4067-HLYQI,25-48 months,72.9121212121212,0.9655459041602595,0,1,High,1
5124-EOGYE,25-48 months,20.598387096774193,0.9927961788426904,0,0,Low,0
5057-RKGLH,7-12 months,21.233333333333334,0.9583987441130298,0,0,Low,0
0292-WEGCH,49-72 months,83.77870370370371,1.028901095257568,5,1,High,0
8910-ICHIU,25-48 months,101.39565217391304,0.9433343338621845,4,0,Premium,1
4097-YODCF,25-48 months,102.08235294117648,1.0168260919672696,4,0,Premium,0
9715-WZCLW,49-72 months,97.32816901408451,0.9986831251899339,3,0,Premium,0
9786-YWNHU,49-72 months,63.717460317460315,0.9973718300034876,4,0,Medium,0
6407-GSJNL,49-72 months,25.254901960784313,0.9879270186335404,0,0,Low,1
6005-OBZPH,25-48 months,87.60192307692309,1.0176717230478782,2,1,High,0
4049-ZPALD,49-72 months,99.621875,0.993757646099313,4,0,Premium,1
7932-WPTDS,0-6 months,24.8,1.0,0,1,Low,0
3733-UOCWF,49-72 months,86.09426229508196,0.993678297710287,2,0,High,1
6833-JMZYP,13-24 months,100.36333333333333,0.9365970307881365,3,1,Premium,1
2722-VOJQL,49-72 months,107.8609375,0.9795019628862395,4,0,Premium,1
1310-QRITU,13-24 months,50.73888888888889,0.9913500492718712,0,1,Medium,0
8961-QDZZJ,49-72 months,97.11929824561403,0.9781784023989306,3,0,Premium,0
9715-SBVSU,13-24 months,58.253571428571426,1.054012629513825,3,0,Medium,1
8490-BXHEO,13-24 months,78.42500000000001,1.027095951546063,1,1,High,1
7173-TETGO,49-72 months,77.80902777777777,1.008880360569414,1,0,High,1
7929-SKFGK,49-72 months,117.77571428571427,0.9704887012845239,6,0,Premium,1
2300-RQGOI,25-48 months,19.513157894736842,1.0275118004045853,0,0,Low,0
3563-SVYLG,49-72 months,64.35000000000001,0.9735819735819734,4,0,Medium,1
5228-EXCET,13-24 months,77.5923076923077,1.0419847328244274,1,1,High,0
6435-VWCCY,49-72 months,91.82153846153845,1.0095670531465721,3,0,Premium,1
4998-IKFSE,25-48 months,103.23,0.973069844037586,3,1,Premium,0
8630-QSGXK,49-72 months,76.49509803921569,0.9830695289971163,3,0,High,1
2455-USLMV,25-48 months,84.30322580645162,1.005299609703834,2,1,High,1
7394-FKDNK,7-12 months,94.78888888888889,0.9436760051576603,2,1,Premium,0
9488-FVZCC,49-72 months,78.63472222222222,1.0110037621209178,5,0,High,1
6331-LWDTQ,7-12 months,79.425,0.9084041548630785,2,1,High,1
5995-WWKKG,25-48 months,18.785135135135135,1.0540248902956622,0,0,Low,0
1597-FZREH,0-6 months,80.4,0.9502487562189055,4,1,High,0
7879-CGSFV,49-72 months,100.94636363636364,0.9995407101881287,4,0,Premium,0
9921-EZKBY,25-48 months,99.2469696969697,0.9602308291223303,3,1,Premium,1
7432-FFVAR,25-48 months,92.10000000000001,0.987513572204126,3,0,Premium,1
7246-ZGQDF,0-6 months,54.5,1.0,2,1,Medium,0
7000-WCEVQ,13-24 months,58.717499999999994,1.0490909865031721,1,1,Medium,0
0727-IWKVK,7-12 months,82.41111111111111,0.9695294593501417,2,1,High,0
5959-BELXA,25-48 months,94.3515625,1.0190610250890122,2,1,Premium,1
4456-RHSNB,13-24 months,50.67894736842105,0.9787101464326514,1,1,Medium,1
3512-IZIKN,49-72 months,67.99642857142857,0.96034455591155,3,0,Medium,1
2481-SBOYW,49-72 months,24.563114754098358,1.0177862315213402,0,0,Low,1
7109-MFBYV,25-48 months,47.42884615384616,0.9582775818027004,0,1,Medium,0
1833-TCXKK,25-48 months,108.50666666666667,0.9930265421479478,4,1,Premium,1
1832-PEUTS,49-72 months,87.28467741935484,1.0207977234300074,2,0,High,1
6141-OOXUQ,0-6 months,19.65,1.0,0,1,Low,0
8660-BUETV,0-6 months,49.35,0.9067882472137792,0,1,Medium,0
0580-PIQHM,25-48 months,95.86707317073171,1.0598007912378673,4,0,Premium,1
5696-CEIQJ,49-72 months,102.91791044776119,1.0022550939018202,5,0,Premium,1
7503-ZGUZJ,0-6 months,84.65,1.0,1,1,High,0
1696-HXOWK,49-72 months,96.57676056338028,0.9904038967762636,3,0,Premium,0
3026-ATZYV,25-48 months,71.85945945945946,1.0450955318188655,4,0,High,1
4012-YCFAI,49-72 months,62.769999999999996,0.9773777282141151,3,0,Medium,0
2506-TNFCO,0-6 months,69.55,1.0,0,1,Medium,0
9970-QBCDA,0-6 months,21.59166666666667,0.9123890389810883,0,1,Low,1
8718-PTMEZ,13-24 months,26.71153846153846,1.1624190064794817,1,1,Low,0
9496-IVVRP,7-12 months,52.88181818181818,0.964414646725116,1,1,Medium,1
2207-OBZNX,7-12 months,50.57857142857143,1.0083321564750742,1,1,Medium,0
2657-VPXTA,7-12 months,92.94500000000001,0.9559416859432996,2,1,Premium,0
6551-VLJMV,25-48 months,19.970588235294116,1.003976435935199,0,0,Low,1
1221-GHZEP,49-72 months,62.04435483870968,1.0492493663482159,3,0,Medium,0
9289-LBQVU,49-72 months,70.0109375,1.0019862967839848,3,0,Medium,0
6142-VSJQO,0-6 months,44.35,1.0,0,1,Medium,1
3458-IDMFK,25-48 months,19.976,1.038746495794954,0,0,Low,0
6933-FHBZC,25-48 months,59.73846153846154,0.9382565027040947,2,0,Medium,0
0221-NAUXK,7-12 months,21.95,0.908883826879271,0,0,Low,1
9770-KXGQU,49-72 months,100.22358490566039,0.9838003708689061,4,0,Premium,0
6437-UKHMV,7-12 months,83.72142857142856,0.9519665557546286,1,1,High,0
6538-POCHL,25-48 months,78.0848484848485,1.0117199627444893,2,1,High,1
6726-NNFWD,49-72 months,90.63732394366197,0.9869002758245601,3,0,Premium,1
3002-WQZWT,25-48 months,68.73275862068965,1.0795434591747148,0,1,Medium,0
4277-UDIEF,13-24 months,80.16041666666666,1.0104737895366063,4,1,High,1
1208-NBVFH,13-24 months,46.989999999999995,1.055543732709087,1,1,Medium,0
4912-PIGUY,0-6 months,84.6,1.0,1,1,High,0
1114-CENIM,49-72 months,57.2712962962963,0.9603414547394629,1,1,Medium,1
6060-DRTNL,0-6 months,83.11,1.0209361087715076,2,1,High,0
2725-TTRIQ,49-72 months,83.14652777777778,1.0126700687374197,5,0,High,1
3374-TTZTK,49-72 months,105.51923076923077,1.007399307453982,6,0,Premium,0
8990-ZXLSU,7-12 months,72.38888888888889,0.9538756715272448,0,1,High,0
2275-RBYQS,0-6 months,45.4,1.0,0,1,Medium,0
8473-VUVJN,0-6 months,73.65,1.0,0,1,High,0
6289-CPNLD,25-48 months,72.88030303030304,1.0139913931103304,4,0,High,0
5536-SLHPM,49-72 months,81.05727272727272,0.959198322173996,1,1,High,0
4419-UJMUS,49-72 months,99.36884057971014,0.999810397508915,3,0,Premium,0
7794-JASDG,0-6 months,50.75,1.0,1,1,Medium,0
7609-YBPXG,49-72 months,87.68888888888888,0.9932843385707045,5,0,High,1
5519-TEEUH,25-48 months,20.671212121212122,0.9747856043392215,0,0,Low,0
7856-GANIL,25-48 months,100.57333333333334,0.9813734588360069,4,0,Premium,1
0804-XBFBV,7-12 months,29.186363636363637,0.8634169132533873,0,1,Low,0
2676-OXPPQ,0-6 months,55.94166666666666,0.9956800238343514,2,1,Medium,1
3703-TTEPD,13-24 months,67.82857142857144,0.9634582982308338,3,1,Medium,1
2799-TSLAG,49-72 months,26.90076923076923,0.9404935518000629,0,0,Low,1
0196-VULGZ,0-6 months,79.14999999999999,1.065698041692988,1,1,High,0
8837-VVWLQ,7-12 months,83.55,1.016756433273489,2,1,High,0
2696-NARTR,7-12 months,84.20454545454545,0.8770310391363022,1,1,High,0
2208-NKVVH,25-48 months,25.06860465116279,0.9673454241847952,0,0,Low,0
7614-QVWQL,49-72 months,51.86224489795919,0.9987998032464337,3,0,Medium,1
1976-CFOCS,0-6 months,46.0,1.0,0,1,Medium,0
4631-OACRM,13-24 months,77.07333333333332,1.0301877000259496,1,1,High,0
7139-JZFVG,49-72 months,61.57416666666666,0.982554913451258,3,0,Medium,1
4987-GQWPO,13-24 months,22.51764705882353,1.1146812957157783,0,1,Low,1
3755-JBMNH,13-24 months,72.9875,0.9837300907689673,0,1,High,1
1757-TCATG,25-48 months,21.335714285714285,0.9397388684298628,0,0,Low,1
6345-ULYRW,25-48 months,88.92954545454546,0.9940453372179202,2,0,High,0
4776-XSKYQ,7-12 months,30.7375,0.9841398942659617,1,0,Low,1
8048-DSDFQ,0-6 months,20.2,1.0,0,1,Low,0
5753-QQWPW,25-48 months,59.096428571428575,1.0135976309905117,3,0,Medium,0
6010-DDPPW,49-72 months,27.72642857142857,0.9070767962490661,0,0,Low,1
1809-DMJHQ,0-6 months,44.339999999999996,1.0374379792512405,0,1,Medium,0
6693-FRIRW,13-24 months,99.70277777777778,1.0160198367369682,4,1,Premium,1
6586-MYGKD,49-72 months,75.56857142857143,1.0182804642897652,4,0,High,1
3173-NVMPX,7-12 months,55.68888888888889,0.9930167597765363,1,1,Medium,0
0248-PGHBZ,49-72 months,91.65447761194031,1.0086795801884103,4,0,Premium,1
0623-GDISB,0-6 months,48.45,1.0,1,1,Medium,1
2892-GESUL,13-24 months,17.180555555555557,1.1262732417138237,0,0,Low,0
6923-EFPNL,0-6 months,50.275,1.0293386374937843,0,1,Medium,1
7472-EQOAV,49-72 months,87.0330985915493,0.9961727366146924,3,0,High,1
9574-RKJIF,25-48 months,94.62333333333332,0.9976397646810161,3,1,Premium,0
2043-WVTQJ,0-6 months,55.7,1.0,2,1,Medium,0
8034-RYTVV,49-72 months,83.45181818181818,1.0095645827205681,2,0,High,1
3863-QSTYI,49-72 months,63.31271186440678,1.021121953178332,3,1,Medium,0
2619-WFQWU,0-6 months,70.15,1.0,0,1,Medium,0
5044-LRQAQ,7-12 months,68.22142857142858,1.0143440477436918,0,1,Medium,1
1716-LSAMB,25-48 months,56.748888888888885,0.963014449622117,2,0,Medium,1
1333-PBMXB,49-72 months,24.85462962962963,0.9957903364005513,0,0,Low,1
6546-OPBBH,49-72 months,23.849999999999998,1.0041928721174005,0,0,Low,0
5985-BEHZK,49-72 months,105.25069444444445,0.997618120756659,4,0,Premium,1
9127-QRZMH,25-48 months,59.18068181818182,1.0113097409704488,3,0,Medium,1
5919-VCZYM,0-6 months,21.35,0.9391100702576112,0,1,Low,0
9644-KVCNC,49-72 months,91.77121212121212,1.0041275239809144,2,0,Premium,1
2137-DQMEV,49-72 months,43.87720588235294,1.0210312871818075,3,0,Medium,0
8174-LNWMW,25-48 months,22.23709677419355,0.939870892870095,0,0,Low,1
9279-CJEOJ,13-24 months,96.43333333333332,0.9892844797787765,2,1,Premium,1
7964-VEXDG,13-24 months,83.2,0.9657451923076922,1,1,High,0
2404-JIBFC,49-72 months,84.69,1.004841185500059,5,0,High,1
0778-NELLA,7-12 months,32.900000000000006,1.0547112462006079,1,1,Low,1
8029-XYPWT,49-72 months,112.90985915492958,1.0189544195793727,6,0,Premium,1
4614-NUVZD,0-6 months,81.1,1.0,1,1,High,0
4632-PAOYU,13-24 months,19.704545454545453,1.0124567474048443,0,0,Low,0
3803-KMQFW,0-6 months,20.55,1.0,0,1,Low,0
6804-GDMOI,49-72 months,105.38360655737705,1.0115425300230227,4,0,Premium,0
2990-OGYTD,49-72 months,87.81865671641792,0.9809988357962898,5,0,High,1
6646-JPPHA,13-24 months,74.55714285714285,1.0575780800919716,2,1,High,0
9572-MTILT,49-72 months,105.98135593220339,1.0072526347774633,5,1,Premium,0
7658-UYUQS,13-24 months,88.44047619047619,0.9786243101359536,2,1,High,1
7880-XSOJX,0-6 months,36.6,1.1584699453551912,3,1,Medium,0
9611-CTWIH,0-6 months,80.14999999999999,1.1160324391765442,2,1,High,0
4589-IUAJB,49-72 months,24.630714285714287,0.9845431081982425,0,0,Low,1
0329-GTIAJ,0-6 months,105.10000000000001,0.9314938154138915,4,1,Premium,0
8746-BFOAJ,13-24 months,20.454761904761906,1.0022116168082877,0,0,Low,1
8457-XIGKN,13-24 months,17.807499999999997,1.100659834339464,0,1,Low,1
6072-NUQCB,13-24 months,22.193181818181817,0.9124423963133641,0,0,Low,1
6629-CZTTH,0-6 months,55.7,1.0,1,1,Medium,0
8838-GPHZP,49-72 months,20.614285714285714,0.9993069993069994,0,0,Low,0
8750-QWZAJ,49-72 months,19.696428571428573,1.0052583862194016,0,0,Low,1
5364-EVNIB,13-24 months,74.88076923076923,1.0656941804920643,2,1,High,0
6918-UMQCG,0-6 months,76.85,1.0435914118412493,1,1,High,0
0675-NCDYU,49-72 months,118.65625,0.9809849881485384,6,0,Premium,1
6339-DKLMK,13-24 months,29.996153846153845,1.0551352737530453,1,1,Low,0
1346-PJWTK,49-72 months,93.96475409836066,1.0019714402854227,4,1,Premium,1
5088-QZLRL,0-6 months,20.65,1.0,0,1,Low,0
8023-QHAIO,49-72 months,76.35267857142857,1.0065134771677482,1,1,High,1
4397-FRLTA,0-6 months,21.125,0.9538461538461538,0,1,Low,0
3057-VJJQE,25-48 months,54.97428571428571,1.0050153318434594,1,0,Medium,0
5087-SUURX,13-24 months,37.21388888888889,1.049339404344256,2,1,Medium,0
2302-OUZXB,49-72 months,80.3375,1.022561070483896,4,0,High,1
8133-ANHHJ,49-72 months,105.43265306122449,0.9769269482404863,5,0,Premium,1
2270-CHBFN,25-48 months,92.28522727272728,1.0305007942273827,4,1,Premium,1
0013-EXCHZ,0-6 months,89.13333333333333,0.9412864622288708,2,1,High,0
5982-FPVQN,25-48 months,95.48243243243243,0.9965183916667847,3,1,Premium,0
9107-UKCKY,49-72 months,80.57049180327868,0.9904370472857492,4,0,High,0
4654-ULTTN,49-72 months,75.94,0.9849881485383197,4,0,High,1
5550-VFRLC,0-6 months,69.85,1.0,0,1,Medium,0
5546-BYZSM,25-48 months,18.917073170731708,1.081034038164002,0,1,Low,0
1492-KGETH,49-72 months,77.79928571428572,1.0070786547801576,5,0,High,1
4929-BSTRX,0-6 months,53.55,1.0,1,1,Medium,0
4163-HFTUK,49-72 months,19.76078431372549,0.9665608255606272,0,0,Low,0
8215-NGSPE,25-48 months,19.84642857142857,1.007737988123088,0,0,Low,0
2225-ZRGSG,49-72 months,93.98642857142858,0.9990804143455362,4,0,Premium,1
8859-YSTWS,25-48 months,20.927083333333332,0.9533101045296167,0,0,Low,1
5271-YNWVR,49-72 months,115.52941176470588,0.9794042769857434,6,0,Premium,0
7601-DHFWZ,25-48 months,24.646874999999998,0.9737542791936098,0,0,Low,1
2657-ALMWY,25-48 months,83.45192307692308,1.017951376886738,2,1,High,0
6330-JKLPC,7-12 months,81.53636363636363,0.9872895529044488,1,1,High,1
4667-OHGKG,0-6 months,19.3,1.0,0,1,Low,0
1998-VHJHK,25-48 months,18.56851851851852,1.0313154482896179,0,0,Low,0
1707-HABPF,25-48 months,89.70326086956523,1.0178002350745816,3,0,High,1
1660-HSOOQ,0-6 months,49.65,1.0,1,1,Medium,0
7253-UVNDW,25-48 months,53.481521739130436,1.0162388472247628,2,0,Medium,1
0487-VVUVK,25-48 months,19.104,1.0024078726968173,0,1,Low,0
7228-OMTPN,0-6 months,92.6625,0.9545393228112776,2,1,Premium,0
5063-IUOKK,13-24 months,20.442307692307693,0.9661335841956725,0,0,Low,0
4508-OEBEY,25-48 months,78.20806451612903,0.965373589886366,5,0,High,1
0027-KWYKW,13-24 months,80.43260869565218,1.0412443579556203,1,1,High,0
2308-STERM,0-6 months,30.525,0.6355446355446355,0,1,Low,0
5982-XMDEX,49-72 months,26.13153846153846,1.0141002619881663,0,0,Low,1
6284-AHOOQ,13-24 months,86.84545454545454,1.0420810216685858,2,1,High,1
6051-PTVNS,49-72 months,18.14727272727273,1.0552549844704937,0,0,Low,1
2344-JMOGN,7-12 months,98.95555555555556,0.9585111161015045,4,1,Premium,0
3799-ISUZQ,7-12 months,75.64285714285714,0.9247403210576016,0,1,High,1
2877-VDUER,25-48 months,39.53142857142857,1.0346198323214801,2,0,Medium,0
9152-AMKAK,0-6 months,82.23333333333333,0.9758816376165383,5,0,High,0
1794-HBQTJ,0-6 months,48.6,1.0,1,1,Medium,1
9432-VOFYX,13-24 months,71.0,0.9971830985915493,0,1,High,0
8049-WJCLQ,7-12 months,56.35,1.0683229813664596,2,1,Medium,0
6586-PSJOX,13-24 months,57.63666666666666,0.9577236712740733,2,0,Medium,1
2460-FPSYH,25-48 months,52.73375,1.0581458743214733,4,1,Medium,0
9705-ZJBCG,13-24 months,53.926923076923075,1.0041366521646102,2,0,Medium,1
4818-DRBQT,25-48 months,78.11206896551724,1.0260898355589891,1,1,High,1
1320-HTRDR,0-6 months,73.53333333333333,1.026745240253853,0,1,High,0
6847-KJLTS,49-72 months,99.13448275862069,1.0127656614143101,3,1,Premium,1
9670-BPNXF,25-48 months,62.14333333333333,1.0065440111570025,3,0,Medium,1
3913-FCUUW,49-72 months,71.74583333333334,0.9819385562460073,4,0,High,1
3301-VKTGC,49-72 months,83.77352941176471,1.0206087841870588,2,0,High,1
1493-AMTIE,0-6 months,20.2,1.0,0,1,Low,1
9555-SAHUZ,25-48 months,54.63289473684211,0.9975674959658967,2,1,Medium,0
0816-TSPHQ,0-6 months,22.1,0.9389140271493213,0,1,Low,0
9932-WBWIK,7-12 months,19.568181818181817,1.039953542392567,0,1,Low,0
4619-EVPHY,13-24 months,92.975,0.9787577305727346,2,0,Premium,1
5286-YHCVC,49-72 months,103.7513888888889,1.010106959746188,4,0,Premium,1
6424-ELEYH,0-6 months,76.5,0.9771241830065359,0,1,High,1
4391-RESHN,13-24 months,107.39565217391304,0.9688474150844096,4,1,Premium,0
9115-YQHGA,25-48 months,52.322500000000005,0.9766352907448993,1,1,Medium,0
4462-CYWMH,49-72 months,90.7991935483871,0.9889955680294162,2,1,Premium,1
8963-MQVYN,13-24 months,21.356818181818184,0.9622219857401297,0,1,Low,0
2458-EOMRE,7-12 months,66.72272727272728,0.959942775393419,3,1,Medium,1
9334-GWGOW,7-12 months,69.32142857142857,1.0797527047913447,0,1,Medium,0
6821-BUXUX,13-24 months,95.73076923076923,1.0096022498995583,3,1,Premium,0
5028-HTLJB,0-6 months,20.05,1.0,0,1,Low,0
9801-GDWGV,25-48 months,102.42179487179487,1.010038929014007,4,1,Premium,0
6542-LWGXJ,0-6 months,26.083333333333332,0.9584664536741214,0,1,Low,0
5567-GZKQY,49-72 months,19.50862068965517,1.0405656208572693,0,0,Low,1
1222-LRYKO,0-6 months,30.675,0.8590057049714752,0,1,Low,0
2320-JRSDE,0-6 months,19.9,1.0,0,1,Low,0
2087-QAREY,13-24 months,53.57954545454545,1.020911983032874,2,1,Medium,0
0601-WZHJF,13-24 months,47.69285714285714,0.9718436423543508,2,1,Medium,0
4423-JWZJN,49-72 months,87.95546875,1.0260874199479495,2,0,High,1
5143-WMWOG,0-6 months,19.95,1.0,0,1,Low,0
6490-FGZAT,0-6 months,18.216666666666665,1.1335773101555353,0,1,Low,0
5393-RXQSZ,0-6 months,79.6,1.0,1,1,High,0
7452-FOLON,25-48 months,24.575641025641026,1.0355782774270959,0,0,Low,1
2320-TZRRH,13-24 months,20.1575,0.9673818677911448,0,0,Low,0
0231-LXVAP,0-6 months,75.9,1.0,1,1,High,0
9444-JTXHZ,0-6 months,76.2,1.0,1,1,High,0
4942-VZZOM,49-72 months,68.6328125,0.9638247011952192,2,0,Medium,1
5510-BOIUJ,0-6 months,19.25,1.0,0,1,Low,0
7502-BNYGS,25-48 months,68.8695652173913,1.0033459595959595,3,1,Medium,1
4291-HYEBC,25-48 months,39.16428571428571,0.9983585628305673,2,0,Medium,0
6147-CBCRA,25-48 months,20.28636363636364,0.9883486444095899,0,1,Low,0
6047-SUHPR,25-48 months,60.09871794871795,0.9950295454060627,3,0,Medium,0
4471-KXAUH,25-48 months,85.43809523809524,0.9866792999665588,2,1,High,0
9752-ZNQUT,0-6 months,48.6,1.0,1,1,Medium,0
7638-QVMVY,7-12 months,74.70714285714287,1.0574624725117123,1,1,High,0
1576-PFZIW,49-72 months,107.31285714285714,0.9817090216855922,5,0,Premium,1
5666-MBJPT,49-72 months,26.53846153846154,0.9457971014492753,0,0,Low,1
7312-XSBAT,0-6 months,49.75,1.0,1,1,Medium,0
3096-GKWEB,13-24 months,93.99444444444445,1.0080383001359416,2,1,Premium,0
2371-JQHZZ,13-24 months,93.66875,0.9928604790818709,2,1,Premium,0
0674-GCDXG,49-72 months,71.0984126984127,1.0112743347026254,4,0,High,1
1121-QSIVB,25-48 months,78.88863636363637,0.983031315721241,3,0,High,0
4396-KLSEH,0-6 months,15.75,1.2603174603174605,0,1,Low,0
3244-DCJWY,0-6 months,70.25,1.0,0,1,Medium,0
2824-MYYBN,25-48 months,89.57162162162163,1.0633948372885957,2,1,High,0
0875-CABNR,7-12 months,86.55499999999999,0.9774132054762867,2,1,High,1
6345-HOVES,25-48 months,25.079411764705885,0.9988272546030256,0,1,Low,1
8318-LCNBW,25-48 months,55.16857142857143,0.9634108446838261,4,0,Medium,1
6469-QJKZW,0-6 months,22.85,0.8818380743982493,0,1,Low,0
0147-ESWWR,25-48 months,101.26025641025642,0.9998987123811452,3,1,Premium,0
1217-VASWC,25-48 months,100.09302325581395,1.0045655204460966,4,0,Premium,1
7812-FZHPE,13-24 months,24.11176470588235,0.999512076116126,0,1,Low,0
6370-ZVHDV,49-72 months,25.49016393442623,0.9925397131648337,0,0,Low,1
5915-DGNVC,49-72 months,70.85816326530613,1.01329185927622,4,0,High,0
6260-XLACS,0-6 months,29.45,0.6689303904923599,0,0,Low,0
3566-CAAYU,49-72 months,50.16171875,0.9937857242979738,4,0,Medium,0
4983-CCWMC,0-6 months,69.13333333333334,1.0067502410800384,0,1,Medium,0
9103-CXVOK,0-6 months,19.75,1.0,0,1,Low,0
2896-TBNBE,25-48 months,78.31875,1.0316814300534674,2,0,High,0
4797-AXPXK,0-6 months,60.0,1.0,3,1,Medium,0
5229-PRWKT,7-12 months,81.20625,1.065804664049873,1,1,High,0
6982-UQZLY,0-6 months,20.85,1.0,0,1,Low,0
2522-WLNSF,25-48 months,61.95,1.036319612590799,3,0,Medium,1
3841-CONLJ,0-6 months,35.0,1.0,1,1,Low,0
5057-LCOUI,25-48 months,51.57435897435898,0.9840161081833548,3,1,Medium,0
0193-ESZXP,49-72 months,106.99137931034483,0.9860607525582145,5,0,Premium,1
4475-NVTLU,25-48 months,20.082222222222224,0.9560694920880822,0,0,Low,0
4369-HTUIF,0-6 months,83.93333333333334,1.0144956314535345,2,1,High,1
9386-LDCZR,25-48 months,90.28604651162792,1.0040311155758184,4,0,Premium,1
9585-KKMFD,25-48 months,21.458536585365852,0.9320300068197318,0,0,Low,0
5399-ZIMKF,0-6 months,76.72999999999999,0.9728919588166299,1,1,High,0
0336-KXKFK,49-72 months,60.97569444444444,1.0036786060019363,5,0,Medium,1
5619-XZZKR,0-6 months,17.05,1.1700879765395893,0,0,Low,0
3948-FVVRP,7-12 months,50.31111111111111,1.0892226148409894,2,1,Medium,0
5327-XOKKY,49-72 months,74.01388888888889,0.9923813098142241,3,0,High,1
0983-TATYJ,25-48 months,53.300000000000004,0.9652908067542214,1,0,Medium,0
1813-JYWTO,49-72 months,79.6888888888889,1.0095510317902956,1,0,High,1
0156-FVPTA,13-24 months,52.39545454545455,1.0344408779387524,2,1,Medium,0
1984-FCOWB,49-72 months,109.63642857142857,0.998755627365774,5,0,Premium,0
0654-HMSHN,13-24 months,102.7595238095238,1.0159642253064252,4,1,Premium,0
6719-OXYBR,13-24 months,81.32333333333332,1.0488994548510064,2,1,High,0
3312-ZWLGF,25-48 months,83.26034482758621,0.9524342009898324,1,1,High,0
6476-YHMGA,13-24 months,77.03999999999999,0.9929906542056076,5,1,High,1
5287-QWLKY,49-72 months,106.3112676056338,0.9886064042606748,4,1,Premium,1
0795-XCCTE,49-72 months,25.12986111111111,1.0107497167491086,0,0,Low,1
0168-XZKBB,13-24 months,82.33684210526316,1.0548133469700842,1,1,High,0
3785-NRHYR,0-6 months,19.65,1.0,0,1,Low,0
5196-SGOAK,0-6 months,75.7,1.0,1,1,High,0
4537-DKTAL,0-6 months,42.2,1.079383886255924,0,1,Medium,0
7072-MBHEV,7-12 months,78.62272727272727,0.9933514482280164,1,1,High,1
5602-BVFMK,7-12 months,19.0625,1.0124590163934426,0,0,Low,0
6297-NOOPG,49-72 months,110.74357142857143,0.9978005817815933,5,0,Premium,0
1891-UAWWU,13-24 months,97.55,0.9308047155304972,2,1,Premium,0
8204-TIFGJ,13-24 months,20.460869565217394,0.992137696557586,0,1,Low,1
8050-DVOJX,49-72 months,82.87551020408164,0.9815927503755324,5,0,High,1
6108-OQZDQ,0-6 months,96.125,1.0189856957087127,3,1,Premium,0
0363-QJVFX,25-48 months,107.278125,1.0081272393603076,5,1,Premium,1
8903-XEBGX,0-6 months,54.325,1.0179475379659455,1,1,Medium,0
8169-SAEJD,49-72 months,57.28478260869565,0.9871731623088308,4,0,Medium,1
9840-DVNDC,0-6 months,77.175,1.0430839002267573,1,1,High,1
1089-XZWHH,13-24 months,20.585416666666667,0.9569881590932091,0,0,Low,0
2325-WINES,25-48 months,106.7765625,0.9744647848164245,4,0,Premium,1
6064-ZATLR,25-48 months,55.50555555555556,0.9521569412471224,2,0,Medium,1
3096-JRDSO,25-48 months,106.21296296296296,0.9819893644843518,4,1,Premium,1
7824-PANSQ,49-72 months,82.88534482758621,0.9730308797986417,1,1,High,1
8042-JVNFH,0-6 months,71.35,1.0,0,1,High,0
9648-BCHKM,13-24 months,26.186111111111114,0.9413387079664791,0,0,Low,1
2888-ADFAO,25-48 months,22.16595744680851,0.9609330005759263,0,0,Low,1
8707-HOEDG,49-72 months,109.85428571428572,1.0031470259304534,5,0,Premium,0
3374-LXDEV,13-24 months,87.10384615384615,1.026361107431448,3,1,High,0
4072-IPYLT,25-48 months,50.416666666666664,1.0125619834710744,1,1,Medium,1
7167-PCEYD,49-72 months,19.571641791044776,1.0116678105696637,0,0,Low,0
4936-YPJNK,7-12 months,19.945,0.997743795437453,0,1,Low,0
1580-BMCMR,13-24 months,86.17368421052632,1.013070298662432,2,1,High,0
4817-KEQSP,49-72 months,18.680985915492958,1.0625777509707093,0,0,Low,1
6408-WHTEF,49-72 months,88.56319444444445,1.009448683065294,6,0,High,0
9251-AWQGT,25-48 months,19.497916666666665,1.0257506143818784,0,0,Low,0
8749-CLJXC,0-6 months,20.05,1.0,0,1,Low,0
7989-VCQOH,13-24 months,89.50833333333334,0.9300809980448748,5,1,High,0
5049-GLYVG,0-6 months,20.6,1.0,0,1,Low,0
4199-QHJNM,49-72 months,104.32388059701492,0.9863513455513113,4,0,Premium,1
8882-TLVRW,49-72 months,40.28260869565217,0.9706422018348625,3,0,Medium,0
5883-GTGVD,13-24 months,101.67105263157895,0.9830723437297787,3,1,Premium,0
5135-GRQJV,49-72 months,115.7215277777778,0.9894442477451255,6,0,Premium,0
2384-OVPSA,25-48 months,19.36578947368421,1.043076504959913,0,0,Low,0
1371-WEPDS,25-48 months,57.0825,0.9775325187229009,1,0,Medium,0
3580-GICBM,49-72 months,23.691803278688525,1.0214503182950456,0,0,Low,0
4817-QRJSX,7-12 months,81.80499999999999,0.9901595257013631,1,1,High,1
9730-DRTMJ,25-48 months,72.9078125,0.9985212490088081,3,0,High,1
4686-UXDML,13-24 months,94.88333333333333,1.0523449850693836,3,1,Premium,1
3349-ANQNH,49-72 months,99.83050847457628,0.9966893039049235,3,0,Premium,0
2398-YPMUR,13-24 months,70.51923076923077,0.9947641123534224,0,1,High,0
0932-YIXYU,25-48 months,21.91063829787234,0.9242085841911052,0,0,Low,1
7480-SPLEF,49-72 months,26.03695652173913,0.9985806128412792,0,0,Low,1
7636-XUHWW,0-6 months,16.85,1.1810089020771513,0,1,Low,1
1431-CYWMH,13-24 months,20.638636363636365,0.9230260984473075,0,1,Low,1
5937-EORGB,13-24 months,92.81666666666666,1.0396839648051714,3,1,Premium,0
6349-JDHQP,49-72 months,19.80377358490566,1.0023342225609757,0,0,Low,1
5539-HIVAK,25-48 months,26.235714285714288,0.9795807242036482,0,1,Low,0
5847-MXBEO,13-24 months,21.595454545454547,0.9400126289202273,0,0,Low,0
9985-MWVIX,0-6 months,70.15,1.0,0,1,Medium,0
4583-PARNH,13-24 months,96.253125,0.9511379500665563,3,1,Premium,0
1116-FRYVH,25-48 months,41.221875000000004,0.9558031991509361,3,0,Medium,0
1421-HCERK,25-48 months,106.06,0.9966056948896851,5,1,Premium,1
9633-XQABV,0-6 months,76.56666666666666,0.9175010883761429,0,1,High,0
0716-BQNDX,49-72 months,98.69385964912281,0.9499071201926922,3,0,Premium,0
1265-XTECC,49-72 months,96.79264705882352,0.9974931250854617,3,0,Premium,1
1183-CANVH,13-24 months,58.571739130434786,1.0243848123816945,2,0,Medium,1
1972-XMUWV,49-72 months,58.58769230769231,1.0206921905362112,2,0,Medium,1
8679-LZBMD,25-48 months,90.32159090909092,1.0036359976347142,2,0,Premium,1
3407-JMJQQ,49-72 months,107.91267605633803,1.0100759612623667,5,0,Premium,1
6252-DFGTK,25-48 months,67.00675675675676,1.0163154179691438,3,0,Medium,1
1539-LNKHM,7-12 months,22.21666666666667,0.9182295573893472,0,1,Low,0
8645-KOMJQ,49-72 months,81.17971014492753,1.0094886992537582,5,0,High,1
0289-IVARM,25-48 months,56.645714285714284,1.0689246444063352,3,1,Medium,0
9761-XUJWD,0-6 months,67.97999999999999,0.9649897028537806,3,1,Medium,1
4057-FKCZK,49-72 months,83.24224137931034,0.9910833566346662,1,0,High,1
4291-TPNFG,49-72 months,83.06319444444445,0.9908118818503314,5,0,High,1
6087-YPWHO,49-72 months,66.7875,1.0204005240501592,4,0,Medium,0
3090-QFUVD,0-6 months,20.3,1.0,0,1,Low,1
2237-ZFSMY,25-48 months,94.68846153846154,1.0090986636337786,4,0,Premium,0
1722-LDZJS,49-72 months,20.15377358490566,1.0022936853438187,0,0,Low,1
1818-ESQMW,25-48 months,88.28148148148148,1.010404430273536,3,1,High,0
4871-JTKJF,0-6 months,69.65,1.0,0,1,Medium,0
1415-YFWLT,0-6 months,89.3,1.0,2,1,High,0
7401-RUBNK,13-24 months,79.89166666666667,0.9362678627307812,1,1,High,0
0506-YLVKJ,25-48 months,19.944565217391304,1.0128072374516321,0,0,Low,0
8661-BOYNW,49-72 months,84.67291666666667,0.9967768127352804,5,0,High,1
6711-VTNRE,25-48 months,85.50277777777778,1.0239433416718104,3,1,High,0
4815-GBTCD,0-6 months,24.9875,1.0065032516258128,0,1,Low,0
2805-AUFQN,25-48 months,19.008,1.0416666666666667,0,0,Low,1
0980-PVMRC,25-48 months,50.91375,0.9987478824482581,3,1,Medium,0
7233-DRTRF,49-72 months,102.28650793650795,1.0011095506707737,4,1,Premium,0
3500-RMZLT,13-24 months,95.11666666666666,1.0124408620991765,4,1,Premium,0
3873-NFTGI,13-24 months,54.824999999999996,1.0123119015047881,1,1,Medium,1
1162-ECVII,49-72 months,110.17361111111111,0.9961550583044437,5,0,Premium,1
7048-GXDAY,25-48 months,103.60641025641026,1.026963483597936,4,1,Premium,0
8571-ZCMCX,25-48 months,58.90744680851064,1.0185469452621314,5,0,Medium,1
1169-WCVAK,13-24 months,88.01842105263158,1.0088797201542739,3,1,High,1
4548-SDBKE,0-6 months,94.96000000000001,0.8972198820556023,1,1,Premium,0
8066-POXGX,13-24 months,34.315384615384616,1.0228648285137862,1,1,Low,0
7129-CAKJW,13-24 months,79.15588235294118,1.0112956563742428,1,1,High,1
8695-ARGXZ,25-48 months,71.33529411764707,1.0590830378494267,0,1,High,0
3570-YUEKJ,25-48 months,49.474999999999994,1.0015159171298635,1,1,Medium,0
4143-OOBWZ,0-6 months,83.26,0.9764592841700696,1,1,High,0
1555-HAPSU,49-72 months,23.429577464788732,1.020078148482116,0,0,Low,1
1697-NVVGY,13-24 months,67.68684210526315,0.9809882975000973,3,1,Medium,1
7854-EKTJL,0-6 months,17.925,1.093444909344491,0,1,Low,0
8464-EETCQ,49-72 months,19.19912280701754,0.9792114040297896,0,0,Low,1
2419-FSORS,49-72 months,107.21527777777777,1.0110499384675173,5,0,Premium,0
8132-YPVBX,0-6 months,85.76666666666667,1.0021375825884182,2,1,High,0
9102-IAYHT,13-24 months,85.38823529411764,1.0007233397630202,1,1,High,0
6754-LZUKA,49-72 months,80.86065573770492,1.0004865686771416,4,0,High,1
3422-LYEPQ,0-6 months,71.0,1.0,0,1,High,0
8099-MZPUJ,25-48 months,113.409375,0.9858091537846849,6,0,Premium,1
0787-LHDYT,13-24 months,20.640625,0.9980317940953823,0,1,Low,1
2642-DTVCO,7-12 months,82.94444444444444,1.025385130609511,1,1,High,0
0374-IOEGQ,0-6 months,40.9,1.0904645476772616,0,1,Medium,0
4361-JEIVL,0-6 months,44.4,1.0,0,1,Medium,0
3197-NNYNB,49-72 months,102.02846153846154,1.0301047219101758,4,0,Premium,1
3396-DKDEL,49-72 months,117.85714285714286,0.977030303030303,6,0,Premium,1
1752-OZXFY,49-72 months,59.3525,1.0075396992544543,2,0,Medium,0
9066-QRSDU,49-72 months,25.558695652173913,1.0290039976184402,0,0,Low,0
9112-WSNPU,25-48 months,69.11428571428571,1.0207730467135179,0,1,Medium,0
9867-NNXLC,13-24 months,21.37272727272727,0.9381114419396003,0,1,Low,0
5321-NTRKC,49-72 months,79.31742424242424,1.0067144862892674,4,0,High,1
1363-TXLSL,0-6 months,70.3,1.0,0,1,Medium,0
9507-EXLTT,0-6 months,79.35,1.0,1,1,High,1
3161-GETRM,25-48 months,91.08823529411765,0.9886018727801097,2,1,Premium,1
0402-OAMEN,49-72 months,23.737499999999997,1.0300157977883098,0,0,Low,1
6933-VLYFX,25-48 months,59.63870967741936,1.0052196019039377,5,0,Medium,0
6754-WKSHP,25-48 months,24.11,1.0514309415180423,0,0,Low,1
9846-GKXAS,7-12 months,89.97222222222223,1.0092003704847174,2,1,High,1
6017-PPLPX,13-24 months,73.5475,0.95788436044733,0,1,High,0
4976-LNFVV,13-24 months,30.376315789473683,1.129169193450576,2,1,Low,1
5055-MGMGF,49-72 months,106.38384615384615,0.98746194838719,4,1,Premium,0
4641-FROLU,25-48 months,20.096666666666668,0.9603582683695472,0,0,Low,0
2862-JVEOY,0-6 months,20.733333333333334,0.9236334405144694,0,0,Low,0
2969-QWUBZ,0-6 months,48.4,1.06198347107438,3,1,Medium,0
9822-BIIGN,49-72 months,72.22452830188679,0.994814389090624,3,1,High,0
2077-MPJQO,7-12 months,76.14999999999999,0.9901510177281683,0,1,High,0
1534-OULXE,49-72 months,48.54754098360656,1.0237387722023368,1,0,Medium,1
7136-RVDTZ,49-72 months,46.635,0.9703012758657661,2,0,Medium,0
2971-SGAFL,13-24 months,76.56538461538462,1.0285326769478074,4,1,High,0
1480-IVEVR,25-48 months,80.43571428571428,1.0144747358138708,1,0,High,1
2905-KFQUV,0-6 months,77.4,0.9095607235142119,0,1,High,1
4581-SSPWD,0-6 months,82.10000000000001,0.9232643118148598,0,1,High,0
3370-HXOPH,0-6 months,85.86666666666667,0.8862577639751551,0,1,High,0
9391-YZEJW,49-72 months,92.85806451612903,1.0122976446883902,2,0,Premium,1
9958-MEKUC,49-72 months,104.4125,0.9955704537291992,5,0,Premium,1
0281-CNTZX,49-72 months,19.599999999999998,1.017857142857143,0,0,Low,1
6927-WTFIV,13-24 months,69.46000000000001,1.0264900662251655,0,1,Medium,1
4118-CEVPF,25-48 months,109.60857142857144,1.01086984855199,6,0,Premium,1
3398-ZOUAA,13-24 months,70.22619047619048,0.983963383624343,0,1,Medium,0
9114-VEPUF,49-72 months,96.79758064516129,0.9927934082596706,3,0,Premium,0
7876-BEUTG,13-24 months,48.00666666666667,1.016525482571865,0,1,Medium,0
2338-BQEZT,49-72 months,51.50454545454546,0.9814667725708233,1,1,Medium,1
9873-MNDKV,7-12 months,42.93181818181818,1.0400211752249868,0,1,Medium,0
0378-NHQXU,13-24 months,85.92058823529412,1.0271112176085988,2,1,High,0
8241-JUIQO,49-72 months,21.907377049180326,0.8878287873685786,0,0,Low,1
2194-IIQOF,49-72 months,89.98098591549295,0.992431890931574,6,0,High,1
4512-ZUIYL,0-6 months,76.525,0.9147337471414569,0,1,High,1
9631-RXVJM,25-48 months,19.36857142857143,0.9938781531199292,0,0,Low,0
9584-EXCDZ,13-24 months,68.56470588235294,1.028225806451613,0,1,Medium,1
7969-AULMZ,13-24 months,100.92857142857143,0.9645435244161358,2,1,Premium,0
5093-FEGLU,25-48 months,19.607446808510637,1.0021702566328468,0,0,Low,1
2621-UDNLU,0-6 months,24.0,0.86875,0,1,Low,0
7526-IVLYU,0-6 months,22.78333333333333,0.8624725676664229,0,1,Low,0
2428-HYUNX,25-48 months,19.255681818181817,1.0048982000590145,0,0,Low,1
9214-EKVXR,0-6 months,44.0,1.0,0,1,Medium,0
3410-MHHUM,25-48 months,97.62159090909091,0.9669991968058482,3,0,Premium,0
0568-ONFPC,0-6 months,27.0,0.9592592592592593,0,1,Low,1
0733-VUNUW,13-24 months,58.356249999999996,0.9536253614651388,1,1,Medium,1
4550-EVXNY,0-6 months,69.65,1.0,0,1,Medium,0
2122-YWVYA,13-24 months,76.6888888888889,0.9831932773109243,1,1,High,0
2968-SSGAA,7-12 months,106.02000000000001,0.9488775702697603,3,1,Premium,0
2296-DKZFP,49-72 months,67.48,1.052163604030824,4,0,Medium,1
4844-JJWUY,0-6 months,86.0,1.0,2,1,High,0
6777-TGHTM,49-72 months,109.16037735849056,0.9797511018926628,4,0,Premium,1
8909-BOLNL,0-6 months,17.349999999999998,1.2219020172910664,0,0,Low,0
6603-YRDCJ,25-48 months,61.163636363636364,0.99814209274673,3,0,Medium,0
3538-WZPHD,0-6 months,26.483333333333334,1.117684078036501,1,1,Low,0
3229-USWAR,25-48 months,80.21470588235294,0.99670003299967,5,0,High,1
2138-VFAPZ,13-24 months,18.832142857142856,1.0460838232505216,0,0,Low,0
6131-JLWZM,13-24 months,21.184615384615384,0.958242556281772,0,1,Low,0
4785-QRJHC,25-48 months,61.231521739130436,0.9782543091970958,5,0,Medium,1
0269-XFESX,13-24 months,23.41304347826087,1.0400185701021356,0,0,Low,0
1709-EJDOX,25-48 months,20.18936170212766,0.9782379597428602,0,0,Low,0
4316-XCSLJ,13-24 months,49.811764705882354,1.0098016060462918,1,1,Medium,0
8610-WFCJF,49-72 months,97.62244897959184,0.9792829518135256,2,1,Premium,0
9693-XMUOB,49-72 months,50.80423728813559,0.9890907271180505,3,1,Medium,0
0383-CLDDA,49-72 months,85.4695652173913,0.9986010784413469,5,0,High,1
4905-JEFDW,7-12 months,42.78181818181818,0.9723756906077349,2,0,Medium,0
2709-UQGNP,7-12 months,52.45,0.984747378455672,1,1,Medium,0
3549-ZTMNH,7-12 months,22.47083333333333,1.068051177452253,0,0,Low,1
7881-INRLC,25-48 months,105.33333333333333,0.9574367088607595,3,1,Premium,1
8033-ATFAS,25-48 months,60.03846153846154,0.9968609865470852,2,1,Medium,0
1635-NZATJ,49-72 months,25.206338028169014,1.0096666946050903,0,0,Low,1
0562-HKHML,49-72 months,22.907042253521126,1.0433472700442694,0,0,Low,1
8277-RVRSV,25-48 months,24.25151515151515,0.9958140697238536,0,0,Low,1
9943-VSZUV,49-72 months,75.53507462686568,1.0021834276850725,0,1,High,0
0117-LFRMW,25-48 months,39.15675675675676,1.0266427388183326,3,1,Medium,1
6172-FECYY,49-72 months,86.83367346938776,0.9731247870077675,1,1,High,0
7054-ENNGU,7-12 months,51.84444444444445,0.9808186883840548,1,1,Medium,0
1455-HFBXA,49-72 months,88.99615384615385,1.0292579627468774,3,0,High,1
9402-CXWPL,49-72 months,97.69428571428573,1.012341707367005,3,0,Premium,0
1628-BIZYP,0-6 months,85.0,1.0,2,1,High,0
1965-AKTSX,13-24 months,78.70357142857142,1.003131097699324,1,1,High,0
0082-LDZUE,0-6 months,44.3,1.0,0,1,Medium,0
4786-UKSNZ,0-6 months,20.2,1.0,0,1,Low,0
5343-SGUBI,49-72 months,82.64615384615385,0.9704020848845867,1,0,High,0
0856-NAOES,0-6 months,69.01666666666667,0.8823955566288336,2,1,Medium,0
1976-AZZPJ,7-12 months,36.65714285714286,0.9329696024941544,2,1,Medium,0
7248-VZQLC,25-48 months,84.45425531914893,1.0088301611095016,2,1,High,1
6156-UZDLF,25-48 months,87.46538461538461,0.9963941779165386,3,0,High,1
3099-OONVS,25-48 months,51.872,1.0468075262183836,2,1,Medium,0
9500-WBGRP,49-72 months,18.389130434782608,1.038657051660953,0,0,Low,0
5183-KLYEM,49-72 months,113.78611111111111,0.9908942216146278,6,0,Premium,1
5144-PQCDZ,0-6 months,14.8125,1.3468354430379745,0,1,Low,0
8514-VZHEB,49-72 months,19.45508474576271,1.002308664024045,0,0,Low,0
6625-IUTTT,49-72 months,65.09776119402986,1.0069470715685935,3,0,Medium,1
9355-NPPFS,25-48 months,77.1576923076923,1.0212850805044615,1,1,High,0
0068-FIGTF,25-48 months,76.99814814814815,1.0156088410014672,5,0,High,0
5965-GGPRW,49-72 months,105.69097222222223,0.9958277210158021,4,0,Premium,1
8035-PWSEV,0-6 months,81.175,1.0994764397905759,3,1,High,0
2236-HILPA,49-72 months,19.65241935483871,1.0507612130165374,0,0,Low,1
1840-BIUOG,13-24 months,70.81,0.9702019488772772,3,0,High,0
1356-MKYSK,0-6 months,80.55,0.9764121663563006,5,1,High,1
6080-LNESI,49-72 months,24.2078431372549,1.0223959177061397,0,0,Low,0
1830-IPXVJ,49-72 months,21.501639344262294,0.91853461421165,0,0,Low,1
5828-DWPIL,49-72 months,90.61774193548388,0.9832511613833365,3,1,Premium,0
8398-TBIYD,49-72 months,85.9048611111111,0.985974471112261,2,0,High,1
0011-IGKFF,13-24 months,95.21923076923076,1.0292038615341117,4,1,Premium,0
4192-GORJT,0-6 months,99.62,0.9481027906042964,3,1,Premium,0
6496-SLWHQ,0-6 months,98.14999999999999,1.0697911360163017,4,1,Premium,0
9912-GVSEQ,25-48 months,91.59807692307693,1.0245848292078688,3,1,Premium,0
2931-FSOHN,13-24 months,60.642307692307696,0.9877592439906132,2,1,Medium,0
9418-RUKPH,25-48 months,19.905263157894737,1.0022474881015335,0,0,Low,0
5383-MMTWC,7-12 months,76.675,1.0955330942288881,1,1,High,0
9971-ZWPBF,25-48 months,106.62352941176471,1.0213505461767627,5,1,Premium,0
4712-AUQZO,13-24 months,30.575000000000003,1.0989370400654128,2,1,Low,0
9711-FJTBX,49-72 months,85.60357142857143,1.0028787183445282,3,0,High,0
2908-ZTPNF,25-48 months,35.2,0.9900568181818181,2,1,Low,1
7240-ETPTR,7-12 months,49.13333333333333,0.9921981004070557,3,1,Medium,0
2202-CUYXZ,0-6 months,84.85,1.0,2,1,High,0
5995-OIGLP,7-12 months,54.57083333333333,1.0381003283194625,2,1,Medium,0
8421-WZOOW,49-72 months,97.67456140350878,0.975689049744497,4,1,Premium,1
6261-RCVNS,25-48 months,75.25119047619049,0.9820442644476436,5,0,High,1
7951-QKZPL,25-48 months,22.433333333333334,1.0921248142644873,0,0,Low,0
1414-YADCW,49-72 months,81.51714285714286,1.0378185131961726,3,0,High,1
8756-RDDLT,49-72 months,45.37279411764706,0.9906817703015866,3,1,Medium,0
2862-PFNIK,0-6 months,24.7,1.0,0,1,Low,0
5816-QVHRX,25-48 months,95.71351351351352,1.0479189021291013,3,1,Premium,1
4430-YHXGG,0-6 months,21.05,1.2090261282660333,0,1,Low,0
6888-SBYAI,0-6 months,50.7,1.0,1,1,Medium,0
7395-XWZOY,13-24 months,58.277499999999996,0.9437604564368753,5,1,Medium,1
7169-YWAMK,49-72 months,67.43541666666667,1.0143038092001606,4,0,Medium,1
3640-PHQXK,25-48 months,90.54516129032258,0.9928747016281307,2,1,Premium,0
6877-LGWXO,13-24 months,79.03611111111111,0.9938495062032123,1,1,High,0
6859-RKMZJ,7-12 months,55.28636363636363,0.9957247389624271,1,1,Medium,1
2729-VNVAP,25-48 months,19.434848484848487,1.0187884930225306,0,0,Low,1
2957-JIRMN,49-72 months,79.98629032258064,1.0558059344847404,1,0,High,0
2049-BAFNW,0-6 months,35.9,1.0,2,1,Medium,0
3842-QTGDL,13-24 months,82.58125,0.9778248694467571,2,1,High,1
7163-OCEQI,13-24 months,75.625,1.04,4,0,High,0
9782-LGXMC,49-72 months,61.71734693877551,1.0005290742853363,3,1,Medium,1
5975-BAICR,25-48 months,60.791666666666664,1.047840986977382,3,0,Medium,1
8019-ENHXU,25-48 months,98.525,1.0093884800811976,4,1,Premium,0
5167-GBFRE,0-6 months,25.625,0.9834146341463414,0,1,Low,1
9033-EOXWV,7-12 months,72.72083333333333,1.0182776600011458,3,0,High,0
4673-KKSLS,25-48 months,87.87903225806451,0.9968248141690373,3,1,High,0
4853-OITSN,0-6 months,82.65,1.0786448880822745,2,1,High,0
9800-OUIGR,49-72 months,20.82121212121212,0.9605588706156309,0,0,Low,1
1324-NLTJE,13-24 months,50.473333333333336,1.0896843217540615,1,1,Medium,1
2324-EFHVG,49-72 months,104.57265625,0.9983489350257373,4,0,Premium,1
7094-MSZAO,7-12 months,21.85,0.9176201372997711,0,1,Low,1
1522-VVDMG,7-12 months,86.97142857142856,1.0319480946123523,3,1,High,0
6907-CQGPN,25-48 months,34.64655172413793,0.9899975118188604,2,1,Low,0
0780-XNZFN,49-72 months,19.74736842105263,1.0457089552238805,0,0,Low,1
0239-OXEXL,25-48 months,83.64347826086956,1.007251273521156,2,1,High,0
2675-IJRGJ,49-72 months,18.452830188679247,1.0648773006134968,0,0,Low,1
7049-GKVZY,13-24 months,81.60882352941177,0.9784481205175334,5,0,High,1
8577-QSOCG,25-48 months,19.632894736842104,1.0288854634407882,0,0,Low,0
3721-CNZHX,13-24 months,20.30666666666667,0.9750492449113591,0,0,Low,0
0212-ISBBF,13-24 months,49.94772727272727,1.0080538745051646,3,1,Medium,0
9185-TQCVP,13-24 months,81.37142857142858,1.046436095505618,1,1,High,0
3585-YNADK,49-72 months,76.64824561403509,0.9732773320820791,4,0,High,1
5271-DBYSJ,7-12 months,75.24545454545455,1.0518907816841851,1,1,High,1
1099-GODLO,0-6 months,20.35,1.0,0,0,Low,0
6828-HMKWP,7-12 months,21.837500000000002,0.9639381797366914,0,0,Low,1
5567-WSELE,0-6 months,93.18333333333334,1.0152030048291896,2,1,Premium,0
1472-TNCWL,25-48 months,97.56944444444444,0.9705907473309608,3,1,Premium,0
8063-RJYNF,13-24 months,92.703125,1.0166863306927356,3,1,Premium,0
0687-ZVTHB,49-72 months,71.59769230769231,1.0119041223932872,4,0,High,1
2080-GKCWQ,0-6 months,75.875,0.9878088962108732,1,1,High,0
9661-ACXBS,25-48 months,104.7797619047619,1.0040106799977278,4,1,Premium,0
2193-SFWQW,49-72 months,111.57083333333334,1.003398438958808,6,0,Premium,1
5656-JAMLX,49-72 months,20.220161290322583,0.9816934551110756,0,0,Low,1
3462-BJQQA,0-6 months,92.10833333333333,0.9743960915588528,2,1,Premium,0
0442-TDYUO,25-48 months,21.583333333333332,0.928957528957529,0,0,Low,0
6733-LRIZX,25-48 months,115.01428571428572,0.9472736306048938,5,0,Premium,0
9503-XJUME,49-72 months,17.853846153846153,1.1006031882809133,0,0,Low,1
4367-NHWMM,0-6 months,24.9,1.0,0,1,Low,0
3727-RJMEO,0-6 months,76.70833333333333,1.0800651819663227,1,1,High,0
3779-OSWCF,49-72 months,91.63591549295774,1.0170684659898712,6,0,Premium,1
6736-DHUQI,49-72 months,83.55671641791045,1.014879516996231,3,0,High,1
3915-ODIYG,49-72 months,72.90916666666666,0.9841012218399607,3,0,High,0
1360-RCYRT,13-24 months,29.51086956521739,1.0284346224677716,1,1,Low,1
2724-FJDYW,25-48 months,56.197435897435895,0.9760231783547019,4,0,Medium,1
4451-RWASJ,13-24 months,15.983333333333333,1.2200208550573515,0,0,Low,0
6646-VRFOL,49-72 months,103.5,1.0033816425120772,4,1,Premium,0
3460-TJBWI,13-24 months,25.37708333333333,0.9536162876611116,0,0,Low,0
5917-HBSDW,25-48 months,18.47972972972973,1.04709323583181,0,1,Low,0
5685-IIXLY,0-6 months,80.84,1.0341415141019297,2,1,High,0
5671-UUNXD,49-72 months,103.795,0.9696998892046823,3,0,Premium,0
0956-ACVZC,49-72 months,93.72037037037036,1.0040506629255666,3,0,Premium,1
2325-NBPZG,0-6 months,77.88333333333334,0.9572009415792851,1,1,High,0
4250-ZBWLV,49-72 months,105.53750000000001,1.0275968257728294,5,0,Premium,0
4482-FTFFX,0-6 months,58.29,0.963287013209813,2,1,Medium,0
8859-DZTGQ,25-48 months,20.901515151515152,0.9736136281261327,0,0,Low,0
0440-MOGPM,25-48 months,79.60731707317073,1.0118416618156192,4,0,High,0
0020-JDNXP,25-48 months,58.62352941176471,1.0448023279149106,5,0,Medium,0
3752-CQSJI,13-24 months,19.576923076923077,1.044597249508841,0,1,Low,0
5025-GOOKI,13-24 months,17.3825,1.0873004458507118,0,1,Low,1
4698-KVLLG,49-72 months,18.978431372549018,1.0327513172848437,0,0,Low,1
5095-AESKG,0-6 months,80.98333333333333,1.1298621115455856,2,1,High,1
2887-JPYLU,25-48 months,44.924390243902444,1.0061349693251533,0,1,Medium,1
4770-QAZXN,13-24 months,17.853846153846153,1.0894011202068075,0,1,Low,1
4896-CPRPF,25-48 months,23.12142857142857,1.1007105344454742,0,0,Low,1
1871-MOWRM,7-12 months,72.20416666666667,1.119741473829996,2,1,High,1
9714-EDSUC,0-6 months,90.1375,1.0528359450838995,4,1,High,0
2027-OAQQC,25-48 months,48.283720930232555,1.0158703400443116,3,1,Medium,1
0282-NVSJS,7-12 months,29.65833333333333,0.987917954481596,1,1,Low,0
9090-SGQXL,49-72 months,107.34779411764706,0.980923742919181,4,1,Premium,0
6595-YGXIT,25-48 months,91.648,0.970561277932961,2,1,Premium,0
7353-YOWFP,7-12 months,18.45,1.0975609756097562,0,0,Low,0
9835-ZIITK,49-72 months,113.51136363636364,0.9765542096305936,5,0,Premium,0
8008-ESFLK,49-72 months,110.10377358490567,1.0035986633536114,6,0,Premium,0
7537-CBQUZ,49-72 months,111.61031746031746,0.9801961188659523,5,1,Premium,1
1555-DJEQW,49-72 months,110.34142857142857,1.0349693807532465,6,0,Premium,1
5649-TJHOV,25-48 months,38.22222222222222,0.9549418604651163,1,1,Medium,1
0519-XUZJU,0-6 months,70.75,1.0,0,1,High,0
3363-EWLGO,0-6 months,21.919999999999998,0.9101277372262774,0,1,Low,0
4750-UKWJK,25-48 months,19.67027027027027,0.9964275899972521,0,0,Low,0
6338-AVWCY,0-6 months,43.583333333333336,0.9212237093690248,2,1,Medium,0
1689-YQBYY,7-12 months,74.41666666666667,1.029339305711086,0,1,High,0
4487-ZYJZK,25-48 months,20.08157894736842,0.9760188703970647,0,0,Low,1
2959-FENLU,7-12 months,86.82222222222222,0.982467366265677,2,1,High,1
0708-LGSMF,13-24 months,69.40384615384616,0.9487946799667496,2,1,Medium,0
9253-QXKBE,25-48 months,91.5051724137931,1.0321820888210578,2,1,Premium,0
7634-HLQJR,25-48 months,21.631914893617022,0.9268712501229468,0,0,Low,1
0487-RPVUM,49-72 months,97.43688524590164,1.0201475524299042,4,1,Premium,1
4079-ULGFR,13-24 months,17.23125,1.1606819006166122,0,1,Low,0
2516-XSJKX,25-48 months,76.25487804878048,1.028786642997649,5,0,High,0
0057-QBUQH,25-48 months,24.887209302325584,1.008550203242536,0,0,Low,0
9445-SZLCH,25-48 months,96.05277777777778,1.013505306689031,3,1,Premium,1
6599-SFQVE,0-6 months,56.73333333333333,0.9694477085781434,1,1,Medium,0
8331-ZXFOE,49-72 months,74.12413793103448,0.9592017119464086,4,0,High,1
4003-FUSHP,13-24 months,57.53684210526316,1.0697493596780094,2,1,Medium,1
0356-ERHVT,7-12 months,47.445454545454545,0.9674267100977199,0,1,Medium,1
7325-ENZFI,25-48 months,41.805128205128206,0.9639965652600588,3,0,Medium,1
4884-ZTHVF,7-12 months,89.2,0.9764573991031389,2,1,High,0
3920-HIHMQ,25-48 months,48.67884615384616,1.0168688025915535,0,1,Medium,0
3055-OYMSE,49-72 months,75.5443396226415,0.9769097243902745,1,1,High,1
0613-WUXUM,49-72 months,20.02,0.959040959040959,0,0,Low,0
7568-PODML,0-6 months,45.3,1.0,2,1,Medium,0
4458-KVRBJ,49-72 months,25.60169491525424,0.9764978483945713,0,0,Low,0
5349-IECLD,0-6 months,89.05,1.0662549129702414,3,1,High,0
1397-XKKWR,7-12 months,37.82857142857143,0.9331570996978851,2,0,Medium,0
3945-GFWQL,7-12 months,40.050000000000004,1.1123595505617976,0,1,Medium,0
8097-OMULG,49-72 months,76.98135593220339,0.9969946498161563,5,0,High,1
6013-BHCAW,49-72 months,81.57622950819672,0.9929363061804809,4,0,High,1
0401-WDBXM,49-72 months,104.75347222222223,1.0076038317478204,4,0,Premium,1
3387-PLKUI,13-24 months,19.326923076923077,0.9727363184079603,0,1,Low,0
6096-EGVTU,49-72 months,24.9296875,0.9988091507364462,0,0,Low,0
3797-VTIDR,0-6 months,23.45,1.0,0,1,Low,0
5081-NWSUP,7-12 months,68.55499999999999,0.9466851433155862,3,0,Medium,0
2580-ATZSQ,49-72 months,59.60153846153846,1.0293358457448183,3,0,Medium,1
8085-MSNLK,49-72 months,111.1516129032258,1.025176306701106,6,0,Premium,0
9691-HKOVS,49-72 months,89.3990909090909,1.0083995159600974,6,0,High,0
9881-VCZEP,25-48 months,54.92,0.9850691915513474,1,1,Medium,0
9526-BIHHD,0-6 months,29.7,1.0,1,1,Low,0
8757-TFHHJ,0-6 months,49.8,1.0,1,1,Medium,1
4523-WXCEF,49-72 months,102.37118644067796,0.9875825758704614,3,1,Premium,0
1468-DEFNC,49-72 months,24.19765625,1.0083621218480612,0,0,Low,1
5119-KEPFY,25-48 months,95.5625,0.9941137998691956,2,1,Premium,1
8364-TRMMK,0-6 months,50.43333333333334,1.004296100462657,0,1,Medium,0
0916-KNFAJ,49-72 months,69.29016393442623,1.008801192419618,3,0,Medium,0
8319-QBEHW,25-48 months,39.375,1.0146031746031747,2,0,Medium,1
3063-QFSZL,0-6 months,55.4,1.0,1,1,Medium,0
8775-LHDJH,0-6 months,90.6,1.0,2,1,Premium,0
9625-QNLUX,49-72 months,104.03529411764706,0.9924516566775982,5,0,Premium,1
3097-NQYSN,0-6 months,78.175,1.1109689798528941,1,1,High,0
4024-CSNBY,49-72 months,95.13541666666667,0.9906930909887222,4,0,Premium,1
7110-BDTWG,49-72 months,45.96619718309859,1.0235782571393552,3,0,Medium,0
7493-GVFIO,49-72 months,21.979824561403507,0.9349483178353355,0,0,Low,1
0690-SRQID,0-6 months,16.8875,1.1635825314581791,0,1,Low,0
9605-WGJVW,0-6 months,70.2,1.0,0,1,Medium,0
9114-DPSIA,49-72 months,79.86111111111111,1.0142608695652173,5,0,High,1
4700-UBQMV,13-24 months,73.79761904761905,1.0284884658815938,3,0,High,1
7711-GQBZC,49-72 months,25.500704225352113,0.9686007014443124,0,0,Low,1
3565-UNOCC,25-48 months,101.82241379310345,0.9727720676634437,3,1,Premium,1
4627-MIHJH,49-72 months,108.22536231884058,1.0187076082517024,5,0,Premium,1
9795-NREXC,49-72 months,85.69375,0.9919043104077019,5,0,High,1
8573-CGOCC,13-24 months,18.43125,1.0715496778569007,0,1,Low,1
7356-AYNJP,0-6 months,24.375,0.9805128205128204,0,0,Low,0
9249-FXSCK,49-72 months,113.77788461538461,0.977782284985084,5,0,Premium,1
5493-SDRDQ,0-6 months,56.675,0.9722099691221879,2,1,Medium,0
6286-SUUWT,0-6 months,19.95,1.0,0,1,Low,0
4819-HJPIW,13-24 months,26.48888888888889,0.9494546979865771,0,1,Low,0
8654-DHAOW,0-6 months,50.825,1.0654205607476634,1,1,Medium,0
5438-QMDDL,13-24 months,59.518421052631574,1.004730954591679,2,1,Medium,0
9812-GHVRI,25-48 months,88.30625,0.9495364144666996,1,1,High,1
5553-AOINX,49-72 months,104.41590909090908,1.0046361796138694,4,0,Premium,0
1228-ZLNBX,13-24 months,74.79523809523809,1.0067485834341376,0,1,High,0
4226-KKDON,7-12 months,65.11875,1.0235147326998753,3,1,Medium,0
3831-YCPUO,49-72 months,109.09583333333333,1.0037046938853456,6,0,Premium,1
7445-WMRBW,25-48 months,74.6125,0.9897805327525548,4,0,High,1
3308-DGHKL,49-72 months,20.984057971014494,0.9197458388010221,0,0,Low,1
9924-JPRMC,49-72 months,118.71041666666666,0.9957003211596849,6,0,Premium,0
0080-EMYVY,13-24 months,51.989285714285714,0.989626983581782,1,0,Medium,1
6218-KNUBD,0-6 months,59.6,0.9974832214765101,2,1,Medium,0
7337-CINUD,7-12 months,19.91875,0.9789770944461876,0,0,Low,1
7609-NRNCA,13-24 months,16.52058823529412,1.1833719067117676,0,0,Low,0
0623-EJQEG,49-72 months,93.37307692307692,1.0018947975450014,3,0,Premium,0
7153-CHRBV,49-72 months,57.444736842105264,1.0322964863255302,3,0,Medium,0
0871-URUWO,13-24 months,104.53846153846153,0.9781089036055924,3,1,Premium,1
9190-MFJLN,13-24 months,93.57368421052632,1.024860790820631,3,1,Premium,1
6198-PNNSZ,49-72 months,109.10089285714285,1.0064078957059734,5,0,Premium,1
3317-VLGQT,13-24 months,80.17142857142858,0.9741625089094795,1,1,High,0
4132-POCZS,49-72 months,38.86346153846154,1.0266712850710078,2,1,Medium,0
5614-DNZCE,49-72 months,65.43879310344828,0.9917664572053381,4,0,Medium,1
1095-JUDTC,25-48 months,95.84148936170213,0.9917416834089975,3,1,Premium,0
3896-RCYYE,49-72 months,53.420149253731346,0.9996228154729474,4,1,Medium,1
9638-JIQYA,0-6 months,24.85,1.0020120724346075,0,1,Low,1
3258-SANFR,0-6 months,46.083333333333336,0.9699819168173599,0,1,Medium,1
3726-TBHQT,49-72 months,115.15352112676055,0.9899827541921992,6,0,Premium,1
3190-ITQXP,25-48 months,19.355434782608697,1.046217779524906,0,0,Low,1
0870-VEMYL,0-6 months,51.96,1.0363741339491916,2,1,Medium,1
4833-QTJNO,49-72 months,83.41492537313434,1.0052157887202975,2,1,High,1
3039-MJSLN,0-6 months,16.866666666666667,1.1976284584980237,0,1,Low,1
0178-CIIKR,0-6 months,19.333333333333332,1.0318965517241379,0,1,Low,0
5385-SUIRI,49-72 months,107.08365384615385,0.97307101744682,4,1,Premium,0
3982-XWFZQ,25-48 months,52.46785714285714,0.9577292219726363,0,1,Medium,0
5774-QPLTF,49-72 months,18.779,1.0836572767453008,0,0,Low,0
2322-VCZHZ,13-24 months,88.00434782608696,1.0226767452200978,3,1,High,0
5010-IPEAQ,49-72 months,54.08880597014925,1.0020557678775923,5,0,Medium,1
4009-ALQFH,25-48 months,94.762,1.0499989447246787,4,1,Premium,0
6383-ZTSIW,25-48 months,99.43461538461538,0.9966348199435268,4,0,Premium,0
8990-YOZLV,49-72 months,66.3463768115942,1.0083444374057975,3,0,Medium,0
3069-SSVSN,0-6 months,25.85,1.0,0,0,Low,0
5222-IMUKT,25-48 months,89.734375,1.0146613268326659,2,1,High,0
3627-FCRDW,7-12 months,74.72777777777777,0.9501152330681734,0,1,High,0
7562-GSUHK,13-24 months,98.35625,0.9475757768316706,3,1,Premium,1
6685-XSHHU,49-72 months,21.175833333333333,0.989335327220495,0,0,Low,1
8901-UPRHR,49-72 months,107.10347222222222,1.0195747881397144,5,0,Premium,1
4903-UYAVB,0-6 months,25.21,0.7675525585085284,0,1,Low,0
0118-JPNOY,25-48 months,84.37115384615385,1.0169352449114488,2,1,High,1
6776-TLWOI,0-6 months,21.516666666666666,0.9225406661502712,0,1,Low,0
3845-FXCYS,0-6 months,15.6,1.2596153846153846,0,1,Low,0
5857-XRECV,0-6 months,19.125,1.0718954248366013,0,0,Low,1
0725-CXOTM,25-48 months,93.00277777777778,0.9639497028165228,5,0,Premium,1
4343-EJVQB,7-12 months,76.22857142857143,0.975356071964018,1,1,High,0
9000-PLFUZ,49-72 months,48.45916666666667,1.0204467678973708,3,0,Medium,1
3427-GGZZI,13-24 months,85.30526315789473,1.0444842053307009,2,1,High,0
7779-ORAEL,25-48 months,77.3411111111111,0.9716695159969545,4,0,High,1
0644-OQMDK,0-6 months,73.4625,0.9617151607963247,0,1,High,0
4077-CROMM,25-48 months,104.62741935483871,0.9959148437620435,4,1,Premium,0
3154-CFSZG,25-48 months,88.02553191489362,1.0229986464275356,3,1,High,0
2868-MZAGQ,0-6 months,79.25,1.0,1,1,High,0
4847-QNOKA,0-6 months,44.9,1.0,0,1,Medium,1
2220-IAHLS,0-6 months,19.4,1.0,0,1,Low,1
1658-XUHBX,49-72 months,90.65508474576271,0.9789853514438224,2,1,Premium,1
6379-RXJRQ,7-12 months,65.965,1.0626847570681421,0,1,Medium,0
2378-HTWFW,25-48 months,90.87142857142857,1.0014148718754914,2,1,Premium,1
8650-RHRKE,0-6 months,29.625,1.00084388185654,1,1,Low,0
4377-VDHYI,25-48 months,94.4953125,0.9608942242505415,3,0,Premium,0
0475-RIJEP,25-48 months,78.27558139534884,0.994563037568519,1,1,High,0
1260-TTRXI,0-6 months,48.825,1.1121351766513055,1,1,Medium,0
3719-TDVQB,49-72 months,19.09444444444444,0.9924352633110272,0,0,Low,0
6328-ZPBGN,7-12 months,90.69545454545454,1.0491154212399139,2,1,Premium,1
0201-MIBOL,49-72 months,98.05833333333334,1.0442763661086087,3,0,Premium,1
4937-QPZPO,49-72 months,102.31721311475411,0.9763753034199332,3,0,Premium,0
2925-VDZHY,49-72 months,90.29652777777778,0.9823190568112776,6,0,Premium,1
6981-TDRFT,25-48 months,52.66136363636363,1.031116481809158,4,0,Medium,0
3413-CSSTH,25-48 months,54.57439024390244,1.020625237424862,1,1,Medium,1
8033-VCZGH,49-72 months,104.626,0.993538890906658,4,0,Premium,0
4789-KWMXN,25-48 months,112.25106382978724,0.9875184806095757,5,0,Premium,1
0224-NIJLP,7-12 months,20.6875,0.9740181268882174,0,0,Low,0
7542-CYDDM,13-24 months,19.916666666666668,1.006694560669456,0,1,Low,0
4718-WXBGI,49-72 months,91.8736111111111,1.0008314562578422,6,0,Premium,1
2867-UIMSS,0-6 months,80.5,1.0,1,1,High,0
8495-PRWFH,25-48 months,57.660714285714285,0.9651285227624652,1,1,Medium,0
0439-IFYUN,13-24 months,71.92222222222222,1.0386219681754982,1,1,High,0
5716-LIBJC,13-24 months,99.93076923076923,1.042221537987838,4,0,Premium,1
2868-LLSKM,49-72 months,84.31470588235294,0.9921163707398752,2,0,High,1
8111-RKSPX,0-6 months,76.3875,0.9451808214694812,0,1,High,1
2988-QRAJY,49-72 months,107.69202898550725,1.021895501799953,5,0,Premium,1
1585-MQSSU,13-24 months,52.970588235294116,0.9722376457523598,1,1,Medium,0
0071-NDAFP,25-48 months,25.224,1.010941960038059,0,0,Low,1
2856-NNASM,25-48 months,89.69186046511628,0.9984183574252933,2,1,High,0
7328-ZJAJO,49-72 months,20.722881355932206,0.9409888357256777,0,0,Low,1
6458-CYIDZ,0-6 months,74.96000000000001,1.0765741728922091,2,1,High,0
8559-CIZFV,13-24 months,77.38095238095238,1.0015384615384615,4,0,High,0
1090-PYKCI,49-72 months,104.85217391304349,1.0023635760490959,5,0,Premium,1
3058-WQDRE,13-24 months,25.52692307692308,0.9852342926020791,0,1,Low,1
7547-EKNFS,25-48 months,94.2702380952381,1.0103931200828418,3,1,Premium,1
2279-AXJJK,49-72 months,97.85384615384615,0.9774781856772268,3,1,Premium,1
6769-DYBQN,25-48 months,86.29130434782608,0.9850355217413211,2,1,High,0
0909-SELIE,49-72 months,79.68606557377049,1.013979036588251,5,0,High,1
3417-TSCIC,25-48 months,27.17413793103448,0.9144724319522874,0,0,Low,0
1042-HFUCW,25-48 months,50.653999999999996,1.0808623208433688,2,0,Medium,1
4439-JMPMT,0-6 months,94.19,0.910393884701136,2,1,Premium,0
6537-OTKMY,13-24 months,45.88,1.1061464690496947,3,0,Medium,0
8999-EXMNO,13-24 months,20.405263157894737,0.9874903275728656,0,0,Low,0
6725-TPKJO,25-48 months,19.210227272727273,1.04371487725525,0,0,Low,0
2446-BEGGB,0-6 months,93.43333333333334,1.0515519086692828,3,1,Premium,0
7162-WPHPM,49-72 months,72.9353448275862,0.9816913893977897,4,0,High,1
1599-MMYRQ,49-72 months,80.37177419354839,1.0134154784720202,2,0,High,1
8821-KVZKQ,49-72 months,58.75928571428571,0.993885464911321,5,0,Medium,1
1496-GGSUK,0-6 months,25.7,1.0,0,1,Low,0
6434-TTGJP,7-12 months,52.1,1.0307101727447217,5,0,Medium,1
0042-JVWOJ,25-48 months,18.148076923076925,1.0800042386351594,0,0,Low,1
0130-SXOUN,49-72 months,90.5590909090909,0.9872007227827136,2,1,Premium,1
2575-GFSOE,7-12 months,72.41428571428571,0.952850660879858,0,1,High,0
2330-PQGDQ,49-72 months,84.30882352941177,0.9987092272806558,2,0,High,1
1452-UZOSF,49-72 months,104.84166666666667,1.0120022255782528,5,0,Premium,1
2097-YVPKN,49-72 months,25.45769230769231,1.0114820969935034,0,0,Low,0
2842-JTCCU,0-6 months,40.175,1.1462352209085251,0,1,Medium,1
8597-CTXVJ,49-72 months,65.02142857142857,0.9989014610567944,3,0,Medium,1
6631-HMANX,49-72 months,86.49305555555556,0.987940586109996,5,0,High,1
9962-BFPDU,0-6 months,20.05,1.0,0,1,Low,0
3296-SILRA,0-6 months,76.4,1.0,1,1,High,0
9681-OXGVC,0-6 months,102.8,0.977626459143969,3,1,Premium,0
6394-HHHZM,0-6 months,19.166666666666668,1.0799999999999998,0,1,Low,0
5995-LFTLE,49-72 months,25.419827586206896,0.9952860582629633,0,0,Low,1
5180-UCIIQ,13-24 months,40.00909090909091,1.0010224948875255,2,1,Medium,0
1932-UEDCX,25-48 months,99.09848484848484,1.015151746808348,3,1,Premium,1
7153-OANIO,0-6 months,69.95,1.0,0,1,Medium,0
5188-HGMLP,49-72 months,72.57685185185186,1.0196088437543855,0,1,High,1
0665-XHDJU,49-72 months,101.19027777777778,0.9823078084466833,3,0,Premium,0
6521-YYTYI,0-6 months,93.3,1.0,2,1,Premium,0
8878-HMWBV,0-6 months,56.35,0.8722271517302572,1,1,Medium,0
8265-HKSOW,49-72 months,106.36527777777778,1.0101980857370434,5,0,Premium,1
3544-FBCAS,49-72 months,82.76805555555556,1.0100515161176646,5,0,High,1
5331-RGMTT,49-72 months,98.06851851851852,1.0100081197953057,3,1,Premium,1
4759-PXTAN,49-72 months,79.5457627118644,1.0069675274865764,4,0,High,0
7054-DMVAS,49-72 months,65.0537037037037,1.0037860457172136,3,0,Medium,1
3428-MMGUB,49-72 months,87.18666666666667,1.0271065912218993,2,0,High,0
6549-BTYPG,49-72 months,60.0575,1.0123631519793532,5,0,Medium,1
7823-JSOAG,0-6 months,72.48333333333333,1.0278224879282594,0,1,High,0
3705-RHRFR,49-72 months,99.64275362318841,0.9950547972103239,3,0,Premium,1
9374-YOLBJ,0-6 months,19.25,1.0,0,1,Low,0
9074-KGVOX,49-72 months,40.427,0.9758329829074629,2,1,Medium,1
6128-DAFVY,49-72 months,45.802678571428565,0.9792003742763018,2,1,Medium,1
9933-QRGTX,49-72 months,93.52916666666667,1.039248006415111,4,0,Premium,0
4476-OSWTN,49-72 months,110.2913043478261,1.002345567075334,5,0,Premium,0
3751-KTZEL,0-6 months,35.05,1.0,1,1,Low,0
1977-STDKI,0-6 months,73.0,1.0,1,1,High,0
5066-GFJMM,0-6 months,15.25,1.3049180327868852,0,1,Low,0
2661-GKBTK,49-72 months,75.7325,1.0160763212623378,4,0,High,1
0458-HEUZG,13-24 months,34.646153846153844,1.021758436944938,2,0,Low,0
7268-WNTCP,49-72 months,20.924999999999997,0.9772998805256871,0,0,Low,1
0824-VWDPO,25-48 months,98.72777777777777,0.9799673625569749,3,0,Premium,1
8409-WQJUX,25-48 months,56.926,0.9521132698591154,4,0,Medium,0
2578-JQPHZ,25-48 months,99.50795454545455,1.0059497299210889,4,0,Premium,1
3278-FSIXX,0-6 months,37.1,1.219676549865229,0,1,Medium,0
5813-UECBU,25-48 months,82.31212121212121,1.018683503294923,2,1,High,1
0328-GRPMV,0-6 months,70.1,1.0,0,1,Medium,0
9746-UGFAC,13-24 months,20.48409090909091,1.017863086652613,0,0,Low,1
2946-KIQSP,25-48 months,33.59571428571428,0.9956627120806227,2,1,Low,0
0625-AFOHS,25-48 months,19.268965517241377,1.0483178239083752,0,0,Low,0
6726-WEXXK,25-48 months,82.22592592592592,1.044682671951714,2,0,High,0
4636-OLWOE,49-72 months,60.797222222222224,1.003335313199616,3,0,Medium,0
4342-HENTK,0-6 months,71.175,0.9926238145416229,0,1,High,0
4685-ERGHK,49-72 months,86.65350877192982,1.0028445614212684,1,0,High,0
0885-HMGPY,49-72 months,68.34677419354838,1.015410029498525,4,0,Medium,1
5003-OKNNK,13-24 months,22.396666666666665,0.908617353772883,0,0,Low,1
4195-SMMNX,0-6 months,16.6,1.2259036144578312,0,1,Low,0
7208-PSIHR,49-72 months,102.69285714285714,1.015649996522223,4,0,Premium,1
4012-ZTHBR,13-24 months,44.107142857142854,1.019109311740891,0,1,Medium,0
0489-WMEMG,13-24 months,48.667391304347824,1.016080761156028,1,0,Medium,0
7435-ZNUYY,0-6 months,19.433333333333334,1.0600343053173242,0,0,Low,0
1354-YZFNB,0-6 months,17.2,1.1366279069767442,0,0,Low,1
6956-SMUCM,0-6 months,95.8,1.033402922755741,4,1,Premium,1
2985-FMWYF,13-24 months,101.80652173913045,0.9184087463432341,2,1,Premium,0
2812-ENYMO,25-48 months,52.41730769230769,1.0406867960523902,4,0,Medium,1
2717-HVIZY,7-12 months,20.45,0.980440097799511,0,1,Low,0
3223-WZWJM,25-48 months,86.69999999999999,0.9682814302191466,1,1,High,0
3422-GALYP,0-6 months,72.575,1.0947295900792284,1,1,High,0
9053-JZFKV,49-72 months,115.70597014925373,1.0042697006049819,6,0,Premium,1
2530-ENDWQ,49-72 months,92.75140845070423,1.010227246843372,2,0,Premium,1
2890-WFBHU,49-72 months,81.12033898305086,0.9843400681139131,5,0,High,1
0327-WFZSY,25-48 months,98.3474358974359,1.01680332677191,3,0,Premium,0
7977-HXJKU,13-24 months,18.904761904761905,1.0367758186397986,0,0,Low,0
6615-ZGEDR,0-6 months,19.7,1.0,0,1,Low,0
7033-CLAMM,25-48 months,21.401041666666668,0.9438792893648089,0,0,Low,1
4023-RTIQM,25-48 months,50.97096774193548,0.9887981773305488,4,0,Medium,1
0864-FVJNJ,49-72 months,112.85546875,1.0043819874701463,6,0,Premium,0
7356-IWLFW,25-48 months,81.95,0.9762050030506406,1,1,High,1
9541-PWTWO,49-72 months,81.42211538461538,0.9942016320457256,4,0,High,1
3967-VQOGC,49-72 months,25.078358208955223,0.992887963100729,0,0,Low,0
7872-RDDLZ,49-72 months,55.6044776119403,0.9873305596564219,1,1,Medium,0
9250-WYPLL,0-6 months,82.72999999999999,0.913211652363109,0,1,High,0
6308-CQRBU,49-72 months,108.55915492957746,1.006363766104026,5,0,Premium,0
2754-XBHTB,7-12 months,79.35,0.9785759294265912,1,1,High,1
1597-LHYNC,25-48 months,96.04615384615384,0.9891078007368252,3,1,Premium,0
0186-CAERR,49-72 months,117.03591549295774,0.9937120542026945,6,0,Premium,1
3043-SUDUA,25-48 months,18.7984375,1.0585986202310698,0,1,Low,1
5442-BHQNG,0-6 months,69.625,1.0104129263913824,0,1,Medium,0
2169-RRLFW,49-72 months,26.595070422535212,0.962584403548259,0,0,Low,1
5872-OEQNH,49-72 months,46.23166666666667,0.9614622012329211,3,0,Medium,0
3162-KKZXO,49-72 months,98.35909090909091,1.018207865428162,3,0,Premium,0
7055-VKGDA,49-72 months,104.5074074074074,1.008540950490839,5,0,Premium,1
0754-UKWQP,0-6 months,98.85,0.9696509863429439,3,1,Premium,0
8873-GLDMH,0-6 months,66.88333333333334,1.1041614752055817,0,1,Medium,0
5696-JVVQY,25-48 months,67.46666666666667,1.0390316205533596,4,0,Medium,1
8946-BFWSG,49-72 months,24.96904761904762,1.011252026318299,0,0,Low,0
7493-TPUWZ,0-6 months,79.15,1.0,1,1,High,0
0547-HURJB,7-12 months,19.650000000000002,1.0712468193384224,0,1,Low,1
8904-OPDCK,49-72 months,25.27314814814815,0.9872137754167429,0,1,Low,1
8845-LWKGE,25-48 months,66.17166666666667,0.9747374253834723,3,0,Medium,0
1577-HKTFG,25-48 months,21.861666666666668,0.8988335747503239,0,1,Low,1
8752-STIVR,0-6 months,75.7875,1.0423882566386278,1,1,High,0
0691-NIKRI,25-48 months,108.38,0.9775788890939289,4,0,Premium,1
5022-JNQEQ,7-12 months,71.94444444444444,1.0542857142857143,1,1,High,0
4558-FANTW,13-24 months,92.61470588235295,0.9917431484010287,3,1,Premium,0
3249-VHRIP,49-72 months,44.33387096774193,0.9834467202677631,3,0,Medium,1
3736-BLEPA,25-48 months,88.70178571428572,1.0287278803374065,3,0,High,1
4701-LKOZD,49-72 months,90.96,0.9866974494283202,6,0,Premium,1
6603-QWSPR,25-48 months,106.61304347826086,0.9792422821255252,5,0,Premium,1
9921-QFQUL,13-24 months,88.9108695652174,1.0139367710701974,2,1,High,0
1929-ZCBHE,25-48 months,38.18723404255319,1.0553264987742366,3,0,Medium,0
4378-MYPGO,49-72 months,105.4875,0.9977485484062093,5,0,Premium,1
8651-ENBZX,49-72 months,107.35666666666665,0.9873629956220699,4,0,Premium,0
4129-LYCOI,49-72 months,105.06044776119403,0.989906308379682,4,0,Premium,0
7798-JVXYM,13-24 months,65.81428571428572,1.0582808769264165,3,1,Medium,0
8647-SDTWQ,49-72 months,70.49736842105263,1.053940050020531,0,1,High,0
2696-ECXKC,49-72 months,99.06545454545456,1.0185185185185184,3,0,Premium,0
2081-KJSQF,0-6 months,20.25,1.0,0,1,Low,0
7623-TRNQN,0-6 months,49.9,1.0,1,1,Medium,0
3323-CPBWR,13-24 months,90.67173913043477,1.0686902107458824,3,1,Premium,1
9330-IJWIO,13-24 months,104.52692307692307,0.9600397394855944,3,1,Premium,0
3384-CTMSF,25-48 months,109.25851063829786,0.9527861893031363,4,1,Premium,0
0902-RFHOF,25-48 months,19.21315789473684,1.046158060539652,0,0,Low,0
9286-DOJGF,25-48 months,75.52236842105263,0.9924212066832762,0,1,High,1
6048-QBXKL,0-6 months,59.125,0.9564482029598308,1,1,Medium,1
9661-MHUMO,0-6 months,49.25,1.0,1,1,Medium,1
7718-RXDGG,13-24 months,73.90666666666667,0.9281977268627096,0,1,High,1
1025-FALIX,25-48 months,69.83269230769231,0.9887918927105994,0,1,Medium,1
3451-VAWLI,25-48 months,20.86857142857143,0.9440032858707558,0,0,Low,1
3407-QGWLG,0-6 months,25.150000000000002,0.7972166998011928,0,1,Low,0
1842-EZJMK,49-72 months,101.421,1.0224706914741521,4,1,Premium,0
2347-WKKAE,25-48 months,95.58571428571429,0.987595277238081,3,1,Premium,0
8735-DCXNF,7-12 months,56.885000000000005,0.9659840028126923,2,1,Medium,1
3214-IYUUQ,49-72 months,96.07704918032786,0.9752589281143892,4,0,Premium,1
1936-UAFEH,49-72 months,107.04926470588236,1.0298996476333737,5,0,Premium,1
3587-PMCOY,7-12 months,106.495,0.9286820977510681,4,0,Premium,0
8079-XRJRS,49-72 months,88.76307692307692,1.0111186217415418,3,0,High,0
1027-LKKQQ,49-72 months,81.76180555555555,0.9839557658170329,5,0,High,1
7148-XZPHA,49-72 months,77.06272727272727,1.0303294836555816,2,1,High,0
8073-IJDCM,0-6 months,20.3,1.0,0,1,Low,0
5309-TAIKL,7-12 months,59.75714285714286,1.0509203920631125,3,1,Medium,1
6856-RAURS,0-6 months,68.025,1.1010657846380008,0,1,Medium,0
8778-LMWTJ,7-12 months,78.6888888888889,0.9512143462298784,1,1,High,0
9717-IOAAF,25-48 months,29.205555555555552,0.8851055735210197,0,0,Low,1
8884-ADFVN,7-12 months,100.12142857142858,1.0182635371334807,3,1,Premium,0
2845-KDHVX,49-72 months,68.41875,0.9982643646661185,4,0,Medium,0
0848-SOMKO,49-72 months,49.182857142857145,0.984082723364703,4,0,Medium,1
2720-WGKHP,0-6 months,90.85,1.034672537149147,2,1,Premium,0
6734-FQAJX,49-72 months,107.04029850746268,0.9814060822399152,5,0,Premium,0
2869-ADAWR,25-48 months,89.26333333333334,1.0004107696329212,2,1,High,1
1535-VTJOQ,13-24 months,23.041666666666668,1.091500904159132,0,0,Low,1
6368-TZZDT,0-6 months,24.2125,0.8053691275167786,0,0,Low,1
0943-ZQPXH,25-48 months,93.70227272727271,0.9919716704261565,3,1,Premium,1
1293-BSEUN,49-72 months,20.5875,1.005464480874317,0,0,Low,0
9894-EZEWG,0-6 months,74.3,1.0,1,1,High,1
1302-TPUBN,49-72 months,18.8,1.0292553191489362,0,0,Low,1
7851-FLGGQ,0-6 months,44.65,1.0,3,1,Medium,0
0637-UBJRP,13-24 months,84.25384615384615,0.9975805715329134,2,1,High,0
0940-OUQEC,7-12 months,78.88,1.0230730223123734,1,1,High,1
2378-VTKDH,49-72 months,101.20846153846153,1.0310402748326,4,1,Premium,0
0927-CNGRH,0-6 months,19.55,1.0,0,1,Low,0
8608-OZTLB,25-48 months,73.74473684210527,1.00413945687471,5,0,High,0
2335-GSODA,13-24 months,37.29347826086956,1.0752550276887205,3,0,Medium,0
1952-DVVSW,7-12 months,18.44,1.0900216919739696,0,0,Low,0
0702-PGIBZ,0-6 months,91.1375,1.115896310519819,3,1,Premium,0
6656-GULJQ,49-72 months,84.62916666666666,0.9872482891044262,5,0,High,1
9853-JFZDU,25-48 months,53.17428571428571,1.0691257858255871,2,1,Medium,0
1963-VAUKV,0-6 months,20.4,1.0,0,1,Low,0
3777-XROBG,49-72 months,18.614655172413794,1.0502477654795535,0,0,Low,1
6994-FGRHH,49-72 months,106.78714285714287,0.9940335246351218,5,0,Premium,0
4000-VGMQP,25-48 months,75.33026315789475,1.0480515624181235,4,0,High,1
3999-WRNGR,49-72 months,51.1575,0.9724869276254704,3,1,Medium,0
3466-RITXD,25-48 months,90.37692307692308,1.0223848838198997,3,1,Premium,1
2680-XKKNJ,7-12 months,58.65625,0.9922216302610549,3,0,Medium,1
3058-HJCUY,25-48 months,102.76463414634148,0.9983979493752001,4,0,Premium,0
2974-GGUXS,25-48 months,91.69583333333334,1.002771845321943,2,1,Premium,1
7994-XIRTR,49-72 months,65.36944444444444,0.9981727786512558,3,0,Medium,1
3259-FDWOY,49-72 months,108.78450704225352,0.9744034594818546,4,0,Premium,1
2101-RANCD,49-72 months,75.36181818181818,0.969987213201766,0,1,High,0
7921-BEPCI,49-72 months,59.236111111111114,1.0086752637749121,2,0,Medium,1
0807-ZABDG,0-6 months,51.550000000000004,1.0688651794374393,2,1,Medium,0
8510-TMWYB,49-72 months,60.11944444444444,0.9946865037194474,2,0,Medium,1
3258-ZKPAI,49-72 months,115.79791666666668,1.0069265782703343,6,0,Premium,1
1428-IEDPR,49-72 months,110.21923076923076,0.9916599783647975,5,0,Premium,0
5298-GSTLM,49-72 months,102.94333333333334,0.9850079331671145,3,0,Premium,1
4450-YOOHP,25-48 months,48.85641025641026,1.0367114516636926,3,1,Medium,1
6728-CZFEI,13-24 months,62.126666666666665,0.9037986908466573,1,0,Medium,0
5748-RNCJT,49-72 months,106.50434782608696,0.9999591770084911,4,0,Premium,1
3653-NCRDJ,25-48 months,18.052325581395348,1.0635748792270532,0,0,Low,0
6121-TNHBO,49-72 months,83.22301587301588,0.9973202620612047,5,0,High,1
5119-NZPTV,0-6 months,70.825,0.9897635015884221,0,1,High,0
6519-ZHPXP,49-72 months,106.66180555555555,1.0153587728607425,6,0,Premium,1
7739-LAXOG,25-48 months,92.328125,0.9861567101032324,2,1,Premium,1
3472-QPRCH,25-48 months,25.1725,1.0030787565796009,0,0,Low,1
8224-UAXBZ,49-72 months,43.79482758620689,1.0355104129758672,3,0,Medium,0
9610-WCESF,49-72 months,46.22686567164179,0.9496642128374015,3,0,Medium,0
9776-CLUJA,49-72 months,74.65392156862745,1.038123629295967,1,1,High,0
2486-WYVVE,25-48 months,80.12903225806451,0.9896537842190016,4,0,High,0
3865-ZYKAD,49-72 months,83.85,1.0125223613595709,2,1,High,1
1422-DGUBX,25-48 months,81.8484375,0.968253059198595,1,0,High,0
2999-AANRQ,13-24 months,72.61190476190475,0.978489687510247,4,0,High,1
8668-KNZTI,49-72 months,53.666346153846156,1.0015587766291008,2,0,Medium,0
0480-KYJVA,49-72 months,24.78472222222222,0.9784253292238723,0,0,Low,1
6034-ZRYCV,49-72 months,54.68680555555555,0.9910982996609482,4,0,Medium,0
9746-YKGXB,49-72 months,43.771153846153844,1.010939765388164,3,0,Medium,1
3926-YZVVX,25-48 months,49.4890243902439,1.0113353539833914,1,0,Medium,1
6000-UKLWI,25-48 months,19.569512195121952,1.029662865333084,0,0,Low,0
2079-FBMZK,0-6 months,69.73333333333333,0.9930688336520076,0,1,Medium,0
6332-FBZRI,49-72 months,69.45149253731343,0.9985386557782195,4,0,Medium,1
2096-XOTMO,13-24 months,17.24375,1.1221457049655674,0,1,Low,0
3266-FTKHB,13-24 months,20.20294117647059,0.9478817877420294,0,0,Low,0
8221-EQDGL,25-48 months,60.87,1.0021356990307213,3,1,Medium,0
2346-LOCWC,49-72 months,20.54137931034483,0.9979855632029544,0,0,Low,1
6608-QQLVK,0-6 months,50.5,1.0,1,1,Medium,0
0298-XACET,49-72 months,49.11538461538461,1.0220830070477682,4,0,Medium,0
7560-QJAVJ,49-72 months,79.84928571428571,0.9968780470350391,5,0,High,1
2995-YWTCD,13-24 months,24.61578947368421,1.011545862732521,0,0,Low,1
3551-HUAZH,0-6 months,74.4,1.0,0,1,High,0
9137-UIYPG,25-48 months,107.32714285714285,0.9960201786260966,5,1,Premium,0
2809-ZMYOQ,25-48 months,104.215625,0.9725029236258957,3,1,Premium,0
5084-OOVCJ,13-24 months,54.14705882352941,1.0222161868549702,2,1,Medium,1
0254-WWRKD,49-72 months,51.22014925373134,0.9869162963502586,1,0,Medium,1
7727-SHVZV,7-12 months,16.705555555555556,1.167276355171267,0,1,Low,1
6302-JGYRJ,25-48 months,83.47419354838709,0.9517911659002204,4,0,High,0
5339-PXDVH,0-6 months,91.9875,0.9854599809756761,2,1,Premium,0
2205-LPVGL,49-72 months,88.375,1.0166902404526166,3,0,High,1
8782-NUUOL,49-72 months,80.01833333333335,0.9872737497656785,5,0,High,0
3685-YLCMQ,49-72 months,107.2344827586207,0.9758987716251849,4,0,Premium,0
7601-WFVZV,0-6 months,19.55,1.0,0,1,Low,0
4609-KNNWG,25-48 months,20.374074074074073,0.9767315033630248,0,0,Low,0
4868-AADLV,49-72 months,119.125,0.9758656873032528,6,0,Premium,0
9529-OFXHY,13-24 months,82.81333333333333,1.0596119787473837,2,1,High,1
8634-MPHTR,25-48 months,103.63936170212766,0.9653668100306915,3,1,Premium,0
2669-QVCRG,25-48 months,77.82073170731708,1.04470875840346,1,1,High,1
2478-EEWWM,49-72 months,45.19915254237288,0.9801068716602606,2,1,Medium,0
9174-IHETN,49-72 months,70.672,0.9954437400950871,0,0,High,1
2233-TXSIU,13-24 months,46.59705882352941,0.9539228681436598,3,0,Medium,1
9644-UMGQA,0-6 months,49.275,0.9974632166412988,1,1,Medium,0
3256-EZDBI,49-72 months,28.61470588235294,1.0291910782197553,1,1,Low,1
8761-NSOBC,25-48 months,99.95795454545454,1.0059229448745495,4,1,Premium,0
0419-YAAPX,49-72 months,87.71326530612245,0.9724868832815644,2,1,High,1
8413-VONUO,0-6 months,83.65,1.1434548714883443,3,1,High,0
0872-CASZJ,49-72 months,69.43898305084745,0.9951182601479167,3,0,Medium,0
4726-DLWQN,49-72 months,69.092,1.0182076072483066,3,1,Medium,1
8164-OCKUJ,49-72 months,21.796610169491526,0.9451010886469674,0,0,Low,0
3094-JOJAI,13-24 months,77.05555555555556,0.9622927180966114,0,1,High,0
9494-MRNYX,7-12 months,78.63,0.9544703039552334,0,1,High,0
2599-CZABP,13-24 months,45.80357142857143,0.9737231968810917,0,0,Medium,0
7945-PRBVF,25-48 months,20.155714285714286,1.0642143312779078,0,0,Low,1
4544-RXFMG,7-12 months,43.1875,1.0060781476121563,0,0,Medium,0
0859-YGKFW,13-24 months,19.216666666666665,1.0433651344319168,0,0,Low,1
1150-FTQGN,49-72 months,96.86333333333333,0.9719880243642246,3,0,Premium,1
9223-UCPVT,0-6 months,94.4,1.0,3,1,Premium,0
7196-LIWRH,0-6 months,20.741666666666667,0.9425472077139414,0,0,Low,0
5448-VWNAM,13-24 months,72.39999999999999,1.0483425414364642,4,1,High,0
1177-XZBJL,49-72 months,65.87830188679246,0.9737652332058828,3,0,Medium,1
3518-FSTWG,49-72 months,110.00972222222222,0.9958210764200134,5,0,Premium,1
9330-VOFSZ,49-72 months,110.67833333333333,1.0010992817022302,5,0,Premium,1
4351-QLCSU,0-6 months,55.0,1.0,1,1,Medium,1
0939-EREMR,13-24 months,55.23846153846154,0.967622893747389,2,1,Medium,0
9389-ACWBI,0-6 months,64.08,1.0916042446941323,0,1,Medium,1
5419-JPRRN,0-6 months,101.45,1.0,3,1,Premium,0
3644-QXEHN,13-24 months,102.65,0.944958597174866,3,1,Premium,0
2911-IJORQ,25-48 months,90.77432432432433,0.9980795855477647,6,0,Premium,1
5921-NGYRH,49-72 months,74.4375,0.9880772460117548,1,1,High,0
2100-BDNSN,0-6 months,70.06,0.96988295746503,3,1,Medium,1
5998-DZLYR,49-72 months,93.49180327868852,1.0091793792740662,3,0,Premium,1
0488-GSLFR,0-6 months,69.5,1.0,0,1,Medium,0
9318-NKNFC,0-6 months,18.85,1.0,0,1,Low,0
3985-HOYPM,25-48 months,20.213461538461537,0.9597564456283892,0,0,Low,0
9728-FTTVZ,0-6 months,69.2,1.0,0,1,Medium,0
9548-LERKT,13-24 months,20.131249999999998,0.9810617820552624,0,0,Low,0
6576-FBXOJ,13-24 months,54.98823529411764,0.9929396662387677,4,0,Medium,0
4310-KEDTB,25-48 months,30.25,0.9851239669421488,1,1,Low,0
7254-IQWOZ,0-6 months,69.65,1.0,0,1,Medium,0
2474-BRUCM,25-48 months,102.1575,0.9969899420013214,3,1,Premium,0
4062-HBMOS,49-72 months,103.16923076923078,0.9988443185207276,4,1,Premium,0
0742-NXBGR,0-6 months,82.3,1.0,2,1,High,0
2676-ISHSF,0-6 months,20.3,1.0,0,1,Low,0
9236-NDUCW,13-24 months,36.68571428571428,0.9567757009345795,2,0,Medium,0
4753-PADAS,49-72 months,101.7455223880597,1.0388663551881707,4,0,Premium,1
6103-QCKFX,25-48 months,54.98977272727273,1.0229174846562377,2,1,Medium,1
7781-EWARA,49-72 months,59.12428571428571,1.0207311474617635,5,0,Medium,0
6110-OHIHY,0-6 months,89.2,0.8884529147982062,1,1,High,0
7018-FPXHH,49-72 months,61.740178571428565,0.9685751059306715,3,0,Medium,1
5889-LFOLL,13-24 months,85.78461538461539,0.9861908177905306,1,1,High,0
5708-EVONK,49-72 months,93.71724137931035,0.9966149091176687,3,1,Premium,1
8708-XPXHZ,25-48 months,99.67380952380952,0.9450827699878175,2,1,Premium,0
0616-ATFGB,0-6 months,25.05,1.0,0,1,Low,0
0572-ZJKLT,25-48 months,100.65652173913043,0.9900004319467843,4,0,Premium,0
5135-RDDQL,49-72 months,51.13095238095238,0.990593713620489,1,0,Medium,1
1353-LJWEM,7-12 months,62.59090909090909,0.9729847494553376,3,1,Medium,0
1794-SWWKL,13-24 months,57.806666666666665,1.0318879022027447,2,1,Medium,1
6166-YIPFO,49-72 months,65.91736111111112,0.9815320108300586,6,0,Medium,0
7016-BPGEU,25-48 months,24.58103448275862,1.0211124359963526,0,1,Low,1
6876-ADESB,0-6 months,48.95,1.0,1,1,Medium,0
9332-GYWLO,0-6 months,59.18333333333334,0.9267811883976345,1,1,Medium,0
1963-SVUCV,0-6 months,45.3,1.0,0,1,Medium,0
4184-VODJZ,49-72 months,91.5031746031746,0.998326018700019,2,0,Premium,0
0220-EBGCE,0-6 months,83.65,1.0263000597728629,2,1,High,0
1092-WPIVQ,13-24 months,23.802777777777777,1.0544987746528185,0,0,Low,0
7233-IOQNP,25-48 months,35.00813953488372,0.9712027103331452,2,1,Low,1
2834-JKOOW,13-24 months,46.230000000000004,0.9928617780661907,4,0,Medium,0
2754-VDLTR,7-12 months,93.03999999999999,1.0232158211521927,2,1,Premium,0
2400-FEQME,49-72 months,21.417272727272728,0.9571713570185492,0,0,Low,0
3190-XFANI,49-72 months,103.46224489795918,0.972335368319312,3,0,Premium,1
7551-DACSP,0-6 months,54.041666666666664,1.023284502698535,2,1,Medium,0
4957-SREEC,49-72 months,20.83,0.9769563130100818,0,0,Low,1
7235-NXZCP,0-6 months,78.2,0.957161125319693,0,1,High,0
0230-UBYPQ,49-72 months,36.490476190476194,0.9892992300665535,2,0,Medium,1
4923-ADWXJ,25-48 months,67.186,0.9793707022296311,3,1,Medium,1
1763-KUAAW,13-24 months,20.533333333333335,0.9910714285714286,0,0,Low,1
1104-TNLZA,25-48 months,107.07142857142857,0.9881254169446297,4,1,Premium,0
5195-KPUNQ,49-72 months,98.23679245283019,0.9848652178505921,4,0,Premium,0
0520-FDVVT,25-48 months,103.60285714285715,0.9879071178401037,4,0,Premium,1
3439-GVUSX,0-6 months,24.4,1.0,0,1,Low,0
1444-VVSGW,49-72 months,113.84071428571428,1.0158931338900845,6,0,Premium,1
5712-PTIWW,0-6 months,76.225,1.0475565759265333,2,1,High,0
5949-HGVJL,25-48 months,75.36538461538461,0.9692778770094411,4,1,High,0
5203-XEHAX,25-48 months,60.38382352941177,1.0656827646672022,3,0,Medium,0
1635-HDGFT,13-24 months,20.976315789473684,0.9772926859867018,0,0,Low,0
3315-TOTBP,13-24 months,75.39,1.0080912587876376,0,1,High,0
8050-XGRVL,49-72 months,55.247580645161285,0.9909936210898157,2,0,Medium,1
6661-HBGWL,25-48 months,102.93928571428572,1.0175901190021857,4,1,Premium,1
1518-VOWAV,7-12 months,78.17222222222222,0.9549427901357403,4,1,High,0
9828-QHFBK,13-24 months,53.15416666666667,0.9622952104726816,1,1,Medium,0
3908-MKIMJ,49-72 months,43.6139705882353,0.9618477619489167,3,0,Medium,0
5012-YSPJJ,25-48 months,53.12903225806452,1.0229811778992106,2,1,Medium,0
5909-ECHUI,0-6 months,56.25,1.0,1,1,Medium,0
1309-BXVOQ,13-24 months,107.14047619047618,0.990288673081624,4,1,Premium,0
6728-VOIFY,49-72 months,96.98015873015873,0.989893203486231,3,0,Premium,0
9317-WZPGV,0-6 months,79.7,1.0006273525721454,1,1,High,1
4891-NLUBA,49-72 months,61.49426229508197,0.9992802207323088,5,0,Medium,1
2856-HYAPG,0-6 months,68.65,1.0,0,1,Medium,0
8969-PRHFK,13-24 months,22.84722222222222,0.8600607902735562,0,0,Low,0
0661-KQHNK,0-6 months,17.583333333333332,1.080568720379147,0,0,Low,1
8709-KRDVL,25-48 months,100.62424242424242,0.9937963018731555,3,1,Premium,0
4488-PSYCG,13-24 months,20.465625,0.9894640403114979,0,1,Low,1
1427-VERSM,49-72 months,101.24107142857143,0.9749007849016669,4,1,Premium,0
9801-NOSHQ,13-24 months,20.23695652173913,0.9784079922655494,0,0,Low,0
6339-YPSAH,7-12 months,78.25555555555555,0.9430640352122676,1,1,High,0
3621-CEOVK,13-24 months,97.84285714285714,1.024091108190977,3,1,Premium,0
6906-ANDWJ,13-24 months,73.81666666666666,1.0146759990968617,0,1,High,1
2159-TURXX,0-6 months,19.11,1.0491889063317636,0,1,Low,1
1548-FEHVL,49-72 months,104.51147540983607,1.0161563558790312,4,1,Premium,0
3795-CAWEX,49-72 months,116.46142857142857,1.0007605215705997,6,0,Premium,1
6215-NQCPY,13-24 months,104.45,0.9545236955481091,3,1,Premium,0
5647-URDKA,7-12 months,16.28125,1.2099808061420345,0,0,Low,0
2229-DPMBI,7-12 months,20.26875,0.9620721554116558,0,0,Low,0
9626-WEQRM,0-6 months,27.5125,1.0595184007269423,1,1,Low,0
2188-SXWVT,25-48 months,55.44558823529412,0.9919635042304326,2,0,Medium,0
6258-PVZWJ,49-72 months,92.68897058823529,0.9796203304854153,6,0,Premium,1
1094-BKOSX,25-48 months,50.32222222222222,1.0134687568999778,4,0,Medium,1
6969-MVBAI,7-12 months,90.75555555555555,0.9927766895200784,2,1,Premium,0
2978-XXSOG,13-24 months,56.97727272727273,1.036378141204627,2,1,Medium,0
2342-CKIAO,0-6 months,20.6,0.9854368932038835,0,1,Low,0
6953-PBDIN,49-72 months,75.22214285714286,0.9697942285231362,4,0,High,1
3898-BSJYF,7-12 months,69.33,1.0608683109764891,4,0,Medium,1
3938-YFPXD,49-72 months,83.29305555555555,1.012089176435277,5,0,High,1
7696-AMHOD,49-72 months,78.04489795918367,0.9994247162805293,4,0,High,1
2453-SAFNS,49-72 months,71.96388888888889,1.0018913807079166,3,0,High,0
9558-IHEZX,49-72 months,102.58098591549296,1.0406411972677032,5,0,Premium,1
9617-UDPEU,13-24 months,18.75227272727273,1.0265422373045692,0,0,Low,0
6340-DACFT,49-72 months,21.405,0.9600560616678346,0,0,Low,1
4955-VCWBI,25-48 months,19.022093023255817,1.0514090103307046,0,0,Low,0
6813-GZQCG,25-48 months,26.028888888888886,0.9470246734397678,0,0,Low,1
7426-GSWPO,49-72 months,102.32265625,1.0115061882983516,4,1,Premium,1
3389-KTRXV,13-24 months,27.202173913043477,0.8767681611124432,0,0,Low,0
3118-UHVVQ,49-72 months,28.110294117647058,0.9178132356787864,0,0,Low,1
1031-IIDEO,0-6 months,70.85,1.0,0,1,High,0
5832-XKAES,0-6 months,67.35,1.03637713437268,0,1,Medium,1
3205-MXZRA,25-48 months,57.96153846153846,1.0256801592568017,2,0,Medium,1
4701-AHWMW,49-72 months,54.150909090909096,1.007369976160897,4,1,Medium,1
8317-BVKSO,13-24 months,21.37857142857143,0.937854994988306,0,1,Low,0
5702-KVQRD,49-72 months,82.14999999999999,1.0048691418137554,5,0,High,0
0083-PIVIK,49-72 months,86.99296875,0.9339835295596807,5,0,High,0
9210-IAHGH,7-12 months,64.4,1.0986024844720497,3,1,Medium,1
6169-PGNCD,49-72 months,73.09385964912282,1.0165012540953111,5,0,High,1
0023-XUOPT,13-24 months,93.5076923076923,1.0063343205001647,3,1,Premium,0
4592-IWTJI,0-6 months,30.566666666666666,0.9716466739367503,1,1,Low,1
4909-JOUPP,49-72 months,109.70069444444444,0.9999936696440441,5,0,Premium,1
4657-FWVFY,25-48 months,97.885,0.9843183327373958,3,1,Premium,1
2257-BOVXD,13-24 months,69.96428571428571,0.9519142419601838,2,1,Medium,1
7729-JTEEC,0-6 months,45.025,0.9883398112159911,0,1,Medium,0
7632-MNYOY,49-72 months,112.60681818181818,0.9848426746321675,5,0,Premium,1
6518-LGAOV,25-48 months,105.9578947368421,0.9909596662030598,4,1,Premium,0
7242-QZLXF,0-6 months,25.3,1.0,0,1,Low,0
4576-CSAJH,13-24 months,54.22954545454545,1.0169733037173632,2,0,Medium,1
1000-AJSLD,0-6 months,20.1,1.0,0,1,Low,0
9696-RMYBA,0-6 months,79.71000000000001,1.004892736168611,1,1,High,0
8690-UPCZI,25-48 months,67.53275862068966,1.0224667466619008,3,0,Medium,1
1062-LHZOD,0-6 months,69.9,1.0,0,1,Medium,0
9770-LXDBK,0-6 months,21.05,0.9691211401425177,0,1,Low,0
4086-WITJG,49-72 months,18.325352112676054,1.075013450157559,0,0,Low,1
8344-WFMFH,7-12 months,53.78333333333333,0.93151533932445,1,1,Medium,0
9600-NAXZN,25-48 months,105.30232558139535,0.9629416961130742,3,1,Premium,0
8822-KNBHV,25-48 months,80.996875,1.03028666229407,5,0,High,1
8404-FYDIB,25-48 months,84.95192307692308,1.0199886813808716,2,1,High,1
2791-SFVEW,7-12 months,26.461111111111112,0.7614948561830778,0,1,Low,1
6457-USBER,0-6 months,80.8,1.0,1,1,High,0
6762-NSODU,25-48 months,20.829347826086956,0.931378176694672,0,0,Low,1
4662-EKDPQ,0-6 months,59.15,1.0490278951817413,1,1,Medium,1
9248-OJYKK,0-6 months,76.45,1.0,0,1,High,0
9888-ZCUMM,49-72 months,60.08515625,0.9994148929254053,5,0,Medium,1
3398-FSHON,7-12 months,91.20833333333333,1.0010050251256282,2,1,Premium,0
3319-DWOEP,0-6 months,95.625,1.0013071895424837,3,1,Premium,0
1074-WVEVG,49-72 months,21.47457627118644,0.9476322020520916,0,0,Low,0
9979-RGMZT,7-12 months,90.49285714285715,1.03930854842529,3,0,Premium,0
6437-UDQJM,49-72 months,85.13402777777777,0.9878541189138041,5,0,High,1
1226-IENZN,13-24 months,76.140625,1.034270469936384,1,1,High,0
2108-GLPQB,25-48 months,56.211999999999996,0.9882231551981784,1,1,Medium,1
9259-PACGQ,25-48 months,66.90882352941176,0.936348850498923,3,1,Medium,0
4415-IJZTP,0-6 months,74.5,1.0,0,1,High,0
1465-VINDH,7-12 months,106.88499999999999,0.9552322589699209,4,1,Premium,1
5474-LAMUQ,13-24 months,22.245833333333334,0.9035399887619405,0,0,Low,0
3468-DRVQJ,7-12 months,67.615,1.0397101234933077,3,0,Medium,0
1122-YJBCS,49-72 months,55.13623188405797,0.9730443696772159,2,0,Medium,1
4990-ALDGW,49-72 months,19.628070175438594,1.0571594565606008,0,0,Low,0
4816-OKWNX,49-72 months,104.728,0.9873195325032467,5,0,Premium,1
3315-IKYZQ,25-48 months,49.528571428571425,1.0256706085953273,4,0,Medium,0
2810-FTLEM,13-24 months,47.640625,1.052673007543457,1,1,Medium,0
4747-LCAQL,25-48 months,76.08,1.0383806519453207,5,1,High,0
3411-WLRSQ,0-6 months,79.68333333333334,0.9362058146831206,1,1,High,1
0898-XCGTF,49-72 months,93.01147540983607,1.0375063891287872,2,0,Premium,1
8006-PYCSW,0-6 months,19.9,1.0100502512562815,0,1,Low,0
8249-THVEC,49-72 months,19.563725490196077,0.9916311701327988,0,0,Low,0
8722-PRFDV,49-72 months,78.51197183098591,0.98774745037538,4,0,High,1
2164-SOQXL,13-24 months,20.302500000000002,0.9875631079916266,0,1,Low,0
4020-KIUDI,0-6 months,23.141666666666666,0.8577601728483977,0,1,Low,1
5850-BDWCY,0-6 months,20.608333333333334,0.9801860088960775,0,1,Low,0
2038-YSEZE,25-48 months,62.106896551724134,1.086030758980623,3,1,Medium,0
0827-ITJPH,25-48 months,19.13888888888889,0.9692307692307692,0,0,Low,1
8799-OXZMD,25-48 months,28.239285714285717,1.0534969014797013,1,1,Low,0
1925-TIBLE,7-12 months,83.21428571428571,1.0394849785407727,1,1,High,0
1705-GUHPV,49-72 months,25.685714285714287,0.9421579532814237,0,0,Low,0
4779-ZGICK,25-48 months,24.444791666666664,0.9633954063152513,0,0,Low,0
0048-PIHNL,49-72 months,18.385714285714286,1.1122766122766121,0,0,Low,1
0818-OCPZO,25-48 months,78.59444444444445,1.0363327914045382,1,1,High,0
3967-KXAPS,49-72 months,93.33194444444445,0.9889432878465453,6,0,Premium,1
1447-GIQMR,0-6 months,69.15,1.0,0,1,Medium,0
3704-IEAXF,49-72 months,52.55555555555556,1.0208245243128964,4,0,Medium,1
6810-VCAEX,25-48 months,38.26914893617022,1.0360826175186943,3,0,Medium,1
0674-EYYZV,0-6 months,54.65,1.0,1,1,Medium,0
4480-MBMLB,25-48 months,107.95694444444445,0.9707573749823103,4,0,Premium,1
1395-OFUWC,25-48 months,28.46627906976744,1.0292880192802583,1,1,Low,1
0822-QGCXA,25-48 months,85.56296296296296,0.9799800883040429,5,1,High,0
0872-NXJYS,7-12 months,80.37777777777778,0.9897014100082941,1,1,High,0
2832-KJCRD,25-48 months,104.96052631578948,0.987514103046258,4,1,Premium,0
3588-WSTTJ,25-48 months,101.56,0.9752855454903505,3,1,Premium,0
4075-WKNIU,0-6 months,0.0,0.0,4,0,Low,0
5090-EMGTC,49-72 months,102.285593220339,0.9781436158313792,4,0,Premium,0
2346-CZYIL,25-48 months,19.68888888888889,1.0335778781038374,0,0,Low,1
3798-EPWRR,0-6 months,42.55,1.0329024676850764,0,1,Medium,0
6258-NGCNG,7-12 months,24.714285714285715,0.9508670520231214,0,1,Low,0
4186-ZBUEW,25-48 months,69.77638888888889,1.0132367284380661,3,0,Medium,0
5274-XHAKY,25-48 months,94.96585365853659,0.9929884939387713,3,1,Premium,1
1442-BQPVU,13-24 months,27.47307692307692,1.0610387792244156,1,1,Low,0
3978-YNKDD,13-24 months,24.605263157894736,0.8473796791443851,0,0,Low,1
4940-KHCWD,49-72 months,38.144999999999996,0.9883339887272252,3,0,Medium,1
9412-ARGBX,25-48 months,96.41354166666667,0.9905247577168663,4,0,Premium,0
1389-CXMLU,0-6 months,96.36666666666667,0.9448287789692147,2,1,Premium,0
9589-ABEPT,49-72 months,93.63115942028986,0.9873849749634319,3,0,Premium,0
9388-ZEYVT,25-48 months,44.913953488372094,0.9829907316315435,3,0,Medium,0
0305-SQECB,7-12 months,36.6,0.9849726775956283,2,0,Medium,0
7605-SNLQG,25-48 months,49.36777777777778,1.0178704057977537,1,1,Medium,1
4670-TABXH,49-72 months,107.76249999999999,1.0184433360399028,5,0,Premium,1
5561-NWEVX,0-6 months,86.425,0.9164015041943883,1,1,High,0
0064-SUDOG,7-12 months,18.708333333333332,1.0850779510022273,0,0,Low,1
8561-NMTBD,49-72 months,110.27537313432836,1.0188131475478617,5,0,Premium,1
5161-XEUVX,25-48 months,93.53918918918919,1.008133604935061,3,0,Premium,0
8292-FRFZQ,25-48 months,43.61282051282051,0.9435298959374449,3,0,Medium,1
8591-NXRCV,25-48 months,75.38170731707318,0.9902933039975409,4,1,High,1
7895-VONWT,25-48 months,51.751999999999995,0.9323311176379657,3,1,Medium,0
4526-RMTLL,7-12 months,80.725,0.9433261071539177,4,0,High,1
6253-GNHWH,49-72 months,73.59084507042253,0.9661527861510636,4,0,High,0
4566-NECEV,0-6 months,100.02000000000001,0.9653069386122775,3,1,Premium,0
8080-POTJR,25-48 months,80.90333333333334,0.9801821103374396,4,0,High,1
6906-MPARY,25-48 months,87.20375,1.0274787494803834,3,0,High,1
3662-FXJFO,49-72 months,19.17962962962963,1.0688423288597084,0,0,Low,0
8107-RZLNV,49-72 months,105.07430555555555,1.0116650254119108,4,0,Premium,1
0516-OOHAR,25-48 months,99.96428571428571,1.0038585209003215,4,0,Premium,1
2027-CWDNU,13-24 months,88.97222222222223,0.9620980330939742,2,1,High,0
2737-WFVYW,0-6 months,42.75,1.0584795321637428,2,1,Medium,0
9912-OMZDS,49-72 months,106.03728813559322,1.0010629455580065,4,0,Premium,0
3733-ZEECP,13-24 months,56.040909090909096,0.9118338875821234,1,1,Medium,0
7878-RTCZG,0-6 months,19.9,1.0,0,1,Low,0
2452-MRMZF,49-72 months,26.908333333333335,0.9550944564880767,0,0,Low,1
2272-QAGFO,13-24 months,78.30357142857143,0.9488711516533637,0,1,High,0
7103-IPXPJ,49-72 months,101.195,0.9822619694648946,3,0,Premium,0
4342-HFXWS,25-48 months,62.99270833333333,1.1064772708481472,4,0,Medium,1
3545-CNWRG,49-72 months,99.7795918367347,0.9856725026589216,3,1,Premium,0
1785-BPHTP,25-48 months,81.78214285714286,1.0448491200489105,2,1,High,0
4989-LIXVT,49-72 months,95.63529411764705,1.002767868126461,3,1,Premium,0
7315-WYOAW,13-24 months,101.01923076923077,0.9973348562726061,3,1,Premium,0
1173-XZPYF,7-12 months,90.02727272727272,0.9908108653943251,2,1,High,0
9850-OWRHQ,0-6 months,76.0,0.975,0,1,High,1
3768-NLUBH,49-72 months,100.80964912280702,0.9979203466668987,3,1,Premium,0
8676-TRMJS,0-6 months,69.7,1.0760401721664274,0,1,Medium,0
2509-TFPJU,49-72 months,25.891666666666666,0.994528484068233,0,0,Low,1
9530-GRMJG,49-72 months,85.42428571428572,0.9844975500443165,5,0,High,0
6898-RBTLU,49-72 months,79.64183673469387,0.9957078245717434,4,0,High,1
5481-NTDOH,49-72 months,106.6044776119403,1.004179208960448,4,0,Premium,1
2068-WWXQZ,25-48 months,19.608695652173914,1.0225055432372505,0,0,Low,1
7359-SSBJK,49-72 months,70.015625,1.002633340772149,4,0,Medium,1
2061-VVFST,25-48 months,21.762162162162163,0.8960506706408345,0,1,Low,1
0685-MLYYM,0-6 months,77.425,0.9137875363254763,0,1,High,0
0749-IRGQE,13-24 months,40.650000000000006,1.114391143911439,2,1,Medium,0
2380-DAMQP,49-72 months,115.96805555555557,0.9929458543420722,6,0,Premium,0
2256-YLYLP,49-72 months,72.84191176470588,1.0014838742239944,4,0,High,1
1272-ILHFG,13-24 months,22.176666666666666,0.8860664361941981,0,0,Low,0
0164-XAIRP,13-24 months,19.591666666666665,0.9978732454274778,0,0,Low,1
5666-CYCYZ,13-24 months,94.13958333333333,0.9512470400778985,2,1,Premium,0
4011-ARPHK,25-48 months,52.27222222222222,0.9632266978424914,1,1,Medium,0
8182-PNAGI,7-12 months,49.479166666666664,1.0155789473684211,1,1,Medium,1
6365-HITVU,49-72 months,89.13661971830986,0.9788345157773318,6,0,High,1
7558-IMLMT,49-72 months,21.07313432835821,0.9870387421205467,0,0,Low,0
9488-FYQAU,49-72 months,108.59365079365078,1.0060440845440992,5,0,Premium,1
3590-TCXTB,0-6 months,20.35,1.0,0,1,Low,0
6994-KERXL,0-6 months,59.625,0.9375262054507337,1,1,Medium,0
7957-RYHQD,25-48 months,80.84625,0.9796372744561437,2,1,High,1
2180-DXNEG,7-12 months,88.50833333333333,1.0846436305432634,3,1,High,0
1960-UOTYM,49-72 months,77.23653846153846,1.0254214077633643,5,0,High,0
2740-JFBOK,7-12 months,22.655,1.0593687927609798,0,1,Low,0
6500-JVEGC,49-72 months,104.56985294117646,0.9692085926238442,4,0,Premium,1
5515-AKOAJ,49-72 months,100.7574074074074,0.9934753441526218,3,1,Premium,0
8976-OQHGT,0-6 months,58.775,0.9612930667800936,2,1,Medium,0
5245-VDBUR,49-72 months,37.67211538461539,0.9410143188953266,2,0,Medium,0
6230-BSUXY,0-6 months,85.0,1.0,2,1,High,0
8469-SNFFH,49-72 months,78.9842857142857,1.0052632530883179,5,0,High,1
2144-ESWKO,25-48 months,34.03953488372093,1.0340916854546698,2,0,Low,1
1241-FPMOF,49-72 months,19.7125,0.9968294229549778,0,0,Low,0
9928-BZVLZ,7-12 months,46.00833333333333,1.0834993660568737,4,0,Medium,0
4114-QMKVN,49-72 months,68.13214285714285,1.009068511820517,3,0,Medium,1
2775-SEFEE,0-6 months,0.0,0.0,3,0,Low,1
9003-CPATH,25-48 months,78.89047619047619,1.0127965232087885,1,1,High,0
1754-GKYPY,13-24 months,88.13181818181819,1.0183609262984166,2,1,High,1
5294-CDGWY,49-72 months,59.11078431372549,1.0032010349460136,5,0,Medium,0
7956-XQWGU,25-48 months,17.046296296296298,1.1380771319934817,0,1,Low,1
1591-MQJTP,49-72 months,94.88529411764705,0.9869811847121913,3,0,Premium,1
5295-PCJOO,0-6 months,46.1,1.071583514099783,1,1,Medium,0
2369-FEVNO,0-6 months,19.9,1.0,0,1,Low,0
9863-JZAIC,25-48 months,57.44428571428571,0.9574494541294671,1,1,Medium,0
7471-MQPOS,49-72 months,72.38943661971831,1.0070530094461685,4,0,High,1
7660-HDPJV,0-6 months,69.2,1.0,0,1,Medium,0
5115-SQAAU,49-72 months,24.252173913043478,1.055575475080674,0,0,Low,1
9845-QOMAD,13-24 months,22.09642857142857,0.8938096007758203,0,0,Low,0
7672-VFMXZ,49-72 months,55.642105263157895,1.0010404842981462,2,1,Medium,0
9739-JLPQJ,49-72 months,120.41805555555555,0.9757672921880948,6,0,Premium,1
9916-AYHTC,25-48 months,19.083333333333332,1.040174672489083,0,0,Low,1
3855-ONCAR,0-6 months,74.9375,1.0528773978315265,1,1,High,0
1488-SYSFC,25-48 months,22.646774193548385,0.9118296417634072,0,1,Low,0
7931-PXHFC,25-48 months,61.968421052631584,1.0053507728894173,3,0,Medium,0
3990-QYKBE,25-48 months,93.87567567567568,0.9853457707145735,2,1,Premium,0
0970-QXPXW,0-6 months,19.65,1.0,0,1,Low,0
3259-KNMRR,49-72 months,77.86315789473684,1.0242327970798972,4,0,High,1
6120-RJKLU,49-72 months,77.73790322580645,1.0284558327714093,5,0,High,1
9572-WUKSB,0-6 months,30.75,0.9723577235772357,1,1,Low,0
5893-KCLGT,49-72 months,21.76388888888889,0.9074664964901085,0,0,Low,0
0076-LVEPS,25-48 months,42.84310344827586,1.0503440782325244,4,1,Medium,0
3640-JQGJG,13-24 months,43.01538461538462,1.0414878397711014,0,1,Medium,1
4919-MOAVT,0-6 months,73.36666666666666,0.9493412085415722,0,1,High,0
1596-OQSPS,7-12 months,48.28636363636363,1.05826979196084,1,1,Medium,0
9867-XOBQA,13-24 months,56.34285714285714,0.9433316430020284,5,0,Medium,0
9546-KDTRB,13-24 months,24.51842105263158,1.0074058173231726,0,1,Low,1
3090-HAWSU,49-72 months,112.72213114754099,0.9900451567396978,5,0,Premium,1
9820-RMCQV,7-12 months,45.54545454545455,1.0659680638722553,1,1,Medium,1
3174-RKMOW,25-48 months,108.06857142857143,1.0174095812182742,5,1,Premium,0
1760-CAZHT,25-48 months,18.408,1.1299435028248588,0,1,Low,0
7839-QRKXN,0-6 months,20.2,1.0,0,1,Low,0
8441-SHIPE,49-72 months,26.721641791044775,0.9580249671851874,0,0,Low,1
5204-QZXPU,13-24 months,38.597368421052636,1.0272721074521032,2,1,Medium,0
4597-ELFTS,49-72 months,23.821428571428573,1.0452773613193402,0,0,Low,0
1320-GVNHT,49-72 months,107.87847222222223,1.0048344008497216,5,0,Premium,1
1047-RNXZV,25-48 months,20.375581395348835,0.9594818238886037,0,0,Low,0
3541-ZNUHK,49-72 months,83.65363636363637,1.0172899075190993,2,1,High,0
8450-JOVAH,0-6 months,56.775,0.9986789960369882,1,1,Medium,0
8725-JEDFD,25-48 months,66.41666666666667,1.0396486825595983,0,1,Medium,0
7562-UXTPG,13-24 months,68.20769230769231,1.0284763730686817,0,1,Medium,0
8071-SBTRN,49-72 months,110.53642857142857,1.0055508526600798,5,0,Premium,0
1113-IUJYX,13-24 months,96.35000000000001,1.0996367410482615,5,0,Premium,0
6668-CNMFP,13-24 months,88.78157894736842,1.0064024661351039,2,0,High,1
5626-MGTUK,13-24 months,93.9625,0.9482506319010242,2,1,Premium,1
5681-LLOEI,25-48 months,93.34418604651164,0.9775649010912352,3,0,Premium,1
8212-DJRCH,0-6 months,86.9,1.0397008055235901,3,1,High,0
4323-OHFOW,49-72 months,102.79071428571429,1.0268437254615828,4,0,Premium,1
4933-BSAIP,25-48 months,19.5025,0.9793616203050891,0,0,Low,0
2030-BTZRO,0-6 months,17.933333333333334,1.1375464684014869,0,0,Low,1
1116-DXXDF,25-48 months,97.47948717948718,1.0304732093537101,4,0,Premium,0
9274-CNFMO,0-6 months,77.175,0.9711694201490121,0,1,High,0
7758-XKCBS,13-24 months,29.216666666666665,1.0165430690245294,1,1,Low,0
8992-JQYUN,0-6 months,50.35,1.0,3,1,Medium,0
6563-VNPMN,25-48 months,83.95777777777778,1.020751171223631,3,1,High,1
0617-AQNWT,49-72 months,49.1796875,0.9729626687847498,4,0,Medium,0
2267-WTPYD,49-72 months,95.42017543859649,0.9851166125814725,3,1,Premium,1
0270-THENM,49-72 months,70.86597222222223,0.985663468793791,4,0,High,1
2446-PLQVO,0-6 months,70.3,1.0,0,1,Medium,0
4707-MAXGU,49-72 months,26.00277777777778,0.9941245593419507,0,0,Low,1
2710-WYVXG,0-6 months,71.11666666666666,0.9997656433091164,4,0,High,0
3005-NFMTA,49-72 months,102.14090909090909,0.9672911752925993,3,1,Premium,0
6300-BWMJX,49-72 months,91.29661016949153,1.0224914137194838,3,1,Premium,0
8784-CGILN,13-24 months,98.71944444444445,1.0114522074340864,3,1,Premium,1
5389-FFVKB,25-48 months,77.5953125,1.034856325889531,1,1,High,1
7009-LGECI,0-6 months,58.9125,0.858052196053469,1,1,Medium,1
8444-WRIDW,49-72 months,79.15681818181818,1.016336960578828,1,1,High,1
5022-KVDQT,25-48 months,84.17777777777779,0.9658130939809925,1,1,High,0
7976-CICYS,0-6 months,20.9375,0.9886567164179104,0,1,Low,1
1036-GUDCL,49-72 months,77.72333333333333,1.0170690912209976,5,1,High,1
2005-DWQZJ,7-12 months,25.2125,0.7555775904809123,0,0,Low,0
8148-WOCMK,7-12 months,15.625,1.2544000000000002,0,0,Low,1
7815-PDTHL,25-48 months,19.554285714285715,1.03302162478083,0,0,Low,0
9451-LPGOO,7-12 months,88.62142857142858,0.9794470863222373,1,1,High,0
9173-IVZVP,49-72 months,21.623584905660376,0.966537236595262,0,0,Low,0
9129-UXERG,13-24 months,100.35277777777777,1.0323580701414454,4,1,Premium,1
3635-JBPSG,13-24 months,40.2,0.9651741293532337,2,0,Medium,0
7964-ZRKKG,49-72 months,86.54179104477612,1.0214718107031373,2,0,High,1
5868-YWPDW,0-6 months,86.52499999999999,0.9731291534238661,2,1,High,0
6229-LSCKB,0-6 months,82.93333333333334,0.9610128617363344,1,1,High,0
2025-JKFWI,13-24 months,100.13076923076923,0.9887070753629869,3,1,Premium,0
4078-SAYYN,7-12 months,102.70454545454545,0.9809692409825183,3,1,Premium,0
1724-IQWNM,0-6 months,19.3,1.0,0,1,Low,0
8217-QYOHV,0-6 months,53.39,1.0442030342760817,2,1,Medium,0
5546-QUERU,13-24 months,19.76923076923077,1.0091439688715953,0,0,Low,0
9940-HPQPG,7-12 months,96.19999999999999,0.9537422037422039,3,1,Premium,1
6897-UUBNU,25-48 months,90.47068965517242,0.9909286680769157,3,1,Premium,0
6127-IYJOZ,0-6 months,45.85,1.0,0,1,Medium,0
6618-RYATB,0-6 months,79.55,1.0,1,1,High,0
8930-XOTDP,13-24 months,60.15555555555555,0.930088659032139,1,1,Medium,0
5916-QEWPT,0-6 months,73.9,0.9336941813261163,3,1,High,1
5060-TQUQN,25-48 months,85.67333333333333,0.9752159365029959,2,1,High,1
0531-XBKMM,49-72 months,66.3469696969697,0.9902486925940306,3,0,Medium,1
8465-SBRXP,25-48 months,95.16447368421052,0.9972208779813344,3,0,Premium,1
2408-PSJVE,25-48 months,66.45568181818182,0.9314478206597014,3,1,Medium,0
9079-YEXQJ,49-72 months,111.38611111111112,0.9974313573904585,5,1,Premium,0
9700-ZCLOT,0-6 months,16.35,1.2232415902140672,0,1,Low,0
8738-JOKAR,25-48 months,68.625,0.9865209471766849,4,0,Medium,0
4534-WGCIR,49-72 months,26.032758620689656,0.966090469567521,0,0,Low,1
1930-WNXSB,49-72 months,91.46637931034483,1.0151270958803402,3,1,Premium,0
2685-SREOM,25-48 months,94.736,0.9405083600743117,2,1,Premium,0
3508-CFVZL,49-72 months,112.47746478873239,0.9895315493557395,6,0,Premium,0
0402-CQAJN,25-48 months,95.82027027027027,1.0634493068385351,4,1,Premium,1
6692-UDPJC,13-24 months,92.92857142857143,0.9862413528055343,2,1,Premium,0
1273-MTETI,0-6 months,93.1125,0.9542220432272788,2,1,Premium,0
0657-DOGUM,25-48 months,62.192708333333336,0.9743907545431706,2,0,Medium,1
5480-HPRRX,0-6 months,25.916666666666668,0.9762057877813505,0,1,Low,0
8792-AOROI,7-12 months,70.54375,0.9285018162487817,3,0,High,0
0295-PPHDO,0-6 months,95.45,1.0,2,1,Premium,0
5146-YYFRZ,49-72 months,19.578358208955223,1.0189822755860491,0,0,Low,1
1195-OIYEJ,13-24 months,87.36153846153846,1.0427929911068063,2,1,High,0
5906-CVLHP,25-48 months,51.55111111111111,1.0504138287783429,2,0,Medium,1
3452-SRFEG,49-72 months,75.92551020408163,0.9825419651376885,0,1,High,1
4070-OKWVH,49-72 months,96.65,0.9787894464562854,3,1,Premium,1
5297-MDOIR,49-72 months,82.92857142857143,0.9785529715762274,2,0,High,1
6369-MCAKO,49-72 months,90.96764705882353,0.9789194607003135,6,0,Premium,1
4926-UMJZD,25-48 months,48.34032258064516,1.0177838577291383,1,1,Medium,0
6848-HJTXY,49-72 months,18.884375,1.0299520105907662,0,0,Low,1
6341-AEVKX,49-72 months,106.67177419354839,0.9777656815827871,5,0,Premium,0
4501-EQDRN,0-6 months,69.7,1.0,0,1,Medium,1
2990-HWIML,0-6 months,95.55,0.9366823652537939,2,1,Premium,0
0682-USIXD,13-24 months,86.61428571428571,0.9934850733960086,2,1,High,0
6976-BWGLQ,49-72 months,24.824305555555554,1.0151341371303886,0,0,Low,1
7078-NVFAM,25-48 months,32.8453125,1.0701679273107845,2,1,Low,0
8065-QBYTO,49-72 months,101.1443661971831,0.9852254134029591,4,0,Premium,1
2133-TSRRM,25-48 months,108.48823529411764,0.9710730358401561,5,1,Premium,1
7384-GHBPI,0-6 months,33.25,1.0571428571428572,1,1,Low,0
7603-USHJS,7-12 months,72.61666666666666,1.0156070690842323,0,1,High,1
7234-FECYN,7-12 months,97.5625,1.038821268417681,3,1,Premium,0
2511-ALLCS,25-48 months,23.474285714285713,1.0351752677702046,0,0,Low,1
3191-CSNMG,0-6 months,79.81666666666666,1.011067028607225,1,1,High,0
7952-OBOYL,0-6 months,81.48333333333333,1.102679484557169,3,1,High,0
7470-DYNOE,49-72 months,63.35660377358491,0.9643825009678668,2,0,Medium,0
7853-OETYL,0-6 months,32.4,0.896604938271605,1,1,Low,0
1545-ACTAS,25-48 months,103.69166666666666,0.9615044603391466,4,0,Premium,1
5876-HZVZM,0-6 months,60.89166666666667,0.9180238127822634,2,1,Medium,1
1400-MMYXY,0-6 months,111.55,0.949350067234424,4,1,Premium,0
5126-RCXYW,49-72 months,44.88981481481482,1.0247313380499576,3,0,Medium,1
3085-QUOZK,0-6 months,43.95,1.0,0,1,Medium,0
2363-BJLSL,49-72 months,80.34112903225805,1.0007327625146805,5,1,High,1
1956-YIFGE,13-24 months,95.01136363636364,1.053031933979189,4,0,Premium,0
3926-CUQZX,0-6 months,45.1,1.0,0,1,Medium,1
7921-LMDFQ,49-72 months,96.19117647058823,0.977220608469653,3,0,Premium,1
2925-MXLSX,25-48 months,67.95666666666666,1.0146171579928387,3,0,Medium,1
5820-PTRYM,49-72 months,71.67857142857143,0.9549576482311909,4,0,High,1
9609-BENEA,25-48 months,69.76285714285714,0.9890649956997174,3,0,Medium,0
6211-WHMYA,49-72 months,42.984375,1.0201381315885134,3,1,Medium,0
4459-BBGHE,25-48 months,43.593333333333334,1.0207982871998778,2,1,Medium,0
9945-PSVIP,25-48 months,15.345999999999998,1.2185585820409228,0,0,Low,0
1041-RXHRA,25-48 months,69.95243902439024,1.0042537612663656,0,1,Medium,1
1750-CSKKM,7-12 months,49.97222222222222,1.107615341856587,1,1,Medium,0
9108-EJFJP,0-6 months,53.55,1.0,2,1,Medium,0
0530-IJVDB,49-72 months,112.60714285714286,1.017697431018078,6,0,Premium,0
0508-SQWPL,49-72 months,19.082456140350878,1.0533235267077319,0,0,Low,1
2215-ZAFGX,7-12 months,87.96666666666667,0.9719590754073513,1,1,High,0
8213-TAZPM,49-72 months,108.59492753623189,1.001427989937342,5,0,Premium,1
7142-HVGBG,25-48 months,102.65813953488373,1.0033300863104002,4,1,Premium,0
1304-SEGFY,49-72 months,95.01805555555556,1.0298042769649043,3,0,Premium,0
7242-EDTYC,25-48 months,18.635227272727274,1.0490883590462832,0,0,Low,1
2904-GGUAZ,49-72 months,84.05902777777777,0.999892601924904,2,0,High,1
8267-ZNYVZ,25-48 months,101.85000000000001,1.018654884634266,5,0,Premium,0
5136-GFPMB,49-72 months,90.17592592592592,0.9913954204743815,2,1,Premium,1
2595-KIWPV,25-48 months,18.862962962962964,1.044374631847634,0,0,Low,1
5243-SAOTC,49-72 months,79.7824074074074,1.000847211744908,1,1,High,1
9398-MMQTO,0-6 months,73.7,1.0101763907734056,1,1,High,1
7619-PLRLP,49-72 months,72.33867924528302,1.0243482570195228,4,0,High,1
6457-GIRWB,0-6 months,69.35,1.0,0,1,Medium,0
6508-NJYRO,13-24 months,19.663333333333334,0.9560942532632649,0,0,Low,0
1450-SKCVI,49-72 months,73.08660714285715,1.010445044406709,1,1,High,0
4710-NKCAW,0-6 months,63.379999999999995,1.0160934048595773,3,1,Medium,1
5306-BVTKJ,25-48 months,55.23333333333333,1.0102595051297527,2,0,Medium,1
0357-NVCRI,25-48 months,18.868,1.0626457494170025,0,1,Low,1
5570-PTWEH,0-6 months,72.25,1.0401384083044984,0,1,High,1
2371-KFUOG,49-72 months,98.63706896551724,1.0052001852839128,4,0,Premium,1
0463-ZSDNT,7-12 months,50.325,1.1276701440635866,1,1,Medium,1
6502-MJQAE,0-6 months,69.6,1.0,0,1,Medium,0
6257-DTAYD,49-72 months,103.73661971830987,1.0039849021764218,4,0,Premium,1
4616-ULAOA,49-72 months,111.47538461538461,0.9939414013442085,5,0,Premium,1
7693-LCKZL,0-6 months,77.0,1.040909090909091,1,1,High,0
7746-AWNQW,25-48 months,34.33571428571428,1.0411899313501145,2,1,Low,0
5996-EBTKM,49-72 months,68.89402985074626,1.014601702809853,3,0,Medium,1
2758-RNWXS,25-48 months,92.89428571428572,0.9602312920985452,3,0,Premium,0
2314-TNDJQ,49-72 months,53.889583333333334,1.0326671048053504,5,0,Medium,1
2405-LBMUW,49-72 months,50.635245901639344,1.0012788344799677,4,0,Medium,1
3454-JFUBC,49-72 months,20.529411764705884,0.9742120343839541,0,0,Low,1
0032-PGELS,0-6 months,30.5,1.0,1,1,Low,1
9039-ZVJDC,0-6 months,17.683333333333334,1.0801131008482565,0,1,Low,0
6797-LNAQX,49-72 months,97.99285714285715,1.0031343392375536,3,0,Premium,1
9013-AQORL,25-48 months,43.92395833333333,1.0370194702018165,3,1,Medium,1
2898-MRKPI,49-72 months,99.56617647058823,1.0149028875267705,3,0,Premium,1
2750-BJLSB,25-48 months,100.65106382978725,1.0302921405318564,5,0,Premium,0
3648-GZPHF,25-48 months,35.9703125,1.0077755093175795,2,0,Medium,0
2075-RMJIK,0-6 months,46.510000000000005,1.062137174801118,1,1,Medium,0
9588-YRFHY,49-72 months,20.869387755102043,0.9535497750831213,0,0,Low,1
6394-MFYNG,25-48 months,106.69375000000001,1.006619413039658,4,1,Premium,1
1564-NTYXF,13-24 months,86.70769230769231,0.9457061745919091,1,1,High,0
9364-YKUVW,13-24 months,20.626666666666665,0.959922430510666,0,1,Low,0
5392-AKEMH,7-12 months,43.59166666666667,1.0334544064232458,0,1,Medium,0
2451-YMUXS,49-72 months,63.43432835820896,1.0175878214630243,3,0,Medium,1
3914-FDRHP,7-12 months,85.61111111111111,1.007462686567164,2,1,High,0
3078-ZKNTS,13-24 months,18.976923076923075,1.0407377381434941,0,0,Low,1
1024-KPRBB,25-48 months,87.94736842105263,1.0131059245960503,2,0,High,0
4690-PKDQG,25-48 months,93.58571428571429,1.020989161960006,3,1,Premium,0
8155-IBNHG,13-24 months,72.82708333333333,1.0353291186314615,0,1,High,1
0886-QGENL,25-48 months,102.01666666666667,0.9924848880901813,4,1,Premium,0
9547-ITEFG,7-12 months,99.75,1.0285714285714285,4,1,Premium,1
1264-FUHCX,49-72 months,56.7469387755102,0.9921240020139538,4,0,Medium,1
7789-CRUVC,49-72 months,96.6467213114754,0.9746838663715239,4,1,Premium,1
6598-KELSS,49-72 months,44.161,0.9748420552070831,3,0,Medium,1
8739-WWKDU,25-48 months,87.846,1.018828404252897,2,1,High,0
8685-WHQPW,13-24 months,76.93636363636364,0.967032967032967,0,1,High,1
4745-LSPLO,0-6 months,20.5,1.0,0,1,Low,0
8083-YTZES,0-6 months,66.3375,1.1207838703599018,0,1,Medium,0
7240-FQLHE,13-24 months,102.01388888888889,0.9778080326752894,3,1,Premium,1
6664-FPDAC,49-72 months,114.62321428571428,0.9766782470516756,5,0,Premium,0
9972-VAFJJ,49-72 months,91.91415094339622,1.022693448562543,4,0,Premium,0
0422-UXFAP,49-72 months,97.0107843137255,1.018958878636901,3,0,Premium,0
1904-WAJAA,13-24 months,64.94375000000001,0.9908574728130111,3,0,Medium,0
5130-YPIRV,49-72 months,69.1,1.0419681620839365,4,0,Medium,1
2843-CQMEG,13-24 months,50.760416666666664,0.9791093782064437,1,1,Medium,0
6439-PKTRR,49-72 months,80.25642857142857,1.0055269270819427,5,0,High,0
5351-QESIO,0-6 months,24.2,1.0,0,1,Low,0
0786-VSSUD,13-24 months,42.490625,0.9178495256306538,2,1,Medium,0
5568-DMXZS,7-12 months,69.30625,0.9443592749571648,3,1,Medium,0
8468-FZTOE,49-72 months,72.74166666666666,1.0221102073547943,5,0,High,0
6633-SYEUS,13-24 months,88.36086956521739,0.9415932687103283,3,1,High,1
6447-GORXK,25-48 months,25.458064516129035,0.9820070957932082,0,1,Low,1
6967-PEJLL,25-48 months,41.225675675675674,0.9751204641557676,3,0,Medium,0
3976-BWUCK,25-48 months,93.48166666666665,1.0066144876892082,3,1,Premium,1
5981-ZVXOT,25-48 months,106.46142857142857,1.017739489821934,5,0,Premium,0
1684-FLBGS,13-24 months,71.83043478260869,0.9675564433145694,3,1,High,1
1389-WNUIB,13-24 months,79.4375,0.956726986624705,3,0,High,1
0376-OIWME,25-48 months,93.5013888888889,1.0010546486237577,3,1,Premium,0
3585-ISXZP,7-12 months,97.2625,0.9834211540933042,2,1,Premium,1
0218-QNVAS,49-72 months,100.19366197183099,1.0035564927077842,3,0,Premium,1
6583-QGCSI,49-72 months,87.34700000000001,1.008048358844608,2,1,High,0
0804-YGEQV,25-48 months,23.096511627906978,1.058601419725117,0,0,Low,1
7164-BPTUT,49-72 months,87.93596491228071,1.0183546639799694,6,0,High,0
4174-LPGTI,25-48 months,66.55121951219512,0.9992303745510519,3,0,Medium,1
2523-EWWZL,25-48 months,77.53333333333333,0.9815133276010317,1,1,High,0
0928-XUTSN,13-24 months,77.83076923076922,1.0342953152796996,1,1,High,0
2108-XWMPY,0-6 months,35.61666666666667,0.9953205428170333,2,1,Low,0
0052-YNYOT,49-72 months,20.050746268656717,1.0248995087092452,0,0,Low,0
6304-IJFSQ,0-6 months,43.36666666666667,1.15065334358186,1,1,Medium,0
9586-JGQKH,49-72 months,106.16796875,0.9927664741160456,4,0,Premium,1
4501-VCPFK,25-48 months,39.32692307692308,0.909046454767726,2,1,Medium,0
6075-SLNIL,25-48 months,97.13684210526316,0.9790312093628089,3,1,Premium,1
9347-AERRL,13-24 months,21.139130434782608,0.9129987659399424,0,0,Low,1
0093-XWZFY,25-48 months,100.92125,1.0354608172213484,4,1,Premium,1
2274-XUATA,49-72 months,65.07708333333333,0.9696193616544483,6,0,Medium,1
1980-KXVPM,0-6 months,85.41666666666667,0.8786341463414633,0,1,High,1
7703-ZEKEF,13-24 months,83.35217391304347,0.9717802931511137,1,1,High,0
0723-DRCLG,0-6 months,74.45,1.0,0,1,High,0
5482-NUPNA,0-6 months,68.0375,0.8877457284585707,3,1,Medium,0
6691-CCIHA,49-72 months,83.0733870967742,1.0225898205046062,5,0,High,0
1685-BQULA,25-48 months,93.91,0.9945692684485147,3,1,Premium,1
9053-EJUNL,25-48 months,88.92073170731707,1.003140643214702,2,1,High,0
0666-UXTJO,25-48 months,84.54264705882352,1.0077754005114024,2,1,High,1
1471-GIQKQ,0-6 months,49.95,1.0,1,1,Medium,0
4807-IZYOZ,49-72 months,20.014705882352942,1.0317413666421749,0,0,Low,1
1122-JWTJW,0-6 months,70.65,1.0,0,1,High,0
9710-NJERN,25-48 months,21.17948717948718,0.9513922518159806,0,0,Low,0
9837-FWLCH,7-12 months,19.916666666666668,0.9640167364016735,0,1,Low,0
1699-HPSBG,7-12 months,60.65,0.9859851607584501,2,0,Medium,0
7203-OYKCT,49-72 months,104.78194444444445,1.0016038598677146,4,0,Premium,0
1035-IPQPU,49-72 months,102.84761904761905,1.006343179924067,4,1,Premium,0
7398-LXGYX,25-48 months,82.41704545454546,1.0289133701931694,2,1,High,1
2823-LKABH,13-24 months,93.30000000000001,1.0187566988210073,3,1,Premium,1
8775-CEBBJ,7-12 months,44.81666666666667,0.9862402380066939,0,1,Medium,1
0550-DCXLH,13-24 months,71.6576923076923,1.0236165530567334,4,1,High,0
9281-CEDRU,49-72 months,63.62132352941177,1.0075238370413173,3,0,Medium,1
2235-DWLJU,0-6 months,43.84166666666667,1.0127352214407908,2,1,Medium,0
0871-OPBXW,0-6 months,19.625,1.021656050955414,0,1,Low,0
3605-JISKB,49-72 months,60.29272727272727,0.9951448991284944,2,0,Medium,1
6894-LFHLY,0-6 months,75.75,1.0,0,1,High,0
9767-FFLEM,25-48 months,69.08552631578948,1.0059994286258451,0,1,Medium,1
0639-TSIQW,49-72 months,102.77985074626865,1.0016554728625886,4,1,Premium,1
8456-QDAVC,13-24 months,78.68947368421053,1.0001337703163669,1,1,High,1
7750-EYXWZ,7-12 months,61.94166666666666,0.9791470469527782,5,0,Medium,0
2569-WGERO,49-72 months,19.71388888888889,1.0728476821192052,0,0,Low,1
6840-RESVB,13-24 months,82.9375,1.0224566691785983,5,0,High,0
2234-XADUH,49-72 months,102.26249999999999,1.0091675834250093,4,0,Premium,1
4801-JZAZL,7-12 months,31.495454545454546,0.9398181555780055,1,1,Low,0
8361-LTMKD,0-6 months,76.65,0.9706457925636008,0,1,High,0
3186-AJIEK,49-72 months,103.70454545454545,1.0187595879903573,5,0,Premium,1
