customerID,SharedDriverContribution,PrimaryLever,SecondaryLever,PrimaryLeverContribution,SHAP_Service_quality,SHAP_Billing_and_payment,SHAP_Protection_and_support,SHAP_Engagement_and_bundling,SHAP_Price_and_plan_fit
7590-VHVEG,0.61098456,Billing and payment,Protection and support,0.32549694,-0.23269345,0.32549694,0.11711599,0.055351496,0.07061211
5575-GNVDE,-0.6947597,No actionable lever,Price and plan fit,-0.1541991,-0.26990137,-0.33030057,-0.1541991,-0.31639773,-0.21314603
3668-QPYBK,0.5841249,Price and plan fit,Billing and payment,0.113718346,-0.29860616,-0.11846093,-0.20319702,-0.16412795,0.113718346
7795-CFOCW,-0.7128247,No actionable lever,Engagement and bundling,-0.18316989,-0.18316989,-0.2604531,-0.3518068,-0.22316638,-0.25128967
9237-HQITU,0.6382352,Billing and payment,Service quality,0.3208027,0.2897377,0.3208027,0.15012516,-0.21404545,-0.12586185
9305-CDSKC,0.56630653,Price and plan fit,Service quality,0.44063646,0.36759132,0.32073867,0.15001976,0.24853961,0.44063646
1452-KIOVK,0.577875,Service quality,Protection and support,0.31706476,0.31706476,-0.11217282,0.09985359,0.020017821,-0.00590989
6713-OKOMC,0.524411,No actionable lever,Price and plan fit,-0.028189644,-0.33066952,-0.38586813,-0.15241385,-0.028189644,-0.14914832
7892-POOKP,0.42584503,Price and plan fit,Billing and payment,0.34531358,0.31727925,0.33164787,-0.06749525,0.23324378,0.34531358
6388-TABGU,-0.68573016,No actionable lever,Protection and support,-0.105426475,-0.1767887,-0.28699836,-0.14756289,-0.31878284,-0.105426475
9763-GRSKD,0.5006964,No actionable lever,Engagement and bundling,-0.086576566,-0.3461067,-0.16195537,-0.19410531,-0.15724805,-0.086576566
7469-LKBCI,-1.472047,Protection and support,Engagement and bundling,0.06654809,-0.5293767,-0.27856287,0.06654809,-0.24232127,-1.0845647
8091-TTVAX,-0.5102091,Engagement and bundling,Service quality,0.32369474,0.21624467,-0.3180288,0.14912231,0.32369474,0.12171943
0280-XJGEX,0.44066808,Service quality,Engagement and bundling,0.30092245,0.30092245,-0.0963304,0.10453322,0.21308362,0.19393735
5129-JLPIS,0.4250889,Price and plan fit,Billing and payment,0.36735043,0.31160507,0.33047554,-0.271004,0.03820564,0.36735043
3655-SNQYZ,-1.428241,Price and plan fit,Service quality,0.26793307,0.1896323,-0.19043726,-0.31620628,0.08953996,0.26793307
8191-XWSZG,-0.70878536,Protection and support,Engagement and bundling,0.07017582,-0.5219679,-0.33341858,0.07017582,-0.31837252,-0.4189983
9959-WOFKT,-1.4503188,Price and plan fit,Engagement and bundling,0.31674916,0.16786519,-0.28910565,-0.18517748,0.20813638,0.31674916
4190-MFLUW,0.50973845,No actionable lever,Price and plan fit,-0.04528975,-0.38309407,-0.37440616,-0.04528975,-0.15687256,-0.098015174
4183-MYFRB,0.5506968,Billing and payment,Service quality,0.3468886,0.30833524,0.3468886,0.09350756,-0.08907083,-0.02370397
8779-QRDMV,0.5796585,Billing and payment,Protection and support,0.30440038,-0.21966775,0.30440038,0.16651694,0.14580761,0.11675067
1680-VDCWW,-0.6845135,Protection and support,Billing and payment,0.062623896,-0.59966767,-0.28582704,0.062623896,-0.3216513,-0.5229003
1066-JKSGK,0.60684955,Protection and support,Price and plan fit,0.0874657,-0.6549561,-0.32259062,0.0874657,-0.1699419,0.0653135
3638-WEABW,-1.4624684,No actionable lever,Protection and support,-0.09260756,-0.17003797,-0.09260756,-0.09825693,-0.110452384,-0.3395343
6322-HRPFA,0.4654702,No actionable lever,Engagement and bundling,-0.14532988,-0.30743787,-0.26041624,-0.3562086,-0.16866241,-0.14532988
6865-JZNKO,0.4741227,No actionable lever,Engagement and bundling,-0.10181226,-0.3882978,-0.10181226,-0.23170388,-0.18322796,-0.1913901
6467-CHFZW,0.49124867,Billing and payment,Service quality,0.31858274,0.3057571,0.31858274,0.0892961,0.20564792,0.13188706
8665-UTDHZ,0.58666843,Protection and support,Price and plan fit,0.10625093,-0.2274631,-0.009805807,0.10625093,0.05088462,0.09578842
5248-YGIJN,-1.5508657,Engagement and bundling,Billing and payment,0.11800927,-0.16736786,-0.13545421,-0.43574542,0.11800927,-0.29306912
8773-HHUOZ,0.46156222,Protection and support,Engagement and bundling,0.14126047,-0.34002763,-0.14382166,0.14126047,0.07928088,0.035887916
3841-NFECX,-1.5325989,Service quality,Price and plan fit,0.14607257,0.14607257,-0.105336994,-0.37924033,-0.12277401,-0.02719535
4929-XIHVW,0.5781763,Service quality,Price and plan fit,0.29242957,0.29242957,-0.05180706,0.14400668,0.059967566,0.26893383
6827-IEAUQ,-0.6772899,No actionable lever,Service quality,-0.27568918,-0.2781502,-0.27568918,-0.30701575,-0.3144226,-0.30774382
7310-EGVHZ,0.6056599,Protection and support,Price and plan fit,0.08555026,-0.6683219,-0.3071895,0.08555026,-0.16958769,0.026414722
3413-BMNZE,0.59662735,Price and plan fit,Protection and support,0.12663569,-0.22507533,-0.30229956,0.120650746,-0.169156,0.12663569
6234-RAAPL,-1.5255803,Service quality,Price and plan fit,0.16264307,0.16264307,-0.29735976,-0.37746066,0.0035071922,0.04810164
6047-YHPVI,0.6214213,Billing and payment,Service quality,0.35248792,0.31042373,0.35248792,0.13700634,-0.16873382,0.007927485
6572-ADKRS,0.55760217,Service quality,Protection and support,0.31418842,0.31418842,-0.110780515,0.14215207,-0.2396066,-0.3026513
5380-WJKOV,0.4461214,Billing and payment,Service quality,0.34179878,0.30357435,0.34179878,0.077916324,0.17908356,0.12593773
8168-UQWWF,0.5449805,Price and plan fit,Service quality,0.45106456,0.3601557,-0.08689552,0.15089017,0.2530593,0.45106456
8865-TNMNX,-0.7469312,Protection and support,Price and plan fit,0.09444019,-0.18196476,-0.36983752,0.09444019,-0.28584847,-0.11627865
9489-DEDVP,-1.4780416,No actionable lever,Billing and payment,-0.01757354,-0.18061122,-0.09578336,-0.17410608,-0.01757354,-0.24472818
9867-JCZSP,-0.7351818,Protection and support,Billing and payment,0.057491507,-0.5949917,-0.31587473,0.057491507,-0.33532557,-0.6261308
4671-VJLCL,-1.4635496,No actionable lever,Billing and payment,-0.025468603,-0.18016991,-0.13453294,-0.35482025,-0.025468603,-0.24714842
4080-IIARD,0.5030575,Billing and payment,Engagement and bundling,0.36790815,-0.3997171,0.36790815,-0.34943908,0.05978126,-0.015183512
3714-NTNFO,0.51902694,Billing and payment,Service quality,0.3535025,0.30888748,0.3535025,0.16066703,0.028946936,-0.2004013
5948-UJZLF,0.5799198,Protection and support,Price and plan fit,0.09996859,-0.21891937,-0.36794335,0.09996859,-0.17115137,0.07526759
7760-OYPDY,0.6325988,Billing and payment,Service quality,0.33794105,0.287665,0.33794105,0.13612854,-0.05893236,-0.01190915
7639-LIAYI,-1.4968873,Engagement and bundling,Billing and payment,0.2349974,-0.19120131,-0.09960147,-0.324918,0.2349974,-0.26967907
2954-PIBKO,-1.4298705,No actionable lever,Engagement and bundling,-0.102221206,-0.17305633,-0.102221206,-0.31496832,-0.11271874,-0.34980607
8012-SOUDQ,0.5473032,Billing and payment,Service quality,0.33178774,0.30772194,0.33178774,0.095601775,0.06930252,-0.1102415
9420-LOJKX,0.510249,Service quality,Price and plan fit,0.31367978,0.31367978,-0.074811414,-0.20672761,0.0769109,0.13834736
6575-SUVOI,0.48159823,Engagement and bundling,Billing and payment,0.021437641,-0.4018118,-0.1587953,-0.32426742,0.021437641,-0.2056353
7495-OOKFY,0.6374737,Service quality,Protection and support,0.35651207,0.35651207,-0.091265626,0.09940494,-0.06806398,0.0501401
4667-QONEA,-0.46686614,Engagement and bundling,Billing and payment,0.045091484,-0.1717036,-0.08381651,-0.32256696,0.045091484,-0.15608737
1658-BYGOY,0.50948757,Billing and payment,Service quality,0.34908205,0.31509978,0.34908205,0.14957702,0.22890422,0.049705938
8769-KKTPH,-0.5558209,Engagement and bundling,Service quality,0.3015003,0.20319945,-0.08319356,-0.15322526,0.3015003,0.123374164
5067-XJQFU,-0.57238203,Billing and payment,Price and plan fit,0.25008005,0.20799403,0.25008005,-0.1557478,0.23176974,0.24220051
3957-SQXML,-1.4805064,Protection and support,Engagement and bundling,0.07571045,-0.5401875,-0.23475677,0.07571045,-0.07632793,-0.5242317
5954-BDFSG,-1.4012849,Price and plan fit,Engagement and bundling,0.53125995,0.1867989,-0.09022884,-0.020433107,0.23079519,0.53125995
0434-CSFON,0.47282606,Billing and payment,Service quality,0.35492575,0.30071813,0.35492575,0.16448587,0.19115475,0.09549843
1215-FIGMP,0.5524315,Service quality,Protection and support,0.28620863,0.28620863,-0.15642907,0.13763756,0.010855045,-0.16287719
0526-SXDJP,-1.4940569,No actionable lever,Service quality,-0.0062491596,-0.13673612,-0.30600676,-0.15947933,-0.0062491596,-0.28615254
0557-ASKVU,-0.728164,No actionable lever,Protection and support,-0.0030622184,-0.22445498,-0.0801264,-0.050846886,-0.290273,-0.0030622184
5698-BQJOH,0.5449081,Service quality,Price and plan fit,0.34423286,0.34423286,-0.036667176,0.13785519,0.20185265,0.31562635
5122-CYFXA,0.5433886,Billing and payment,Engagement and bundling,0.28405645,-0.3120152,0.28405645,-0.13254835,0.0078087747,-0.09214855
8627-ZYGSZ,-0.8646104,Billing and payment,Service quality,0.37872392,0.24064334,0.37872392,0.10066006,-0.19280776,-0.1655432
3410-YOQBQ,-1.5668027,Engagement and bundling,Protection and support,0.09293577,-0.18799901,-0.27440873,-0.113386914,0.09293577,-0.19357383
3170-NMYVV,-1.3341501,Protection and support,Engagement and bundling,0.06186283,-0.52413833,-0.27011868,0.06186283,-0.19484043,-0.49598244
7410-OIEDU,0.61947817,Service quality,Price and plan fit,0.3494858,0.3494858,-0.14850938,-0.23121789,-0.22383955,-0.032839432
2273-QCKXA,0.5867584,Price and plan fit,Protection and support,0.12581494,-0.23294634,-0.31764627,-0.1479594,-0.15705946,0.12581494
0731-EBJQB,-0.77057624,Billing and payment,Protection and support,0.32207325,-0.6282524,0.32207325,0.078104235,-0.3202212,-0.7307343
1891-QRQSA,-1.2711202,Price and plan fit,Engagement and bundling,0.524514,0.16942269,-0.08667089,-0.2537983,0.17576383,0.524514
8028-PNXHQ,-1.4482055,Protection and support,Billing and payment,0.087267324,-0.5103719,-0.09680586,0.087267324,-0.16621934,-0.51983947
5630-AHZIL,0.5160363,No actionable lever,Billing and payment,-0.03066382,-0.30098882,-0.068194255,-0.34929278,-0.03066382,-0.074338265
2673-CXQEU,-0.5236535,Price and plan fit,Engagement and bundling,0.2827308,0.19739595,0.06156396,-0.1876691,0.23751867,0.2827308
6416-JNVRK,-0.4942455,Protection and support,Engagement and bundling,0.12862009,-0.19063805,-0.24540667,0.12862009,0.052871726,-0.18103933
5590-ZSKRV,0.50852,No actionable lever,Price and plan fit,-0.19703564,-0.4052269,-0.32237333,-0.22866961,-0.19703564,-0.22689152
0191-ZHSKZ,0.44156218,Billing and payment,Engagement and bundling,0.33315894,-0.3211928,0.33315894,-0.22505446,0.05758048,-0.15220815
3887-PBQAO,-0.69478804,Protection and support,Billing and payment,0.09666497,-0.54406774,-0.07063692,0.09666497,-0.19659533,-0.4016189
5919-TMRGD,0.650877,Billing and payment,Service quality,0.3171463,0.29141456,0.3171463,0.14986537,-0.06291318,0.2380981
8108-UXRQN,0.4711007,Engagement and bundling,Billing and payment,0.22932673,-0.37551916,0.017876808,-0.11024747,0.22932673,-0.071143575
9191-MYQKX,0.62895167,Service quality,Protection and support,0.36220366,0.36220366,-0.07203477,0.12573501,-0.17338389,-0.028653812
9919-YLNNG,0.43549863,Service quality,Price and plan fit,0.3000143,0.3000143,-0.098299116,-0.14028934,0.0423344,0.18071093
0318-ZOPWS,-1.4760418,Protection and support,Billing and payment,0.07654836,-0.5036727,-0.07844909,0.07654836,-0.22395998,-0.46242437
4445-ZJNMU,0.54834384,Price and plan fit,Service quality,0.46008062,0.35245076,-0.06604816,0.09109429,0.24149355,0.46008062
4808-YNLEU,-0.69715345,No actionable lever,Protection and support,-0.10464613,-0.28318867,-0.10464613,-0.14463533,-0.18181974,-0.18466112
1862-QRWPE,-1.4535115,Protection and support,Billing and payment,0.07423293,-0.53322256,-0.19973314,0.07423293,-0.24384531,-0.7203326
2796-NNUFI,-1.5004146,Protection and support,Billing and payment,0.0808697,-0.5260485,-0.13825817,0.0808697,-0.2231847,-0.63530016
3016-KSVCP,0.49743485,Engagement and bundling,Protection and support,0.14485584,-0.3068647,-0.3859495,0.1352874,0.14485584,-0.161306
4767-HZZHQ,0.5585361,Service quality,Protection and support,0.3206913,0.3206913,-0.3335228,0.11870225,-0.21880375,-0.071012914
2424-WVHPL,0.62149906,Service quality,Price and plan fit,0.28346193,0.28346193,0.013337902,-0.17558263,-0.15455958,0.22091213
7233-PAHHL,-1.5233886,Engagement and bundling,Billing and payment,0.20722544,-0.18490961,-0.16862759,-0.34276244,0.20722544,-0.2912562
6067-NGCEU,0.40655398,Service quality,Price and plan fit,0.2740239,0.2740239,-0.10132271,-0.22508048,0.11932867,0.15952344
9848-JQJTX,-1.5961517,Price and plan fit,Engagement and bundling,0.4554997,0.19042145,-0.083233126,0.15163687,0.26238754,0.4554997
8637-XJIVR,0.6019067,Billing and payment,Service quality,0.37452203,0.33389914,0.37452203,-0.1545977,-0.055537686,0.031079125
9803-FTJCG,-0.6871711,No actionable lever,Billing and payment,-0.100569785,-0.17590344,-0.10778673,-0.36065868,-0.20765841,-0.100569785
0278-YXOOG,0.5380156,Protection and support,Engagement and bundling,0.088994585,-0.88389397,-0.34440696,0.088994585,-0.22523697,-0.3839789
3212-KXOCR,-1.4427675,Protection and support,Billing and payment,0.07590948,-0.53166306,-0.22156495,0.07590948,-0.24622272,-0.5166788
4598-XLKNJ,0.5086209,Billing and payment,Service quality,0.34096682,0.315223,0.34096682,0.08263809,0.063264325,0.21138069
6380-ARCEH,0.60684955,Protection and support,Price and plan fit,0.0874657,-0.66232085,-0.32259062,0.0874657,-0.1699419,0.037128612
3679-XASPY,0.5847711,Protection and support,Price and plan fit,0.08399424,-0.7166661,-0.031901985,0.08399424,-0.15047225,0.06633908
7123-WQUHX,-0.7637248,Service quality,Price and plan fit,0.21900529,0.21900529,-0.31246245,-0.05511945,-0.06480748,0.047031254
5386-THSLQ,-0.7246318,Protection and support,Engagement and bundling,0.14297077,-0.15944494,-0.28482535,0.14297077,0.012900993,-0.11105414
3192-NQECA,-1.2952483,Price and plan fit,Engagement and bundling,0.67137,0.20533295,-0.06195139,-0.10811289,0.20974958,0.67137
6180-YBIQI,0.5714444,Protection and support,Engagement and bundling,0.13441542,-0.2535875,-0.40223193,0.13441542,0.024403885,-0.11746232
6728-DKUCO,-0.64354175,Billing and payment,Engagement and bundling,0.3427791,0.18506996,0.3427791,-0.2579043,0.22602317,0.056600824
9750-BOOHV,-0.72015214,No actionable lever,Price and plan fit,-0.09511943,-0.18739629,-0.32328522,-0.13369483,-0.09511943,-0.096695796
8597-CWYHH,-0.5755895,Engagement and bundling,Service quality,0.31765354,0.24104702,-0.31290746,0.13863842,0.31765354,-0.019867986
2848-YXSMW,-1.4222307,Protection and support,Engagement and bundling,0.11197205,-0.44664162,-0.2843203,0.11197205,-0.20308425,-0.59455615
0486-HECZI,0.49505982,Billing and payment,Service quality,0.36784834,0.27538505,0.36784834,-0.21299979,0.040347785,0.019246891
4549-ZDQYY,-0.6724593,No actionable lever,Service quality,-0.14220802,-0.19462861,-0.25065148,-0.2865168,-0.302499,-0.14220802
5712-AHQNN,0.54524344,Billing and payment,Service quality,0.37049118,0.30648702,0.37049118,0.09285805,-0.042979766,-0.044520408
4846-WHAFZ,0.5527014,Billing and payment,Service quality,0.33826768,0.31285566,0.33826768,0.14137089,-0.08812143,-0.178408
5256-SKJGO,-1.5027109,Billing and payment,Engagement and bundling,0.35980642,-0.17067651,0.35980642,-0.24603601,0.14384693,-0.24277523
3071-VBYPO,0.596299,Service quality,Price and plan fit,0.28048658,0.28048658,-0.0678808,-0.21652582,-0.053390954,-0.02821163
9560-BBZXK,-1.5064793,No actionable lever,Protection and support,-0.03249593,-0.17128849,-0.26696622,-0.12532696,-0.03249593,-0.15856925
5299-RULOA,0.5032812,Price and plan fit,Service quality,0.39570093,0.35091412,0.30573335,-0.20712404,0.2245925,0.39570093
8402-OOOHJ,-1.4758686,Protection and support,Engagement and bundling,0.06233106,-0.50843936,-0.30908617,0.06233106,-0.22086926,-0.52860963
9445-ZUEQE,0.5583987,Service quality,Engagement and bundling,0.32163402,0.32163402,-0.0727279,-0.10969795,-0.067924805,-0.13316506
1091-SOZGA,-0.5685412,Engagement and bundling,Service quality,0.314011,0.22227094,-0.06702381,0.16618028,0.314011,0.09820223
2928-HLDBA,0.48531374,Protection and support,Engagement and bundling,0.07146096,-0.9139997,-0.4144018,0.07146096,-0.17548734,-0.43244162
0404-SWRVG,0.63282454,Billing and payment,Service quality,0.34482306,0.29783356,0.34482306,0.14290594,-0.01457195,0.015747033
6497-TILVL,0.5154847,Price and plan fit,Protection and support,0.0044464655,-0.3417904,-0.3680078,-0.1621173,-0.16243118,0.0044464655
7219-TLZHO,0.5054911,Protection and support,Engagement and bundling,0.07655272,-0.8891779,-0.39012593,0.07655272,-0.17255272,-0.44386274
4622-YNKIJ,-1.6044862,Billing and payment,Service quality,0.4237285,0.23555471,0.4237285,-0.2879921,-0.04708734,-0.20162393
4412-YLTKF,0.5585939,Billing and payment,Service quality,0.34392628,0.31688368,0.34392628,0.13795006,-0.08232646,-0.18581799
6734-PSBAW,-1.4918873,Protection and support,Billing and payment,0.11982413,-0.510288,-0.11340076,0.11982413,-0.16655585,-0.62434745
3930-ZGWVE,0.60684955,Protection and support,Price and plan fit,0.087211706,-0.6557077,-0.32259062,0.087211706,-0.1699419,0.054831333
2639-UGMAZ,-0.54719466,Engagement and bundling,Billing and payment,0.40265152,-0.1697951,0.35826677,-0.1611899,0.40265152,-0.14155497
2876-GZYZC,0.5825893,Service quality,Billing and payment,0.35145092,0.35145092,0.3406219,0.15495811,0.11074132,-0.00018096715
6207-WIOLX,0.45076442,Engagement and bundling,Billing and payment,0.21521644,-0.32326484,-0.14236495,-0.16217995,0.21521644,-0.18050614
8587-XYZSF,-1.4254775,No actionable lever,Service quality,-0.053702813,-0.16174892,-0.24612273,-0.053702813,-0.21403114,-0.17454584
3091-FYHKI,0.58367896,Billing and payment,Protection and support,0.32200268,-0.22358494,0.32200268,0.16687267,0.14720072,0.09268147
2372-HWUHI,0.5541974,Protection and support,Price and plan fit,0.12317909,-0.22029525,-0.050014757,0.12317909,-0.174589,-0.018773504
7799-LGRDP,-1.4531848,Protection and support,Billing and payment,0.090693735,-0.5039201,-0.07947422,0.090693735,-0.08966392,-0.28430945
7850-VWJUU,0.56091243,Service quality,Billing and payment,0.32611474,0.32611474,-0.14731899,-0.16902414,-0.23759948,-0.27277496
3774-VBNXY,-1.4496197,Protection and support,Engagement and bundling,0.0686263,-0.4775584,-0.31579244,0.0686263,-0.23039551,-0.49506894
6217-KDYWC,-1.490724,Protection and support,Billing and payment,0.09321847,-0.5517832,-0.15126081,0.09321847,-0.265316,-0.722445
0390-DCFDQ,0.66588426,Service quality,Price and plan fit,0.29281628,0.29281628,-0.105905816,0.14052399,-0.15835187,0.23296809
3146-MSEGF,-1.5442574,Engagement and bundling,Billing and payment,0.06270662,-0.15230837,-0.12560622,-0.43084958,0.06270662,-0.27674913
4080-OGPJL,0.47696722,Engagement and bundling,Billing and payment,0.0338697,-0.40808934,0.011744565,-0.256297,0.0338697,0.005512599
1095-WGNGG,-1.545356,Engagement and bundling,Service quality,0.21633127,0.20019102,-0.092674285,0.1200105,0.21633127,0.1002946
2636-SJDOU,-0.8234131,Service quality,Billing and payment,0.19591744,0.19591744,-0.10274278,-0.20686913,-0.27443403,-0.25402975
1131-QQZEB,-1.4306934,Protection and support,Engagement and bundling,0.09408753,-0.4906715,-0.24581423,0.09408753,-0.14539766,-0.56283414
5716-EZXZN,-1.5047321,Service quality,Price and plan fit,0.1916774,0.1916774,-0.09404552,-0.355969,0.021499751,0.08164075
6837-BJYDQ,-0.8563852,Protection and support,Billing and payment,0.07974838,-0.63886386,-0.2990374,0.07974838,-0.35948616,-0.68111515
2135-RXIHG,0.5958954,Billing and payment,Protection and support,0.32952744,-0.23600428,0.32952744,0.13932604,-0.16951191,0.110669866
6440-DKQGE,-0.69161284,Protection and support,Price and plan fit,0.09186786,-0.27170593,-0.27266726,0.09186786,-0.1832521,-0.086898655
3466-BYAVD,0.4721214,No actionable lever,Price and plan fit,-0.05817116,-0.35070512,-0.12188424,-0.11617294,-0.05817116,-0.0872895
3780-YVMFA,0.5010948,Billing and payment,Engagement and bundling,0.29342526,-0.40504298,0.29342526,-0.08362824,0.01712373,-0.09480899
3874-EQOEP,0.54657984,Service quality,Price and plan fit,0.3608823,0.3608823,-0.3804285,0.13099323,0.2027101,0.30083942
1679-JRFBR,-0.516459,Price and plan fit,Engagement and bundling,0.28708267,0.21195582,-0.059105173,-0.25392613,0.25901887,0.28708267
9073-ZZIAY,-1.460531,Billing and payment,Engagement and bundling,0.17320356,-0.18728869,0.17320356,-0.33370703,0.0065932814,-0.20493716
3077-RSNTJ,0.49504068,Protection and support,Engagement and bundling,0.0759916,-0.8868649,-0.42188013,0.0759916,-0.16094713,-0.39985245
6551-GNYDG,0.573571,Service quality,Protection and support,0.34581083,0.34581083,-0.07990469,0.13378263,-0.039922208,0.040227346
9167-APMXZ,0.5786891,Service quality,Protection and support,0.31733197,0.31733197,-0.13759474,0.13461491,0.035184074,-0.07396315
2749-CTKAJ,-0.67789507,Protection and support,Engagement and bundling,0.07001675,-0.5737606,-0.37149212,0.07001675,-0.30159178,-0.49298537
6371-NZYEG,-1.5355375,No actionable lever,Engagement and bundling,-0.017589524,-0.1900948,-0.35621005,-0.11362912,-0.072671406,-0.017589524
7554-NEWDD,-1.5289497,Protection and support,Engagement and bundling,0.076750204,-0.5512518,-0.2695839,0.076750204,-0.111334935,-0.33377245
8992-VONJD,0.50351393,Billing and payment,Engagement and bundling,0.3374327,-0.3968542,0.3374327,-0.2508532,-0.19672436,-0.253077
0867-MKZVY,0.54233336,Service quality,Billing and payment,0.29349482,0.29349482,0.0653488,-0.1422643,-0.07022798,-0.05446661
4482-EWFMI,0.6384141,Billing and payment,Service quality,0.33280864,0.28017288,0.33280864,0.13738945,-0.16248961,0.011705168
4648-YPBTM,-1.507936,Engagement and bundling,Billing and payment,0.111834735,-0.17557365,-0.07604903,-0.13333821,0.111834735,-0.35277057
2907-ILJBN,-0.76775825,Protection and support,Billing and payment,0.06668534,-0.6344737,-0.3116454,0.06668534,-0.34883317,-0.6712543
6345-FZOQH,-1.4458566,Protection and support,Engagement and bundling,0.06710071,-0.48436946,-0.32105845,0.06710071,-0.25402433,-0.5309975
3376-BMGFE,0.641034,Service quality,Protection and support,0.3058332,0.3058332,-0.09698008,0.13108604,-0.16498125,0.021008417
5997-OPVFA,-1.5508657,Engagement and bundling,Billing and payment,0.11786692,-0.16736786,-0.14081705,-0.4323399,0.11786692,-0.2897682
3445-HXXGF,0.46559244,Billing and payment,Engagement and bundling,0.32425356,-0.2626143,0.32425356,0.15629944,0.18224175,-0.0841914
1159-WFSGR,0.48022828,Protection and support,Billing and payment,0.07148202,-0.85948193,0.005157314,0.07148202,-0.16491951,-0.22983699
7654-YWJUF,-0.8286104,Service quality,Billing and payment,0.21037167,0.21037167,-0.11442011,-0.31210506,-0.32392544,-0.22181717
1875-QIVME,0.50803334,Price and plan fit,Service quality,0.53436404,0.29233444,0.2913682,-0.013865623,0.21763958,0.53436404
6727-IOTLZ,-1.6412652,Engagement and bundling,Protection and support,0.0545608,-0.20022398,-0.29721856,-0.10188939,0.0545608,-0.12552533
0691-JVSYA,-0.5706046,Service quality,Engagement and bundling,0.2239778,0.2239778,-0.075157344,0.15175748,0.22035117,0.085413754
5918-VUKWP,-0.73573923,Protection and support,Billing and payment,0.06769377,-0.528752,-0.2577127,0.06769377,-0.32938167,-0.44996616
1744-JHKYS,0.45012438,Protection and support,Billing and payment,0.06677821,-0.8337026,-0.013502486,0.06677821,-0.10418447,-0.28019053
2656-FMOKZ,0.6001957,Service quality,Protection and support,0.32641596,0.32641596,-0.13709071,0.12806158,-0.047114603,-0.012156658
2070-FNEXE,0.6055621,Service quality,Price and plan fit,0.3435694,0.3435694,-0.3520224,-0.16377984,-0.16039154,-0.12976637
5947-SGKCL,0.4757337,Service quality,Price and plan fit,0.32060546,0.32060546,-0.06531853,0.08062048,0.17663749,0.2684309
3712-PKXZA,-0.7523351,Protection and support,Billing and payment,0.07435508,-0.51614517,-0.094660275,0.07435508,-0.3491329,-0.56684583
6317-YPKDH,0.6064449,Protection and support,Price and plan fit,0.117005795,-0.22407733,-0.31450933,0.117005795,0.02752398,0.08672161
6582-OIVSP,0.5996593,Protection and support,Price and plan fit,0.12310557,-0.22829825,-0.34148687,0.12310557,-0.16716368,0.116865024
9367-WXLCH,0.5855571,Service quality,Protection and support,0.35635674,0.35635674,-0.34649447,0.12485158,0.06003923,0.067904085
5524-KHNJP,-0.47685692,Engagement and bundling,Price and plan fit,0.21678978,-0.209562,-0.2641204,-0.12347755,0.21678978,-0.002996271
1918-ZBFQJ,0.61495614,Service quality,Billing and payment,0.35364974,0.35364974,0.3510106,0.114035845,-0.22563526,0.024338014
1024-GUALD,0.6375513,Billing and payment,Protection and support,0.3390631,-0.23638904,0.3390631,0.14836273,0.045805857,0.014056042
4827-USJHP,0.500656,Protection and support,Price and plan fit,0.10355809,-0.30578157,-0.16977407,0.10355809,-0.18755175,0.014184464
8167-GJLRN,0.5517597,No actionable lever,Billing and payment,-0.0017494485,-0.23040028,-0.0154600525,-0.122135706,-0.032465152,-0.0017494485
0956-SYCWG,-0.72275037,Billing and payment,Protection and support,0.07224014,-0.62628925,0.07224014,0.068709955,-0.27281415,-0.39410096
8017-UVSZU,0.4824947,Protection and support,Engagement and bundling,0.124526076,-0.30376804,-0.31882033,0.124526076,-0.08004169,-0.15877113
7100-FQPRV,-0.4757279,Engagement and bundling,Billing and payment,0.20637631,-0.20506139,-0.07902397,-0.31346786,0.20637631,-0.16521817
2472-OVKUP,0.60744244,Service quality,Billing and payment,0.34893423,0.34893423,0.30815557,0.10435845,-0.08857381,0.09893494
2984-RGEYA,-1.4481136,Protection and support,Engagement and bundling,0.06848785,-0.48916405,-0.22698027,0.06848785,-0.22662762,-0.60874325
9680-NIAUV,-1.4850957,Price and plan fit,Service quality,0.45168564,0.16958566,-0.24106924,-0.23848875,0.15233636,0.45168564
2146-EGVDT,-1.4206741,Protection and support,Billing and payment,0.067370646,-0.5221373,-0.23693539,0.067370646,-0.24709821,-0.9115729
2604-IJPDU,0.52350414,Billing and payment,Service quality,0.36209738,0.3009098,0.36209738,-0.3536403,-0.026289161,0.14605731
9178-JHUVJ,-1.5243026,Protection and support,Billing and payment,0.09012484,-0.56071687,-0.06453151,0.09012484,-0.09245904,-0.5440094
6168-YBYNP,0.41120386,Billing and payment,Service quality,0.29294845,0.28427878,0.29294845,-0.16688882,0.14519836,0.11303286
7255-SSFBC,-1.5240488,Price and plan fit,Service quality,0.23148263,0.17870878,-0.073539115,-0.09842843,0.1570676,0.23148263
3645-DEYGF,0.61100066,Protection and support,Price and plan fit,0.08862017,-0.66001725,-0.31403092,0.08862017,-0.1558716,0.034592003
9323-HGFWY,-0.5151039,Price and plan fit,Service quality,0.30210125,0.2233862,-0.074436255,-0.2726921,0.21907127,0.30210125
8544-GOQSH,0.60676086,Service quality,Price and plan fit,0.3342825,0.3342825,-0.09059815,-0.10156813,-0.16466798,0.077427365
3363-DTIVD,-1.4411607,Price and plan fit,Engagement and bundling,0.31648305,0.1728273,0.157239,-0.14680357,0.17454906,0.31648305
7018-WBJNK,0.61790913,Service quality,Protection and support,0.35588238,0.35588238,-0.107541025,0.13262604,-0.08295942,0.004377689
9142-KZXOP,0.5508576,Service quality,Protection and support,0.29165718,0.29165718,-0.33891478,0.11889727,-0.18471056,-0.11993562
7674-YTAFD,-0.8589118,Service quality,Billing and payment,0.24532354,0.24532354,-0.0756783,-0.098586634,-0.32415223,-0.15092714
6348-SNFUS,-1.5258679,Engagement and bundling,Billing and payment,0.028094832,-0.14552014,-0.115654394,-0.50148594,0.028094832,-0.27393928
1285-OKIPP,0.60968375,Service quality,Price and plan fit,0.29057318,0.29057318,-0.03582976,0.13936055,-0.076137826,0.25749606
7825-ECJRF,0.4567317,Billing and payment,Service quality,0.37783283,0.29523045,0.37783283,-0.2749562,0.032771394,0.23385406
1347-KTTTA,-0.4834651,Price and plan fit,Service quality,0.25134027,0.21443145,-0.058619443,-0.1297892,0.1813938,0.25134027
7841-TZDMQ,0.5880658,Protection and support,Price and plan fit,0.1324104,-0.22206843,-0.07426541,0.1324104,-0.17116836,0.025618918
4195-NZGTA,0.6145576,Protection and support,Engagement and bundling,0.13609971,-0.230889,0.015394635,0.13609971,0.038286477,0.029307555
7157-SMCFK,-1.3459892,Protection and support,Engagement and bundling,0.07137579,-0.51774883,-0.35976556,0.07137579,-0.23383552,-0.52503675
4709-LKHYG,-0.67435545,Billing and payment,Protection and support,0.06881372,-0.6063301,0.06881372,0.06588891,-0.26288065,-0.5100801
2504-DSHIH,0.5252435,Service quality,Protection and support,0.31161857,0.31161857,0.000266782,0.13048293,0.030595712,-0.073875874
0699-NDKJM,0.43981192,Engagement and bundling,Billing and payment,0.27626783,-0.2725986,-0.14993261,-0.1886176,0.27626783,-0.26424143
9286-BHDQG,-1.4523246,No actionable lever,Service quality,-0.11276087,-0.13251193,-0.23424883,-0.42082587,-0.11276087,-0.20330054
0230-WEQUW,-1.4578584,No actionable lever,Billing and payment,-0.02893094,-0.1681683,-0.14548564,-0.42204788,-0.02893094,-0.37980512
2040-LDIWQ,-1.5292891,Engagement and bundling,Billing and payment,0.17181805,-0.18182328,-0.086910486,-0.119580224,0.17181805,-0.2548432
6496-JDSSB,0.6361244,Service quality,Protection and support,0.36079636,0.36079636,-0.10253178,0.12654945,-0.05671183,0.024562422
9408-SSNVZ,0.628945,Billing and payment,Service quality,0.35537934,0.30267572,0.35537934,0.13303003,-0.16638729,-0.0027116165
4443-EMBNA,-1.4579453,Protection and support,Engagement and bundling,0.10185724,-0.50948584,-0.24823576,0.10185724,-0.13448545,-0.5487472
6469-MRVET,-0.9794694,Billing and payment,Protection and support,0.325056,-0.55145425,0.325056,0.09201807,-0.25449073,-0.1687932
0742-MOABM,0.54538727,No actionable lever,Price and plan fit,-0.04989464,-0.24743691,-0.37556243,-0.04989464,-0.16318697,-0.05153128
5961-VUSRV,-0.73161674,Protection and support,Billing and payment,0.07409466,-0.62017465,-0.039272584,0.07409466,-0.31905383,-0.5355542
6778-JFCMK,-0.48148605,Engagement and bundling,Billing and payment,0.38692522,-0.28189832,-0.12633532,-0.16846254,0.38692522,-0.3584934
6341-JVQGF,-0.48058984,Engagement and bundling,Price and plan fit,0.17183436,-0.21670529,-0.121793926,-0.3027738,0.17183436,-0.09570235
2232-DMLXU,0.5951971,Price and plan fit,Protection and support,0.1327959,-0.23044367,-0.33778,0.1321343,-0.06313637,0.1327959
4811-JBUVU,0.52250874,Service quality,Engagement and bundling,0.32218114,0.32218114,-0.100434825,-0.10082295,0.077085435,-0.046833824
0945-TSONX,-1.5489578,Engagement and bundling,Billing and payment,0.16194111,-0.19490063,-0.086302556,-0.37654147,0.16194111,-0.21400163
2651-ZCBXV,-1.2218952,Price and plan fit,Service quality,0.7847378,0.19701669,-0.06783928,-0.34242645,0.19468543,0.7847378
3316-UWXUY,0.46596393,Service quality,Engagement and bundling,0.2817149,0.2817149,-0.10665211,-0.41201133,-0.057862088,-0.08624022
8937-RDTHP,0.6180146,Price and plan fit,Service quality,0.32553485,0.28351092,-0.11344941,-0.18054248,-0.04707406,0.32553485
7083-MIOPC,-1.4490328,Protection and support,Engagement and bundling,0.09827861,-0.4788206,-0.25472105,0.09827861,-0.24234141,-0.6175055
1984-GPTEH,0.4578031,Protection and support,Billing and payment,0.07754712,-0.82974446,-0.0070225676,0.07754712,-0.1012512,-0.23463343
1251-KRREG,0.59331495,Protection and support,Price and plan fit,0.13701187,-0.22873291,-0.11127555,0.13701187,-0.023899807,-0.015324824
0621-JFHOL,-1.646891,No actionable lever,Engagement and bundling,-0.09434278,-0.15600273,-0.16001786,-0.09434278,-0.12499653,-0.19486225
9903-LYSAB,0.5710841,Billing and payment,Service quality,0.3921604,0.31240144,0.3921604,0.12930526,-0.08415331,-0.113370955
0094-OIFMO,0.54994464,Service quality,Billing and payment,0.351644,0.351644,0.28521508,0.09855847,0.03769692,0.2622696
9227-UAQFT,-1.4014778,Protection and support,Engagement and bundling,0.06997073,-0.55044806,-0.3681369,0.06997073,-0.21430327,-0.51295906
7301-ABVAD,-1.5510492,Engagement and bundling,Protection and support,0.182262,-0.15732722,-0.272097,-0.09808495,0.182262,-0.23173006
6614-FHDBO,-1.4466826,Price and plan fit,Engagement and bundling,0.4448331,0.17344892,-0.25713846,-0.06457365,0.18459843,0.4448331
7576-ASEJU,-0.45881128,Engagement and bundling,Billing and payment,0.1914944,-0.21651235,-0.0796676,-0.30719292,0.1914944,-0.17270869
9058-HRZSV,0.4645329,Service quality,Billing and payment,0.24688445,0.24688445,0.032468446,-0.17290942,-0.10462127,-0.020218238
4522-AKYLR,0.51223683,Billing and payment,Protection and support,0.33414826,-0.37450367,0.33414826,0.09043134,-0.2259637,-0.15982616
0221-WMXNQ,0.5898224,Service quality,Billing and payment,0.2856648,0.2856648,-0.0168382,-0.16418134,-0.15615374,-0.0388237
0303-UNCIP,-0.48181167,Engagement and bundling,Protection and support,0.13864313,-0.26035598,-0.362991,0.12786934,0.13864313,-0.22202809
9947-OTFQU,0.58679366,Billing and payment,Service quality,0.32953882,0.31457973,0.32953882,0.09339105,-0.17181635,0.032008447
0322-YINQP,0.594048,Price and plan fit,Billing and payment,0.106055826,-0.24477741,-0.13611543,-0.18421872,-0.16375098,0.106055826
0959-WHOKV,-0.6118273,Billing and payment,Price and plan fit,0.3232665,0.22002383,0.3232665,-0.20719188,0.13120332,0.22037448
4075-JFPGR,-0.79933614,Billing and payment,Service quality,0.39830682,0.21694241,0.39830682,-0.18528992,-0.11631736,-0.0019074604
4629-NRXKX,0.61811084,Service quality,Protection and support,0.2875126,0.2875126,-0.05668838,0.1347284,-0.20342442,-0.08049963
9514-JDSKI,0.5795559,Engagement and bundling,Price and plan fit,0.17118719,-0.21872693,0.019569911,0.10463198,0.17118719,0.12104905
3282-ZISZV,-0.47459567,Engagement and bundling,Price and plan fit,0.26074627,-0.20737037,-0.23397247,-0.10585629,0.26074627,-0.018352885
3675-YDUPJ,0.52207243,Protection and support,Billing and payment,0.08303187,-0.8734815,-0.15721934,0.08303187,-0.18434441,-0.24881521
4111-BNXIF,-1.5228136,Billing and payment,Engagement and bundling,0.33575326,-0.17501217,0.33575326,-0.2493774,0.07173723,-0.3276152
7017-VFHAY,-1.3145679,Price and plan fit,Service quality,0.52675676,0.18093398,-0.19502126,-0.29741073,0.07901287,0.52675676
6655-LHBYW,-0.48750985,Price and plan fit,Engagement and bundling,0.37825412,0.2107912,-0.21396607,-0.2975764,0.2768582,0.37825412
4959-JOSRX,0.5897056,Protection and support,Price and plan fit,0.12897952,-0.2214438,-0.07562179,0.12897952,-0.17024735,0.032908052
5046-NUHWD,0.45072654,Billing and payment,Engagement and bundling,0.33190235,-0.3737736,0.33190235,-0.16433446,0.16596591,-0.15879892
7273-TEFQD,0.5543496,Billing and payment,Protection and support,0.310853,-0.22571173,0.310853,0.16536084,0.08698234,-0.18668272
3606-TWKGI,0.50331926,Service quality,Billing and payment,0.33813992,0.33813992,0.31213042,0.0671369,0.17718072,0.25550807
7529-ZDFXI,0.5109231,Billing and payment,Service quality,0.33744287,0.26882046,0.33744287,0.118189394,0.03534051,-0.17424223
7605-BDWDC,-1.5331678,Engagement and bundling,Billing and payment,0.08462488,-0.24859391,-0.07598851,-0.38370883,0.08462488,-0.20682614
1950-KSVVJ,-0.50618255,Price and plan fit,Engagement and bundling,0.38947058,0.20730983,-0.2589289,-0.28013384,0.26437643,0.38947058
0123-CRBRT,-1.5346179,Engagement and bundling,Service quality,0.14265913,-0.1711611,-0.28622633,-0.3505824,0.14265913,-0.26152918
6292-TOSSS,-1.4153583,Protection and support,Engagement and bundling,0.077280276,-0.4948654,-0.27654332,0.077280276,-0.13588491,-0.37546602
3197-ARFOY,0.41699058,Price and plan fit,Service quality,0.34424645,0.29948896,-0.1434149,-0.3424885,0.055179,0.34424645
6323-AYBRX,-1.3633393,Protection and support,Engagement and bundling,0.07456232,-0.5069282,-0.29766893,0.07456232,-0.22525264,-0.35335073
7014-ZZXAW,-1.4890738,Protection and support,Billing and payment,0.11846956,-0.5032588,-0.11445683,0.11846956,-0.16012126,-0.63841647
4385-GZQXV,0.519143,Billing and payment,Service quality,0.317753,0.30355003,0.317753,-0.09226867,0.06403184,0.19918783
7633-MVPUY,-1.3833413,Billing and payment,Service quality,0.39465317,-0.18780597,0.39465317,-0.3698766,-0.19019455,-0.3326976
6366-ZGQGL,0.63493425,Protection and support,Engagement and bundling,0.13548261,-0.22830144,-0.32711056,0.13548261,0.022696376,0.017997473
4716-HHKQH,0.4237852,Service quality,Price and plan fit,0.30536157,0.30536157,-0.023348805,-0.15576033,0.21300465,0.27952847
5940-AHUHD,0.6547352,Service quality,Price and plan fit,0.29339653,0.29339653,-0.33869243,0.1305107,-0.16069725,0.23177305
6432-TWQLB,0.6213535,Billing and payment,Service quality,0.3447394,0.30734187,0.3447394,-0.12133845,-0.033970334,0.016007096
4484-GLZOU,0.42096567,Billing and payment,Service quality,0.3221403,0.30174482,0.3221403,0.10307815,0.240322,0.21751022
3179-GBRWV,0.44388044,No actionable lever,Price and plan fit,-0.053810365,-0.33971804,-0.1311366,-0.1915874,-0.053810365,-0.09249224
8645-KWHJO,0.4840234,Billing and payment,Engagement and bundling,0.3493873,-0.35676125,0.3493873,-0.16709766,0.18719743,0.06826955
4130-MZLCC,0.54841214,Protection and support,Price and plan fit,0.097311445,-0.25451928,-0.34079933,0.097311445,-0.16358012,-0.009871863
0314-TKOSI,0.52452123,No actionable lever,Engagement and bundling,-0.03553023,-0.381562,-0.3545915,-0.20566499,-0.16868323,-0.03553023
8229-MYEJZ,0.49936032,Protection and support,Billing and payment,0.07615764,-0.3295928,0.020214431,0.07615764,-0.173823,-0.04086735
2080-SRCDE,0.599292,Protection and support,Price and plan fit,0.093810916,-0.74149024,-0.31555632,0.093810916,-0.053582862,-0.0067060366
9577-WJVCQ,0.4757462,No actionable lever,Protection and support,-0.13592213,-0.27288878,-0.37054884,-0.15553042,-0.13592213,-0.19698994
9512-UIBFX,0.48899978,Service quality,Protection and support,0.32544717,0.32544717,-0.38553995,0.13979352,0.08670783,0.025015123
6202-DYYFX,-0.8650754,Service quality,Protection and support,0.24397635,0.24397635,-0.08783054,0.13887635,-0.18041664,-0.250153
3808-HFKDE,0.5023871,Billing and payment,Protection and support,0.39481348,-0.30786967,0.39481348,0.13850008,-0.24538836,-0.19768275
5583-SXDAG,0.6299271,Service quality,Price and plan fit,0.28970116,0.28970116,-0.014098295,0.13109535,-0.16280037,0.22835162
3488-PGMQJ,0.62074745,Service quality,Billing and payment,0.35870832,0.35870832,0.3071592,0.09506372,-0.20433721,-0.06610434
3580-REOAC,0.5288508,Protection and support,Price and plan fit,0.119435675,-0.33752903,-0.12291712,0.119435675,-0.1846502,-0.039743
7534-BFESC,0.55253595,Billing and payment,Service quality,0.38062447,0.3189227,0.38062447,0.1358539,-0.09247507,-0.25218135
3727-OWVYD,-0.6790657,No actionable lever,Price and plan fit,-0.16765764,-0.26689616,-0.3584267,-0.16765764,-0.30731392,-0.26127943
2294-SALNE,-0.846424,Service quality,Protection and support,0.24628055,0.24628055,-0.3336114,-0.09175764,-0.3007529,-0.13769276
4847-TAJYI,0.6010163,Service quality,Billing and payment,0.36106634,0.36106634,0.2841766,0.16082907,0.038492836,0.13145052
1563-IWQEX,0.46508977,Protection and support,Engagement and bundling,0.0684948,-0.889067,-0.45140663,0.0684948,-0.19220535,-0.5711172
8203-XJZRC,0.60684955,Protection and support,Price and plan fit,0.0874657,-0.66759884,-0.32259062,0.0874657,-0.1699419,0.026804373
6556-DBKZF,-1.5494206,Billing and payment,Service quality,0.2652873,0.18532814,0.2652873,0.16358067,-0.18548036,-0.28250736
6851-WEFYX,0.47073302,Billing and payment,Service quality,0.3495943,0.29222783,0.3495943,0.15959604,0.18802094,0.019570231
2985-JUUBZ,0.46418735,Billing and payment,Protection and support,0.35257232,-0.32903785,0.35257232,0.1670427,0.16057014,-0.111012615
6390-DSAZX,0.6572571,Service quality,Price and plan fit,0.2787213,0.2787213,-0.12753777,-0.1800799,-0.14148477,0.21449375
0895-LMRSF,-0.5012337,Engagement and bundling,Protection and support,0.21286663,-0.28346083,-0.07823013,0.13807282,0.21286663,-0.20888366
8098-LLAZX,0.571701,Service quality,Price and plan fit,0.318171,0.318171,0.29537064,0.15206969,0.23860098,0.3133111
8266-VBFQL,0.6065804,Service quality,Billing and payment,0.30492008,0.30492008,0.29632762,-0.08412229,-0.07405178,0.1633991
8181-YHCMF,-1.5087724,Engagement and bundling,Service quality,0.11050173,-0.15889473,-0.239792,-0.20557997,0.11050173,-0.18349189
2240-HSJQD,0.5671884,Service quality,Protection and support,0.31742498,0.31742498,-0.12921028,0.12206628,-0.09195446,-0.090158045
1248-DYXUB,-1.4270661,Protection and support,Engagement and bundling,0.07864595,-0.4972182,-0.35004386,0.07864595,-0.13187428,-0.48828596
0265-EDXBD,0.5475946,Billing and payment,Service quality,0.3586076,0.307021,0.3586076,0.14000338,-0.10182619,-0.14563069
4115-BNPJY,-1.513158,Engagement and bundling,Protection and support,0.121291876,-0.18865392,-0.3496307,-0.06958481,0.121291876,-0.3133569
3167-SNQPL,0.45387864,Service quality,Engagement and bundling,0.28525028,0.28525028,-0.023085035,0.06885055,0.17265305,-0.022951819
4091-TVOCN,-0.48604828,Engagement and bundling,Billing and payment,0.28522402,-0.2098886,-0.0876923,-0.17132819,0.28522402,-0.22792888
1098-TDVUQ,0.60751677,Protection and support,Billing and payment,0.086008236,-0.6620096,-0.09510384,0.086008236,-0.1624608,-0.37817472
7277-OZCGZ,0.53184026,Billing and payment,Service quality,0.33060706,0.2952811,0.33060706,-0.31905532,-0.08375081,-0.07728453
1557-EMYVT,-1.3296872,Price and plan fit,Service quality,0.6417699,0.1970525,-0.22061808,-0.25619742,0.11581582,0.6417699
2799-ARNLO,0.6282097,Billing and payment,Service quality,0.31295204,0.3047963,0.31295204,0.13011998,-0.17352697,0.052969694
7563-BIUPC,0.63099706,Billing and payment,Service quality,0.33221757,0.32336432,0.33221757,0.1384483,-0.0980144,-0.009605147
5027-YOCXN,-0.48889244,Price and plan fit,Engagement and bundling,0.34090483,0.21058811,-0.20499487,-0.31480762,0.29593685,0.34090483
3973-SKMLN,-1.4345222,Protection and support,Billing and payment,0.11212649,-0.4696084,-0.11668643,0.11212649,-0.22091655,-0.63596374
2321-OMBXY,-0.46700647,Engagement and bundling,Price and plan fit,0.17337008,-0.21401511,-0.20718196,-0.28652927,0.17337008,0.082912855
2840-XANRC,0.53478146,Billing and payment,Service quality,0.33141613,0.3240701,0.33141613,0.14180958,0.0747001,0.044103682
6745-JEFZB,0.5524596,Service quality,Engagement and bundling,0.3206748,0.3206748,-0.12408298,-0.104625925,0.041766264,-0.113871075
5020-ZSTTY,-0.46394235,Engagement and bundling,Price and plan fit,0.2873835,-0.18787202,-0.21370903,-0.31547642,0.2873835,-0.16602564
9880-TDQAC,-1.5398078,Billing and payment,Engagement and bundling,0.3948244,-0.15439934,0.3948244,-0.24086054,0.0809348,-0.23426262
8705-WZCYL,0.5958954,Billing and payment,Protection and support,0.3318977,-0.23600428,0.3318977,0.13932604,-0.16988614,0.09365092
7102-JJVTX,-0.7432993,Price and plan fit,Protection and support,0.036555335,-0.1709619,-0.29767248,-0.1480932,-0.27499032,0.036555335
8626-PTQGE,-1.497338,Engagement and bundling,Billing and payment,0.19068527,-0.16809393,-0.12119147,-0.4382845,0.19068527,-0.32302547
4983-CLMLV,0.43442002,Service quality,Engagement and bundling,0.29135755,0.29135755,-0.09647186,-0.14278832,0.19543172,0.043095276
5701-YVSVF,0.60206264,Service quality,Billing and payment,0.33661938,0.33661938,0.3146196,-0.08658189,-0.048266508,0.03578026
5804-LEPIM,0.63600945,Billing and payment,Service quality,0.30861008,0.2777097,0.30861008,0.13257858,-0.16736412,0.063039966
5697-GOMBF,0.50198,Billing and payment,Engagement and bundling,0.34900957,-0.30991423,0.34900957,0.15619873,0.16457227,-0.05970715
2739-CACDQ,0.5863728,Service quality,Protection and support,0.31638873,0.31638873,-0.12162699,0.14625734,-0.049134374,-0.091049075
9385-EHGDO,-1.5194647,Protection and support,Billing and payment,0.080347314,-0.56060123,-0.13899642,0.080347314,-0.24965811,-0.8115838
9498-FIMXL,-0.8001493,Protection and support,Billing and payment,0.07680926,-0.66102636,-0.10459897,0.07680926,-0.3533724,-1.1147153
2379-GYFLQ,-0.7934486,Service quality,Protection and support,0.2302514,0.2302514,-0.095658064,0.11444082,-0.08306976,0.03839419
0122-OAHPZ,0.62331545,Service quality,Billing and payment,0.35597694,0.35597694,0.354367,0.1284491,-0.06303184,0.011869546
2868-SNELZ,0.6459684,Service quality,Protection and support,0.28201193,0.28201193,-0.3591167,0.1259306,-0.058121964,0.095136404
4322-RCYMT,-0.47583324,Engagement and bundling,Billing and payment,0.25007364,-0.18753822,-0.073024675,-0.11775299,0.25007364,-0.27325904
6680-NENYN,-1.3296324,Price and plan fit,Billing and payment,0.6558012,0.22518995,0.3244652,0.099933214,0.22853103,0.6558012
2088-IEBAU,-1.5098848,Billing and payment,Engagement and bundling,0.35138202,-0.19893096,0.35138202,-0.3927804,0.106498554,-0.23922215
7982-VCELR,0.4790225,Service quality,Protection and support,0.31024113,0.31024113,-0.09775438,0.11986321,0.06576531,-0.10620782
1343-EHPYB,0.4484113,Billing and payment,Service quality,0.34083056,0.28587723,0.34083056,0.09993404,0.21556076,0.14830202
6035-BXTTY,0.47818977,No actionable lever,Engagement and bundling,-0.08273313,-0.3664061,-0.27353767,-0.08273313,-0.20858563,-0.3021088
6885-PKOAM,-1.5482388,Engagement and bundling,Service quality,0.11978317,-0.17209655,-0.25102216,-0.36559048,0.11978317,-0.25322193
7520-HQWJU,0.48148847,No actionable lever,Billing and payment,-0.09672319,-0.28121424,-0.147667,-0.20267378,-0.09672319,-0.24858242
9639-BUJXT,-0.7275222,Protection and support,Billing and payment,0.06980755,-0.55834854,-0.311482,0.06980755,-0.40038994,-0.7646527
5924-SNGKP,-0.7576096,Protection and support,Billing and payment,0.07084646,-0.5817039,-0.086298294,0.07084646,-0.35520944,-0.7484207
0021-IKXGC,0.64955676,Billing and payment,Service quality,0.3078237,0.29004043,0.3078237,0.1438706,-0.043660976,0.21467967
2034-GDRCN,0.6111064,Billing and payment,Service quality,0.34011728,0.28988165,0.34011728,0.14766085,0.03708418,0.11362933
8966-SNIZF,-1.3660719,Protection and support,Engagement and bundling,0.06353924,-0.48656252,-0.2865636,0.06353924,-0.23250389,-0.59599197
6243-OZGFH,0.47926718,Billing and payment,Engagement and bundling,0.36072868,-0.38092905,0.36072868,0.16137254,0.29950628,-0.0043004565
4654-DLAMQ,-0.5704388,Service quality,Engagement and bundling,0.18113734,0.18113734,-0.29900047,-0.17649859,0.019641992,0.014056817
0513-RBGPE,-1.4831386,No actionable lever,Engagement and bundling,-0.089841165,-0.26099247,-0.089841165,-0.30656105,-0.11713904,-0.20837711
5160-UXJED,-0.71996427,Protection and support,Price and plan fit,0.10568364,-0.16194412,-0.38955748,0.10568364,-0.29799935,-0.09178933
4115-NZRKS,0.5935854,Service quality,Billing and payment,0.36050916,0.36050916,0.32544988,0.13602366,0.050238956,0.05878196
0219-YTZUE,0.64722204,Service quality,Price and plan fit,0.3181829,0.3181829,-0.06727955,0.13495328,-0.0035194252,0.24433294
0623-IIHUG,0.49119407,Billing and payment,Engagement and bundling,0.41931412,-0.29565632,0.41931412,-0.12947236,0.18375589,-0.025813203
4572-DVCGN,0.59185064,Service quality,Protection and support,0.3630553,0.3630553,-0.07962082,0.15021731,-0.06742792,0.05514903
3351-NGXYI,0.49242425,Billing and payment,Engagement and bundling,0.35080972,-0.3334023,0.35080972,-0.16704966,-0.03861272,-0.08860397
8984-EYLLL,-1.2967746,Price and plan fit,Billing and payment,0.56937224,0.20509756,0.3155155,-0.15385127,0.21874496,0.56937224
9057-MSWCO,0.49241632,Engagement and bundling,Price and plan fit,0.0605637,-0.29322976,-0.308447,-0.12474123,0.0605637,-0.048858956
9833-TGFHX,-0.57634276,Engagement and bundling,Service quality,0.2599625,0.21623892,0.067580335,-0.10543731,0.2599625,0.0920246
9294-TDIPC,0.4991165,Protection and support,Engagement and bundling,0.07665876,-0.89762104,-0.39653155,0.07665876,-0.17559251,-0.5693312
5229-DTFYB,-1.6070935,Service quality,Engagement and bundling,0.21178843,0.21178843,-0.06876122,-0.119742006,0.113831036,0.036128536
0104-PPXDV,-0.7018306,Protection and support,Price and plan fit,0.10398531,-0.1833266,-0.2686348,0.10398531,-0.32051346,-0.07501027
5176-LMJXE,-1.4889314,Protection and support,Billing and payment,0.08136818,-0.51087093,-0.14827317,0.08136818,-0.22181545,-0.5421894
3583-KRKMD,0.57099843,Service quality,Protection and support,0.3145939,0.3145939,-0.13712764,-0.09420974,-0.18114325,-0.19797869
1010-DIAUQ,0.55691636,Service quality,Price and plan fit,0.31825882,0.31825882,-0.3493589,0.13492374,0.08905457,0.28893963
9069-LGEUL,0.44664228,No actionable lever,Billing and payment,-0.05627472,-0.40022036,-0.13207741,-0.16859183,-0.05627472,-0.26485315
7302-ZHMHP,0.58994716,Protection and support,Engagement and bundling,0.077398404,-0.6557077,-0.3663237,0.077398404,-0.16212405,-0.4641608
9571-EDEBV,-0.6071574,Engagement and bundling,Service quality,0.31586328,0.20189317,-0.09481534,0.19073296,0.31586328,0.08530236
3520-FJGCV,-1.5347543,Price and plan fit,Service quality,0.29321077,0.16649538,-0.07739412,-0.4042287,0.059697665,0.29321077
6563-VRERX,-0.7325595,Protection and support,Billing and payment,0.07331584,-0.58034444,-0.30924624,0.07331584,-0.33889994,-0.69700944
0259-GBZSH,0.6386387,Billing and payment,Service quality,0.33343127,0.29901063,0.33343127,0.16408412,0.09691691,0.20019603
6122-EFVKN,-1.5139865,No actionable lever,Price and plan fit,-0.106504865,-0.17418285,-0.33983818,-0.3223262,-0.106504865,-0.15999131
2805-EDJPQ,-0.5462398,Service quality,Engagement and bundling,0.21265468,0.21265468,-0.057813324,-0.13081345,0.195781,0.11267565
6862-CQUMB,0.48046407,Service quality,Protection and support,0.3093498,0.3093498,-0.09643393,0.10214931,0.07533346,-0.08214069
7156-MXBJE,-0.47859997,Engagement and bundling,Price and plan fit,0.28687567,-0.20444688,-0.2410747,-0.10765066,0.28687567,-0.0461303
6158-HDPXZ,0.63591886,Protection and support,Price and plan fit,0.13739803,-0.22690931,-0.34699938,0.13739803,0.02234216,0.022996202
9601-BRXPO,0.45161504,Service quality,Price and plan fit,0.31823415,0.31823415,-0.115846515,-0.059105203,0.19708827,0.30178013
2863-IMQDR,-1.4680188,Billing and payment,Engagement and bundling,0.18938583,-0.18732628,0.18938583,-0.3332184,0.114651,-0.2266731
5686-CMAWK,-0.8439604,Service quality,Billing and payment,0.22544996,0.22544996,0.07466615,-0.050650332,-0.15451622,-0.21948841
5651-CRHKQ,-0.8454673,Service quality,Billing and payment,0.22362292,0.22362292,-0.06991738,-0.087863185,-0.3085651,-0.18752079
6905-NIQIN,0.5947907,Price and plan fit,Protection and support,0.1406163,-0.22840984,-0.33115047,0.1067857,-0.15628976,0.1406163
8204-YJCLA,-1.5199479,Engagement and bundling,Service quality,0.06804424,-0.13383324,-0.13696638,-0.49152943,0.06804424,-0.3104226
5167-ZFFMM,0.6260136,Price and plan fit,Service quality,0.3507805,0.29951602,-0.07180632,0.12240934,0.066813156,0.3507805
6583-SZVGP,-1.3312019,Price and plan fit,Engagement and bundling,0.6166768,0.21227682,-0.057182327,0.10062658,0.23616257,0.6166768
4895-TMWIR,0.50598586,Protection and support,Engagement and bundling,0.07180238,-0.837084,-0.3292151,0.07180238,-0.18609355,-0.19305298
0533-BNWKF,0.5402525,Billing and payment,Service quality,0.34411696,0.27564767,0.34411696,0.1246719,-0.052194245,-0.13591215
1708-PBBOA,-0.54038,Billing and payment,Engagement and bundling,0.27596283,-0.20615207,0.27596283,-0.42381433,0.09095946,-0.20967066
8782-LKFPK,0.5204426,Service quality,Protection and support,0.31611216,0.31611216,-0.13206407,0.16173027,0.084836274,-0.14917575
5522-JBWMO,0.577168,Protection and support,Price and plan fit,0.12603071,-0.23077393,-0.01034958,0.12603071,-0.15247102,0.089904174
3597-MVHJT,0.49322045,Service quality,Engagement and bundling,0.33359924,0.33359924,-0.10077389,0.15674686,0.20006238,0.1359843
9774-NRNAU,0.45324805,Engagement and bundling,Price and plan fit,0.14325395,-0.3153254,-0.123171225,-0.15682308,0.14325395,-0.03538528
0224-RLWWD,0.5820871,Billing and payment,Protection and support,0.32258055,-0.2272431,0.32258055,0.13398945,-0.18647926,-0.012998477
9967-ATRFS,0.48858964,Protection and support,Engagement and bundling,0.07523241,-0.79070246,-0.38748315,0.07523241,-0.1895197,-0.23608229
3951-NJCVI,0.48740774,Billing and payment,Service quality,0.31733868,0.30779368,0.31733868,0.15088373,0.1852308,-0.037522137
2977-CEBSX,-1.5307832,Engagement and bundling,Billing and payment,0.09331046,-0.18875244,-0.10786356,-0.36723477,0.09331046,-0.1677845
0177-PXBAT,0.39699894,Service quality,Price and plan fit,0.28285208,0.28285208,-0.13220443,-0.2895856,0.17917241,0.20624484
6599-CEBNN,0.5626695,Service quality,Protection and support,0.3217818,0.3217818,-0.1046065,0.11443263,-0.1733047,-0.002816368
2519-ERQOJ,0.4567222,Billing and payment,Engagement and bundling,0.3191842,-0.29488713,0.3191842,-0.20171414,0.1892387,-0.058912404
5876-QMYLD,-0.6577039,Protection and support,Engagement and bundling,0.065448634,-0.5819667,-0.346854,0.065448634,-0.31732294,-0.53536993
2277-AXSDC,-0.73511714,Protection and support,Billing and payment,0.06941248,-0.51582736,-0.25936097,0.06941248,-0.3280851,-0.39181057
9442-JTWDL,-0.76159,Protection and support,Billing and payment,0.07204242,-0.59766847,-0.26580897,0.07204242,-0.3574193,-0.6410107
0979-PHULV,0.48019758,Service quality,Engagement and bundling,0.29157004,0.29157004,-0.09100414,0.17705645,0.24465348,0.14464962
3067-SVMTC,-0.66965014,No actionable lever,Protection and support,-0.18290445,-0.18290445,-0.26516628,-0.26363176,-0.32361877,-0.28395468
5495-GPSRW,-1.5274466,Protection and support,Billing and payment,0.09077357,-0.5726786,-0.14357068,0.09077357,-0.26725295,-0.8051973
7606-BPHHN,-1.490844,Protection and support,Billing and payment,0.10364663,-0.5083368,-0.12227431,0.10364663,-0.26151466,-0.68121
4742-DRORA,-0.7660555,Service quality,Price and plan fit,0.20556058,0.20556058,-0.14791366,-0.15525077,-0.09547039,-0.025582552
0111-KLBQG,0.49314213,Service quality,Protection and support,0.3160011,0.3160011,-0.084027566,0.11334747,0.089225665,0.07370335
4800-VHZKI,0.6198684,Protection and support,Price and plan fit,0.096331455,-0.6552569,-0.09380127,0.096331455,-0.16654523,0.061703444
7989-CHGTL,0.61939096,Protection and support,Price and plan fit,0.09773698,-0.6560085,-0.09563292,0.09773698,-0.16889176,0.046997994
0334-GDDSO,0.6320585,Billing and payment,Service quality,0.33126247,0.28889564,0.33126247,0.1017638,-0.04635446,0.02307868
4163-NCJAK,-0.7360798,Protection and support,Billing and payment,0.08238745,-0.55877715,-0.06670654,0.08238745,-0.24040954,-0.3100199
5233-AOZUF,0.55732363,Billing and payment,Service quality,0.3684359,0.322873,0.3684359,0.13497914,-0.10325566,-0.1535045
5973-EJGDP,0.53863174,Billing and payment,Service quality,0.34664387,0.28939286,0.34664387,-0.17547835,-0.06206335,-0.066347644
1996-DBMUS,0.55675864,Service quality,Protection and support,0.28660247,0.28660247,-0.13750766,0.14561053,-0.23567504,-0.32947916
7916-VCCPB,0.57561904,Service quality,Protection and support,0.3122125,0.3122125,-0.3579499,0.09151693,-0.18188585,-0.073421575
4686-GEFRM,-1.5595119,Service quality,Engagement and bundling,0.19408837,0.19408837,-0.06701095,-0.119983636,0.07596381,0.03944935
5249-QYHEX,-1.5265098,Protection and support,Engagement and bundling,0.07873004,-0.5694312,-0.13840643,0.07873004,-0.08436483,-0.5393419
0578-SKVMF,0.53222436,Service quality,Protection and support,0.30823928,0.30823928,-0.039360516,0.081499614,-0.058364157,0.017765611
5564-NEMQO,0.6646946,Service quality,Price and plan fit,0.2931979,0.2931979,-0.100024916,0.1387839,-0.15751855,0.23261748
2233-FAGXV,0.5577452,Protection and support,Engagement and bundling,0.1056545,-0.86570275,-0.113388516,0.1056545,-0.017082134,-0.23229219
5605-IYGFG,0.63217556,Service quality,Protection and support,0.3678786,0.3678786,-0.09312762,0.14108136,-0.22289729,-0.13713685
7663-ZTEGJ,-0.5291858,Service quality,Price and plan fit,0.22127934,0.22127934,-0.28446263,-0.09021284,0.16616155,0.21563856
3935-TBRZZ,-0.733802,Protection and support,Engagement and bundling,0.0752176,-0.5416349,-0.29039067,0.0752176,-0.23815101,-0.33906123
8111-BKVDS,0.51366484,No actionable lever,Protection and support,-0.06435634,-0.38444504,-0.32798445,-0.22367038,-0.06435634,-0.3078054
2055-SIFSS,0.48081028,Protection and support,Price and plan fit,0.11376681,-0.26660115,-0.31646174,0.11376681,-0.13524309,-0.09337992
2806-MLNTI,-0.5282378,Price and plan fit,Engagement and bundling,0.34016392,0.21206246,-0.06412084,0.096823305,0.3243264,0.34016392
8734-DKSTZ,0.57970273,Service quality,Price and plan fit,0.34471467,0.34471467,-0.04308606,0.12634088,0.061446242,0.16074382
4360-PNRQB,0.57604045,Service quality,Protection and support,0.32160312,0.32160312,-0.13536118,0.13198343,-0.06299712,-0.20366392
6152-ONASV,-0.6696008,No actionable lever,Service quality,-0.17245017,-0.18506096,-0.27283877,-0.26447257,-0.23466577,-0.17245017
9063-ZGTUY,0.4944807,Protection and support,Price and plan fit,0.09285339,-0.72934616,-0.17213081,0.09285339,-0.18691519,-0.10078324
7781-HVGMK,-1.5457437,Engagement and bundling,Billing and payment,0.052856468,-0.15385592,-0.12367167,-0.47810966,0.052856468,-0.26788527
2181-UAESM,0.545904,No actionable lever,Price and plan fit,-0.011709999,-0.2957555,-0.011709999,-0.17645396,-0.2021162,-0.114759006
2957-LOLHO,0.5185045,Protection and support,Price and plan fit,0.11780073,-0.34000263,-0.103318684,0.11780073,-0.18733804,-0.049647443
6048-NJXHX,-1.455303,Billing and payment,Protection and support,0.3757394,-0.57885206,0.3757394,0.08227772,-0.23533413,-0.76234883
2320-SLKMB,0.49854293,Engagement and bundling,Price and plan fit,0.050429493,-0.391445,-0.13671575,-0.13864262,0.050429493,-0.0810336
4980-URKXC,-0.7106745,Protection and support,Billing and payment,0.06538554,-0.5210582,-0.2891579,0.06538554,-0.32109424,-0.35658187
4376-KFVRS,-1.5242007,Price and plan fit,Service quality,0.426715,0.17454444,-0.06897417,-0.41416287,0.09723736,0.426715
5886-VLQVU,0.5188204,Service quality,Engagement and bundling,0.3103946,0.3103946,-0.102723986,-0.099341884,0.070006564,-0.10431919
3577-AMVUX,0.5885497,Price and plan fit,Engagement and bundling,0.112327635,-0.2943989,-0.31747663,-0.16729315,-0.1522532,0.112327635
0771-WLCLA,0.44138786,Billing and payment,Service quality,0.32010996,0.30008125,0.32010996,-0.2863949,0.14516003,0.13960592
5628-RKIFK,0.44726783,Service quality,Engagement and bundling,0.27493188,0.27493188,-0.2899723,-0.13496624,0.22482693,0.18618037
0206-TBWLC,-0.4936398,Price and plan fit,Engagement and bundling,0.3534047,0.2112188,-0.12793402,-0.3438191,0.2474011,0.3534047
2937-FTHUR,0.4513744,Price and plan fit,Engagement and bundling,0.118561685,-0.34528235,0.013250372,-0.137685,0.037071683,0.118561685
1910-FMXJM,0.5176809,Service quality,Protection and support,0.3205872,0.3205872,-0.034788977,0.1324931,-0.09168464,-0.08950414
7752-XUSCI,0.41883397,Billing and payment,Service quality,0.3523352,0.28466743,0.3523352,0.099679865,0.18726552,0.15312363
4110-PFEUZ,0.656375,Service quality,Price and plan fit,0.29257196,0.29257196,-0.33686078,0.12885118,-0.15835072,0.23706435
0732-OCQOC,-1.4753599,Protection and support,Billing and payment,0.08633539,-0.51343954,-0.08463305,0.08633539,-0.12843636,-0.55341417
5168-MSWXT,0.56999373,Price and plan fit,Service quality,0.40337756,0.36394757,0.31294417,0.15656872,0.062342715,0.40337756
1090-ESELR,-1.3624982,Price and plan fit,Service quality,0.5661451,0.16100381,-0.2275181,-0.35360268,0.06745413,0.5661451
8592-PLTMQ,-0.72635293,Protection and support,Engagement and bundling,0.0766074,-0.56051505,-0.31818104,0.0766074,-0.24528778,-0.615469
5760-WRAHC,0.4466126,No actionable lever,Price and plan fit,-0.026525466,-0.3354938,-0.16379654,-0.32960856,-0.026525466,-0.118151724
8847-GEOOQ,0.43569022,Engagement and bundling,Billing and payment,0.19099292,-0.25825796,-0.15117963,-0.24426037,0.19099292,-0.20599273
0256-LTHVJ,0.53881377,Billing and payment,Service quality,0.3277815,0.32271737,0.3277815,0.1376369,-0.07100188,-0.068249255
4785-FCIFB,-1.4242694,Protection and support,Engagement and bundling,0.07493907,-0.4850976,-0.36723843,0.07493907,-0.17084612,-0.51353776
8313-NDOIA,0.46792793,Billing and payment,Service quality,0.3578524,0.31753182,0.3578524,0.07354508,0.17673677,0.29885995
5149-CUZUJ,-0.81516755,Service quality,Price and plan fit,0.23655632,0.23655632,-0.28078532,-0.0918566,-0.19436911,-0.06624825
0942-KOWSM,-1.5684568,Engagement and bundling,Protection and support,0.064569265,-0.19131422,-0.24134327,-0.09703139,0.064569265,-0.12334163
4237-CLSMM,0.5461007,Protection and support,Engagement and bundling,0.075566106,-0.82953787,-0.4135531,0.075566106,-0.17397629,-0.3819384
1452-VOQCH,0.6503216,Billing and payment,Service quality,0.33087635,0.2925036,0.33087635,0.14748341,-0.045625564,0.19648734
4719-UMSIY,0.47933903,Protection and support,Engagement and bundling,0.078703664,-0.93704444,-0.40125346,0.078703664,-0.17605007,-0.56337905
6614-VBEGU,0.4564914,Protection and support,Engagement and bundling,0.11004584,-0.39058834,-0.11563236,0.11004584,0.07084387,-0.15526786
0880-TKATG,0.5358902,Service quality,Price and plan fit,0.30551186,0.30551186,-0.12005878,0.15211302,0.16930911,0.19530705
3811-VBYBZ,0.56479377,Service quality,Price and plan fit,0.36111656,0.36111656,0.31774765,0.0829761,0.1769979,0.32418758
1480-BKXGA,-1.5187764,Price and plan fit,Service quality,0.16720863,0.15171991,-0.1017491,-0.40471783,0.09570901,0.16720863
2996-XAUVF,-1.5543759,Engagement and bundling,Service quality,0.07900855,-0.1587159,-0.17511521,-0.16452767,0.07900855,-0.23982817
9076-AXYIK,-1.4391979,Price and plan fit,Engagement and bundling,0.2767617,0.17821404,0.12368565,-0.034640327,0.21088625,0.2767617
5968-XQIVE,-0.8694463,Billing and payment,Service quality,0.42055726,0.2148599,0.42055726,0.14130488,-0.046929,-0.101509206
8896-RAZCR,-1.4777979,Protection and support,Engagement and bundling,0.06947724,-0.49588713,-0.29439226,0.06947724,-0.20833512,-0.46536198
4640-UHDOS,0.47243503,Protection and support,Price and plan fit,0.12504579,-0.37839103,-0.03665421,0.12504579,-0.056304447,-0.014588207
4933-IKULF,-0.7319708,Protection and support,Engagement and bundling,0.068723015,-0.5734629,-0.33212525,0.068723015,-0.30680016,-0.36849636
3583-EKAPL,0.5709704,Billing and payment,Protection and support,0.31075135,-0.23600428,0.31075135,0.15270674,-0.069217354,0.11449131
1304-BCCFO,0.48567653,Protection and support,Engagement and bundling,0.14148389,-0.35949314,-0.114640824,0.14148389,0.0728071,-0.06285502
4104-PVRPS,0.4779139,No actionable lever,Price and plan fit,-0.22072421,-0.3961764,-0.36119863,-0.27394742,-0.22072421,-0.26776892
9399-APLBT,0.65474653,Billing and payment,Service quality,0.3011532,0.289065,0.3011532,0.10163477,-0.13448536,0.23012537
2359-KMGLI,0.5644437,Billing and payment,Service quality,0.36312336,0.32355285,0.36312336,0.09743803,-0.07725625,-0.1382627
3780-DDGSE,0.45704266,Billing and payment,Engagement and bundling,0.2809977,-0.32172802,0.2809977,-0.18943475,0.0238912,-0.16820703
4431-EDMIQ,0.51150316,Billing and payment,Engagement and bundling,0.29098934,-0.41976246,0.29098934,-0.4162224,-0.14390521,-0.23545285
0306-JAELE,0.56661737,Billing and payment,Service quality,0.3322559,0.31380922,0.3322559,-0.087457165,0.05645453,0.22723675
6227-HWPWX,0.5838572,Service quality,Protection and support,0.31732446,0.31732446,-0.38634926,0.111570895,-0.16600716,-0.043721605
0486-LGCCH,-1.5450765,Protection and support,Engagement and bundling,0.07850316,-0.57936513,-0.31336007,0.07850316,-0.24526101,-0.71806914
0447-BEMNG,0.4508896,Engagement and bundling,Price and plan fit,0.18300514,-0.28982428,-0.14336944,-0.16820537,0.18300514,-0.09318268
4612-SSVHJ,0.5493884,Billing and payment,Service quality,0.3252167,0.30924112,0.3252167,0.14034322,-0.10987654,-0.1380884
5168-MQQCA,-0.5877456,Price and plan fit,Engagement and bundling,0.4737802,0.201602,-0.091675065,-0.06556877,0.2952895,0.4737802
5949-XIKAE,0.6291776,Service quality,Billing and payment,0.36484703,0.36484703,0.3071351,0.080562994,-0.07959272,0.117147684
7971-HLVXI,-1.7240429,Protection and support,Service quality,0.20770541,0.18093488,-0.110388406,0.20770541,0.11166611,-0.23384961
9094-AZPHK,0.50847095,Billing and payment,Service quality,0.37319273,0.3227341,0.37319273,0.08733638,0.16639125,0.13146377
3649-JPUGY,-1.5600593,Engagement and bundling,Protection and support,0.17035563,-0.1588577,-0.12516272,-0.1069002,0.17035563,-0.2937108
4472-LVYGI,-1.7929885,No actionable lever,Billing and payment,-0.0051202625,-0.2185805,-0.0863251,-0.32006243,-0.0051202625,-0.46903569
8372-JUXUI,0.6519393,Billing and payment,Service quality,0.32477915,0.28975257,0.32477915,0.14811209,-0.029723056,0.20573491
3552-CTCYF,-1.4839183,Price and plan fit,Engagement and bundling,0.3179032,0.2001031,-0.07048888,0.102626234,0.22643496,0.3179032
6778-YSNIH,0.5803352,Billing and payment,Protection and support,0.32608688,-0.29143393,0.32608688,0.10402526,-0.05730596,-0.0024055168
0388-EOPEX,0.61686766,Billing and payment,Service quality,0.3522179,0.26988167,0.3522179,-0.19117953,-0.14982417,-0.02824273
5756-OZRIO,-0.4920568,Engagement and bundling,Protection and support,0.13910389,-0.15325776,-0.26563892,0.1196642,0.13910389,-0.21050857
6579-JPICP,0.60684955,Protection and support,Price and plan fit,0.0874657,-0.66759884,-0.32388434,0.0874657,-0.1699419,0.005351886
8205-OTCHB,-0.52248085,Engagement and bundling,Protection and support,0.26363164,-0.20969498,-0.038738668,0.1291261,0.26363164,-0.03419038
4134-BSXLX,0.47045013,No actionable lever,Billing and payment,-0.20559803,-0.38904014,-0.3193428,-0.3497966,-0.20559803,-0.3553806
0505-SPOOW,-1.4411738,Protection and support,Billing and payment,0.06740918,-0.4892491,-0.23159169,0.06740918,-0.24403638,-0.6239898
6235-VDHOM,0.5508847,Protection and support,Engagement and bundling,0.0986668,-0.24197234,-0.01225149,0.0986668,0.046282023,-0.05184327
7783-YKGDV,0.53311217,Service quality,Price and plan fit,0.344887,0.344887,-0.07747548,-0.22098336,0.09977795,0.27761802
4374-YMUSQ,-0.5015825,Price and plan fit,Engagement and bundling,0.38514742,0.21033964,-0.22828685,-0.25260043,0.258433,0.38514742
4513-CXYIX,-1.6237402,Service quality,Billing and payment,0.1504964,0.1504964,-0.12968753,-0.15330242,-0.14456926,-0.2678284
3957-HHLMR,-0.47798097,Engagement and bundling,Protection and support,0.13609105,-0.18063438,-0.26075685,-0.15199253,0.13609105,-0.17110796
7803-XOCCZ,0.539351,Service quality,Price and plan fit,0.27151835,0.27151835,-0.14415346,-0.36988854,-0.18020305,-0.123944014
5736-YEJAX,-1.4741359,No actionable lever,Billing and payment,-0.07490751,-0.18765655,-0.11328338,-0.35797527,-0.07490751,-0.20105085
5609-CEBID,0.51835513,Billing and payment,Service quality,0.3533472,0.30778432,0.3533472,0.098242834,0.029070843,0.004036635
8981-FJGLA,0.6215822,Service quality,Protection and support,0.35042775,0.35042775,-0.15423815,0.13034998,-0.07114336,0.039851107
7218-HKQFK,0.5757907,Billing and payment,Service quality,0.3124784,0.28466523,0.3124784,-0.092405654,0.041119404,0.13429247
4636-QRJKY,0.629087,Service quality,Billing and payment,0.3546956,0.3546956,0.31972492,-0.056527473,0.025149971,0.10400486
1135-LMECX,0.60732704,Protection and support,Price and plan fit,0.0855246,-0.6557077,-0.32075897,0.0855246,-0.16759537,0.05673989
4332-MUOEZ,-0.60320723,Service quality,Price and plan fit,0.21272144,0.21272144,-0.23459844,-0.25529084,0.07397831,0.122040845
8535-SFUTN,0.43447977,Billing and payment,Service quality,0.36316824,0.26777995,0.36316824,-0.17916602,0.18466024,0.091591865
5956-VKDTT,0.6207059,Billing and payment,Service quality,0.33135504,0.3079131,0.33135504,0.13266101,-0.056416243,-0.008308135
8677-HDZEE,0.3928458,Price and plan fit,Service quality,0.31398305,0.2877608,-0.10361443,-0.15625928,0.19521992,0.31398305
2475-MROZF,0.515589,Service quality,Price and plan fit,0.29081896,0.29081896,-0.12482761,-0.36333415,-0.09764177,0.1870847
9412-GHEEC,0.43165696,Service quality,Price and plan fit,0.29394397,0.29394397,-0.32694948,-0.04895136,0.21806113,0.22875044
3482-ABPKK,-0.6903171,No actionable lever,Protection and support,-0.2427616,-0.2761057,-0.30508837,-0.26113388,-0.32048762,-0.2427616
6705-LXORM,0.60041296,Service quality,Protection and support,0.3029188,0.3029188,-0.03553044,0.11840027,-0.16848761,-0.027333714
0257-ZESQC,0.5523237,Service quality,Billing and payment,0.30135733,0.30135733,-0.11112644,-0.17061523,-0.17370647,-0.182578
7531-GQHME,0.50024045,Protection and support,Engagement and bundling,0.08034291,-0.8651099,-0.33086604,0.08034291,-0.23023856,-0.5352345
5174-ITUMV,-0.581777,Billing and payment,Engagement and bundling,0.28665924,0.2236673,0.28665924,0.08683845,0.27898723,0.2371526
4109-CYRBD,0.48316938,Billing and payment,Protection and support,0.340016,-0.31637782,0.340016,0.13161938,-0.106862016,-0.1762461
0913-XWSCN,0.50622195,Service quality,Protection and support,0.29347363,0.29347363,-0.33316725,0.1468226,0.09484437,0.008426465
6825-UYPFK,0.5597203,Service quality,Protection and support,0.32887685,0.32887685,-0.38568518,0.12162763,-0.10466202,-0.2681235
8397-MVTAZ,0.47330156,Billing and payment,Service quality,0.35498148,0.30993393,0.35498148,0.15807247,0.23734102,0.14986861
0750-EBAIU,-0.79196846,Service quality,Billing and payment,0.21457577,0.21457577,0.17279689,-0.103854276,-0.1058606,-0.075629644
8606-CIQUL,-1.534714,Service quality,Price and plan fit,0.15156431,0.15156431,-0.07708275,-0.4142482,0.0706246,0.11441699
3571-DPYUH,-0.75855434,Service quality,Price and plan fit,0.21835752,0.21835752,-0.07926615,-0.12977703,-0.09083788,0.0069799423
7601-GNDYK,-1.4795,Protection and support,Engagement and bundling,0.06476583,-0.4959461,-0.29719,0.06476583,-0.20372134,-0.36307636
0356-OBMAC,-1.4794852,Price and plan fit,Service quality,0.19586594,0.1912391,-0.095089585,-0.117527075,0.019098595,0.19586594
8067-NIOYM,-1.5155284,Protection and support,Billing and payment,0.08371249,-0.52195495,-0.07392343,0.08371249,-0.20823792,-0.42492664
1403-GYAFU,-1.4390054,Protection and support,Engagement and bundling,0.067573585,-0.4777485,-0.25229213,0.067573585,-0.21897756,-0.5760832
4234-XTNEA,0.6380858,Billing and payment,Service quality,0.31932852,0.2936163,0.31932852,0.15744111,-0.09677111,0.050097987
1297-VQDRP,-0.54679966,Engagement and bundling,Price and plan fit,0.34446174,0.20837969,-0.05750801,-0.058912635,0.34446174,0.31127417
9282-IZGQK,0.6310738,Price and plan fit,Billing and payment,0.31620955,0.29404813,0.30206302,0.15446924,0.05995082,0.31620955
5348-CAGXB,0.6099216,Billing and payment,Service quality,0.3934855,0.3522172,0.3934855,0.13549152,0.061573997,0.092748314
0621-HJWXJ,0.55487955,Service quality,Protection and support,0.2726127,0.2726127,-0.14891852,0.13628668,-0.12737748,-0.23003154
5844-QVTAT,-0.704803,No actionable lever,Protection and support,-0.11200416,-0.273929,-0.11200416,-0.17115779,-0.31338102,-0.19568706
8905-IAZPF,-0.57100844,Service quality,Engagement and bundling,0.22402927,0.22402927,-0.06116848,0.11289128,0.19643821,-0.04506907
5394-MEITZ,-1.5425721,Engagement and bundling,Billing and payment,0.030258773,-0.1737865,-0.09897577,-0.13439469,0.030258773,-0.36520714
6859-QNXIQ,-1.5407134,Price and plan fit,Service quality,0.22214435,0.1735519,-0.08668269,-0.4165444,0.0674157,0.22214435
2782-LFZVW,0.4741574,Protection and support,Engagement and bundling,0.13016167,-0.38003716,-0.117570326,0.13016167,0.061605036,-0.082485974
2866-IKBTM,0.60732704,Protection and support,Price and plan fit,0.085552186,-0.6557077,-0.32551318,0.085552186,-0.16759537,0.043649018
1342-JPNKI,0.62857795,Service quality,Protection and support,0.35597306,0.35597306,-0.1181215,0.13256258,0.036788277,0.084671296
2817-NTQDO,0.5081715,Engagement and bundling,Price and plan fit,0.05382316,-0.38639817,-0.13802968,-0.35365042,0.05382316,-0.04803793
7129-AZJDE,-0.6397812,Service quality,Protection and support,0.24427876,0.24427876,-0.052175067,0.13434584,0.07486727,-0.054049853
6986-IJDHX,0.5633464,Service quality,Protection and support,0.32089692,0.32089692,-0.12751226,0.11833652,-0.05415704,-0.059094094
2560-PPCHE,-0.49970204,Engagement and bundling,Price and plan fit,0.31251365,0.21558748,-0.06307857,-0.11393127,0.31251365,0.29008007
4676-MQUEA,-0.756665,Price and plan fit,Service quality,0.38516563,0.20633757,-0.103645004,-0.21347506,-0.07320073,0.38516563
8138-EALND,0.49822786,Protection and support,Engagement and bundling,0.08334527,-0.8617872,-0.38162962,0.08334527,-0.23316671,-0.53439206
3580-HYCSP,-1.5355954,Price and plan fit,Service quality,0.275528,0.16802071,-0.09260314,-0.24878237,0.11790576,0.275528
1352-HNSAW,-1.5328722,Price and plan fit,Service quality,0.20003535,0.16577645,-0.085278474,-0.40032873,0.0700244,0.20003535
2075-PUEPR,-1.4272552,Protection and support,Billing and payment,0.08048658,-0.50242794,-0.2064749,0.08048658,-0.2586915,-0.6228551
1982-FEBTD,-1.4543548,Protection and support,Billing and payment,0.08363566,-0.542513,-0.07150341,0.08363566,-0.1025273,-0.33459866
5301-GAUUY,0.56806934,Service quality,Protection and support,0.3239652,0.3239652,-0.10783333,0.12093277,-0.10226979,-0.08489152
5791-KAJFD,-0.48917598,Engagement and bundling,Billing and payment,0.15411139,-0.19079232,-0.08536184,-0.16801704,0.15411139,-0.19416633
2654-VBVPB,0.6061374,Protection and support,Price and plan fit,0.08389075,-0.6609572,-0.30535784,0.08389075,-0.16724116,0.058822915
1154-HYWWO,-0.6750747,No actionable lever,Engagement and bundling,-0.11003861,-0.21090683,-0.2869147,-0.29804665,-0.14485182,-0.11003861
2501-XWWTZ,0.5868804,Service quality,Protection and support,0.33751413,0.33751413,-0.006385156,0.11285118,-0.18461244,0.04321145
3716-UVSPD,0.58333325,Billing and payment,Price and plan fit,0.31169057,-0.24065235,0.31169057,-0.17033683,-0.15918261,0.10758898
6815-ABQFQ,-0.5501876,Price and plan fit,Engagement and bundling,0.3989573,0.22545585,0.28895748,-0.1607013,0.29011953,0.3989573
7343-EOBEU,0.5466565,Protection and support,Engagement and bundling,0.091827154,-0.8463911,-0.11260061,0.091827154,-0.03562171,-0.19884
3701-SFMUH,0.47562122,Engagement and bundling,Protection and support,0.05828137,-0.40966702,-0.29607826,-0.19061914,0.05828137,-0.19158146
6103-LIANB,-1.5841925,Engagement and bundling,Service quality,0.24190967,0.20898381,-0.07180232,0.17140391,0.24190967,0.08188333
7319-VENRZ,0.510594,Price and plan fit,Engagement and bundling,0.006009981,-0.39464334,-0.33178264,-0.072524205,-0.058724925,0.006009981
5846-NEQVZ,-1.5003588,Engagement and bundling,Billing and payment,0.018252669,-0.16005924,-0.1082865,-0.32092914,0.018252669,-0.25353003
6967-QIQRV,-0.58234733,Price and plan fit,Service quality,0.22934294,0.2269839,-0.016227897,-0.23774017,0.13763438,0.22934294
5781-RFZRP,-1.4449304,Engagement and bundling,Service quality,0.0050322535,-0.17172551,-0.2626728,-0.34355927,0.0050322535,-0.2577702
0939-YAPAF,0.47494128,Billing and payment,Service quality,0.36471134,0.30654076,0.36471134,0.16249987,0.19317868,0.08404468
0308-IVGOK,-0.78197557,No actionable lever,Billing and payment,-0.043665417,-0.22941113,-0.05432137,-0.12877668,-0.1981995,-0.043665417
7293-LSCDV,-1.3995862,Protection and support,Billing and payment,0.06823149,-0.4979593,-0.08101216,0.06823149,-0.21107695,-0.7697289
7025-WCBNE,-1.4302918,No actionable lever,Engagement and bundling,-0.070065774,-0.15689059,-0.2206214,-0.070065774,-0.13088028,-0.17146917
5756-JYOJT,-0.5249539,Engagement and bundling,Protection and support,0.066173024,-0.2342493,-0.2700776,-0.053777374,0.066173024,-0.062428206
4710-FDUIZ,-0.5018685,Engagement and bundling,Price and plan fit,0.31456888,0.21613309,-0.3001858,0.10003188,0.31456888,0.29564103
6030-REHUX,0.42477918,Service quality,Billing and payment,0.2978151,0.2978151,0.28201112,-0.14548448,0.17119776,0.1818212
9548-LIGTA,-1.5046988,Engagement and bundling,Billing and payment,0.089944094,-0.17925492,-0.15359448,-0.3619311,0.089944094,-0.2965296
5150-LJNSR,-0.78266704,Service quality,Price and plan fit,0.23731634,0.23731634,-0.32590622,-0.12527847,-0.08738768,0.18617056
8270-RKSAP,0.6076863,Billing and payment,Service quality,0.36693394,0.33927345,0.36693394,0.12987618,-0.17690073,-0.01855265
6522-YRBXD,0.48439258,Billing and payment,Service quality,0.3166978,0.27646264,0.3166978,-0.2172024,0.023898989,-0.080847844
2640-LYMOV,0.58498377,Protection and support,Billing and payment,0.0878632,-0.81804526,-0.11601124,0.0878632,-0.1800791,-0.19708312
1218-VKFPE,0.50432146,Protection and support,Engagement and bundling,0.063248746,-0.88487566,-0.3810433,0.063248746,-0.2078691,-0.86095774
3627-FHKBK,0.6498834,Service quality,Price and plan fit,0.28023222,0.28023222,-0.3264113,-0.16519772,-0.15421379,0.22594637
2865-TCHJW,0.63164866,Billing and payment,Service quality,0.32012257,0.3068045,0.32012257,0.14291605,0.059337266,0.120396316
1423-BMPBQ,0.60893166,Protection and support,Billing and payment,0.087658085,-0.65417516,-0.10104369,0.087658085,-0.14600405,-0.4280419
2393-DIVAI,0.5756842,Protection and support,Billing and payment,0.08380618,-0.8901911,-0.11751267,0.08380618,-0.22656226,-0.542825
5192-EBGOV,0.6486754,Price and plan fit,Billing and payment,0.32380313,0.29324692,0.3092456,0.14882469,0.06064166,0.32380313
4568-KNYWR,-1.4611735,No actionable lever,Billing and payment,-0.08947837,-0.1864035,-0.1034856,-0.1675939,-0.08947837,-0.31219414
8752-IMQOS,-0.73703897,Protection and support,Engagement and bundling,0.06999672,-0.6232882,-0.32317403,0.06999672,-0.3023509,-0.54810154
0742-LAFQK,-1.5724151,Billing and payment,Price and plan fit,0.3706832,0.173145,0.3706832,-0.2677438,0.044480577,0.28969482
0795-LAFGP,-1.492992,Billing and payment,Engagement and bundling,0.1947676,-0.18613096,0.1947676,-0.3974364,0.09259372,-0.11803414
0619-OLYUR,-1.4786277,Price and plan fit,Service quality,0.37770844,0.16676258,-0.097671025,-0.30223688,0.1580813,0.37770844
5512-IDZEI,-0.7289383,Billing and payment,Protection and support,0.10854663,-0.61764455,0.10854663,0.07596663,-0.15973929,-0.49899715
0459-SPZHJ,-1.5359609,Engagement and bundling,Service quality,0.18873054,-0.17218266,-0.24972312,-0.18406609,0.18873054,-0.23788187
0215-BQKGS,0.554908,Service quality,Price and plan fit,0.3060673,0.3060673,-0.12572725,-0.21113484,-0.18394159,-0.0584644
9244-ZVAPM,0.59801954,Protection and support,Price and plan fit,0.1247651,-0.22829825,-0.3386916,0.1247651,-0.16951022,0.12202443
0719-SYFRB,0.504884,No actionable lever,Engagement and bundling,-0.060158215,-0.39574644,-0.19241063,-0.31556705,-0.07770633,-0.060158215
8208-EUMTE,-1.5366483,Engagement and bundling,Service quality,0.014932029,-0.18992987,-0.30045977,-0.3410285,0.014932029,-0.2538979
5172-MIGPM,0.5043945,Engagement and bundling,Protection and support,0.0699393,-0.30884197,-0.38298845,-0.055322506,0.0699393,-0.105849646
1710-RCXUS,-0.6395441,Service quality,Engagement and bundling,0.22350593,0.22350593,-0.063000016,0.12445677,0.15577936,-0.050209552
0374-FIUCA,-1.4704175,Protection and support,Billing and payment,0.0857011,-0.532769,-0.087044425,0.0857011,-0.27524891,-0.87379354
5839-SUYVZ,0.5826162,Service quality,Price and plan fit,0.31150252,0.31150252,-0.109913446,-0.08278177,-0.16885516,0.006857034
5173-ZXXXL,-0.8713929,Protection and support,Billing and payment,0.062010393,-0.6193291,-0.293447,0.062010393,-0.34361285,-0.59521645
1096-ADRUX,-0.8350543,Service quality,Protection and support,0.21437779,0.21437779,-0.114063844,0.12427858,-0.23509334,-0.18740648
2001-MCUUW,-1.2430089,Price and plan fit,Service quality,0.66704756,0.20677422,0.06870548,-0.11895813,0.1838793,0.66704756
2731-GJRDG,-0.52275574,Price and plan fit,Engagement and bundling,0.39533162,0.22069791,-0.09189584,-0.26275736,0.313955,0.39533162
4723-BEGSG,-1.5283628,Engagement and bundling,Service quality,0.15742269,-0.16062702,-0.27714643,-0.3411907,0.15742269,-0.32312918
6516-NKQBO,-1.5530927,Engagement and bundling,Price and plan fit,0.06804672,-0.19620045,-0.23382021,-0.24705678,0.06804672,-0.009490395
8672-OAUPW,-0.6793925,No actionable lever,Protection and support,-0.011613338,-0.19109851,-0.22337219,-0.0569133,-0.28040513,-0.011613338
8207-DMRVL,-1.5270488,Price and plan fit,Service quality,0.17757036,0.1631872,-0.22149551,-0.3759409,0.08651024,0.17757036
3419-SNJJD,0.43249556,Service quality,Engagement and bundling,0.25672498,0.25672498,-0.2947666,-0.1322035,0.19255155,0.17089406
6543-CPZMK,0.5288502,Billing and payment,Protection and support,0.37466726,-0.3085894,0.37466726,0.10816332,0.045962088,-0.056287624
4765-OXPPD,0.503188,No actionable lever,Engagement and bundling,-0.087445445,-0.3799081,-0.30741644,-0.27475774,-0.17774883,-0.087445445
2804-ETQDK,-1.4557922,Protection and support,Engagement and bundling,0.07188863,-0.49206775,-0.3097343,0.07188863,-0.22555709,-0.49626604
6689-VRRTK,-0.53770417,Price and plan fit,Engagement and bundling,0.37114993,0.20611766,-0.082055785,-0.1994538,0.25119227,0.37114993
7138-GIRSH,-1.478219,Engagement and bundling,Protection and support,0.08821893,-0.16938025,-0.25504208,-0.06945793,0.08821893,-0.27762178
9396-ZSFLL,0.49874073,Protection and support,Engagement and bundling,0.11101153,-0.29502,-0.4424792,0.11101153,-0.09109839,-0.09497822
6464-KEXXH,0.5529104,Protection and support,Engagement and bundling,0.13850304,-0.32765147,-0.10752036,0.13850304,0.019825831,-0.1051082
7134-MJPDY,-0.54023236,Price and plan fit,Engagement and bundling,0.37691122,0.20858277,-0.06286955,-0.036365137,0.36320913,0.37691122
5240-CAOYT,0.53369707,Service quality,Engagement and bundling,0.2655716,0.2655716,-0.14294006,-0.4268064,-0.100358814,-0.16903555
4059-IIEBK,0.6317998,Service quality,Protection and support,0.36213958,0.36213958,-0.07098662,0.105690554,-0.06106785,-0.012768775
4881-JVQOD,0.49815002,Protection and support,Engagement and bundling,0.15901059,-0.32285014,-0.1058127,0.15901059,0.111080304,-0.21229884
0516-UXRMT,-0.8200545,Billing and payment,Service quality,0.4121908,0.2060428,0.4121908,-0.18169335,-0.2215945,-0.14109084
4851-BQDNX,-0.85427934,Billing and payment,Service quality,0.39271063,0.25293618,0.39271063,0.14952688,-0.1417836,-0.09421636
5148-HKFIR,-1.491356,Protection and support,Engagement and bundling,0.06957569,-0.55978984,-0.33157566,0.06957569,-0.26574367,-0.7116163
1009-IRMNA,0.51058805,Protection and support,Engagement and bundling,0.071273394,-0.87563646,-0.3092079,0.071273394,-0.18311517,-0.19569731
3003-CMDUU,0.5006376,Billing and payment,Service quality,0.3368579,0.33391064,0.3368579,-0.11290688,0.075785674,0.115660116
5016-IBERQ,0.5476502,Service quality,Protection and support,0.3252001,0.3252001,0.005096901,0.09133972,-0.0697545,-0.11900534
6797-UCJHZ,-0.52949774,Engagement and bundling,Price and plan fit,0.2985472,0.20128854,-0.26945224,0.087265514,0.2985472,0.24073923
2469-DTSGX,-1.4891992,Service quality,Engagement and bundling,0.16009662,0.16009662,0.13143635,-0.084823966,0.14922106,0.09176123
4554-YGZIH,0.50776285,Service quality,Protection and support,0.28092575,0.28092575,-0.30576977,0.11757828,0.10494892,-0.09555606
5099-BAILX,0.41267976,Service quality,Price and plan fit,0.28793976,0.28793976,-0.08381489,-0.14237718,0.14457822,0.19095656
9931-KGHOA,0.47799712,No actionable lever,Price and plan fit,-0.11701912,-0.30573082,-0.31286567,-0.18081029,-0.11701912,-0.13742077
1775-KWJKQ,-1.5583296,Engagement and bundling,Service quality,0.08720375,-0.16570179,-0.2348719,-0.38586748,0.08720375,-0.21198425
7665-VIGUD,-0.6908084,Protection and support,Engagement and bundling,0.0651197,-0.6268419,-0.3462186,0.0651197,-0.32235473,-0.56073594
9411-TPQQV,-0.4730297,Engagement and bundling,Billing and payment,0.30411607,-0.20094958,-0.09801041,-0.37436447,0.30411607,-0.2203787
7207-RMRDB,0.43262368,Billing and payment,Service quality,0.30736238,0.29151765,0.30736238,0.09711919,0.20227024,0.10777423
7954-MLBUN,-1.6091468,Service quality,Engagement and bundling,0.20862047,0.20862047,-0.29703167,-0.06572057,0.1557301,0.13566105
2077-DDHJK,-1.4183252,No actionable lever,Service quality,-0.11229156,-0.16869704,-0.23959331,-0.28392422,-0.11229156,-0.37839276
4913-EHYUI,-0.50894505,Price and plan fit,Engagement and bundling,0.3402718,0.19831496,-0.07720522,-0.13728206,0.32783327,0.3402718
0195-IESCP,0.59645456,Service quality,Billing and payment,0.3522585,0.3522585,0.3377752,0.1415691,0.05935302,0.22444315
9574-BOSMD,-1.379808,Protection and support,Engagement and bundling,0.07397385,-0.5048306,-0.29267275,0.07397385,-0.16340181,-0.4966519
4580-TMHJU,0.46856213,Protection and support,Billing and payment,0.11826766,-0.32097185,0.036613736,0.11826766,-0.07165478,-0.13419779
0970-ETWGE,0.6259103,Price and plan fit,Billing and payment,0.3266077,0.29813215,0.30306613,0.15701467,0.035609562,0.3266077
4908-XAXAY,-0.6528059,Service quality,Protection and support,0.20874414,0.20874414,-0.06226694,0.123245485,0.04340712,-0.16843224
8404-VLQFB,0.5091013,Billing and payment,Protection and support,0.33721104,-0.94031256,0.33721104,0.09961207,-0.012650309,-0.35255587
1626-ERCMM,0.5140345,Billing and payment,Service quality,0.34556422,0.31161165,0.34556422,0.15357748,0.20381266,0.08594481
0887-HJGAR,0.6081174,Protection and support,Price and plan fit,0.1386891,-0.23202455,-0.11896491,0.1386891,-0.1684601,0.11458084
2391-IPLOP,-0.702396,Billing and payment,Engagement and bundling,0.379669,-0.21420659,0.379669,-0.074964,-0.04870987,-0.161091
5644-PDMZC,0.5891106,Service quality,Protection and support,0.27790546,0.27790546,-0.08304342,0.087335974,0.04808361,0.030911297
3509-GWQGF,0.5588257,Service quality,Protection and support,0.3245801,0.3245801,-0.33398354,0.11464355,-0.24209629,-0.2831054
9576-ANLXO,0.64624906,Service quality,Protection and support,0.30390057,0.30390057,-0.07923584,0.14887266,-0.21129824,-0.12261207
2024-BASKD,0.6664729,Service quality,Price and plan fit,0.29532695,0.29532695,-0.11524597,0.14289825,-0.15787275,0.21719012
5845-BZZIB,-1.3846351,Protection and support,Engagement and bundling,0.061489817,-0.521129,-0.3485318,0.061489817,-0.19776443,-0.51717234
1140-UKVZG,0.4606242,Protection and support,Engagement and bundling,0.072557576,-0.80905473,-0.38425028,0.072557576,-0.04890442,-0.1650971
4160-AMJTL,0.49004972,Protection and support,Billing and payment,0.079512194,-0.9860152,0.0059574563,0.079512194,-0.23502254,-0.5445798
5183-SNMJQ,0.54082847,Service quality,Price and plan fit,0.3539209,0.3539209,-0.08260017,-0.08565797,0.08091555,0.1889947
8100-PNJMH,-1.5352194,Engagement and bundling,Billing and payment,0.098551735,-0.18655834,-0.09891253,-0.38160583,0.098551735,-0.28213647
7838-LAZFO,-0.4644202,Engagement and bundling,Protection and support,0.19821227,-0.20416316,-0.24069558,-0.1690856,0.19821227,-0.20616469
4464-JCOLN,-0.8028091,Protection and support,Engagement and bundling,0.07111106,-0.61210483,-0.3306991,0.07111106,-0.29639494,-0.4708445
2085-JVGAD,0.44694546,Protection and support,Engagement and bundling,0.064321615,-0.7753288,-0.3599197,0.064321615,-0.19286263,-0.48530233
5650-VDUDS,0.6109663,Protection and support,Engagement and bundling,0.13848878,-0.25356084,-0.14145862,0.13848878,0.008821666,-0.05815909
8095-WANWK,0.5170129,Protection and support,Price and plan fit,0.11153399,-0.32803482,-0.44910365,0.11153399,-0.18377107,-0.106691785
3030-ZKIWL,0.60684955,Protection and support,Price and plan fit,0.0874657,-0.6549561,-0.32259062,0.0874657,-0.1699419,0.0653135
9565-FLVCG,-1.5138187,Engagement and bundling,Billing and payment,0.06047381,-0.17068012,-0.1561354,-0.18479005,0.06047381,-0.24184805
8755-OGKNA,-1.4465866,Protection and support,Billing and payment,0.07567766,-0.52352834,-0.20642737,0.07567766,-0.24667138,-0.6568839
2800-VEQXM,0.6474387,Service quality,Protection and support,0.3059426,0.3059426,-0.10548658,0.14977744,-0.21644798,-0.098770745
7538-GWHML,0.6164931,Service quality,Protection and support,0.28781688,0.28781688,-0.05253535,0.12301235,-0.2201995,-0.08546967
5533-RJFTJ,0.5063912,Protection and support,Engagement and bundling,0.15359369,-0.2894367,-0.14002453,0.15359369,0.026739165,-0.13890034
3859-CVCET,0.5568183,Protection and support,Price and plan fit,0.12735972,-0.25025672,-0.356118,0.12735972,-0.22706583,-0.1141662
0214-JHPFW,-1.5056808,Engagement and bundling,Service quality,0.19246739,-0.15813409,-0.25125265,-0.19396538,0.19246739,-0.23321977
5642-MHDQT,-0.75739527,Protection and support,Billing and payment,0.07595147,-0.5236646,-0.07153673,0.07595147,-0.3136454,-0.38573322
3088-FVYWK,-1.439859,Protection and support,Engagement and bundling,0.07315192,-0.5027047,-0.23771536,0.07315192,-0.13550602,-0.50741345
3276-HDUEG,0.66652226,Service quality,Price and plan fit,0.29532695,0.29532695,-0.11854009,0.14633653,-0.052508276,0.19967374
9092-GDZKO,0.48184568,Protection and support,Engagement and bundling,0.092028126,-0.8269879,-0.101776145,0.092028126,-0.08869983,-0.23376122
0823-HSCDJ,0.46094462,Engagement and bundling,Billing and payment,0.32668793,-0.27773806,0.32081848,0.14165287,0.32668793,0.012902119
3729-OWRVL,-1.2736192,Price and plan fit,Billing and payment,0.44673842,0.18333367,0.2929427,-0.24595785,0.17182223,0.44673842
2324-AALNO,-0.7341932,Protection and support,Billing and payment,0.07233661,-0.56268996,-0.22884107,0.07233661,-0.2296024,-0.48036972
0822-GAVAP,0.56517756,Billing and payment,Protection and support,0.345087,-0.21564654,0.345087,0.15857576,0.14961109,0.031957813
5760-IFJOZ,0.5117739,Price and plan fit,Service quality,0.39720964,0.29686037,-0.37414372,0.08752412,0.17865181,0.39720964
2826-UWHIS,0.5530309,Service quality,Protection and support,0.30988947,0.30988947,-0.34118822,0.1147997,-0.06931099,-0.16121145
1448-PWKYE,0.61130154,Service quality,Price and plan fit,0.28777468,0.28777468,-0.041926913,0.13993692,-0.060354322,0.26703665
7501-IWUNG,-1.516573,Engagement and bundling,Protection and support,0.09651784,-0.17330387,-0.1040121,-0.08563384,0.09651784,-0.36216947
4957-TREIR,0.5626847,No actionable lever,Price and plan fit,-0.06327793,-0.3069483,-0.10646796,-0.3370574,-0.06327793,-0.071603
7251-LJBQN,-0.5224636,Price and plan fit,Engagement and bundling,0.37953982,0.21796079,-0.074107476,-0.056200042,0.32964793,0.37953982
8040-MNRTF,0.656375,Service quality,Price and plan fit,0.29339653,0.29339653,-0.33686078,0.12885118,-0.15835072,0.23541522
1536-HBSWP,0.58483833,Billing and payment,Price and plan fit,0.31097987,-0.24065235,0.31097987,-0.1629698,-0.1533666,0.10842423
5313-FPXWG,-0.7554497,Protection and support,Billing and payment,0.08875237,-0.56086016,-0.078773074,0.08875237,-0.25865388,-0.5877555
0067-DKWBL,0.5567302,Billing and payment,Price and plan fit,0.3418061,-0.2357523,0.3418061,-0.18264762,-0.15993239,0.01987578
0946-FKYTX,-0.7264797,Protection and support,Engagement and bundling,0.13705187,-0.17424972,-0.3087629,0.13705187,-0.1546771,-0.37158537
5076-YVXCM,0.51271576,Service quality,Protection and support,0.30185992,0.30185992,-0.33797532,0.14230052,0.059095424,-0.17149448
8262-COGGB,0.61939096,Protection and support,Price and plan fit,0.09799097,-0.6678996,-0.09692665,0.09799097,-0.16889176,-0.0024814606
6663-JOCQO,-0.4743213,Engagement and bundling,Billing and payment,0.18012027,-0.21340019,-0.076150015,-0.35304305,0.18012027,-0.123897046
9620-QJREV,-0.73454386,Protection and support,Billing and payment,0.075285554,-0.56237084,-0.23013623,0.075285554,-0.36026338,-0.73398834
2276-YDAVZ,0.64712,Service quality,Price and plan fit,0.30574825,0.30574825,-0.07811718,0.13520803,-0.018118747,0.18864623
2682-KEVRP,-0.7250382,Protection and support,Billing and payment,0.073281825,-0.58171004,-0.1079658,0.073281825,-0.31592053,-0.44319287
2480-JZOSN,0.62240183,Protection and support,Price and plan fit,0.09627915,-0.6614929,-0.09774075,0.09627915,-0.16759652,0.026931837
0078-XZMHT,-1.5652783,Engagement and bundling,Protection and support,0.19752634,-0.1644583,-0.12289532,-0.11612753,0.19752634,-0.14982124
5896-NPFWW,0.5715047,Billing and payment,Protection and support,0.33628705,-0.2418293,0.33628705,0.14037228,-0.1926268,-0.11924484
9978-HYCIN,-0.8610999,Service quality,Protection and support,0.22157402,0.22157402,-0.09724015,0.11496632,-0.21457921,-0.1176757
8338-QIUNR,-1.4683264,No actionable lever,Billing and payment,-0.112507574,-0.15395549,-0.13572659,-0.35811576,-0.112507574,-0.29386282
1525-LNLOJ,-1.4825053,Protection and support,Engagement and bundling,0.13895348,-0.17500044,-0.122499056,0.13895348,-0.026330838,-0.20236081
9450-TRJUU,0.5346379,Service quality,Protection and support,0.3202938,0.3202938,0.006392724,0.12808004,0.054419544,-0.076916486
1766-GKNMI,0.5380856,Billing and payment,Service quality,0.33571118,0.32908547,0.33571118,0.15250143,0.06633224,-0.06498599
6942-LBFDP,0.560557,Protection and support,Billing and payment,0.08605109,-0.81701624,-0.12159322,0.08605109,-0.1784329,-0.3692686
1456-TWCGB,0.5533649,Protection and support,Price and plan fit,0.112171575,-0.25036833,-0.35286954,0.112171575,-0.21750903,-0.13333231
7133-VBDCG,0.567474,Service quality,Billing and payment,0.3238457,0.3238457,-0.1337897,-0.18293902,-0.20574266,-0.14761576
7596-ZYWBB,-1.4385512,No actionable lever,Billing and payment,-0.17224303,-0.17224303,-0.20332402,-0.3357671,-0.20569856,-0.3261477
8329-UTMVM,-0.5536635,Price and plan fit,Engagement and bundling,0.5148871,0.2269533,-0.061541285,-0.08670847,0.34994453,0.5148871
3014-WJKSM,0.5641353,Service quality,Protection and support,0.32918012,0.32918012,-0.10796514,0.13348423,-0.23772773,-0.22856393
3347-YJZZE,0.44947106,Engagement and bundling,Protection and support,0.14538294,-0.3175045,-0.36809725,0.09761453,0.14538294,-0.15901789
1029-QFBEN,0.60684955,Protection and support,Price and plan fit,0.087211706,-0.6557077,-0.32734483,0.087211706,-0.1699419,0.039425716
7929-DMBCV,0.5779517,Service quality,Protection and support,0.31956625,0.31956625,-0.15297997,-0.08279903,-0.22719046,-0.17226383
9661-JALZV,-1.477278,Protection and support,Billing and payment,0.09719412,-0.53918123,-0.07525351,0.09719412,-0.11373914,-0.69512904
5433-KYGHE,0.59821093,Service quality,Price and plan fit,0.32582474,0.32582474,-0.17746851,-0.33145165,-0.06367491,0.07650391
4312-KFRXN,-1.4080889,Protection and support,Engagement and bundling,0.11594676,-0.4852128,-0.37886092,0.11594676,-0.17458105,-0.50078446
5575-TPIZQ,0.5474141,Service quality,Engagement and bundling,0.29370946,0.29370946,-0.14176501,-0.1924782,0.05597406,-0.101128876
0114-IGABW,-1.5256815,Engagement and bundling,Service quality,0.17467168,-0.1429261,-0.27218914,-0.17840406,0.17467168,-0.21948999
9944-AEXBM,0.5265744,Service quality,Protection and support,0.3198298,0.3198298,-0.092898846,0.14833242,0.05109669,-0.087463245
1853-ARAAQ,0.46012828,Engagement and bundling,Protection and support,0.29448658,-0.38512075,-0.13011698,0.15801956,0.29448658,-0.16258293
6952-OMNWB,0.5537884,Service quality,Protection and support,0.2717344,0.2717344,-0.12574835,0.14463528,-0.11009704,-0.27041435
4697-LUPSU,-0.8028091,Protection and support,Engagement and bundling,0.07111106,-0.616973,-0.32162425,0.07111106,-0.2967461,-0.4968945
8434-VGEQQ,-1.4453478,Protection and support,Billing and payment,0.06860341,-0.51593864,-0.23008305,0.06860341,-0.26622462,-0.8101665
4952-YSOGZ,0.6109919,Service quality,Billing and payment,0.3162165,0.3162165,0.2994544,0.16679664,0.1480956,0.24365166
1589-AGTLK,0.5705252,Billing and payment,Protection and support,0.3418277,-0.23897472,0.3418277,0.13625275,-0.23121884,-0.13759062
5244-IRFIH,0.4908184,Billing and payment,Service quality,0.31844857,0.30779368,0.31844857,0.15363663,0.18462704,0.03539978
6549-YMFAW,0.52120084,Protection and support,Billing and payment,0.09647261,-0.90953946,-0.12948981,0.09647261,-0.22990653,-0.44531593
4950-HKQTE,-1.4587448,Protection and support,Engagement and bundling,0.089599684,-0.5395721,-0.3311038,0.089599684,-0.075189844,-0.33395484
6786-OBWQR,0.6267152,Billing and payment,Service quality,0.3332488,0.31413645,0.3332488,0.13556705,-0.06142932,-0.043367844
2684-EIWEO,0.5496307,Service quality,Price and plan fit,0.29608536,0.29608536,-0.27972072,-0.16511336,-0.11322373,0.12243277
2753-JMMCV,-1.4984982,Engagement and bundling,Billing and payment,0.075238,-0.17118353,-0.083020315,-0.1207205,0.075238,-0.25511935
6439-GTPCA,0.546622,Billing and payment,Service quality,0.3418029,0.30595756,0.3418029,-0.0893981,-0.05883682,-0.097575046
6621-YOBKI,0.49847806,Protection and support,Engagement and bundling,0.07621245,-0.898398,-0.42016616,0.07621245,-0.18202019,-0.49034604
1216-JWVUX,0.5658395,Billing and payment,Service quality,0.3612592,0.3300377,0.3612592,0.09567949,-0.17162962,-0.17017399
7564-GHCVB,-1.6321778,Service quality,Engagement and bundling,0.15897009,0.15897009,-0.32201263,-0.16178332,-0.1123014,-0.26601934
1173-NOEYG,0.5218591,Service quality,Protection and support,0.32171464,0.32171464,-0.34515005,0.12958048,0.042796858,0.015433025
7595-EHCDL,0.44840482,Engagement and bundling,Protection and support,0.2877712,-0.35892636,-0.33077383,0.16227932,0.2877712,-0.21597949
6647-ZEDXT,-0.5052696,Price and plan fit,Engagement and bundling,0.4242335,0.22135536,-0.24836315,-0.09207079,0.28840825,0.4242335
2521-NPUZR,-1.5041033,Price and plan fit,Service quality,0.32264236,0.17896356,-0.22754638,-0.29153723,-0.05445821,0.32264236
1307-TVUFB,0.5578595,Service quality,Protection and support,0.30223286,0.30223286,-0.122062884,0.11395773,-0.09947057,-0.1032137
7503-MIOGA,-1.5358123,Engagement and bundling,Price and plan fit,0.1138821,-0.15353811,-0.12774295,-0.43403238,0.1138821,-0.11998942
4381-MHQDC,-1.4327476,No actionable lever,Billing and payment,-0.13253881,-0.18406744,-0.15092094,-0.33248767,-0.13253881,-0.21851484
6923-JHPMP,0.62023896,Billing and payment,Service quality,0.33239397,0.26992914,0.33239397,-0.19959362,-0.16832028,-0.034817748
5138-WVKYJ,0.5360789,Price and plan fit,Service quality,0.40904388,0.34354877,-0.034287628,-0.12830731,0.23386592,0.40904388
4018-PPNDW,-1.4908082,Protection and support,Engagement and bundling,0.09896938,-0.5417936,-0.17087902,0.09896938,-0.1220524,-0.71857554
1635-FJFCC,0.5577143,Protection and support,Price and plan fit,0.12353797,-0.25670585,-0.0787118,0.12353797,-0.17353249,-0.013623692
2499-AJYUA,-1.5164801,Price and plan fit,Service quality,0.17781553,0.16174993,-0.082238205,-0.08507534,0.15728928,0.17781553
6919-ELBGL,-1.5268726,Price and plan fit,Service quality,0.1768216,0.14866199,-0.086357705,-0.40029916,0.076747686,0.1768216
3966-HRMZA,0.6289758,Service quality,Protection and support,0.2890648,0.2890648,-0.3683321,0.11831946,-0.16743381,-0.009838857
6425-JWTDV,-1.3193449,Protection and support,Engagement and bundling,0.05935081,-0.5255324,-0.34907195,0.05935081,-0.22297338,-0.8934944
8405-IGQFX,-0.8021171,Service quality,Protection and support,0.21870926,0.21870926,-0.1014142,-0.08853746,-0.19911687,-0.27767766
8224-IVVPA,0.48382676,No actionable lever,Engagement and bundling,-0.14884113,-0.39396688,-0.14884113,-0.24041447,-0.21417293,-0.37562215
9477-LGWQI,-1.5370966,Engagement and bundling,Billing and payment,0.040911857,-0.18533298,-0.09302197,-0.16696294,0.040911857,-0.18889669
1410-RSCMR,0.48136944,No actionable lever,Billing and payment,-0.057401374,-0.41296434,-0.09772991,-0.31818113,-0.057401374,-0.1306724
3115-CZMZD,-1.7552111,Protection and support,Engagement and bundling,0.06577647,-0.526049,-0.28997305,0.06577647,-0.22709167,-0.738304
0139-IVFJG,0.60408133,Service quality,Price and plan fit,0.27993387,0.27993387,-0.02949835,-0.23556209,-0.075742714,0.08309779
6683-VLCTZ,0.50683135,Billing and payment,Service quality,0.3750414,0.31238195,0.3750414,0.15183078,0.18826163,0.077141
5730-DBDSI,-1.376054,Protection and support,Billing and payment,0.06690298,-0.47329465,-0.22681457,0.06690298,-0.24149524,-0.45726722
0030-FNXPP,0.53409564,Protection and support,Engagement and bundling,0.07395889,-0.8182807,-0.41799346,0.07395889,-0.17502978,-0.3921695
2189-WWOEW,0.5592602,Service quality,Protection and support,0.31853056,0.31853056,-0.069224186,0.10130188,-0.040435486,0.026994929
5684-FJVYR,-1.6461046,Service quality,Engagement and bundling,0.163699,0.163699,-0.14518829,-0.4079208,-0.105685845,-0.23494193
4013-GUXND,0.6093829,Price and plan fit,Protection and support,0.09511938,-0.6615213,-0.31594107,0.08975244,-0.1699419,0.09511938
1894-IGFSG,0.5293649,Service quality,Protection and support,0.30846262,0.30846262,-0.016068585,0.12960923,0.06366664,-0.079234526
7379-POKDZ,0.63219553,Billing and payment,Service quality,0.33723906,0.28923804,0.33723906,0.13641319,-0.17685601,0.042683825
1266-NZYUI,-1.4433709,No actionable lever,Service quality,-0.11588127,-0.14648055,-0.29259148,-0.30047327,-0.11588127,-0.25230256
7969-FFOWG,-1.4551702,Protection and support,Engagement and bundling,0.07018441,-0.4842844,-0.30881774,0.07018441,-0.23083219,-0.4267051
4718-DHSMV,0.5277887,Protection and support,Engagement and bundling,0.13965076,-0.3279576,-0.16115244,0.13965076,0.13177472,-0.03767755
5175-WLYXL,0.5684302,Service quality,Protection and support,0.3170117,0.3170117,-0.1367759,0.11366956,-0.09110789,-0.1676602
7817-OMJNA,-0.7364712,Protection and support,Billing and payment,0.06994173,-0.56723106,-0.24454862,0.06994173,-0.30931684,-0.25350717
8728-SKJLR,0.54454494,Billing and payment,Service quality,0.34097025,0.32012647,0.34097025,-0.10455628,-0.18868177,-0.16396716
3137-NYQQI,-0.47196174,Engagement and bundling,Protection and support,0.031852245,-0.2184999,-0.3099761,-0.19846186,0.031852245,-0.22858134
7706-DZNKK,0.51885986,Protection and support,Billing and payment,0.091694884,-0.90149945,-0.10387955,0.091694884,-0.23120095,-0.59048516
0236-HFWSV,0.5615414,Billing and payment,Service quality,0.35437974,0.33076867,0.35437974,0.14512882,0.24603981,0.008255132
3900-AQPHZ,0.60732704,Protection and support,Price and plan fit,0.08580619,-0.6549561,-0.32075897,0.08580619,-0.16759537,0.0695368
5842-POCOP,0.600548,Service quality,Price and plan fit,0.31108445,0.31108445,-0.10696996,-0.19415104,-0.06510915,0.17687449
2037-XJFUP,-0.6236252,Billing and payment,Service quality,0.34584823,0.25357136,0.34584823,0.14845291,0.16338749,0.1172176
8823-RLPWL,-1.5266085,Price and plan fit,Service quality,0.27058727,0.17523283,-0.08274594,-0.24492443,0.13597101,0.27058727
9505-SQFSW,0.53208536,Engagement and bundling,Protection and support,0.1444211,-0.22014359,-0.3825541,0.120552324,0.1444211,-0.035319358
7314-OXENN,0.6385206,Billing and payment,Service quality,0.31865537,0.29391757,0.31865537,0.108578995,0.0022491226,0.24655363
3758-CKOQL,-0.47086704,Price and plan fit,Service quality,0.3131091,0.20060824,-0.07067577,-0.3491908,0.113466136,0.3131091
0322-CHQRU,0.56190956,Protection and support,Price and plan fit,0.11858492,-0.22408414,-0.020096071,0.11858492,-0.17999662,0.06140162
5676-CFLYY,-1.5274035,Engagement and bundling,Billing and payment,0.12327796,-0.16539854,-0.09353997,-0.10722206,0.12327796,-0.25928664
7521-AFHAB,0.55525625,Protection and support,Price and plan fit,0.11539333,-0.2534076,-0.37511575,0.11539333,-0.16842476,0.00302751
0285-INHLN,0.48733804,No actionable lever,Protection and support,-0.097647734,-0.3971356,-0.097647734,-0.17986642,-0.19492,-0.2505276
4678-DVQEO,0.5867937,Billing and payment,Price and plan fit,0.31097987,-0.24065235,0.31097987,-0.16815422,-0.15368299,0.12058969
5125-CNDSP,-0.70453066,No actionable lever,Service quality,-0.1245429,-0.17477727,-0.1245429,-0.3896732,-0.26274455,-0.22476666
0691-IFBQW,-0.5681485,Price and plan fit,Billing and payment,0.3802365,0.20602137,0.25519913,-0.21975821,0.21592027,0.3802365
4992-LTJNE,-1.4742098,No actionable lever,Service quality,-0.115324095,-0.14495522,-0.30385903,-0.15675797,-0.115324095,-0.19651681
2202-OUTMO,0.47915256,No actionable lever,Billing and payment,-0.10469563,-0.38761497,-0.13462053,-0.34705102,-0.10469563,-0.24673074
0810-BDHAW,-0.52599204,Engagement and bundling,Billing and payment,0.21841964,-0.28869236,0.043903656,-0.18152346,0.21841964,-0.17967924
0229-LFJAF,-1.4416406,No actionable lever,Engagement and bundling,-0.14662972,-0.14662972,-0.2852882,-0.35169837,-0.14858139,-0.36670786
7131-ZQZNK,-1.4993834,Engagement and bundling,Service quality,0.12938854,-0.15592721,-0.23741595,-0.34722757,0.12938854,-0.203598
3442-ZHHCC,-0.47617668,Engagement and bundling,Billing and payment,0.13512716,-0.19079688,-0.069885276,-0.20139883,0.13512716,-0.32743022
5726-CVNYA,-1.497523,Protection and support,Billing and payment,0.07018421,-0.5948615,-0.10459685,0.07018421,-0.19942112,-0.5153471
9871-ELEYA,-1.482188,No actionable lever,Service quality,-0.07075208,-0.19061239,-0.25096923,-0.24953647,-0.07075208,-0.20650868
4257-GAESD,0.49179968,Engagement and bundling,Protection and support,0.21176568,-0.31102154,-0.34372008,0.14463143,0.21176568,-0.16420396
5173-WXOQV,0.5449476,No actionable lever,Price and plan fit,-0.066238195,-0.28827283,-0.092275634,-0.087626584,-0.066238195,-0.07889776
2040-OBMLJ,-0.840431,Service quality,Protection and support,0.24111749,0.24111749,-0.2903089,-0.07491921,-0.22343306,-0.11675224
6286-ZHAOK,0.50193626,Protection and support,Engagement and bundling,0.0889959,-0.8171874,-0.11322626,0.0889959,-0.081808574,-0.2257827
3807-XHCJH,0.5847711,Protection and support,Price and plan fit,0.08424824,-0.7159146,-0.038142636,0.08424824,-0.15047225,0.07135353
3009-JWMPU,-0.60792,Billing and payment,Engagement and bundling,0.37057304,0.22448143,0.37057304,0.17372426,0.33077422,0.019106835
5671-RQRLP,-1.609486,Service quality,Protection and support,0.18721189,0.18721189,-0.10568765,0.13106036,-0.1312195,-0.41173857
1450-GALXR,0.5243983,Price and plan fit,Service quality,0.46369696,0.35567844,0.31819603,-0.030304529,0.24530682,0.46369696
8859-AXJZP,-1.5119293,Protection and support,Engagement and bundling,0.08089321,-0.5216295,-0.13948154,0.08089321,-0.1231488,-0.44677743
3174-AKMAS,-1.4928293,No actionable lever,Billing and payment,-0.08251538,-0.18883312,-0.09432716,-0.11417323,-0.08251538,-0.26710215
3138-BKYAV,0.62732685,Billing and payment,Service quality,0.35828072,0.3506437,0.35828072,0.1015938,-0.051719382,0.04821614
9926-PJHDQ,-1.5590794,Engagement and bundling,Protection and support,0.19898728,-0.15453565,-0.11734465,0.19477406,0.19898728,-0.3165462
7382-DFJTU,0.48450634,No actionable lever,Price and plan fit,-0.053479746,-0.35306653,-0.34021226,-0.053479746,-0.22301015,-0.1554206
2798-NYLMZ,-1.2771721,Price and plan fit,Engagement and bundling,0.7575768,0.17193955,-0.09022909,-0.2872866,0.17509763,0.7575768
4289-DTDKW,0.4731324,Billing and payment,Service quality,0.34459013,0.30929384,0.34459013,0.08692605,0.2138599,0.16561627
1820-TQVEV,0.6502722,Billing and payment,Service quality,0.3195507,0.29167905,0.3195507,0.14507166,-0.16069894,0.20845407
2239-JALAW,-0.5025067,Price and plan fit,Engagement and bundling,0.3527475,0.2248241,-0.059786335,0.1097707,0.32384032,0.3527475
4853-RULSV,-1.399643,Price and plan fit,Engagement and bundling,0.4935585,0.1925362,-0.08281308,-0.2748443,0.23566529,0.4935585
8098-TDCBU,-1.3984201,Billing and payment,Protection and support,0.17297867,-0.5942502,0.17297867,0.07548868,-0.058111288,-0.4905798
3551-GAEGL,-0.7254931,No actionable lever,Price and plan fit,-0.09792158,-0.1852044,-0.29838085,-0.13381118,-0.09792158,-0.11332097
4785-NKHCX,0.505403,Protection and support,Engagement and bundling,0.072809614,-0.8595916,-0.34061557,0.072809614,-0.17562161,-0.40869105
3196-NVXLZ,0.57613593,Service quality,Protection and support,0.33748922,0.33748922,-0.16134515,0.13893963,0.04314792,-0.09352672
6275-YDUVO,0.62127405,Service quality,Price and plan fit,0.3015698,0.3015698,-0.08186386,0.1457338,-0.06600317,0.17162317
0036-IHMOT,-0.48318818,Price and plan fit,Service quality,0.28804785,0.2184252,-0.061236203,-0.13512999,0.15321802,0.28804785
0115-TFERT,0.44473928,Billing and payment,Service quality,0.34044468,0.302655,0.34044468,-0.1491763,0.14127862,0.2527054
4178-EGMON,-1.5865917,Service quality,Billing and payment,0.18685351,0.18685351,-0.10794847,-0.3640933,-0.14541464,-0.30887714
4220-TINQT,0.40833738,Billing and payment,Service quality,0.33068463,0.28286177,0.33068463,-0.061468754,0.24511625,0.1541448
5318-YKDPV,-1.5295928,Engagement and bundling,Billing and payment,0.026257582,-0.20000613,-0.09156423,-0.3349089,0.026257582,-0.39914262
7975-TZMLR,-0.5708596,Price and plan fit,Billing and payment,0.32224238,0.2346224,0.30477116,0.092398815,0.2872635,0.32224238
0295-QVKPB,0.552101,Price and plan fit,Engagement and bundling,0.021839466,-0.32576546,-0.10392928,-0.082388595,-0.06348721,0.021839466
4335-BSMJS,-1.4698191,Protection and support,Billing and payment,0.08581,-0.49986762,-0.08881974,0.08581,-0.16341135,-0.5663877
2311-QYMUQ,0.5933323,Service quality,Price and plan fit,0.31837225,0.31837225,-0.101728804,0.09701564,-0.06455147,0.14578933
3643-AHCFP,0.5562998,Service quality,Price and plan fit,0.36240345,0.36240345,-0.10119855,0.13952723,0.18885212,0.2865017
9146-JRIOX,0.5030112,Protection and support,Engagement and bundling,0.084667094,-0.86331713,-0.38000718,0.084667094,-0.03642994,-0.22127336
3104-OWCGK,-0.79918575,Service quality,Billing and payment,0.21574049,0.21574049,0.13936828,0.09373839,-0.15560149,-0.053288892
5337-IIWKZ,0.48647505,Billing and payment,Engagement and bundling,0.36242262,-0.38133156,0.36242262,-0.15669788,0.06747933,-0.13255708
9101-BWFSS,-0.51468074,Price and plan fit,Engagement and bundling,0.38950697,0.21729685,0.068703294,-0.31851625,0.3034063,0.38950697
9650-VBUOG,-1.4761341,Protection and support,Engagement and bundling,0.06869656,-0.5402511,-0.24206892,0.06869656,-0.11164819,-0.5588773
3487-EARAT,-0.44570568,Engagement and bundling,Service quality,0.08250284,-0.18628816,-0.21120529,-0.29577804,0.08250284,-0.20865183
2672-TGEFF,0.5525017,Billing and payment,Service quality,0.33842498,0.32522494,0.33842498,0.09248644,0.06545061,-0.11869779
9231-ZJYAM,0.6241157,Billing and payment,Service quality,0.34093118,0.3077047,0.34093118,0.13226247,-0.05168572,0.021558676
4250-WAROZ,0.5010202,Billing and payment,Service quality,0.3295295,0.253838,0.3295295,-0.2394302,0.07862981,-0.1863061
8184-WMOFI,-0.45627904,Engagement and bundling,Service quality,0.062495932,-0.17947748,-0.2417536,-0.28107333,0.062495932,-0.25134203
6982-SSHFK,0.59801954,Protection and support,Price and plan fit,0.1247651,-0.22829825,-0.34331852,0.1247651,-0.16988444,0.10548876
6092-QZVPP,0.43966162,Engagement and bundling,Price and plan fit,0.058881857,-0.3313752,-0.14148177,-0.33360347,0.058881857,0.041993078
4625-LAMOB,-1.4664826,Protection and support,Engagement and bundling,0.06978117,-0.5131742,-0.24300647,0.06978117,-0.23499508,-0.66497135
0727-BMPLR,-0.57639474,Billing and payment,Price and plan fit,0.3302824,0.21800615,0.3302824,0.17212535,0.28508487,0.31825477
0392-BZIUW,-1.4254167,Price and plan fit,Engagement and bundling,0.54610616,0.1682879,-0.10280807,-0.16769221,0.18896158,0.54610616
1038-ZAGBI,-0.70694983,Protection and support,Billing and payment,0.06675823,-0.56482506,-0.23267108,0.06675823,-0.29195642,-0.24401772
6549-NNDYT,0.5246758,Engagement and bundling,Price and plan fit,0.011215061,-0.34015986,-0.14701802,-0.15411596,0.011215061,-0.0033322088
3027-ZTDHO,0.6259103,Price and plan fit,Billing and payment,0.3266077,0.29813215,0.30306613,0.15701467,0.035609562,0.3266077
0422-OHQHQ,-0.73512983,Protection and support,Engagement and bundling,0.07083244,-0.5620712,-0.3619914,0.07083244,-0.29240328,-0.39010718
6916-HIJSE,-1.5181644,Engagement and bundling,Billing and payment,0.04974758,-0.18726695,-0.11271408,-0.34551233,0.04974758,-0.21465808
2316-ESMLS,-0.73998094,No actionable lever,Service quality,-0.14221297,-0.19703639,-0.2599451,-0.21548092,-0.2367002,-0.14221297
9778-OGKQZ,-1.5592806,Engagement and bundling,Billing and payment,0.119328395,-0.17189306,-0.1188787,-0.42052415,0.119328395,-0.13519053
7408-OFWXJ,-1.5624907,Engagement and bundling,Service quality,0.06620086,-0.15995565,-0.24085203,-0.3879961,0.06620086,-0.24212244
6007-TCTST,-1.5407134,Price and plan fit,Service quality,0.257105,0.1735519,-0.08380416,-0.4165444,0.07405873,0.257105
2252-NKNSI,-1.5328305,Engagement and bundling,Billing and payment,0.15002955,-0.1906095,-0.14585073,-0.39533567,0.15002955,-0.21456802
8713-IGZSO,0.54194593,Protection and support,Engagement and bundling,0.07933035,-0.8228234,-0.34725347,0.07933035,-0.03513995,-0.16783148
7905-TVXTA,0.53084743,Billing and payment,Engagement and bundling,0.30414176,-0.3515412,0.30414176,-0.37084565,-0.078355566,-0.28317228
7695-PKLCZ,-1.4401383,Protection and support,Billing and payment,0.063866384,-0.5219343,-0.2364817,0.063866384,-0.25160503,-0.8174156
2382-BCKQJ,-0.5735632,Billing and payment,Engagement and bundling,0.34394848,0.22531837,0.34394848,0.18453956,0.32922417,0.29265374
8374-UULRV,-1.5335214,Engagement and bundling,Service quality,0.16815032,-0.1650996,-0.24896598,-0.36484256,0.16815032,-0.2193814
2207-NHRJK,0.5738465,Price and plan fit,Protection and support,0.1433072,-0.23291808,-0.00863623,0.092359684,-0.15734158,0.1433072
3224-DFQNQ,-0.77372193,Service quality,Billing and payment,0.20206797,0.20206797,0.16953039,-0.320485,-0.19516826,-0.10038667
5275-PMFUT,-1.5460556,Engagement and bundling,Billing and payment,0.06697386,-0.15385592,-0.12719171,-0.48879752,0.06697386,-0.3222433
4795-UXVCJ,-0.6563609,Protection and support,Billing and payment,0.065809436,-0.5797628,-0.30847386,0.065809436,-0.33305246,-0.5879474
9777-IQHWP,-1.5519555,Service quality,Engagement and bundling,0.17392996,0.17392996,-0.31297916,-0.16519593,0.06160105,-0.12412194
0947-MUGVO,0.56984705,Billing and payment,Service quality,0.35378432,0.3061925,0.35378432,0.09371474,-0.18607108,-0.054149646
9944-HKVVB,0.5747913,Service quality,Price and plan fit,0.30398998,0.30398998,0.28802902,0.110059895,0.027017811,0.29073524
4124-MMETB,0.5021232,Service quality,Engagement and bundling,0.3238105,0.3238105,-0.11693349,0.15162335,0.21836,0.0774798
3671-SHRSP,0.64497036,Service quality,Price and plan fit,0.3048135,0.3048135,-0.122687645,-0.082392626,-0.16950847,0.06888687
0979-MOZQI,-1.500551,Engagement and bundling,Protection and support,0.013088871,-0.16024403,-0.16341825,-0.15409029,0.013088871,-0.26427025
2732-ISEZX,0.55628663,Protection and support,Billing and payment,0.08190756,-0.91559,-0.12609938,0.08190756,-0.20412603,-0.49372876
3313-QKNKB,-0.6332998,Service quality,Protection and support,0.22130966,0.22130966,0.056452207,0.1457634,0.12628134,-0.13316855
0323-XWWTN,-1.6854157,Protection and support,Engagement and bundling,0.08939377,-0.56417227,-0.1122572,0.08939377,-0.04432355,-0.2688045
1937-OTUKY,-1.5625432,Service quality,Price and plan fit,0.16549951,0.16549951,-0.15741925,-0.3551437,0.0060820295,0.013324015
1573-LGXBA,-0.5590694,Service quality,Engagement and bundling,0.22673674,0.22673674,-0.06065064,0.11410804,0.21198002,0.07118744
1764-VUUMT,-1.3924282,Protection and support,Engagement and bundling,0.06881043,-0.4780777,-0.22919294,0.06881043,-0.22017406,-0.43082708
5073-WXOYN,0.46162835,Billing and payment,Engagement and bundling,0.36584097,-0.27277854,0.36584097,0.14155352,0.32647848,-0.03143083
4713-ZBURT,-1.6012201,Engagement and bundling,Price and plan fit,0.28956646,0.21005586,-0.30175173,0.15406574,0.28956646,0.23429564
3050-GBUSH,0.59422475,Protection and support,Engagement and bundling,0.14942709,-0.23672804,-0.10867717,0.14942709,0.051679663,-0.18075746
0207-MDKNV,0.42898133,Price and plan fit,Service quality,0.41636005,0.29375225,0.019298233,-0.21117008,0.046536885,0.41636005
7876-AEHIG,-0.4478135,Engagement and bundling,Price and plan fit,0.25055367,-0.19179444,-0.22940595,-0.3598284,0.25055367,-0.023884552
7945-HLKEA,-0.6493001,Billing and payment,Engagement and bundling,0.19264905,-0.1890822,0.19264905,-0.2714505,-0.16172083,-0.24871872
9342-VNIMQ,0.48453826,Protection and support,Billing and payment,0.112669066,-0.37427384,-0.084146544,0.112669066,-0.11326235,-0.20876431
9851-KIELU,0.5009098,Price and plan fit,Billing and payment,0.4329546,0.33344904,0.3442097,-0.36041832,0.011457362,0.4329546
3523-BRGUW,-0.75347686,Protection and support,Billing and payment,0.060551226,-0.5279956,-0.28230396,0.060551226,-0.3381092,-0.74241793
3908-BLSYF,0.58765,Service quality,Protection and support,0.34462753,0.34462753,-0.052454345,0.12593594,-0.082672656,0.11764091
3199-NPKCN,-0.54146385,Billing and payment,Engagement and bundling,0.2752365,0.2153628,0.2752365,-0.26636147,0.24532957,0.24033704
5170-PTRKA,-0.71315265,No actionable lever,Service quality,-0.10994976,-0.18907048,-0.10994976,-0.3721272,-0.25483865,-0.3071622
4661-NJEUX,0.61939096,Protection and support,Price and plan fit,0.09799097,-0.6552569,-0.09563292,0.09799097,-0.16889176,0.05748014
2123-AGEEN,0.6242092,Service quality,Billing and payment,0.36731735,0.36731735,0.3121752,0.13341762,-0.09210882,0.052370008
1258-YMZNM,-0.54080063,Price and plan fit,Engagement and bundling,0.44752577,0.21352011,-0.05374883,-0.18753701,0.24965353,0.44752577
0048-LUMLS,-0.61590147,Service quality,Engagement and bundling,0.24345632,0.24345632,-0.30140695,0.13039938,0.20844318,-0.0950237
7549-MYGPK,0.482277,Billing and payment,Service quality,0.3791268,0.26639265,0.3791268,-0.21756303,0.056837704,0.026075393
5898-IGSLP,0.5286394,Service quality,Billing and payment,0.30785182,0.30785182,0.044538025,-0.28274515,-0.054558378,-0.02494537
3804-RVTGV,0.4435023,Service quality,Engagement and bundling,0.30071938,0.30071938,-0.10808744,0.114671275,0.20645787,0.12465717
6259-WJQLC,0.567789,Service quality,Protection and support,0.31253576,0.31253576,-0.11340953,0.14268266,-0.10601763,-0.06905894
9227-LUNBG,0.6147626,Protection and support,Engagement and bundling,0.13609971,-0.23261526,0.015394635,0.13609971,0.038286477,0.0308288
7997-EASSD,-0.8221962,Service quality,Protection and support,0.20493557,0.20493557,-0.102841005,-0.06934469,-0.23495224,-0.2689324
0730-KOAVE,0.48098,Service quality,Engagement and bundling,0.31187317,0.31187317,-0.0785579,-0.23849769,0.012247164,-0.0093858205
8975-SKGRX,-1.4859049,Price and plan fit,Service quality,0.287127,0.17473029,-0.089820154,-0.39904442,0.106469065,0.287127
0678-RLHVP,-1.2639091,Price and plan fit,Engagement and bundling,0.6379809,0.21315303,0.049659524,0.077389896,0.21425393,0.6379809
4315-MURBD,0.5270239,Service quality,Price and plan fit,0.34528074,0.34528074,-0.081787854,-0.30507585,0.0808548,0.3143597
2267-FPIMA,0.4721596,Service quality,Engagement and bundling,0.2850315,0.2850315,-0.11062748,-0.26026046,0.08354647,-0.10787193
1051-GEJLJ,0.54016954,Protection and support,Engagement and bundling,0.077750966,-0.79724944,-0.39651176,0.077750966,-0.17807242,-0.37754047
9734-YWGEX,0.5418923,Price and plan fit,Service quality,0.43877667,0.35155714,-0.3507304,0.14843702,0.24920003,0.43877667
2719-BDAQO,0.49341023,Service quality,Engagement and bundling,0.3020586,0.3020586,0.0138333775,-0.112787016,0.08401706,0.06683826
5285-MVEHD,-0.5130272,Price and plan fit,Service quality,0.39248738,0.21498552,-0.07203481,-0.18435894,0.15875788,0.39248738
0379-DJQHR,-1.5204743,Engagement and bundling,Protection and support,0.06442575,-0.17870374,-0.24481799,-0.15065168,0.06442575,-0.18504134
0781-LKXBR,0.5413048,Price and plan fit,Service quality,0.4244597,0.34802127,0.30049253,0.14965743,0.22807309,0.4244597
5543-QDCRY,0.5540739,Billing and payment,Protection and support,0.32484445,-0.32214156,0.32484445,0.14274512,-0.09540425,-0.15208812
0297-RBCSG,-0.49693495,Engagement and bundling,Billing and payment,0.07538765,-0.22710484,-0.059730805,-0.10376176,0.07538765,-0.10658987
4694-PHWFW,0.51022565,Protection and support,Engagement and bundling,0.08286668,-0.9174335,-0.3436366,0.08286668,-0.2112633,-0.52212083
0835-JKADZ,-1.5045787,Billing and payment,Service quality,0.3078035,0.19335619,0.3078035,-0.1062177,0.14804977,0.16271123
1907-UBQFC,0.6105485,Billing and payment,Service quality,0.35099223,0.34188983,0.35099223,0.09493954,-0.17024647,-0.0064182356
7508-SMHXL,0.5852373,Service quality,Protection and support,0.31260458,0.31260458,-0.3192852,0.09478731,0.040062226,0.02186682
3865-YIOTT,-0.62272114,Price and plan fit,Engagement and bundling,0.44815162,0.19015098,-0.08977878,-0.21115798,0.33440584,0.44815162
5993-BQHEA,-0.75670207,Protection and support,Billing and payment,0.07370193,-0.59766847,-0.26877397,0.07370193,-0.35976583,-0.65074456
6024-RUGGH,-1.4909308,Protection and support,Billing and payment,0.12611568,-0.4799406,-0.1284277,0.12611568,-0.17014624,-0.5531082
6513-EECDB,0.647917,Billing and payment,Service quality,0.31264484,0.28999293,0.31264484,0.14608623,-0.04667685,0.2160123
3956-CJUST,0.55372924,Service quality,Billing and payment,0.3119991,0.3119991,-0.12820506,-0.1788702,-0.17903128,-0.24546775
4079-WWQQQ,-1.5329852,Engagement and bundling,Billing and payment,0.12955749,-0.1538935,-0.1438001,-0.48415235,0.12955749,-0.28051874
6103-BOCOU,0.5686722,Billing and payment,Service quality,0.37371457,0.3361118,0.37371457,0.15599862,-0.041218724,-0.085317835
5149-TGWDZ,-0.55233103,Price and plan fit,Service quality,0.5065046,0.23386371,-0.09520571,-0.12179146,0.17663302,0.5065046
7471-WNSUF,-0.7280083,Protection and support,Engagement and bundling,0.07767964,-0.5478897,-0.2581861,0.07767964,-0.2573073,-0.61667407
8942-DBMHZ,0.5042776,Protection and support,Engagement and bundling,0.07502204,-0.90232944,-0.37272725,0.07502204,-0.23765771,-0.55932194
4301-VVZKA,0.57832134,Billing and payment,Service quality,0.38688585,0.30831978,0.38688585,0.12732391,-0.07498534,-0.03760169
9199-PWQVC,-0.48884425,Engagement and bundling,Billing and payment,0.25762472,-0.19442467,-0.07636058,-0.20961478,0.25762472,-0.22275017
4824-GUCBY,0.54505974,Service quality,Billing and payment,0.2934984,0.2934984,0.032741297,-0.16499268,-0.20218751,-0.14025849
5393-HJZSM,0.4315346,No actionable lever,Price and plan fit,-0.018588562,-0.31475958,-0.27164614,-0.3085839,-0.018588562,-0.04177895
7074-IEVOJ,0.6287833,Billing and payment,Service quality,0.31019863,0.28929904,0.31019863,0.0981123,-0.051248692,0.00923644
9625-QSTYE,0.6070501,Billing and payment,Service quality,0.37339655,0.3476985,0.37339655,0.0942599,-0.17709744,0.030310176
0862-PRCBS,-1.463032,Price and plan fit,Engagement and bundling,0.35338107,0.20209728,-0.055828236,-0.1347884,0.21227042,0.35338107
8812-ZRHFP,-0.6708169,Service quality,Protection and support,0.24514845,0.24514845,0.004660434,0.13696402,0.0035999306,-0.05028615
5146-CBVOE,0.5740014,Service quality,Protection and support,0.31223786,0.31223786,-0.36805728,0.09623774,-0.18545237,-0.023008274
0454-OKRCT,-1.6466255,Service quality,Protection and support,0.22281101,0.22281101,-0.26993394,-0.085655734,-0.19779663,-0.110982955
5787-KXGIY,-1.3264568,Protection and support,Engagement and bundling,0.09876188,-0.48148423,-0.32544762,0.09876188,-0.2278105,-0.83696544
4750-ZRXIU,0.611779,Service quality,Billing and payment,0.31692868,0.31692868,0.28210127,0.16254233,0.12775321,0.16481139
4198-VFOEA,-0.76144445,No actionable lever,Service quality,-0.1557914,-0.20258206,-0.1557914,-0.30928576,-0.23878682,-0.3026982
6630-UJZMY,0.62469035,Billing and payment,Service quality,0.34246084,0.30765718,0.34246084,0.13462192,0.062438473,0.030176003
5709-LVOEQ,-1.8434471,Engagement and bundling,Protection and support,0.035377033,-0.22041026,-0.26278195,-0.1797629,0.035377033,-0.4860951
6400-BWQKW,0.6084532,Billing and payment,Service quality,0.36706525,0.3374999,0.36706525,-0.19526449,-0.04468265,-0.009141497
2692-AQCPF,-0.52084893,Price and plan fit,Engagement and bundling,0.3455462,0.22029513,-0.06973884,-0.09968834,0.285751,0.3455462
0347-UBKUZ,0.49585795,Protection and support,Engagement and bundling,0.081448466,-0.84516454,-0.3802612,0.081448466,-0.22880766,-0.50875926
0835-DUUIQ,-0.7364649,Protection and support,Billing and payment,0.08200768,-0.590746,-0.24861053,0.08200768,-0.36305875,-0.5725931
0811-GSDTP,0.50450367,Protection and support,Engagement and bundling,0.092549935,-0.32191765,0.022026412,0.092549935,0.037242427,-0.05342348
7567-ECMCM,0.5349394,Service quality,Protection and support,0.33766657,0.33766657,-0.098998845,0.15518405,-0.07850385,-0.19955988
6115-ZTBFQ,-1.5178704,Engagement and bundling,Service quality,0.16396631,-0.14928226,-0.23899817,-0.44543353,0.16396631,-0.2732931
6353-BRMMA,0.43247837,Service quality,Engagement and bundling,0.28529382,0.28529382,-0.10370633,-0.22333409,0.18786028,0.18242474
6680-WKXRZ,0.6339754,Service quality,Protection and support,0.29016206,0.29016206,-0.33478338,0.123892136,-0.06536311,0.03676318
6231-WFGFH,0.551885,Protection and support,Billing and payment,0.09034934,-0.88066566,-0.10040715,0.09034934,-0.16390182,-0.30590203
9904-EHEVJ,0.5684435,Service quality,Protection and support,0.31663355,0.31663355,-0.1314049,0.14945127,0.025077645,0.023359962
7028-DVOIQ,0.4885943,Billing and payment,Service quality,0.35058153,0.2922753,0.35058153,0.16202804,0.18894044,0.014204234
6169-PPETC,-1.473526,Protection and support,Billing and payment,0.07026966,-0.5376332,-0.20996392,0.07026966,-0.24747223,-0.75724167
4208-UFFGW,0.58170867,Protection and support,Price and plan fit,0.11968183,-0.21280223,-0.37470227,0.11968183,-0.17456341,-0.02270069
8584-KMVXD,0.593048,Service quality,Protection and support,0.35074598,0.35074598,-0.0483275,0.08047988,-0.16827907,-0.10199197
8467-WYNSR,0.4794838,No actionable lever,Price and plan fit,-0.22434795,-0.34756362,-0.3672841,-0.27855203,-0.22434795,-0.26936764
0851-DFJKB,0.47065282,Billing and payment,Engagement and bundling,0.027479205,-0.35765845,0.027479205,-0.29935068,-0.21469352,-0.25825614
5382-SOYZL,0.50885296,Billing and payment,Service quality,0.36980596,0.32475895,0.36980596,0.15514646,0.2528085,0.08122106
9448-REEVD,0.5968299,Protection and support,Price and plan fit,0.12073162,-0.22801161,-0.32320794,0.12073162,-0.16963904,0.10333009
3261-CQXOL,-1.4633821,Protection and support,Engagement and bundling,0.110921785,-0.4770009,-0.2719827,0.110921785,-0.14535592,-0.4598468
8388-FYNPZ,0.5214133,No actionable lever,Protection and support,-0.0011827166,-0.33225113,-0.0011827166,-0.20649302,-0.21495269,-0.233432
4002-BQWPQ,0.43838596,Engagement and bundling,Price and plan fit,0.048382506,-0.3309536,-0.30908757,-0.3136715,0.048382506,-0.075542584
5651-YLPRD,0.5577381,Billing and payment,Service quality,0.33497992,0.3239209,0.33497992,0.08733232,-0.04592291,0.03473956
2826-DXLQO,0.5211952,No actionable lever,Protection and support,-0.032637596,-0.33608833,-0.28204525,-0.19768068,-0.032637596,-0.29005745
4378-BZYFP,-0.7683262,Protection and support,Billing and payment,0.08780659,-0.6267035,-0.13527319,0.08780659,-0.36597273,-0.72706455
9489-UTFKA,0.503944,No actionable lever,Price and plan fit,-0.07026918,-0.4062702,-0.28251916,-0.16205232,-0.07026918,-0.15569837
4849-PYRLQ,-1.4421006,Engagement and bundling,Service quality,0.07286618,-0.15335476,-0.24327578,-0.265562,0.07286618,-0.23313269
9117-SHLZX,0.6081174,Protection and support,Price and plan fit,0.1386891,-0.23202455,-0.11896491,0.1386891,-0.1684601,0.11458084
9889-TMAHG,0.51671183,Price and plan fit,Service quality,0.4168597,0.35316378,-0.2676416,-0.21935919,0.07541905,0.4168597
4541-RMRLG,0.4551444,Protection and support,Billing and payment,0.06440497,-0.99118114,-0.017686822,0.06440497,-0.1880768,-0.8516847
7764-BDPEE,0.56160897,Protection and support,Price and plan fit,0.084835105,-0.83112025,-0.3507571,0.084835105,-0.1647481,-0.16152279
3429-IFLEM,-1.4740013,No actionable lever,Service quality,-0.1038326,-0.1659319,-0.24932443,-0.3438047,-0.1038326,-0.28883177
3158-MOERK,0.5808472,Billing and payment,Service quality,0.34231716,0.2893608,0.34231716,0.14954251,0.16385612,0.20790586
7294-TMAOP,0.60928357,Price and plan fit,Service quality,0.3723874,0.29620174,-0.038324423,0.14082271,0.04094719,0.3723874
5002-GCQFH,0.51617897,Service quality,Engagement and bundling,0.29213578,0.29213578,-0.14892288,-0.22856176,0.0565097,-0.028503194
0556-FJEGU,-1.4341034,No actionable lever,Protection and support,-0.08958278,-0.17569552,-0.27030835,-0.1092347,-0.08958278,-0.19661394
8919-FYFQZ,0.50000834,Billing and payment,Protection and support,0.32156503,-0.28853726,0.32156503,0.13859732,0.038503185,-0.3045937
0604-THJFP,-1.5193429,Engagement and bundling,Billing and payment,0.08828869,-0.18367016,-0.0676197,-0.14745337,0.08828869,-0.35257268
2834-JRTUA,-1.2940055,Price and plan fit,Billing and payment,0.6502341,0.17699663,0.3349498,-0.2817046,0.156337,0.6502341
5875-YPQFJ,0.6502722,Billing and payment,Service quality,0.3195507,0.29167905,0.3195507,0.14507166,-0.16069894,0.20845407
5879-SESNB,0.5860468,Service quality,Protection and support,0.34707892,0.34707892,-0.0046971254,0.12890351,-0.023863267,-0.036063805
6646-QVXLR,-0.56863594,Billing and payment,Engagement and bundling,0.3216064,0.20615546,0.3216064,0.08785342,0.2830593,0.2615131
6461-PPAXN,-0.6961562,No actionable lever,Price and plan fit,-0.0952913,-0.27672505,-0.0952913,-0.28105164,-0.2910985,-0.10353567
3318-ISQFQ,0.50078773,Protection and support,Billing and payment,0.096648715,-0.84255695,-0.08743924,0.096648715,-0.23843162,-0.55910486
1106-HRLKZ,-1.4846182,Protection and support,Engagement and bundling,0.062431257,-0.54771245,-0.3005104,0.062431257,-0.25236082,-0.75246453
2483-XSSMZ,-0.7216078,Billing and payment,Protection and support,0.3786267,-0.21795446,0.3786267,-0.13310497,-0.298005,-0.21695885
8603-IJWDN,0.629434,Price and plan fit,Billing and payment,0.30515355,0.29404813,0.30454516,0.15673715,0.06012816,0.30515355
8165-ZJRNM,-1.4578536,Protection and support,Engagement and bundling,0.112092204,-0.4574314,-0.2786948,0.112092204,-0.15363392,-0.5230371
9369-XFEHK,0.5684078,Service quality,Protection and support,0.3074689,0.3074689,-0.11145482,0.111327276,-0.10370697,-0.04130027
2604-XVDAM,0.511327,Protection and support,Price and plan fit,0.10681537,-0.33524743,-0.36558795,0.10681537,-0.23911782,-0.15441991
3717-OFRTN,0.6056599,Protection and support,Price and plan fit,0.085296266,-0.66170883,-0.3071895,0.085296266,-0.16958769,0.044117443
9046-JBFWA,0.48421815,Protection and support,Engagement and bundling,0.07074165,-0.8077051,-0.371554,0.07074165,-0.22444141,-0.97348064
3280-NMUVX,-0.73312706,Protection and support,Billing and payment,0.0589683,-0.5537009,-0.2547146,0.0589683,-0.33516756,-0.6596834
1206-EHBDD,-1.5988402,Service quality,Protection and support,0.18642819,0.18642819,-0.30549535,-0.13640209,-0.23384094,-0.16003646
8361-LBRDI,-1.4398283,Protection and support,Engagement and bundling,0.07608482,-0.5172036,-0.23730424,0.07608482,-0.1470404,-0.6166734
4883-KCPZJ,-1.4886776,Protection and support,Engagement and bundling,0.075031474,-0.5207516,-0.27031174,0.075031474,-0.097446844,-0.2950083
9108-EQPNQ,-1.4702998,Protection and support,Engagement and bundling,0.07154016,-0.5602238,-0.27637914,0.07154016,-0.08815303,-0.2735844
7277-KAMWT,-1.5164286,Protection and support,Engagement and bundling,0.06571429,-0.571042,-0.28175154,0.06571429,-0.25633383,-0.72202903
3842-IYKUE,0.5539945,Service quality,Price and plan fit,0.31059983,0.31059983,-0.32298556,-0.0886821,-0.08650116,-0.070237085
6641-XRPSU,0.56297773,Service quality,Protection and support,0.32425454,0.32425454,-0.105495445,0.13502295,-0.20336057,-0.15034118
1374-DMZUI,0.5475248,Price and plan fit,Service quality,0.4185004,0.3152788,0.27922565,0.14433487,0.23276931,0.4185004
2545-LXYVJ,-1.4559071,Protection and support,Engagement and bundling,0.10989896,-0.45904896,-0.27113786,0.10989896,-0.22737628,-0.51327896
3234-VKACU,0.5269598,Engagement and bundling,Billing and payment,0.040519767,-0.279902,-0.07247568,-0.075262435,0.040519767,-0.08903079
8357-EQXFO,0.5659915,Service quality,Price and plan fit,0.36175665,0.36175665,0.32718822,0.1415428,0.066099085,0.3435853
1989-PRJHP,0.5459944,Billing and payment,Service quality,0.3636909,0.31140494,0.3636909,0.13753337,-0.1020073,-0.24712281
8120-JDCAM,0.6456687,Service quality,Protection and support,0.3151406,0.3151406,-0.10637235,0.13431114,-0.20004126,-0.04719028
8917-FAEMR,-1.4700311,Protection and support,Engagement and bundling,0.06938523,-0.52531797,-0.29344198,0.06938523,-0.26129752,-0.7349747
7047-YXDMZ,0.48811212,Protection and support,Engagement and bundling,0.07513587,-0.79070246,-0.3872532,0.07513587,-0.19881245,-0.22263262
2858-EIMXH,-0.5857645,Engagement and bundling,Service quality,0.32090566,0.21210638,-0.0788267,0.15990846,0.32090566,0.09183179
9524-EGPJC,0.5456735,Billing and payment,Service quality,0.3529709,0.30674928,0.3529709,-0.078962184,0.060100947,-0.012119688
6993-OHLXR,0.6086153,Service quality,Protection and support,0.27829537,0.27829537,-0.06097751,0.12179473,-0.16309988,-0.028471142
8818-XYFCQ,0.47914886,Service quality,Engagement and bundling,0.31178343,0.31178343,-0.10152692,-0.15269706,0.18790969,0.11600811
6419-ZTTLE,-0.7906132,Billing and payment,Protection and support,0.34078032,-0.6597058,0.34078032,0.080946706,-0.33369523,-0.7247248
0929-HYQEW,0.5682214,No actionable lever,Engagement and bundling,-0.13545325,-0.24975535,-0.13545325,-0.248193,-0.21066663,-0.23176262
6614-YOLAC,-1.524261,Engagement and bundling,Service quality,0.12948588,-0.1488052,-0.29753408,-0.4236862,0.12948588,-0.2501536
7426-RHZGU,0.54288054,Service quality,Price and plan fit,0.3431591,0.3431591,-0.06603685,-0.0895901,0.080359004,0.24675226
4065-JJAVA,0.5735309,Price and plan fit,Protection and support,0.13035548,-0.23291808,-0.011118361,0.08989858,-0.15499505,0.13035548
4695-VADHF,0.45323765,Protection and support,Billing and payment,0.13385972,-0.33974138,-0.055899702,0.13385972,-0.06885917,-0.13652822
3863-IUBJR,-0.5187037,Protection and support,Engagement and bundling,0.124868505,-0.19249079,-0.27428755,0.124868505,0.053289425,-0.16934882
7649-SIJJF,-1.5334525,Engagement and bundling,Service quality,0.055862322,-0.1626775,-0.1847901,-0.3957124,0.055862322,-0.28049052
9361-YNQWJ,-0.75201756,Protection and support,Billing and payment,0.08633973,-0.55627674,-0.09996132,0.08633973,-0.24957716,-0.6098102
3748-FVMZZ,0.5432608,Billing and payment,Engagement and bundling,0.31047577,-0.2477362,0.31047577,-0.13409474,0.045544695,-0.08002688
9391-TTOYH,0.501013,Protection and support,Billing and payment,0.0964054,-0.8475117,-0.16116692,0.0964054,-0.25143027,-0.6113356
1452-XRSJV,0.48071644,No actionable lever,Engagement and bundling,-0.1631105,-0.31069672,-0.2917765,-0.1631105,-0.20782879,-0.2527607
3422-WJOYD,-0.6768672,No actionable lever,Protection and support,-0.23042734,-0.27498868,-0.36209714,-0.257777,-0.30466142,-0.23042734
8242-SOQUO,0.624889,Billing and payment,Service quality,0.32799655,0.31123623,0.32799655,0.09623784,-0.055022117,0.04073009
7460-ITWWP,0.5254951,Billing and payment,Service quality,0.30000764,0.29629275,0.30000764,0.15093529,-0.09976067,-0.11425902
7147-AYBAA,0.5616988,Service quality,Protection and support,0.31774852,0.31774852,-0.1478049,0.13792296,-0.18535675,-0.096549556
7868-TMWMZ,-1.3014965,Price and plan fit,Service quality,0.46432975,0.172369,-0.09144972,-0.33579654,0.038060144,0.46432975
4822-RVYBB,0.54744,Price and plan fit,Service quality,0.42273664,0.36512816,0.30049253,0.14862661,0.22807309,0.42273664
6732-FZUGP,-0.7768693,Service quality,Price and plan fit,0.21323527,0.21323527,-0.30156177,-0.15476395,-0.05049701,0.07137969
8436-BJUMM,0.5632411,Billing and payment,Service quality,0.40118164,0.33746296,0.40118164,0.14183226,0.053583633,-0.15650417
4184-TJFAN,0.6389098,Service quality,Price and plan fit,0.29394606,0.29394606,-0.10726732,-0.32820272,-0.081974536,0.17026794
8329-GWVPJ,0.55897856,Service quality,Protection and support,0.2970682,0.2970682,-0.12512131,0.13729142,-0.19169363,-0.2890451
1352-VHKAJ,0.44305217,Engagement and bundling,Protection and support,0.17774266,-0.39459318,-0.31525984,-0.090239204,0.17774266,-0.20787624
4145-UQXUQ,0.6000237,Service quality,Billing and payment,0.35987988,0.35987988,0.29822153,0.13580677,0.065851964,0.23500854
2632-TACXW,-1.4132094,Protection and support,Engagement and bundling,0.073491,-0.4785617,-0.24614394,0.073491,-0.16866696,-0.41251162
8146-QQKZH,-1.5348072,Engagement and bundling,Service quality,0.089331456,-0.17198496,-0.26522064,-0.32396927,0.089331456,-0.32010674
1767-CJKBA,-1.4542228,Protection and support,Engagement and bundling,0.07734202,-0.53727734,-0.33172464,0.07734202,-0.15417917,-0.6640059
6445-TNRXS,-1.3812724,Price and plan fit,Service quality,0.3883459,0.19512387,-0.06030551,-0.370024,0.0902449,0.3883459
4581-LNWUM,0.4747721,Engagement and bundling,Protection and support,0.26780125,-0.36602613,-0.011144888,0.14271922,0.26780125,-0.044974916
4869-EPIUS,-0.66379446,Billing and payment,Service quality,0.32836714,0.22749153,0.32836714,0.14206125,-0.0015176274,-0.16365695
9948-YPTDG,0.5427847,Billing and payment,Service quality,0.34218895,0.30493182,0.34218895,-0.19427949,-0.18259881,-0.0064277872
1236-WFCDV,0.55381656,Service quality,Price and plan fit,0.3285833,0.3285833,-0.32955974,0.12413216,0.09609695,0.1266441
1915-OAKWD,-0.7809045,Protection and support,Billing and payment,0.05946075,-0.5874462,-0.038732685,0.05946075,-0.3330304,-0.84173286
7296-PIXQY,0.57720107,Service quality,Protection and support,0.33926943,0.33926943,-0.03062762,0.124818705,-0.21261013,-0.14392622
4883-QICIH,0.56245154,Service quality,Protection and support,0.32494277,0.32494277,-0.10906302,0.15215419,-0.21479326,-0.18951051
3354-OADJP,-0.7448469,No actionable lever,Service quality,-0.15878494,-0.24566033,-0.2667293,-0.24666049,-0.33492205,-0.15878494
3524-WQDSG,0.48575503,Service quality,Engagement and bundling,0.3045032,0.3045032,-0.10030556,0.16030961,0.19994195,0.049936295
0810-DHDBD,-0.6656751,No actionable lever,Service quality,-0.08548257,-0.20224826,-0.26381442,-0.2837292,-0.08548257,-0.24800482
4026-SKKHW,0.57659256,No actionable lever,Protection and support,-0.007650107,-0.23468187,-0.12560244,-0.077856176,-0.17817742,-0.007650107
2829-HYVZP,-0.7610855,Protection and support,Billing and payment,0.082269825,-0.541669,-0.1280491,0.082269825,-0.33345503,-0.42454368
8329-IBCTI,0.60732704,Protection and support,Price and plan fit,0.085552186,-0.6557077,-0.32075897,0.085552186,-0.16759537,0.059054635
1271-SJBGZ,0.4931124,Billing and payment,Engagement and bundling,0.31112385,-0.3665228,0.31112385,-0.14888495,0.06271149,-0.02218277
3845-JHAMY,0.485763,Protection and support,Engagement and bundling,0.14839752,-0.28386584,-0.11922367,0.14839752,0.13939765,-0.061046883
7013-PSXHK,-0.50210994,Engagement and bundling,Protection and support,0.30260316,-0.20894071,-0.1195903,-0.08099226,0.30260316,-0.09804848
5669-SRAIP,0.52260107,Protection and support,Engagement and bundling,0.14665674,-0.24967241,-0.022659462,0.14665674,0.07891838,-0.19772753
5981-ITEMU,0.4824112,Service quality,Engagement and bundling,0.32022464,0.32022464,-0.07802868,0.15193146,0.20359334,-0.052333586
3486-NPGST,-0.654474,Protection and support,Billing and payment,0.059767134,-0.56309164,-0.31783167,0.059767134,-0.3241656,-0.5409643
6941-PMGEP,0.6120951,Service quality,Billing and payment,0.3217023,0.3217023,0.30533302,0.14223501,-0.1019105,0.017220415
1624-WOIWJ,0.62171304,Service quality,Price and plan fit,0.345021,0.345021,-0.16288081,-0.15962721,-0.041675605,0.14728704
2074-GKOWZ,0.61228216,Service quality,Price and plan fit,0.3009867,0.3009867,-0.059129503,0.15423335,0.03984579,0.20016074
0376-YMCJC,0.55394995,Billing and payment,Service quality,0.40390924,0.32848582,0.40390924,-0.0927568,0.081303865,-0.14904542
6100-FJZDG,-0.7636714,Protection and support,Billing and payment,0.0803638,-0.5576951,-0.072908945,0.0803638,-0.31938973,-0.46514404
4829-ZLJTK,-1.5367866,Billing and payment,Service quality,0.31691092,0.15482399,0.31691092,-0.25235224,0.0963749,0.06490566
1730-VFMWO,0.48003766,No actionable lever,Engagement and bundling,-0.041027643,-0.30830452,-0.30296874,-0.041027643,-0.21528837,-0.28109068
7143-BQIBA,0.50201035,No actionable lever,Engagement and bundling,-0.0015058815,-0.39307564,-0.32658112,-0.27094352,-0.047144942,-0.0015058815
3800-LYTRK,-0.72236764,No actionable lever,Service quality,-0.10695413,-0.22988632,-0.33212805,-0.23783004,-0.32452592,-0.10695413
0634-SZPQA,0.5590769,Service quality,Engagement and bundling,0.33353505,0.33353505,-0.15465482,-0.22741117,0.060706742,-0.100150324
9646-NMHXE,-1.4541403,Protection and support,Engagement and bundling,0.07541031,-0.54206884,-0.2917577,0.07541031,-0.2716793,-0.7807969
7030-NJVDP,0.5238063,Billing and payment,Service quality,0.3269443,0.32312855,0.3269443,-0.32934454,-0.11322224,-0.104948536
5536-RTPWK,0.4800453,Service quality,Engagement and bundling,0.3008073,0.3008073,-0.10616043,0.11349712,0.19574943,0.14287212
8883-GRDWQ,-0.70833385,Price and plan fit,Service quality,0.01888942,-0.22015539,-0.30901584,-0.24738519,-0.3070023,0.01888942
6166-ILMNY,0.6409571,Service quality,Protection and support,0.28989482,0.28989482,-0.3405177,0.12002477,-0.21268582,-0.06515766
3097-NNSPB,0.5882348,Protection and support,Price and plan fit,0.110600896,-0.22218001,-0.061823107,0.110600896,-0.16119112,0.028011363
7771-ZONAT,-1.5508237,Engagement and bundling,Protection and support,0.22434106,-0.18903634,-0.27640778,-0.116224095,0.22434106,-0.32155156
0655-RBDUG,0.55669314,Price and plan fit,Service quality,0.4667825,0.3737595,-0.066325635,0.1503257,0.25922015,0.4667825
2111-DWYHN,0.6009635,Protection and support,Price and plan fit,0.09075466,-0.7177432,-0.31591597,0.09075466,-0.1699419,0.02628503
4194-WHFCB,0.46469888,Service quality,Engagement and bundling,0.2769992,0.2769992,-0.0934289,-0.148343,0.08574173,-0.072850294
4121-AGSIN,-0.750889,Protection and support,Billing and payment,0.09489301,-0.56758595,-0.06622442,0.09489301,-0.20408644,-0.65274405
4361-BKAXE,0.40547404,Service quality,Price and plan fit,0.28990427,0.28990427,-0.1198342,-0.350958,0.12854947,0.20494333
9845-PEEKO,-1.6115425,Service quality,Protection and support,0.18710852,0.18710852,-0.09483453,0.11729576,-0.123055525,-0.2226275
0455-XFASS,0.6318355,Billing and payment,Service quality,0.34864622,0.28908244,0.34864622,0.13612759,-0.14984353,-0.03315767
0301-KOBTQ,-1.4523443,Protection and support,Billing and payment,0.08472404,-0.5080538,-0.061603904,0.08472404,-0.21736713,-0.47443154
1751-NCDLI,0.48841313,Billing and payment,Service quality,0.33254406,0.2912407,0.33254406,0.17098744,0.20147614,0.13525382
4367-NUYAO,-1.7614979,Protection and support,Engagement and bundling,0.07508815,-0.5197489,-0.2960879,0.07508815,-0.05027803,-0.62211186
9878-TNQGW,0.6193252,Billing and payment,Service quality,0.2954296,0.2949266,0.2954296,0.16358909,-0.09626686,0.064823985
9170-ARBTB,-0.7337194,Protection and support,Billing and payment,0.064318836,-0.5094577,-0.25175467,0.064318836,-0.311847,-0.4003687
4441-NIHPT,0.60734224,Billing and payment,Service quality,0.35188878,0.3396529,0.35188878,0.12536086,-0.17931908,-0.0018833913
8999-BOHSE,0.57133234,Service quality,Price and plan fit,0.35410255,0.35410255,-0.30354685,0.13882476,0.071534306,0.16656503
7241-AJHFS,0.54886526,Service quality,Price and plan fit,0.30035773,0.30035773,-0.3176249,-0.29470512,-0.107586004,-0.019729195
7029-RPUAV,0.47931758,Service quality,Engagement and bundling,0.31276858,0.31276858,-0.09501674,0.14333853,0.1926098,0.12121643
4546-FOKWR,0.5843309,Service quality,Protection and support,0.32181415,0.32181415,-0.083977625,0.12765948,-0.07761337,-0.027907938
9036-CSKBW,-0.5212352,Price and plan fit,Engagement and bundling,0.39913294,0.21330905,-0.24833347,-0.1982621,0.33088848,0.39913294
5832-TRLPB,-0.49151102,Engagement and bundling,Billing and payment,0.18957268,-0.21867032,-0.07519086,-0.0894224,0.18957268,-0.23986821
8590-YFFQO,-1.4084046,No actionable lever,Engagement and bundling,-0.16662377,-0.16662377,-0.23127328,-0.2669851,-0.20499584,-0.20995946
8659-IOOPU,-1.5258951,Billing and payment,Service quality,0.1713448,0.16337995,0.1713448,-0.2923503,0.041220836,0.16056216
1338-CECEE,-0.6981096,Protection and support,Price and plan fit,0.098737456,-0.20040825,-0.2887805,0.098737456,-0.12645207,-0.12035598
7439-DKZTW,0.648413,Billing and payment,Service quality,0.3240443,0.29416558,0.3240443,0.14898491,-0.057892743,0.23051402
4646-QZXTF,0.4756735,Engagement and bundling,Price and plan fit,0.055450194,-0.40906996,-0.28932512,-0.27691418,0.055450194,0.010209635
4607-CHPCA,-0.7006466,Billing and payment,Service quality,0.30900306,0.2624761,0.30900306,0.14337131,0.13925087,-0.04791733
9742-XOKTS,-0.7690951,Service quality,Billing and payment,0.20409575,0.20409575,0.16076684,-0.34678212,-0.18116324,-0.1498928
6921-OZMFH,0.54993516,No actionable lever,Price and plan fit,-0.041108705,-0.31955063,-0.107092865,-0.058572195,-0.041108705,-0.05162715
9578-FOMUK,0.48869273,Billing and payment,Protection and support,0.36497602,-0.91248775,0.36497602,0.090634465,-0.055639625,-0.21828938
4712-UYOOI,0.47483668,Protection and support,Billing and payment,0.082752064,-0.9070583,0.0057952274,0.082752064,-0.22211625,-0.5824285
8824-RWFXJ,0.5831155,Protection and support,Price and plan fit,0.11737282,-0.2886718,-0.10645974,0.11737282,-0.1546022,0.0722046
7722-CVFXN,-0.5413731,Price and plan fit,Engagement and bundling,0.3086226,0.22445752,0.26695645,-0.16854906,0.2918501,0.3086226
8717-VCTXJ,-0.7560789,Protection and support,Billing and payment,0.06975046,-0.5826433,-0.13459471,0.06975046,-0.36328053,-0.7109384
7363-QTBIW,0.5986585,Service quality,Billing and payment,0.34789062,0.34789062,0.30102473,0.1512078,-0.106665395,0.036786385
4159-NAAIX,-1.5691338,Engagement and bundling,Service quality,0.24459991,0.1971367,-0.3236444,0.10787593,0.24459991,0.0012267977
0971-QIFJK,-1.43553,Protection and support,Engagement and bundling,0.06972582,-0.48375523,-0.259895,0.06972582,-0.1752046,-0.523877
9397-TZSHA,-1.43553,Protection and support,Engagement and bundling,0.06936431,-0.49585873,-0.24388912,0.06936431,-0.16670273,-0.51569915
3391-JSQEW,0.49312684,Protection and support,Billing and payment,0.12130358,-0.3064191,-0.1526041,0.12130358,-0.2247949,-0.25400317
0343-QLUZP,-1.4731674,No actionable lever,Protection and support,-0.053599373,-0.14859845,-0.27570736,-0.12261984,-0.053599373,-0.30296367
9763-PDTKK,0.56175184,Service quality,Price and plan fit,0.30202374,0.30202374,-0.077361144,-0.31822467,-0.05654797,0.2859136
2176-LVPNX,-1.5264031,Engagement and bundling,Service quality,0.11503707,-0.14665543,-0.29127377,-0.36454487,0.11503707,-0.22990108
7627-JKIAZ,0.5650443,Service quality,Protection and support,0.31945193,0.31945193,-0.10966844,0.13696551,-0.10191987,-0.11153636
3312-UUMZW,0.48228607,Service quality,Engagement and bundling,0.32011306,0.32011306,-0.090388164,0.09855504,0.18486466,0.08974493
1271-UODNO,-1.5036188,No actionable lever,Engagement and bundling,-0.062300887,-0.186486,-0.097856,-0.062300887,-0.0861812,-0.29533848
8461-EFQYM,-0.7735893,Billing and payment,Protection and support,0.35384893,-0.5885489,0.35384893,0.073920526,-0.20693864,-0.35528412
6900-RBKER,-1.6835463,Service quality,Protection and support,0.20621622,0.20621622,-0.07319755,0.1510858,0.082179435,-0.20082314
6891-JPYFF,0.43522906,Service quality,Price and plan fit,0.28812796,0.28812796,-0.086887404,-0.2278778,0.18319334,0.19161253
1459-QNFQT,-1.4901178,Engagement and bundling,Service quality,0.15699114,-0.16265321,-0.24778129,-0.34660083,0.15699114,-0.22641362
1047-NNCBF,0.5646004,Service quality,Protection and support,0.32112193,0.32112193,-0.36960828,0.12653756,-0.23260188,-0.2741224
3696-XRIEN,-0.46641448,Engagement and bundling,Billing and payment,0.2768366,-0.21117897,-0.10265059,-0.33044687,0.2768366,-0.19777837
4081-DYXAV,-0.5181936,Engagement and bundling,Protection and support,0.36866295,-0.22285415,-0.07412079,0.15435748,0.36866295,-0.124678135
0074-HDKDG,-0.6994065,No actionable lever,Protection and support,-0.10224572,-0.29767048,-0.10224572,-0.20266803,-0.3432891,-0.3497435
8791-GFXLZ,0.51950115,Protection and support,Price and plan fit,0.105105616,-0.34074703,-0.12268899,0.105105616,-0.1956205,-0.052790422
8111-SLLHI,0.42395413,Billing and payment,Service quality,0.31042504,0.29848263,0.31042504,0.09720769,0.23084536,0.2065674
0927-LCSMG,0.619727,Service quality,Protection and support,0.36502752,0.36502752,-0.37425438,0.11922994,-0.23214063,-0.08791636
9330-DHBFL,-0.700603,No actionable lever,Price and plan fit,-0.13496163,-0.28624955,-0.13496163,-0.3166613,-0.28743282,-0.15957507
0098-BOWSO,0.49076313,Billing and payment,Protection and support,0.33544812,-0.86592793,0.33544812,0.0899525,-0.21773155,-0.5107509
3452-ABWRL,0.5585715,Service quality,Protection and support,0.30499655,0.30499655,-0.10481181,0.1503659,0.033988234,-0.16845272
5859-HZYLF,-1.5092423,Protection and support,Billing and payment,0.07038625,-0.54930735,-0.08832698,0.07038625,-0.25387356,-1.1629341
8257-RZAHR,0.50496185,Engagement and bundling,Price and plan fit,0.06019085,-0.38114518,-0.13614398,-0.17563011,0.06019085,-0.09392512
5293-WXJAK,0.5001049,Price and plan fit,Service quality,0.50301015,0.34520388,-0.092218824,-0.056429215,0.19570172,0.50301015
3156-QLHBO,0.5665651,Protection and support,Engagement and bundling,0.06167964,-0.8404528,-0.35589972,0.06167964,-0.19190913,-0.8537974
2208-NQBCT,0.5396183,Service quality,Billing and payment,0.3111118,0.3111118,0.014072589,-0.18793704,-0.17845286,-0.13910481
1779-PWPMG,-1.5229375,Price and plan fit,Service quality,0.15472846,0.15171991,-0.10122465,-0.39967412,0.086339004,0.15472846
6621-NRZAK,-1.3798171,Protection and support,Engagement and bundling,0.067636564,-0.47263968,-0.2889087,0.067636564,-0.20220074,-0.48004615
0831-JNISG,-1.4641548,Protection and support,Engagement and bundling,0.106088676,-0.460127,-0.32392612,0.106088676,-0.22968426,-0.50541556
0774-IFUVM,0.50988805,Engagement and bundling,Price and plan fit,0.022283733,-0.39703047,-0.13813506,-0.15613823,0.022283733,-0.03560663
3082-WQRVY,-0.69510055,Protection and support,Billing and payment,0.067011476,-0.5959636,-0.31351027,0.067011476,-0.323406,-0.4417677
9553-DLCLU,-1.6615461,Engagement and bundling,Price and plan fit,0.08059888,-0.17333645,-0.26062396,-0.28683683,0.08059888,0.032410704
1641-BYBTK,0.49719307,Protection and support,Billing and payment,0.08510901,-0.9561194,-0.13029914,0.08510901,-0.17641056,-0.55487263
2460-NGXBJ,0.609673,Service quality,Protection and support,0.34696567,0.34696567,-0.08877566,0.12620829,-0.06641258,-0.044492982
2446-ZKVAF,0.48668295,Protection and support,Engagement and bundling,0.10856893,-0.34857753,-0.36638284,0.10856893,-0.043666326,-0.0814742
0841-NULXI,0.58367896,Billing and payment,Protection and support,0.32200268,-0.22358494,0.32200268,0.16687267,0.14720072,0.09268147
3522-CDKHF,0.5498657,Service quality,Billing and payment,0.3061314,0.3061314,-0.12717554,-0.18850972,-0.1686626,-0.15419096
1430-SFQSA,-0.7181168,No actionable lever,Service quality,-0.14149468,-0.19176748,-0.30129874,-0.29318565,-0.21114935,-0.14149468
0411-EZJZE,0.56453043,Billing and payment,Protection and support,0.3666169,-0.29285532,0.3666169,0.14198074,0.048891835,-0.0614821
7851-WZEKY,0.5786421,Price and plan fit,Billing and payment,0.33565018,0.29859096,0.31981224,0.15939896,0.23111406,0.33565018
8844-TONUD,0.5405581,Service quality,Price and plan fit,0.35673004,0.35673004,-0.08909245,0.14491443,0.08363141,0.22121052
8807-ARQET,0.48027903,Billing and payment,Engagement and bundling,0.33058125,-0.29666382,0.33058125,0.13082938,0.15511823,-0.21489307
8992-CEUEN,0.57386774,Protection and support,Billing and payment,0.07389634,-0.7184994,-0.039804637,0.07389634,-0.16188599,-0.40859312
4320-QMLLA,0.5157039,Protection and support,Price and plan fit,0.11344526,-0.33392453,-0.35984263,0.11344526,-0.05251877,0.029895347
8777-PVYGU,-0.69170845,No actionable lever,Billing and payment,-0.15536025,-0.20200045,-0.15615992,-0.15536025,-0.17618749,-0.26595044
8292-ITGYJ,-1.510113,Protection and support,Billing and payment,0.08610469,-0.55004734,-0.06518992,0.08610469,-0.085516475,-0.5149138
6870-ZWMNX,-1.432462,No actionable lever,Protection and support,-0.0071884897,-0.17559837,-0.26900983,-0.1031147,-0.0071884897,-0.30294627
0621-CXBKL,-1.3962182,Protection and support,Engagement and bundling,0.06098124,-0.533662,-0.31319204,0.06098124,-0.23450977,-1.0558056
5268-DSMNQ,-0.80130285,Service quality,Protection and support,0.20160674,0.20160674,-0.090540804,0.11953664,-0.07733579,0.02774486
5334-JLAXU,0.47706878,Service quality,Engagement and bundling,0.25953943,0.25953943,-0.12008446,-0.2404811,0.009126689,-0.13967843
4086-YQSNZ,0.6271614,Billing and payment,Service quality,0.33772522,0.294267,0.33772522,0.13473135,-0.05273701,0.033951055
6242-MBHPK,0.4938078,Service quality,Billing and payment,0.3217177,0.3217177,0.30012003,-0.18633705,0.06555013,0.0513959
5868-CZJDR,0.62165934,Protection and support,Price and plan fit,0.13813509,-0.22663367,-0.1128428,0.13813509,0.022920921,0.09372529
9359-UGBTK,-0.46326873,Engagement and bundling,Billing and payment,0.050039284,-0.19401495,-0.09796092,-0.31145898,0.050039284,-0.3389321
0135-NMXAP,0.6237911,Service quality,Price and plan fit,0.35338786,0.35338786,-0.10151198,0.10538522,0.034481056,0.158986
4782-OSFXZ,-1.5052433,Engagement and bundling,Billing and payment,0.04129824,-0.14398834,-0.12670502,-0.392121,0.04129824,-0.27765068
6479-OAUSD,-0.7357509,Protection and support,Billing and payment,0.06706749,-0.5863813,-0.28367096,0.06706749,-0.38165703,-0.70957357
7129-ACFOG,0.5398837,Billing and payment,Engagement and bundling,0.336752,-0.28151852,0.336752,-0.24745877,-0.026345905,-0.18340379
4189-NAKJS,-0.72497404,Protection and support,Billing and payment,0.12140377,-0.21704027,-0.11205109,0.12140377,-0.2226494,-0.1756801
5562-BETPV,-0.9492302,Protection and support,Price and plan fit,0.0823241,-0.48716772,-0.27654716,0.0823241,-0.28748924,-0.12785053
1282-IHQAC,-0.73793226,Protection and support,Engagement and bundling,0.15125556,-0.1647036,-0.10666743,0.15125556,0.031965032,-0.13010448
9127-FHJBZ,-1.5466728,Billing and payment,Service quality,0.301205,0.17025751,0.301205,-0.42008466,0.047279533,0.12224139
6270-OMFIW,-0.61432505,Billing and payment,Service quality,0.34775424,0.21795921,0.34775424,0.100751646,0.18625318,0.026132658
1641-RQDAY,0.47474957,Service quality,Billing and payment,0.30939198,0.30939198,0.29401016,0.07548149,0.15255275,0.25361595
0107-WESLM,0.6054646,Billing and payment,Protection and support,0.30682057,-0.7188002,0.30682057,0.09618346,-0.16994359,0.05354543
6994-ORCWG,-0.7654941,Protection and support,Price and plan fit,0.09988264,-0.22289908,-0.10454035,0.09988264,-0.19100407,-0.06648035
1346-UFHAX,0.61384773,Service quality,Price and plan fit,0.33829823,0.33829823,-0.10942522,-0.16540025,-0.081031695,0.08006127
3992-YWPKO,0.48436868,Price and plan fit,Service quality,0.50398874,0.3564055,-0.063785635,-0.111385986,0.15658341,0.50398874
2933-XEUJM,-1.5175223,Engagement and bundling,Protection and support,0.19855858,-0.18664932,-0.32066286,-0.1404338,0.19855858,-0.22536048
0125-LZQXK,0.49379736,Billing and payment,Service quality,0.32690102,0.31763995,0.32690102,-0.068531565,0.06514776,0.21588987
5461-QKNTN,0.50798357,Billing and payment,Service quality,0.34270293,0.28693968,0.34270293,-0.15850565,0.082987234,-0.09276468
4835-YSJMR,-1.5050073,No actionable lever,Billing and payment,-0.07275631,-0.18524013,-0.10381704,-0.07275631,-0.22078143,-0.31130883
8399-YNDCH,0.49420938,Protection and support,Engagement and bundling,0.13480715,-0.33401394,-0.14904682,0.13480715,-0.066282995,-0.10907716
3164-YAXFY,0.4447109,Billing and payment,Engagement and bundling,0.33981887,-0.28466755,0.33981887,-0.18454656,0.32785293,-0.27453715
0887-WBJVH,-0.5915197,Billing and payment,Service quality,0.32266152,0.22518553,0.32266152,-0.079605095,0.1547244,0.04368607
4660-IRIBM,0.5684411,Service quality,Engagement and bundling,0.31368947,0.31368947,-0.14707972,-0.17707266,-0.054636035,-0.10056159
5673-FSSMF,0.57265955,Billing and payment,Protection and support,0.30125767,-0.29520112,0.30125767,0.15285058,0.049200907,0.12509644
7670-ZBPOQ,-0.67402107,No actionable lever,Service quality,-0.12794401,-0.19240272,-0.12794401,-0.3021134,-0.2370519,-0.20084153
8089-UZWLX,-1.4817863,Price and plan fit,Engagement and bundling,0.42296433,0.16614382,-0.29791844,0.18231033,0.21825823,0.42296433
0080-OROZO,-0.6083386,Billing and payment,Service quality,0.31860328,0.23603138,0.31860328,-0.07256444,0.15711778,0.14718561
3916-NRPAP,0.6008059,Service quality,Price and plan fit,0.2923787,0.2923787,-0.3357309,0.12785819,-0.045316454,0.20562164
6807-SIWJI,-0.5556025,Billing and payment,Price and plan fit,0.32080275,0.2218376,0.32080275,-0.20402373,0.2541695,0.25877798
8221-HVAYI,-1.4997247,No actionable lever,Billing and payment,-0.076624356,-0.1935406,-0.09214675,-0.3319385,-0.076624356,-0.24182333
1579-KLYDT,0.61838406,Billing and payment,Service quality,0.37812132,0.36297232,0.37812132,0.140805,0.07292744,0.09418304
5232-NXPAY,-1.5073066,Engagement and bundling,Protection and support,0.11805421,-0.18430458,-0.30301943,-0.08004916,0.11805421,-0.19272889
8967-SZQAS,0.48563993,Protection and support,Billing and payment,0.09518023,-0.3233695,0.0093094,0.09518023,-0.21962583,-0.19493243
4468-KAZHE,0.47109294,Billing and payment,Protection and support,0.31670868,-0.33126286,0.31670868,0.11748623,-0.107350975,-0.28669548
0455-ENTCR,-1.4492761,Billing and payment,Engagement and bundling,0.18171403,-0.19409974,0.18171403,-0.3283994,0.15698552,-0.1732713
8944-AILEF,0.5120869,Protection and support,Billing and payment,0.07447703,-0.84120595,-0.113654874,0.07447703,-0.21995811,-0.49720806
5542-NKVRU,-1.4990976,Protection and support,Billing and payment,0.07121568,-0.5087457,-0.08020246,0.07121568,-0.21775854,-0.55149364
7126-RBHSD,0.54991496,Service quality,Billing and payment,0.29791123,0.29791123,0.044839956,-0.13805781,-0.083706684,-0.083030686
5370-IIVVL,-0.5128194,Engagement and bundling,Price and plan fit,0.31731948,0.22514324,-0.054635584,-0.103990264,0.31731948,0.30428326
6789-HJBWG,0.5164991,Billing and payment,Protection and support,0.37105024,-0.34177873,0.37105024,0.08668875,-0.22660896,-0.1769969
3927-NLNRY,-0.574425,Service quality,Engagement and bundling,0.22386621,0.22386621,-0.06724843,0.12156053,0.2068843,0.0019496754
9087-EYCPR,-1.4407662,Protection and support,Engagement and bundling,0.076832786,-0.49804682,-0.32615742,0.076832786,-0.16823262,-0.44789755
6791-YBNAK,0.53201145,Protection and support,Engagement and bundling,0.12389343,-0.28612489,-0.37543744,0.12389343,-0.03644219,-0.29221103
6358-LYNGM,0.6503216,Billing and payment,Service quality,0.33087635,0.2925036,0.33087635,0.14748341,-0.045625564,0.19648734
6077-BDPXA,0.6262821,Billing and payment,Service quality,0.3588573,0.29240233,0.3588573,0.13416763,-0.16638729,-0.0029498264
0013-MHZWF,0.4804784,Engagement and bundling,Price and plan fit,0.06103902,-0.36497113,-0.0734168,-0.062501915,0.06103902,-0.024819769
5494-HECPR,0.6500528,Billing and payment,Service quality,0.32156214,0.29416558,0.32156214,0.14671698,-0.05582821,0.23472017
8268-YDIXR,-0.8151514,Billing and payment,Service quality,0.39387235,0.21483211,0.39387235,-0.18473546,-0.23588857,-0.13701646
9824-BEMCV,0.5783248,Billing and payment,Service quality,0.37629664,0.31228787,0.37629664,0.12977058,-0.16526948,0.026028732
1373-ORVIZ,0.4896062,Billing and payment,Engagement and bundling,0.3248583,-0.38514566,0.3248583,-0.07988163,0.10192911,-0.055069864
4291-SHSBH,0.62144744,Service quality,Billing and payment,0.36282837,0.36282837,0.33578986,0.14439209,-0.23042984,-0.16591054
6980-IMXXE,-1.4481136,Protection and support,Billing and payment,0.06710557,-0.5214305,-0.2183896,0.06710557,-0.2283801,-0.7280758
9866-QEVEE,0.53397954,Service quality,Protection and support,0.3199648,0.3199648,-0.08664996,0.1387763,0.06977134,-0.11193237
9897-KXHCM,0.618259,Service quality,Billing and payment,0.30393738,0.30393738,0.2949093,0.1449484,-0.08559618,0.06283845
0040-HALCW,-1.4411888,Protection and support,Engagement and bundling,0.06665882,-0.48816913,-0.23760019,0.06665882,-0.21027891,-0.46468532
0784-GTUUK,-0.7524017,Protection and support,Billing and payment,0.08015023,-0.51614517,-0.08600905,0.08015023,-0.28821832,-0.49802956
7979-CORPM,0.5694768,Service quality,Protection and support,0.3454708,0.3454708,-0.12281595,0.124387115,0.07517751,-0.010227494
2294-DMMUS,0.45065916,Engagement and bundling,Protection and support,0.16581391,-0.27554274,-0.11633476,0.16340376,0.16581391,-0.17181922
0872-JCPIB,0.44552368,Engagement and bundling,Price and plan fit,0.041597724,-0.34277073,-0.35371566,-0.15555672,0.041597724,0.030354638
3055-MJDSB,0.55270904,Protection and support,Engagement and bundling,0.14100565,-0.30579808,-0.14949928,0.14100565,0.028330252,-0.13916886
9091-WTUUY,-1.4461595,No actionable lever,Service quality,-0.08051852,-0.16989064,-0.32466966,-0.27183217,-0.08051852,-0.1837714
1618-CFHME,0.6311785,Billing and payment,Service quality,0.35623637,0.28600305,0.35623637,0.14026797,-0.051028516,-0.03171044
3165-HDOEW,0.6097351,Protection and support,Price and plan fit,0.13979127,-0.23056796,-0.11435349,0.13979127,-0.15468012,0.10772912
6581-NQCBA,0.48148042,Billing and payment,Engagement and bundling,0.34447026,-0.32618302,0.34447026,-0.13655503,0.17712814,-0.046956047
7115-IRDHS,-1.4572883,Protection and support,Engagement and bundling,0.09784929,-0.5037447,-0.25563633,0.09784929,-0.13401252,-0.48641872
8496-DMZUK,-0.820055,Service quality,Price and plan fit,0.23656778,0.23656778,-0.28974175,-0.18805638,-0.22751947,-0.06559403
2040-VZIKE,0.457052,Service quality,Engagement and bundling,0.28845474,0.28845474,-0.15694772,-0.1921196,0.18439363,0.046776563
9068-VPWQQ,-1.4620254,Engagement and bundling,Service quality,0.116109595,-0.16185947,-0.24985601,-0.28912497,0.116109595,-0.32314867
0178-SZBHO,0.5268242,Service quality,Protection and support,0.2937176,0.2937176,0.006368852,0.0866687,0.049473986,-0.115897685
0384-RVBPI,0.43660778,No actionable lever,Protection and support,-0.065280765,-0.3510322,-0.32046288,-0.19360092,-0.065280765,-0.3452288
1689-MRZQR,0.533368,Service quality,Protection and support,0.31976032,0.31976032,0.027556427,0.12829702,-0.032674767,0.015803613
1299-AURJA,-1.4397388,Protection and support,Engagement and bundling,0.07286051,-0.48367015,-0.25508612,0.07286051,-0.15623528,-0.53094286
4525-VZCZG,-0.53728515,Price and plan fit,Billing and payment,0.30291617,0.22046393,0.23953179,-0.3792316,0.10503188,0.30291617
1543-LLLFT,-0.7653811,Service quality,Price and plan fit,0.20460205,0.20460205,-0.1388439,-0.12333583,-0.07218206,-0.03969282
5835-BEQEU,0.6322449,Billing and payment,Service quality,0.34866124,0.29199892,0.34866124,0.13887724,-0.06073134,0.031983674
2788-CJQAQ,-0.75733817,Protection and support,Billing and payment,0.07649459,-0.6071216,-0.31952444,0.07649459,-0.362463,-0.65379715
5565-FILXA,0.5224436,Billing and payment,Service quality,0.34317958,0.30819812,0.34317958,0.14365037,0.18980624,0.17151064
0319-QZTCO,0.5792081,Protection and support,Billing and payment,0.11231118,-0.29173222,-0.05209925,0.11231118,-0.07618032,-0.055688143
2120-SMPEX,0.5001658,Protection and support,Billing and payment,0.09757466,-0.85141873,-0.16050413,0.09757466,-0.24905488,-0.6143036
0096-FCPUF,0.4427579,Engagement and bundling,Billing and payment,0.018723592,-0.38423342,-0.1503187,-0.19872595,0.018723592,-0.24900424
0668-OGMHD,0.4805704,Billing and payment,Engagement and bundling,0.0829837,-0.30010167,0.0829837,-0.18311766,-0.023228645,-0.3512953
5552-ZNFSJ,0.57555026,Protection and support,Price and plan fit,0.12540202,-0.23227799,-0.0042524124,0.12540202,-0.17056204,0.10889301
2223-KAGMX,0.49770728,Protection and support,Price and plan fit,0.074670434,-0.7984143,-0.32525748,0.074670434,-0.18610565,-0.16000645
6507-ZJSUR,0.53762686,Service quality,Billing and payment,0.32983923,0.32983923,0.32823712,0.1493094,0.069496766,-0.106246345
9408-HRXRK,0.44667903,Billing and payment,Service quality,0.29157197,0.28703994,0.29157197,-0.24034227,0.14964288,0.22967237
5593-SUAOO,-0.85808027,Service quality,Protection and support,0.25387502,0.25387502,-0.31347835,0.1027153,-0.20263377,-0.14362341
7321-PKUYW,0.58646095,Service quality,Price and plan fit,0.34188005,0.34188005,0.012201688,-0.067162536,0.07646218,0.18472846
2833-SLKDQ,0.59801954,Protection and support,Price and plan fit,0.1247651,-0.22829825,-0.34331852,0.1247651,-0.16951022,0.111909226
6766-HFKLA,-1.4684795,Price and plan fit,Engagement and bundling,0.31792745,0.1992234,-0.28459075,-0.040682156,0.24154888,0.31792745
7595-EUIVN,0.6312783,Service quality,Price and plan fit,0.2899331,0.2899331,-0.02238255,0.0956442,-0.1534829,0.2419619
7617-EYGLW,0.5826758,Protection and support,Price and plan fit,0.08568579,-0.7184994,-0.023322687,0.08568579,-0.17099372,0.05886387
2026-TGDHM,0.5960887,Service quality,Billing and payment,0.35909373,0.35909373,0.35157427,0.13496284,-0.07990499,-0.0031450652
9220-ZNKJI,-1.5763402,Service quality,Engagement and bundling,0.18561615,0.18561615,-0.27448952,-0.08015578,-0.06816682,-0.18017578
4030-VPZBD,0.5880992,Billing and payment,Price and plan fit,0.3527256,-0.22381766,0.3527256,-0.1308619,-0.02913829,0.02411747
2226-ICFDO,-1.5410067,Engagement and bundling,Billing and payment,0.12425216,-0.1671712,-0.13469458,-0.35636875,0.12425216,-0.21438612
0723-VSOBE,-0.5715046,Engagement and bundling,Protection and support,0.21675885,-0.17738597,0.06531571,0.14271028,0.21675885,-0.32271722
5529-GIBVH,-1.4488049,Protection and support,Engagement and bundling,0.07521773,-0.5257755,-0.28597826,0.07521773,-0.26202965,-0.68461937
4187-CINZD,-0.5690266,Service quality,Engagement and bundling,0.21202034,0.21202034,-0.25517815,0.10088808,0.20890646,0.088287614
9992-UJOEL,0.5873817,Protection and support,Price and plan fit,0.11785499,-0.22121751,-0.10038328,0.11785499,-0.1622083,0.022780538
4741-WWJQZ,0.61954606,Billing and payment,Service quality,0.29025176,0.279317,0.29025176,-0.32252958,-0.19794296,0.17069541
6625-UTXEW,0.51660395,Billing and payment,Protection and support,0.3769709,-0.33752882,0.3769709,0.08519769,-0.17890058,0.007801138
6818-WOBHJ,0.5131068,Service quality,Protection and support,0.27198893,0.27198893,-0.1085077,0.13131087,0.04940911,-0.13926409
6244-BESBM,-1.5649016,Service quality,Engagement and bundling,0.20522127,0.20522127,-0.06716413,-0.09204359,0.12685534,-0.07236057
1004-NOZNR,-0.550142,Engagement and bundling,Service quality,0.21916467,0.19232674,-0.2659967,-0.11672154,0.21916467,0.07566464
1251-STYSZ,0.615707,Billing and payment,Service quality,0.33566058,0.29268217,0.33566058,-0.18881106,-0.043150615,0.00509423
2612-PHGOX,-1.460298,No actionable lever,Protection and support,-0.01255806,-0.17481133,-0.13838886,-0.11625212,-0.01255806,-0.28522226
2408-TZMJL,-0.55928665,Price and plan fit,Billing and payment,0.33876944,0.21471146,0.28566855,-0.20407742,0.22709802,0.33876944
8480-PPONV,-1.3104068,Price and plan fit,Service quality,0.6087811,0.18093398,-0.22294347,-0.31679952,0.0950929,0.6087811
8780-IHCRN,-1.4464234,Protection and support,Engagement and bundling,0.07524852,-0.5163084,-0.23784234,0.07524852,-0.14641893,-0.6794934
4598-ZADCK,-0.691979,Billing and payment,Engagement and bundling,0.3447979,-0.20689535,0.3447979,-0.44014612,-0.042173922,-0.17324579
1257-SXUXQ,0.4991165,Protection and support,Engagement and bundling,0.07865136,-0.88645285,-0.4012858,0.07865136,-0.17588285,-0.5536283
9681-KYGYB,0.53265125,Billing and payment,Service quality,0.34593958,0.26584387,0.34593958,-0.22553763,-0.10659148,-0.13936543
7182-OVLBJ,-1.3363907,Price and plan fit,Engagement and bundling,0.51526123,0.1907651,-0.08043334,-0.18839957,0.26389104,0.51526123
5095-ETBRJ,-1.4287213,No actionable lever,Service quality,-0.15069664,-0.16918999,-0.3212995,-0.2934745,-0.19076005,-0.15069664
7005-CYUIL,-1.4932166,Billing and payment,Service quality,0.4170568,0.16750541,0.4170568,-0.40822268,-0.08387278,0.06990047
4821-WQOYN,-1.390899,Protection and support,Billing and payment,0.11276696,-0.49700218,-0.11742949,0.11276696,-0.20508298,-0.5997964
4730-AWNAU,-0.45848453,Engagement and bundling,Service quality,0.25767303,-0.19428274,-0.22669761,-0.3417626,0.25767303,-0.1962293
3452-FLHYD,-0.73929423,Protection and support,Billing and payment,0.08321868,-0.5764587,-0.06734226,0.08321868,-0.33148327,-0.33964252
2388-LAESQ,-1.5229375,Service quality,Price and plan fit,0.15171991,0.15171991,-0.10122465,-0.40286934,0.082307644,0.13074656
9531-NSBMR,-0.7334778,Protection and support,Billing and payment,0.060397763,-0.53003424,-0.07426405,0.060397763,-0.320149,-0.811012
6260-ONULR,0.5612699,Protection and support,Price and plan fit,0.1562669,-0.29331928,-0.11210805,0.1562669,0.052305542,0.13502122
4389-UEFCZ,-1.5076478,Billing and payment,Price and plan fit,0.3950112,0.17257853,0.3950112,-0.1774156,0.16344883,0.2873692
8711-LOBKY,-1.4572198,Protection and support,Engagement and bundling,0.07158494,-0.5286648,-0.30413303,0.07158494,-0.2347032,-0.6090279
9134-CEQMF,0.5947666,Service quality,Billing and payment,0.36661834,0.36661834,0.2919245,0.15817015,0.041678183,0.12258685
8985-OOPOS,-0.66763216,Engagement and bundling,Price and plan fit,0.17252319,-0.20452258,-0.24091303,-0.14819212,0.17252319,0.13643412
8800-ZKRFW,0.42288783,Service quality,Billing and payment,0.30111718,0.30111718,0.29625478,-0.18026301,0.09405629,0.1483846
2616-FLVQC,-1.4458566,Protection and support,Engagement and bundling,0.07102239,-0.47310454,-0.32289085,0.07102239,-0.26007083,-0.4895723
9968-FFVVH,-0.65440243,No actionable lever,Engagement and bundling,-0.17246611,-0.17246611,-0.32484043,-0.31308088,-0.25248757,-0.30808577
3108-PCCGG,-1.5279818,Engagement and bundling,Service quality,0.15128276,-0.1391906,-0.28188255,-0.22533986,0.15128276,-0.3205277
7993-PYKOF,0.5898103,Service quality,Billing and payment,0.34881002,0.34881002,0.012862939,-0.1911173,-0.22779472,-0.18070668
8390-FESFV,-1.5147765,Engagement and bundling,Protection and support,0.19613968,-0.16919594,-0.2704946,-0.10385993,0.19613968,-0.20173752
3022-BEXHZ,-1.3111856,Price and plan fit,Service quality,0.5070395,0.20508508,-0.04238008,-0.12524275,0.17609952,0.5070395
5027-XWQHA,0.513984,Protection and support,Billing and payment,0.12175782,-0.31886762,0.0066082096,0.12175782,-0.19690509,-0.030133482
6248-TKCQV,-1.4958196,Engagement and bundling,Billing and payment,0.21923067,-0.18674672,-0.10584092,-0.32323924,0.21923067,-0.29494345
6729-GDNGC,0.56949,Service quality,Protection and support,0.30696243,0.30696243,-0.34886098,0.11731826,-0.05787304,0.06536685
6198-ZFIOJ,0.6087428,Service quality,Protection and support,0.31439018,0.31439018,-0.029006507,0.13685204,-0.014163571,-0.004021503
5989-OMNJE,-0.51626575,Engagement and bundling,Billing and payment,0.34858727,-0.20705739,0.10107548,-0.1214633,0.34858727,-0.06171582
4566-QVRRW,0.518925,Billing and payment,Protection and support,0.38734132,-0.33688873,0.38734132,0.119041085,-0.19007199,0.0025781244
1291-CUOCY,-1.5148737,Price and plan fit,Service quality,0.3351563,0.17886437,-0.08446845,-0.090289645,0.16301472,0.3351563
9795-SHUHB,-1.4365942,No actionable lever,Service quality,-0.08917044,-0.17316793,-0.08917044,-0.3126519,-0.18689331,-0.25325432
3230-IUALN,-1.5491086,Engagement and bundling,Billing and payment,0.056765296,-0.19476631,-0.14184716,-0.32134178,0.056765296,-0.275527
0042-RLHYP,-1.4465916,Protection and support,Billing and payment,0.06570899,-0.5165624,-0.21827912,0.06570899,-0.25822562,-0.7377784
8519-IMDHU,0.5588091,Service quality,Protection and support,0.3243476,0.3243476,-0.09217699,0.1572947,0.11799088,-0.06006166
4945-RVMTE,0.49404895,Protection and support,Engagement and bundling,0.13122994,-0.38962215,-0.12061079,0.13122994,-0.061515294,-0.13870311
0201-OAMXR,-0.47489116,Price and plan fit,Engagement and bundling,0.3661617,0.20261417,-0.20754504,-0.29322734,0.24181144,0.3661617
1866-NXPSP,-0.47572732,Engagement and bundling,Price and plan fit,0.06570384,-0.2096591,-0.12931843,-0.31957692,0.06570384,-0.09984277
3372-KWFBM,0.57137907,Billing and payment,Service quality,0.38787192,0.30908334,0.38787192,0.13341396,0.069472015,-0.10054006
7831-QGOXH,0.5726334,Billing and payment,Service quality,0.39102262,0.31876752,0.39102262,0.13858348,0.073878706,-0.074583024
6393-WRYZE,0.49105984,Billing and payment,Service quality,0.33413708,0.31966513,0.33413708,0.15920633,0.17181249,0.057828374
3941-XTSKM,-0.507935,Engagement and bundling,Protection and support,0.21681142,-0.1889471,-0.06862407,0.15152088,0.21681142,-0.2829857
1661-CZBAU,-0.4693809,Engagement and bundling,Billing and payment,0.20503539,-0.20382288,-0.094704136,-0.37770292,0.20503539,-0.36202526
6599-RCLCJ,0.41562498,Billing and payment,Service quality,0.30376396,0.29549766,0.30376396,-0.14890128,0.16000791,0.22462223
9831-BPFRI,-0.86037266,Billing and payment,Service quality,0.38269514,0.22537547,0.38269514,-0.1280977,-0.14323407,-0.105294555
5158-RIVOP,-1.4183184,Protection and support,Engagement and bundling,0.06335757,-0.5582803,-0.28607252,0.06335757,-0.19363327,-0.44842464
9788-YTFGE,0.52555054,Protection and support,Billing and payment,0.09472371,-0.9532162,-0.13385877,0.09472371,-0.23005223,-0.5794473
9277-JOOMO,0.53151035,Protection and support,Engagement and bundling,0.077182904,-0.83251345,-0.34990337,0.077182904,-0.037244737,-0.14530656
1907-YLNYW,0.4850129,Billing and payment,Engagement and bundling,0.3017229,-0.4176628,0.3017229,-0.22513376,-0.10922342,-0.28834134
1725-MIMXW,0.62100863,Protection and support,Price and plan fit,0.09889143,-0.6545044,-0.09577573,0.09889143,-0.15482147,0.0361391
8947-YRTDV,-0.55651987,Service quality,Price and plan fit,0.2108106,0.2108106,-0.3145653,-0.16925766,0.040351823,0.047290765
3161-ONRWK,-0.6701768,No actionable lever,Service quality,-0.13141122,-0.18217455,-0.13141122,-0.32931897,-0.30768025,-0.1918093
0114-RSRRW,0.49078208,Protection and support,Billing and payment,0.07797207,-0.892645,-0.08335592,0.07797207,-0.17909211,-0.381342
4565-NLZBV,-1.4855659,Protection and support,Billing and payment,0.118394025,-0.47520083,-0.1252771,0.118394025,-0.16868712,-0.5557718
0031-PVLZI,0.5135389,Protection and support,Engagement and bundling,0.07305105,-0.8664589,-0.41091082,0.07305105,-0.16048957,-0.43063027
7206-GZCDC,0.6495074,Billing and payment,Service quality,0.29883707,0.28921586,0.29883707,0.14145885,-0.1583524,0.23228085
6682-VCIXC,-0.6934109,No actionable lever,Engagement and bundling,-0.10453406,-0.20036387,-0.10453406,-0.40429744,-0.10755533,-0.16613615
4791-QRGMF,-0.5620882,Engagement and bundling,Service quality,0.35026917,0.22718167,-0.064745106,0.1673994,0.35026917,0.22606632
6475-VHUIZ,0.47143906,Billing and payment,Protection and support,0.030904092,-0.39263794,0.030904092,-0.05877074,-0.19273102,-0.13540864
3910-MRQOY,-1.4505652,Protection and support,Billing and payment,0.102026805,-0.47446388,-0.2309308,0.102026805,-0.25310266,-0.5566343
0661-WCQNQ,-0.69192314,No actionable lever,Service quality,-0.09448517,-0.23489514,-0.09448517,-0.3182658,-0.35113826,-0.3686694
7537-RBWEA,0.64914274,Protection and support,Engagement and bundling,0.14660846,-0.23236185,-0.13092549,0.14660846,0.016973913,0.012404926
4656-CAURT,-1.4363042,Protection and support,Engagement and bundling,0.07635006,-0.5245934,-0.23857328,0.07635006,-0.14786842,-0.6573665
0121-SNYRK,-0.70858014,No actionable lever,Service quality,-0.18505122,-0.19086999,-0.18505122,-0.38206482,-0.22718388,-0.20763771
1768-ZAIFU,0.63353086,Billing and payment,Protection and support,0.3208316,-0.23345275,0.3208316,0.14707015,0.037636265,0.03498128
4671-LXRDQ,0.5930368,Protection and support,Price and plan fit,0.14698964,-0.23159361,-0.11009898,0.14698964,-0.21930385,-0.10376589
3733-LSYCE,0.5840432,Service quality,Protection and support,0.32003435,0.32003435,-0.37238318,0.091091454,-0.17696424,0.0099100545
6265-FRMTQ,-1.4391217,Protection and support,Engagement and bundling,0.07326533,-0.49453878,-0.22915801,0.07326533,-0.21313015,-0.38168815
1934-SJVJK,0.60684955,Protection and support,Price and plan fit,0.0874657,-0.6549561,-0.32259062,0.0874657,-0.1699419,0.0653135
3838-OZURD,0.41091943,Service quality,Price and plan fit,0.2916817,0.2916817,-0.09503258,0.11656374,0.24694754,0.29039192
1371-DWPAZ,-1.7721864,No actionable lever,Service quality,-0.04327687,-0.21574487,-0.22025833,-0.30174816,-0.04327687,-0.46414474
9269-CQOOL,0.57998484,Protection and support,Billing and payment,0.14058676,-0.23775321,-0.093653806,0.14058676,-0.110103905,-0.10882719
2017-CCBLH,-1.4448318,Protection and support,Engagement and bundling,0.060961373,-0.591908,-0.33692783,0.060961373,-0.21019037,-0.56491214
7690-KPNCU,-0.47550672,Engagement and bundling,Billing and payment,0.19834813,-0.1970442,-0.094209015,-0.13903074,0.19834813,-0.101426214
0536-BGFMZ,0.48609424,Protection and support,Engagement and bundling,0.07648953,-0.7658031,-0.37036133,0.07648953,-0.19628075,-0.3334608
2293-IJWPS,-0.52319694,Price and plan fit,Engagement and bundling,0.36178416,0.22817421,-0.05563507,0.16204415,0.36008316,0.36178416
2845-HSJCY,0.5781391,Billing and payment,Service quality,0.3439992,0.3422832,0.3439992,0.15084913,0.123188235,0.019772477
5469-NUJUR,-1.5261148,Protection and support,Billing and payment,0.080066144,-0.5226802,-0.14714245,0.080066144,-0.22536139,-0.40856364
1184-PJVDB,0.61722463,Service quality,Billing and payment,0.3583779,0.3583779,0.34592262,0.14841422,-0.08670112,0.0073016398
2625-TRCZQ,0.46695015,Billing and payment,Engagement and bundling,0.33513904,-0.29984716,0.33513904,0.14826618,0.31524885,-0.07385514
4102-HLENU,-1.4461651,No actionable lever,Engagement and bundling,-0.1531355,-0.16413596,-0.3507328,-0.1531355,-0.15374891,-0.25740877
7266-GSSJX,0.51248676,Billing and payment,Protection and support,0.32404464,-0.95520186,0.32404464,0.0765776,-0.20336665,-0.5498504
7722-VJRQD,-1.5274767,Engagement and bundling,Service quality,0.14347121,-0.14825976,-0.25707343,-0.39237243,0.14347121,-0.2011941
7073-QETQY,-0.7652744,Billing and payment,Protection and support,0.33915842,-0.6150517,0.33915842,0.080128655,-0.31031948,-0.75726604
9415-DPEWS,0.56609744,Billing and payment,Service quality,0.37970433,0.32063177,0.37970433,-0.07659015,0.11540636,-0.05167092
5624-RYAMH,0.5154814,Billing and payment,Protection and support,0.3254236,-0.97268707,0.3254236,0.078503564,-0.21355765,-0.48132196
0196-JTUQI,0.61796016,Service quality,Protection and support,0.34514427,0.34514427,-0.073465236,0.12298461,-0.07301311,-0.036869805
7130-YXBRO,0.40464103,Service quality,Price and plan fit,0.28828356,0.28828356,-0.114288785,-0.23205851,0.14145856,0.20073274
9272-LSVYH,0.6126623,Service quality,Protection and support,0.35788637,0.35788637,-0.38572896,0.12703751,-0.23460402,-0.12083671
7943-RQCHR,0.56240857,Service quality,Billing and payment,0.3544735,0.3544735,0.3214391,0.16529968,0.24630924,0.2783026
3793-MMFUH,0.5446609,Service quality,Billing and payment,0.34853604,0.34853604,0.326496,0.16378804,0.24580581,0.070721045
3249-ZPQRG,0.61062926,Service quality,Protection and support,0.31179506,0.31179506,-0.0358064,0.11207507,-0.009913243,0.06864831
2568-BRGYX,0.6223902,Billing and payment,Service quality,0.34454498,0.3057925,0.34454498,0.13700634,-0.17014332,-0.024078012
3084-DOWLE,-1.5471525,Engagement and bundling,Service quality,0.11841601,-0.16085534,-0.26681712,-0.37368348,0.11841601,-0.2794202
1084-MNSMJ,-1.5318326,Engagement and bundling,Service quality,0.0029683867,-0.18692064,-0.20498852,-0.3138864,0.0029683867,-0.24594447
7721-JXEAW,0.4576168,Engagement and bundling,Protection and support,0.19107477,-0.26463062,-0.120199345,0.16593729,0.19107477,-0.15838921
7249-WBIYX,0.6150622,Billing and payment,Service quality,0.39553136,0.3546433,0.39553136,0.13080308,0.06338349,0.018641166
4238-HFHSN,0.5378392,Billing and payment,Service quality,0.36482447,0.25965327,0.36482447,0.12081292,-0.1288738,-0.22613218
6250-CGGUN,-0.7759591,Service quality,Billing and payment,0.20440975,0.20440975,0.16992506,-0.25821224,-0.29368412,-0.11643235
5478-JJVZK,0.4855885,No actionable lever,Billing and payment,-0.10957081,-0.3839252,-0.15432125,-0.20542458,-0.10957081,-0.24299127
7596-IIWYC,-1.5049536,Protection and support,Billing and payment,0.07737324,-0.51027626,-0.070836075,0.07737324,-0.22485556,-0.48689762
6567-HOOPW,0.64685476,Billing and payment,Service quality,0.31001455,0.2917024,0.31001455,0.14537211,-0.05582821,0.2432595
9793-WECQC,0.48195395,Service quality,Price and plan fit,0.33269793,0.33269793,-0.38068593,0.08696229,0.098392494,0.20689304
4291-HPAXL,0.6084672,Protection and support,Price and plan fit,0.08833859,-0.65420365,-0.3179792,0.08833859,-0.1558716,0.047184885
8999-YPYBV,-1.5726495,Engagement and bundling,Billing and payment,0.0034057777,-0.19285862,-0.12518561,-0.36682966,0.0034057777,-0.2821437
1839-FBNFR,-1.5072471,Protection and support,Billing and payment,0.079912275,-0.52478933,-0.05575084,0.079912275,-0.24747896,-0.71232474
3164-AALRN,-0.6104009,Engagement and bundling,Protection and support,0.19486982,-0.19616932,-0.07156967,0.13718666,0.19486982,0.023845382
3071-MVJCD,-1.4822143,No actionable lever,Service quality,-0.06167198,-0.16028251,-0.28300413,-0.3601174,-0.06167198,-0.28717571
1697-BCSHV,0.48857102,Protection and support,Engagement and bundling,0.13066699,-0.28656873,-0.13043343,0.13066699,0.025247315,-0.25220314
0562-KBDVM,-1.4647977,No actionable lever,Billing and payment,-0.12104058,-0.16519605,-0.12645474,-0.40541643,-0.12104058,-0.25169346
1131-SUEKT,-0.5339099,Service quality,Engagement and bundling,0.21427585,0.21427585,-0.07466606,-0.1375241,0.19770695,0.073868155
3717-OEAUQ,0.6323741,Service quality,Protection and support,0.2824153,0.2824153,-0.41176486,0.12651768,-0.16544391,-0.029888563
4538-WNTMJ,-0.7339289,Protection and support,Engagement and bundling,0.074662246,-0.577988,-0.28668943,0.074662246,-0.21678154,-0.47489938
3334-CTHOL,0.6052464,Protection and support,Price and plan fit,0.13867547,-0.23169042,-0.10111361,0.13867547,-0.057648536,0.09495587
4704-ERYFC,0.5702984,Billing and payment,Service quality,0.37475032,0.3144321,0.37475032,0.12907168,-0.2131438,-0.22764921
9432-RUVSL,-1.5097189,Price and plan fit,Service quality,0.3620436,0.1981667,-0.07957794,-0.2581303,0.09717421,0.3620436
8060-HIWJJ,-1.5173562,Engagement and bundling,Protection and support,0.21245152,-0.16788515,-0.2534955,-0.12685607,0.21245152,-0.30506617
7684-XSZIY,-1.3995802,Protection and support,Engagement and bundling,0.11589727,-0.4785919,-0.31248942,0.11589727,-0.15735584,-0.49993566
9089-UOWJG,0.52039945,Protection and support,Engagement and bundling,0.145292,-0.39165485,-0.110580936,0.145292,-0.105448484,-0.18485275
8621-MNIHH,0.4952391,Billing and payment,Service quality,0.32172972,0.28588495,0.32172972,0.096186325,0.01712931,0.097983204
8039-ACLPL,-1.5150142,No actionable lever,Service quality,-0.021586949,-0.14506681,-0.27145168,-0.19106686,-0.021586949,-0.23439369
9885-AIBVB,0.5608647,Billing and payment,Service quality,0.3576758,0.3225633,0.3576758,0.108134195,-0.09408353,-0.053393584
1934-MKPXS,-0.6731685,Protection and support,Engagement and bundling,0.06960841,-0.5414417,-0.32129958,0.06960841,-0.30222705,-0.5218837
2592-YKDIF,0.60732704,Protection and support,Price and plan fit,0.08580619,-0.66759884,-0.32075897,0.08580619,-0.16759537,0.03102766
2272-JKMSI,-0.5676483,Billing and payment,Engagement and bundling,0.2618538,0.21406946,0.2618538,-0.13363624,0.21435295,0.18095766
0471-LVHGK,-0.5551675,Billing and payment,Engagement and bundling,0.33835036,-0.2248597,0.33835036,0.14683747,0.24269195,-0.039008662
9518-RWHZL,-0.53471833,Engagement and bundling,Service quality,0.3091678,0.21363722,-0.0781974,0.1643459,0.3091678,0.115123525
8714-CTZJW,0.6068378,Service quality,Protection and support,0.30854657,0.30854657,-0.08089996,0.14101945,-0.04703642,0.049976356
3569-EDBPQ,0.54847896,Billing and payment,Service quality,0.39302474,0.3104987,0.39302474,-0.31833425,-0.0667237,-0.18401375
3131-NWVFJ,-0.75261575,Protection and support,Billing and payment,0.07593723,-0.6031389,-0.31308135,0.07593723,-0.34411123,-0.63862365
7521-YXVZY,0.5613398,Protection and support,Engagement and bundling,0.08062529,-0.82306373,-0.35157803,0.08062529,-0.1647481,-0.21995689
5419-CONWX,0.539262,Price and plan fit,Service quality,0.38243973,0.31706384,-0.048896786,0.103242695,0.0441412,0.38243973
6240-EURKS,0.48259974,Billing and payment,Protection and support,0.39705598,-0.2876134,0.39705598,0.15485245,0.1522902,-0.056237854
2373-NTKOD,0.49768072,Billing and payment,Protection and support,0.31973338,-0.40176564,0.31973338,0.14455502,0.03921455,-0.13814792
1970-KKFWL,-1.4652405,Protection and support,Engagement and bundling,0.069048174,-0.50130105,-0.25383458,0.069048174,-0.13224463,-0.39516506
6960-HVYXR,0.63161623,Service quality,Price and plan fit,0.29057318,0.29057318,-0.007894599,0.13129146,-0.048299883,0.23201437
9337-SRRNI,-1.4740727,Protection and support,Billing and payment,0.08427275,-0.50735426,-0.08644167,0.08427275,-0.15542053,-0.46306998
0895-UADGO,-1.6502134,Engagement and bundling,Price and plan fit,0.070093885,-0.21006629,-0.13060488,-0.34131387,0.070093885,-0.08376245
5678-VFNEQ,-0.56743395,Price and plan fit,Engagement and bundling,0.38234258,0.189146,-0.09242727,-0.1854262,0.28109798,0.38234258
5977-CKHON,0.5225104,Service quality,Protection and support,0.3173137,0.3173137,-0.09143828,0.15111332,0.09873502,-0.11370487
7024-OHCCK,0.58237875,Billing and payment,Service quality,0.31529742,0.28689757,0.31529742,0.14819764,0.16209677,0.18969494
2692-BUCFV,0.4650307,Price and plan fit,Service quality,0.385094,0.30605042,-0.091405265,0.09382644,0.10478559,0.385094
7861-UVUFT,0.5901761,Billing and payment,Service quality,0.36405164,0.3282337,0.36405164,0.13136941,-0.08202712,-0.11918639
1830-GGFNM,-1.4745158,Service quality,Price and plan fit,0.17808902,0.17808902,-0.24938165,-0.29659823,-0.12425949,0.00072044134
5302-BDJNT,0.48621967,Service quality,Engagement and bundling,0.29915145,0.29915145,0.038929854,-0.07251198,0.10791415,-0.076156616
5223-UZAVK,-0.5200498,Price and plan fit,Engagement and bundling,0.22104631,0.20565207,-0.059307713,-0.19314557,0.20575947,0.22104631
4859-ZSRDZ,-1.5184629,Engagement and bundling,Billing and payment,0.18035847,-0.16740507,-0.08322197,-0.17145596,0.18035847,-0.16033465
5651-WYIPH,0.49609524,Protection and support,Price and plan fit,0.09911038,-0.30007243,-0.14472531,0.09911038,-0.17788301,0.0017372072
9350-VLHMB,0.5088634,Service quality,Protection and support,0.28477383,0.28477383,-0.10224877,0.14899966,0.12441177,-0.1428854
3498-LZGQZ,-1.4309034,Protection and support,Billing and payment,0.073569134,-0.5021113,-0.16413066,0.073569134,-0.22683038,-0.8239322
8785-CJSHH,0.48419464,Billing and payment,Service quality,0.37277603,0.27997488,0.37277603,0.105236806,0.17696603,0.09895636
5357-TZHPP,0.58618236,Service quality,Protection and support,0.3417809,0.3417809,-0.10460378,0.13250704,0.06803572,0.050426684
3870-SPZSI,-1.3921082,Price and plan fit,Service quality,0.41672462,0.19222154,-0.04649149,-0.34154382,0.07321251,0.41672462
0680-DFNNY,0.51215684,Billing and payment,Service quality,0.36450028,0.3202099,0.36450028,0.14678508,0.19554265,0.21644771
7560-QRBXH,-0.73564076,Protection and support,Billing and payment,0.07059019,-0.5227357,-0.28654036,0.07059019,-0.30703992,-0.4332885
7077-XJMET,0.48298827,Billing and payment,Engagement and bundling,0.34669822,-0.38463172,0.34669822,-0.08740018,0.051248092,-0.05313734
8752-GHJFU,-0.8136411,Billing and payment,Service quality,0.39749435,0.17784545,0.39749435,-0.4167186,-0.20121884,-0.21385744
6896-SRVYQ,0.5227106,Service quality,Protection and support,0.29153955,0.29153955,-0.015520536,0.13008049,-0.1871272,-0.18829197
7767-UXAGJ,0.5945296,Billing and payment,Protection and support,0.33415982,-0.23600428,0.33415982,0.14173779,-0.05446302,0.092476025
4652-ODEVH,-1.4776402,Protection and support,Engagement and bundling,0.07608487,-0.51478636,-0.29755843,0.07608487,-0.13552023,-0.37639663
6510-UPNKS,-0.73034215,Protection and support,Engagement and bundling,0.08465282,-0.54890287,-0.2638254,0.08465282,-0.18578234,-0.3351485
6718-BDGHG,-0.70275533,No actionable lever,Engagement and bundling,-0.056272764,-0.28111747,-0.09073154,-0.056272764,-0.07322894,-0.18795328
9046-DQMTP,0.48396814,Protection and support,Engagement and bundling,0.06637876,-0.7995478,-0.27281886,0.06637876,-0.22439879,-0.5403599
6439-LAJXL,0.5155381,No actionable lever,Price and plan fit,-0.044863895,-0.37590593,-0.12844242,-0.356039,-0.044863895,-0.056721333
1571-SAVHK,0.5133407,Service quality,Price and plan fit,0.35483178,0.35483178,-0.11171139,-0.0723519,0.19975254,0.3302675
9052-VKDUW,0.40090227,Service quality,Price and plan fit,0.2668601,0.2668601,-0.107583396,-0.22047502,0.1343362,0.15257229
9546-CQJSU,0.6359727,Billing and payment,Service quality,0.33351386,0.29901063,0.33351386,0.16204365,0.0975399,0.21721631
1666-JZPZT,0.4854306,Protection and support,Engagement and bundling,0.11664698,-0.3119468,-0.39977145,0.11664698,-0.11775411,-0.20107183
5777-KJIRB,-0.7267692,Protection and support,Billing and payment,0.11607178,-0.198152,-0.12538078,0.11607178,-0.32320896,-0.16553083
0506-LVNGN,0.63290364,Service quality,Protection and support,0.31111804,0.31111804,-0.07021197,0.12703945,-0.165678,0.0037565306
7677-SJJJK,-0.75235033,Protection and support,Billing and payment,0.068358645,-0.58729804,-0.2767601,0.068358645,-0.29430175,-0.39796406
2480-EJWYP,-0.56979537,Engagement and bundling,Service quality,0.3047758,0.21044353,-0.06956047,0.120019384,0.3047758,0.05329059
3253-HKOKL,-0.5368557,Price and plan fit,Service quality,0.22856985,0.2131055,0.042509638,-0.09550297,0.16455892,0.22856985
7055-HNEOJ,0.5688951,No actionable lever,Protection and support,-0.0017900914,-0.29017657,-0.10380236,-0.06604627,-0.16522698,-0.0017900914
5514-YQENT,-1.365983,Price and plan fit,Billing and payment,0.49703577,0.20686954,0.26529744,-0.32287014,-0.04992067,0.49703577
3211-AAPKX,0.494308,Service quality,Engagement and bundling,0.32547244,0.32547244,-0.13195908,-0.07089154,0.26173848,0.23383573
8445-DNBAE,0.59419197,Billing and payment,Protection and support,0.32806265,-0.23450021,0.32806265,0.14236648,-0.036169093,0.077482015
2951-QOQTK,0.6366552,Service quality,Price and plan fit,0.30572033,0.30572033,-0.32004496,-0.054751348,0.0010144375,0.15338223
2958-NHPPS,0.4722378,Protection and support,Billing and payment,0.076651,-0.8481208,0.018950753,0.076651,-0.20495865,-0.18864585
6806-YDEUL,0.47778594,Protection and support,Engagement and bundling,0.06868337,-0.92770493,-0.3405091,0.06868337,-0.1854446,-0.5339055
1735-XMJVH,0.51157933,Protection and support,Billing and payment,0.08653458,-0.8910967,-0.14736293,0.08653458,-0.17065991,-0.33221704
6890-PFRQX,0.4844976,Engagement and bundling,Price and plan fit,0.036334943,-0.34670484,-0.440485,-0.15648258,0.036334943,-0.12081573
0222-CNVPT,0.4406156,Engagement and bundling,Price and plan fit,0.31482935,-0.2748743,-0.15074609,-0.13884194,0.31482935,-0.06722471
5899-OUVKV,0.49604878,Service quality,Billing and payment,0.33185977,0.33185977,0.32157785,0.09499776,0.07797684,0.040626165
8681-ICONS,0.5001186,Protection and support,Billing and payment,0.100106,-0.8116987,-0.14835054,0.100106,-0.22603688,-0.61420906
1621-YNCJH,-1.2734042,Price and plan fit,Service quality,0.70877934,0.1951187,-0.05959378,-0.3246816,0.038203645,0.70877934
3473-XIIIT,0.5047354,Billing and payment,Service quality,0.3784625,0.31307942,0.3784625,0.08321457,0.16627622,0.12275995
6362-QHAFM,-0.5829771,Price and plan fit,Billing and payment,0.38357285,0.23479432,0.31558827,-0.059279505,0.30368182,0.38357285
7893-IXHRQ,0.58520925,Protection and support,Price and plan fit,0.08593978,-0.724313,-0.025615066,0.08593978,-0.17099372,0.04836698
3070-BDOQC,-1.5767912,Billing and payment,Service quality,0.38915378,0.20471959,0.38915378,0.09687896,0.08174946,0.09368368
2952-QAYZF,0.6348581,Billing and payment,Service quality,0.32891273,0.3111373,0.32891273,0.10060418,-0.054637894,0.18449104
6234-PFPXL,0.51885056,Service quality,Price and plan fit,0.31018856,0.31018856,-0.33741513,-0.29791787,0.07884173,0.11357109
9824-QCJPK,-0.65326226,Protection and support,Engagement and bundling,0.05891915,-0.5616598,-0.34578213,0.05891915,-0.3281959,-0.5911181
4763-PGDPO,0.60945356,Service quality,Protection and support,0.29768142,0.29768142,-0.033067904,0.11982738,-0.17204683,0.095147066
4283-IVYCI,0.4577785,No actionable lever,Price and plan fit,-0.04854769,-0.36668262,-0.38366503,-0.29638195,-0.04854769,-0.16003199
1866-OBPNR,0.6533496,Service quality,Price and plan fit,0.29082054,0.29082054,-0.306369,0.10757948,-0.1372264,0.24514882
8205-MQUGY,0.50320655,Billing and payment,Price and plan fit,0.38746336,-0.3470246,0.38746336,-0.1564695,-0.15460926,-0.056083128
8970-ANWXO,-0.49612302,Engagement and bundling,Protection and support,0.34672335,-0.29178944,-0.118353695,-0.08206587,0.34672335,-0.24270613
9480-BQJEI,-0.59390795,Service quality,Engagement and bundling,0.19937836,0.19937836,-0.11308703,-0.19267738,0.13993663,-0.049073353
5394-SVGJV,0.4698526,Service quality,Engagement and bundling,0.29699308,0.29699308,-0.37989426,-0.06661853,0.2043836,-0.09332298
6979-TNDEU,0.509404,Protection and support,Engagement and bundling,0.06255346,-0.9233774,-0.3693462,0.06255346,-0.21346998,-0.9044802
9777-WJJPR,0.55636925,Service quality,Protection and support,0.32080582,0.32080582,-0.3606837,0.1318464,0.02355295,-0.06280426
9283-LZQOH,0.6079478,Service quality,Protection and support,0.34982118,0.34982118,-0.07668309,0.12970966,-0.06641258,-0.049696278
7079-QRCBC,0.51022726,Billing and payment,Service quality,0.3649611,0.33775288,0.3649611,0.1564148,0.21893723,0.22176139
9495-SKLKD,0.48432788,Service quality,Engagement and bundling,0.2986613,0.2986613,-0.08927853,0.12451934,0.12614538,-0.0036533326
6048-UWKAL,-1.4265924,Price and plan fit,Engagement and bundling,0.26550016,0.17895655,-0.2602389,-0.09648308,0.20923515,0.26550016
5067-DGXLL,0.5308765,Protection and support,Engagement and bundling,0.07661864,-0.8592487,-0.40266407,0.07661864,-0.1810514,-0.5068643
5469-CTCWN,-0.58668405,Billing and payment,Engagement and bundling,0.28914404,0.21155372,0.28914404,-0.2192566,0.27327645,0.26925278
9851-QXEEQ,0.4276194,Billing and payment,Service quality,0.3367641,0.30940902,0.3367641,0.083941326,0.20653236,0.232797
6281-FKEWS,-0.5681073,Engagement and bundling,Billing and payment,0.3580753,-0.20114124,0.30281103,0.17238964,0.3580753,-0.20127915
8898-KASCD,-0.71772254,No actionable lever,Service quality,-0.11802798,-0.18310165,-0.34274852,-0.11802798,-0.1924494,-0.23035282
9242-TKFSV,-1.5415826,Engagement and bundling,Billing and payment,0.06206388,-0.15385592,-0.12707466,-0.48879752,0.06206388,-0.29961464
9290-SHCMB,0.5477631,Service quality,Billing and payment,0.33871233,0.33871233,0.33127967,0.13901362,0.06966634,0.15818885
0743-HNPFG,-0.46200576,Engagement and bundling,Billing and payment,0.08471471,-0.19934806,-0.061537113,-0.34533173,0.08471471,-0.07702978
2277-BKJKN,-1.6091933,Billing and payment,Service quality,0.3671397,0.18471603,0.3671397,0.11900861,0.05765128,0.14905034
9809-IMGCQ,0.5115605,Billing and payment,Service quality,0.35285556,0.30926517,0.35285556,0.15227431,0.19369574,0.09405582
5208-HFSBT,0.5813805,Price and plan fit,Billing and payment,0.04457479,-0.2860249,-0.052524135,-0.07268049,-0.14894637,0.04457479
5035-PGZXH,-0.5843857,Price and plan fit,Billing and payment,0.36967862,0.22691119,0.30381358,0.08277475,0.27420363,0.36967862
8695-WDYEA,0.5901127,Price and plan fit,Engagement and bundling,0.13286094,-0.24036081,-0.32588148,-0.1679889,-0.16077454,0.13286094
6543-JXSOO,-0.69534326,No actionable lever,Billing and payment,-0.13420032,-0.28561676,-0.14916106,-0.31762448,-0.29434782,-0.13420032
8016-ZMGMO,-0.7298918,Protection and support,Engagement and bundling,0.11599396,-0.18027276,-0.10905165,0.11599396,-0.10834201,-0.25465924
8605-ITULD,0.60732704,Protection and support,Price and plan fit,0.085552186,-0.6557077,-0.32551318,0.085552186,-0.16759537,0.043649018
3254-YRILK,0.56499594,Billing and payment,Service quality,0.35692182,0.31896964,0.35692182,0.11284778,0.098143965,-0.07727036
6416-YJTTB,0.603535,Service quality,Price and plan fit,0.34141502,0.34141502,-0.10464344,-0.18835644,-0.184024,0.010906037
2667-WYLWJ,-0.7292166,Protection and support,Billing and payment,0.07047775,-0.63793015,-0.088602915,0.07047775,-0.30323797,-0.4723422
4472-VESGY,0.46801573,Service quality,Engagement and bundling,0.2687673,0.2687673,-0.31242147,-0.2222304,0.05277922,-0.036566064
3195-TQDZX,0.56281173,Billing and payment,Protection and support,0.30734542,-0.94624823,0.30734542,0.0875615,-0.20180498,-0.48986182
3128-YOVTD,0.5500634,Service quality,Billing and payment,0.2783173,0.2783173,-0.13657144,-0.19970676,-0.18907008,-0.14098695
0529-ONKER,0.5677392,Service quality,Protection and support,0.3148029,0.3148029,0.004376686,0.1206762,-0.06781936,-0.002579838
1728-CXQBE,0.48572177,Billing and payment,Service quality,0.3482265,0.26458403,0.3482265,0.11215986,0.02467579,-0.08265892
7041-TXQJH,0.46802452,Engagement and bundling,Protection and support,0.18303633,-0.2912136,-0.12387283,0.15123828,0.18303633,-0.10261968
5014-GSOUQ,-1.4335515,Protection and support,Engagement and bundling,0.069345474,-0.55094147,-0.38425884,0.069345474,-0.20338926,-0.45039976
5724-BIDBU,-0.7180803,Billing and payment,Protection and support,0.3818863,-0.21393682,0.3818863,-0.1504332,-0.20821667,-0.1534303
0481-SUMCB,-0.5373732,Price and plan fit,Engagement and bundling,0.3933719,0.21948409,-0.06325101,0.15703872,0.36930117,0.3933719
1769-GRUIK,0.57267445,Billing and payment,Service quality,0.38296396,0.30973554,0.38296396,0.1264989,-0.18905856,-0.13592713
5240-IJOQT,0.647917,Billing and payment,Service quality,0.31264484,0.29004043,0.31264484,0.14613853,-0.045625564,0.21667191
8819-WFGGJ,-1.506803,Engagement and bundling,Protection and support,0.3472771,-0.16726978,-0.11860592,-0.111672506,0.3472771,-0.35031316
7427-AUFPY,-1.3670436,Protection and support,Engagement and bundling,0.06870062,-0.5237518,-0.29776093,0.06870062,-0.21321325,-0.56933165
2811-POVEX,0.5319779,Service quality,Protection and support,0.3313869,0.3313869,-0.09698328,0.12911391,-0.061652422,-0.08796679
1092-GANHU,0.5735667,Billing and payment,Service quality,0.3829302,0.31306136,0.3829302,0.13276544,-0.20236415,-0.16728531
7898-PDWQE,-1.5062804,Engagement and bundling,Service quality,0.062685385,-0.15785646,-0.2428492,-0.34751555,0.062685385,-0.17965981
9972-EWRJS,-1.4677421,Protection and support,Billing and payment,0.07913557,-0.52772635,-0.06597831,0.07913557,-0.25192106,-1.0551625
9314-IJWSQ,0.59893006,Billing and payment,Service quality,0.3628281,0.33822227,0.3628281,0.13945255,0.07302635,0.10770486
0661-XEYAN,0.64753246,Protection and support,Price and plan fit,0.14440955,-0.22497185,-0.12096481,0.14440955,0.016973913,0.047527272
5799-JRCZO,-1.4385595,Protection and support,Engagement and bundling,0.066536166,-0.46623552,-0.25224063,0.066536166,-0.22055718,-0.477204
1921-KYSAY,-0.5646091,Billing and payment,Engagement and bundling,0.30286074,-0.21474975,0.30286074,-0.073900804,0.14777672,-0.19451584
6198-RTPMF,0.5267024,Service quality,Engagement and bundling,0.30933166,0.30933166,-0.004770362,0.12835437,0.18377668,0.09285937
2924-KHUVI,-0.5482896,Billing and payment,Engagement and bundling,0.35179645,0.21480742,0.35179645,-0.14925809,0.2768061,0.15692958
1925-GMVBW,0.5137987,Protection and support,Engagement and bundling,0.072343424,-0.8631723,-0.37022588,0.072343424,-0.17409615,-0.3689731
7881-EVUAD,0.54760635,Billing and payment,Engagement and bundling,0.3202861,-0.28485233,0.3202861,-0.23035787,0.15022314,-0.017082863
6184-DYUOB,0.5391761,Protection and support,Billing and payment,0.08800824,-0.8760377,-0.10765114,0.08800824,-0.18709517,-0.47325715
9207-ZPANB,-0.68191373,Billing and payment,Price and plan fit,0.13960779,-0.21402285,0.13960779,-0.30565837,-0.19105572,-0.1582633
5766-XQXMQ,0.44761267,No actionable lever,Billing and payment,-0.045544982,-0.39040637,-0.105689384,-0.20533581,-0.045544982,-0.11475503
9327-QSDED,0.52090627,Protection and support,Price and plan fit,0.112026386,-0.33136702,-0.36291903,0.112026386,-0.18182223,0.025769431
1656-DRSMG,0.39729866,Service quality,Engagement and bundling,0.28128514,0.28128514,-0.106328376,-0.13907133,0.15033577,0.13655157
3012-VFFMN,0.5106256,Protection and support,Engagement and bundling,0.08281438,-0.91779613,-0.3504077,0.08281438,-0.21073812,-0.5521067
2984-AFWNC,0.5554724,Service quality,Price and plan fit,0.2979789,0.2979789,-0.091644004,0.07692849,0.032347083,0.26951268
0640-YJTPY,-1.4577422,Protection and support,Engagement and bundling,0.11247682,-0.4589639,-0.27968377,0.11247682,-0.2216105,-0.49795038
8096-LOIST,0.47695068,Billing and payment,Protection and support,0.35170004,-0.34251836,0.35170004,0.1355484,-0.10256258,-0.096235014
9764-REAFF,-1.3665996,Protection and support,Engagement and bundling,0.057529483,-0.4940922,-0.24999616,0.057529483,-0.21976075,-0.8321689
3703-VAVCL,0.60118425,Service quality,Price and plan fit,0.28958112,0.28958112,-0.30050552,-0.05373251,-0.051740106,0.1937652
7107-UBYKY,0.48962936,Billing and payment,Protection and support,0.32983652,-0.83843815,0.32983652,0.078949496,-0.08299786,-0.25833893
4881-GQJTW,0.4957612,Protection and support,Engagement and bundling,0.0806348,-0.84539586,-0.34240982,0.0806348,-0.23023856,-0.5166667
8519-QJGJD,0.5752587,Service quality,Protection and support,0.3296488,0.3296488,-0.020858891,0.11353309,-0.17963499,-0.045449782
7876-DNYAP,-1.4459374,Protection and support,Billing and payment,0.071916685,-0.516389,-0.23851427,0.071916685,-0.24580625,-0.7890174
7905-NJMXS,0.48467234,Billing and payment,Engagement and bundling,0.029537488,-0.40762728,0.029537488,-0.3638492,-0.019881776,-0.18524493
2882-WDTBA,-1.4572922,No actionable lever,Service quality,-0.13295172,-0.18669218,-0.13295172,-0.34508917,-0.19946142,-0.43607792
2091-GPPIQ,-1.5360976,Billing and payment,Engagement and bundling,0.3955227,-0.17052595,0.3955227,-0.14958844,0.17643155,-0.25452858
6326-MTTXK,0.5273754,Price and plan fit,Service quality,0.39336574,0.36195695,-0.08067985,0.06734919,0.21373673,0.39336574
5071-FBJFS,0.5245025,Billing and payment,Engagement and bundling,0.012851242,-0.27076092,0.012851242,-0.21314587,-0.19171177,-0.23618147
2796-UUZZO,0.55382895,Service quality,Protection and support,0.2724571,0.2724571,-0.10318708,0.13096635,-0.22436604,-0.24856755
2429-AYKKO,-1.4472127,Protection and support,Engagement and bundling,0.11040725,-0.44790164,-0.268605,0.11040725,-0.23014471,-0.45694664
9798-OPFEM,-1.4118835,Billing and payment,Protection and support,0.37043098,-0.5578921,0.37043098,0.08369022,-0.17912282,-0.34289584
0330-IVZHA,0.6010838,Service quality,Protection and support,0.30538195,0.30538195,-0.079828896,0.12354862,-0.16813643,-0.066841215
3794-NFNCH,0.4941265,Protection and support,Price and plan fit,0.12887168,-0.31283444,-0.15922776,0.12887168,-0.19734702,-0.13949925
5193-QLVZB,-1.4672648,Price and plan fit,Engagement and bundling,0.3746388,0.20030618,-0.08277191,0.104507044,0.23468077,0.3746388
7114-AEOZE,-1.379017,Protection and support,Engagement and bundling,0.06602112,-0.4917301,-0.30358985,0.06602112,-0.22665344,-0.47808245
2886-KEFUM,-0.6044523,Price and plan fit,Billing and payment,0.31639764,0.22386155,0.30970487,0.09719136,0.29393148,0.31639764
5522-NYKPB,0.540996,Service quality,Billing and payment,0.32864088,0.32864088,0.015618298,-0.09502839,-0.07658153,-0.081818715
4237-RLAQD,0.6081174,Protection and support,Price and plan fit,0.1386891,-0.23202455,-0.11896491,0.1386891,-0.1684601,0.11458084
9957-YODKZ,0.61973196,Service quality,Billing and payment,0.34801126,0.34801126,0.34564465,0.13703322,-0.05758261,0.0075073056
6518-KZXCB,-1.4980569,Protection and support,Engagement and bundling,0.07619028,-0.56258446,-0.33738905,0.07619028,-0.10621375,-0.53591794
2245-ADZFJ,-1.5510852,Engagement and bundling,Price and plan fit,0.19183859,-0.19131422,-0.24885534,-0.108762234,0.19183859,-0.09724327
7776-QGYJC,0.56084734,Service quality,Protection and support,0.30697072,0.30697072,-0.11054099,-0.079614446,-0.16973166,-0.0931825
9313-QOLTZ,0.47743037,Protection and support,Engagement and bundling,0.08151643,-0.7842405,-0.41554353,0.08151643,-0.20177275,-0.25078005
9651-GTSAQ,-0.5265065,Price and plan fit,Service quality,0.38929966,0.21653679,-0.078002885,-0.19058524,0.17415796,0.38929966
3186-BAXNB,0.6217832,Price and plan fit,Service quality,0.35125864,0.29097906,-0.012694203,-0.23600064,-0.047546484,0.35125864
4672-FOTSD,0.49868947,Billing and payment,Engagement and bundling,0.34052515,-0.398485,0.34052515,-0.35897493,-0.021867972,-0.10646355
0637-YLETY,0.51091266,Service quality,Protection and support,0.315048,0.315048,-0.084391154,0.09840526,0.08521855,0.08893468
9818-XQCUV,0.56798047,Protection and support,Engagement and bundling,0.06699186,-0.8460979,-0.34194884,0.06699186,-0.20993908,-0.48626634
7338-ERIVA,-0.69114524,No actionable lever,Service quality,-0.11950351,-0.19423527,-0.26295322,-0.31745595,-0.11950351,-0.24421969
1157-BQCUW,0.6503216,Billing and payment,Service quality,0.33087635,0.2925036,0.33087635,0.14748341,-0.045625564,0.19648734
8259-NFJTV,0.5253684,No actionable lever,Price and plan fit,-0.09624776,-0.3340848,-0.34912652,-0.32075092,-0.09624776,-0.106989816
3223-DWFIO,0.6000103,Service quality,Protection and support,0.29833502,0.29833502,-0.06332422,0.12452395,-0.16943167,-0.05197403
2660-EMUBI,0.555599,Service quality,Billing and payment,0.35102308,0.35102308,0.3482781,0.14425626,0.1820157,0.19788665
6968-GMKPR,0.54272556,Billing and payment,Service quality,0.3564304,0.28313336,0.3564304,0.11918274,-0.20593444,-0.15407115
4751-ERMAN,-1.5660301,Protection and support,Engagement and bundling,0.1523137,-0.15330957,-0.11140375,0.1523137,0.1250337,-0.30368838
1436-ZMJAN,0.48283955,Protection and support,Engagement and bundling,0.133763,-0.38378823,-0.123432264,0.133763,0.07024821,-0.03753637
3292-PBZEJ,0.478423,Price and plan fit,Service quality,0.38095218,0.32506284,0.2908593,-0.1469454,0.1390664,0.38095218
0799-DDIHE,0.48352563,Protection and support,Billing and payment,0.10620476,-0.2927835,-0.01970566,0.10620476,-0.16432475,-0.094511405
3070-FNFZQ,-1.4873109,Protection and support,Billing and payment,0.06902977,-0.5434631,-0.2353819,0.06902977,-0.23748983,-0.7167599
2812-SFXMJ,0.6084672,Protection and support,Price and plan fit,0.08862017,-0.65345204,-0.3179792,0.08862017,-0.1558716,0.059981823
7675-OZCZG,0.5438843,Protection and support,Price and plan fit,0.118904874,-0.22325689,-0.044640772,0.118904874,-0.17631954,-0.037389785
5014-WUQMG,-0.612483,Billing and payment,Service quality,0.31623313,0.20904875,0.31623313,-0.2002158,-0.007517541,0.026045322
5312-TSZVC,-0.67890716,Protection and support,Engagement and bundling,0.06566565,-0.5975688,-0.36590707,0.06566565,-0.3020613,-0.5014552
2003-CKLOR,0.46494335,Service quality,Protection and support,0.28547117,0.28547117,-0.028853755,0.08477889,0.08143973,0.013561875
0993-OSGPT,-0.69881064,No actionable lever,Billing and payment,-0.0976575,-0.16972451,-0.10902612,-0.0976575,-0.3174578,-0.23363599
9254-RBFON,-0.5783579,Service quality,Engagement and bundling,0.23013833,0.23013833,-0.30113202,-0.059619233,0.20454717,0.19599977
1205-WNWPJ,0.5237802,No actionable lever,Engagement and bundling,-0.018244326,-0.39684007,-0.14246674,-0.08535428,-0.05453968,-0.018244326
9391-EOYLI,0.58701366,Service quality,Billing and payment,0.33960542,0.33960542,0.31520528,0.13198124,-0.083138525,0.06952438
7108-DGVUU,-0.5150846,Engagement and bundling,Protection and support,0.15970841,-0.2108849,-0.26769423,0.09571799,0.15970841,-0.09979901
2782-JEEBU,0.5104539,No actionable lever,Protection and support,-0.08705859,-0.2990934,-0.17439434,-0.14872052,-0.08705859,-0.14973187
5127-BZENZ,-0.68072885,No actionable lever,Protection and support,-0.1158808,-0.19446939,-0.29303795,-0.16014718,-0.1158808,-0.28843796
2720-FVBQP,0.53746206,Protection and support,Price and plan fit,0.12843032,-0.31618148,-0.07767499,0.12843032,-0.05390945,-0.047925606
9906-NHHVC,-1.513596,Engagement and bundling,Protection and support,0.3247853,-0.13848397,-0.093718976,0.1418493,0.3247853,-0.29787558
4522-XRWWI,-0.4772001,Engagement and bundling,Price and plan fit,0.29058817,-0.20816381,-0.25738156,-0.25302732,0.29058817,-0.1459178
3766-EJLFL,-1.230807,Price and plan fit,Service quality,0.6316444,0.1954132,-0.073823266,-0.27485213,0.16809994,0.6316444
5939-SXWHM,-1.4483068,Protection and support,Engagement and bundling,0.07401021,-0.5037568,-0.24226174,0.07401021,-0.1388427,-0.5052812
8152-UOBNY,-0.5753086,Price and plan fit,Engagement and bundling,0.46596923,0.216407,0.27046895,-0.14775431,0.27898055,0.46596923
7351-KYHQH,0.51901686,Billing and payment,Protection and support,0.30485806,-0.4059745,0.30485806,0.10944944,-0.08669615,-0.2120659
7643-RCHXS,-1.3647478,Billing and payment,Protection and support,0.19214766,-0.55759406,0.19214766,0.07032125,-0.22845286,-0.7184424
8246-SHFGA,0.48585576,Protection and support,Engagement and bundling,0.085029244,-0.81437266,-0.32971364,0.085029244,-0.22995293,-0.41342908
8387-MOJJT,0.5608038,Service quality,Protection and support,0.3254633,0.3254633,-0.110671036,0.14129354,-0.0931265,-0.22195265
0620-XEFWH,0.5424365,Protection and support,Engagement and bundling,0.060512993,-0.87168574,-0.3524625,0.060512993,-0.19376771,-0.93037325
6485-QXWWE,-1.4529719,Protection and support,Engagement and bundling,0.07735895,-0.51614505,-0.2501137,0.07735895,-0.14164217,-0.6106343
2761-OCIAX,0.6354077,Billing and payment,Service quality,0.29607093,0.28885105,0.29607093,0.12361735,-0.20825206,-0.045872994
7321-VGNKU,0.6308608,Billing and payment,Service quality,0.33812904,0.28324217,0.33812904,0.13548622,-0.16451162,-0.013846062
5327-CNLUQ,-1.5382804,Service quality,Price and plan fit,0.19953296,0.19953296,-0.11226325,-0.20329884,-0.0010666288,0.03890074
7552-KEYGT,-1.4447187,Protection and support,Engagement and bundling,0.06973908,-0.4901802,-0.26385543,0.06973908,-0.22376086,-0.46560404
5816-JMLGY,-1.5442297,Engagement and bundling,Billing and payment,0.040503647,-0.18051249,-0.08341577,-0.14620265,0.040503647,-0.36171404
3068-OMWZA,0.6470356,Price and plan fit,Billing and payment,0.31537604,0.29324692,0.31206262,0.15208179,0.05718401,0.31537604
2927-QRRQV,-0.80804986,Billing and payment,Service quality,0.39888677,0.22992986,0.39888677,0.09481022,-0.028592762,0.07348848
6032-KRXXO,0.52837497,Service quality,Billing and payment,0.33302072,0.33302072,0.32991928,0.15529308,0.084836215,-0.03960381
7459-RRWQZ,0.46440166,Engagement and bundling,Price and plan fit,0.09739117,-0.35486194,-0.115149416,-0.18937892,0.09739117,-0.035516426
6265-SXWBU,-0.7691616,Service quality,Protection and support,0.21293667,0.21293667,-0.2984604,0.099809185,-0.085112706,0.05953537
7941-RCJOW,-1.4187752,Protection and support,Billing and payment,0.07711283,-0.48378146,-0.09335382,0.07711283,-0.23738474,-0.57348156
6374-NTQLP,-1.4928725,Price and plan fit,Service quality,0.28031197,0.14877358,-0.10486492,-0.30458227,0.06600901,0.28031197
4154-AQUGT,0.5731777,Service quality,Price and plan fit,0.34591413,0.34591413,-0.079957776,-0.12552026,-0.036360573,0.16451824
2387-KDZQY,-0.6974003,Protection and support,Billing and payment,0.07600238,-0.61321753,-0.13281287,0.07600238,-0.3236233,-0.5220459
3584-WKTTW,-0.5335833,Price and plan fit,Billing and payment,0.30122584,0.2189953,0.28253922,-0.27326563,0.26038858,0.30122584
3399-BMLVW,-1.4297081,No actionable lever,Engagement and bundling,-0.17285924,-0.17285924,-0.22076541,-0.30450955,-0.18371056,-0.23547825
1971-DTCZB,-1.556656,Engagement and bundling,Billing and payment,0.09288115,-0.16800764,-0.13980444,-0.41680703,0.09288115,-0.23186737
3092-IGHWF,-0.8088257,Service quality,Billing and payment,0.21747318,0.21747318,0.123277985,0.10177288,-0.19783626,-0.15957445
3374-PZLXD,0.4848886,Protection and support,Engagement and bundling,0.070591524,-0.77372766,-0.34590402,0.070591524,-0.21134752,-0.39672095
3813-DHBBB,-1.4824662,Engagement and bundling,Billing and payment,0.08791369,-0.15900669,-0.10205807,-0.40746546,0.08791369,-0.37281573
2812-REYAT,-0.70596665,Protection and support,Billing and payment,0.0735575,-0.55168176,-0.06112355,0.0735575,-0.31910083,-0.4506042
6518-PPLMZ,-1.4927582,Protection and support,Billing and payment,0.09441066,-0.5331551,-0.14974853,0.09441066,-0.2557445,-0.7111078
4939-KYYPY,0.46406183,Billing and payment,Engagement and bundling,0.012660212,-0.39749604,0.012660212,-0.0871956,-0.08275178,-0.15187195
8017-LXHFA,0.50942194,Service quality,Billing and payment,0.33271483,0.33271483,0.31629878,0.10755014,0.04538263,0.015125973
5930-GBIWP,-1.5002307,Engagement and bundling,Billing and payment,0.05135419,-0.17658961,-0.095452785,-0.34078616,0.05135419,-0.23280321
6022-KOUQO,0.5994503,No actionable lever,Price and plan fit,-0.047847673,-0.21402198,-0.32983723,-0.08528409,-0.047847673,-0.058335178
6352-TWCAU,0.55241805,Billing and payment,Service quality,0.36386493,0.32476407,0.36386493,0.14581724,0.052788667,0.0795093
2361-UPSND,-0.47227684,Engagement and bundling,Price and plan fit,0.07283522,-0.19037595,-0.274139,-0.29808748,0.07283522,-0.071830735
6035-RIIOM,-1.5907298,Engagement and bundling,Service quality,0.22312587,0.21062657,-0.0694164,0.11681151,0.22312587,0.044942163
2929-QNSRW,-0.60820097,Billing and payment,Engagement and bundling,0.3312475,0.22679602,0.3312475,0.095548175,0.26998976,0.1963233
1262-OPMFY,0.6225575,Service quality,Protection and support,0.34198,0.34198,-0.09260322,0.12146478,-0.17483842,-0.054630745
9504-DSHWM,0.47859272,No actionable lever,Engagement and bundling,-0.05882726,-0.34599578,-0.3492478,-0.2904822,-0.08421008,-0.05882726
5035-BVCXS,0.61831975,Service quality,Protection and support,0.36039668,0.36039668,-0.13781413,0.10639959,-0.22574249,-0.13604227
6267-DCFFZ,0.5547445,Billing and payment,Service quality,0.332816,0.31220505,0.332816,0.104132585,0.049110305,-0.039880116
3533-UVMOM,-1.4817901,No actionable lever,Protection and support,-0.028422622,-0.16509844,-0.26774877,-0.15306753,-0.028422622,-0.23666257
2439-LYPMQ,0.438752,Billing and payment,Service quality,0.31977922,0.2974224,0.31977922,0.08648244,0.24124297,0.20571753
4248-QPAVC,0.57723206,Service quality,Price and plan fit,0.30085182,0.30085182,-0.14277644,-0.17274006,-0.094372265,-0.022811174
1899-VXWXM,-0.55443287,Price and plan fit,Engagement and bundling,0.45409012,0.22556394,-0.05833611,0.09661131,0.32353842,0.45409012
1478-VPOAD,0.57719004,Protection and support,Price and plan fit,0.123134114,-0.23227799,-0.0067345435,0.123134114,-0.16858976,0.10480107
9995-HOTOH,-1.4738805,Engagement and bundling,Billing and payment,0.24417923,-0.16752176,0.1856819,-0.11914118,0.24417923,-0.16557491
2988-PLAHS,-0.70844805,Billing and payment,Protection and support,0.28001407,-0.20337287,0.28001407,0.15720774,0.11823744,-0.14618649
1371-OJCEK,-0.73688954,Protection and support,Engagement and bundling,0.074172616,-0.52373904,-0.2484571,0.074172616,-0.24254546,-0.31435132
4999-IEZLT,-0.70608777,No actionable lever,Service quality,-0.12882778,-0.17351578,-0.25082853,-0.12882778,-0.25697458,-0.36204612
8883-ANODQ,-1.6453819,Service quality,Protection and support,0.20202841,0.20202841,-0.088223055,0.11992565,-0.11974796,-0.13230455
4690-LLKUA,0.49893424,Billing and payment,Protection and support,0.3831017,-0.28773198,0.3831017,0.12676932,-0.19578919,-0.017682616
2351-RRBUE,-0.70732826,Protection and support,Engagement and bundling,0.06587391,-0.61568624,-0.35050127,0.06587391,-0.2899801,-0.43111956
5980-BDHPY,-1.5508657,Engagement and bundling,Billing and payment,0.09413338,-0.16736786,-0.14675467,-0.42242014,0.09413338,-0.23120458
1498-DQNRX,0.48582506,Protection and support,Engagement and bundling,0.07496514,-0.7602432,-0.366282,0.07496514,-0.20084968,-0.26336816
9469-WEJBT,0.51788855,Billing and payment,Service quality,0.33149493,0.2977099,0.33149493,-0.103193894,-0.113194905,-0.24317639
3331-HQDTW,0.40998626,Service quality,Price and plan fit,0.2932383,0.2932383,-0.12436701,-0.22632514,0.13528123,0.15871307
9490-DFPMD,0.5460863,Billing and payment,Service quality,0.34103686,0.30781817,0.34103686,0.14386679,0.06839708,-0.102580786
2581-VKIRT,-0.6639353,No actionable lever,Price and plan fit,-0.18483752,-0.18483752,-0.31390774,-0.3049586,-0.21454127,-0.18895456
5442-XSDCW,0.6222906,Service quality,Protection and support,0.35107976,0.35107976,-0.108322576,0.1307189,-0.06823255,0.079632804
7426-WEIJX,0.52721035,Billing and payment,Service quality,0.35832494,0.24625355,0.35832494,-0.16460715,-0.07990728,0.004881136
2851-MMUTZ,0.48974097,No actionable lever,Billing and payment,-0.094906144,-0.3891654,-0.12264641,-0.094906144,-0.16966426,-0.15544923
3049-NDXFL,0.6220615,Price and plan fit,Service quality,0.34370118,0.29494107,-0.33596522,0.14166625,0.07398941,0.34370118
8580-AECUZ,0.645215,Billing and payment,Service quality,0.31249666,0.2917024,0.31249666,0.14764003,-0.057892743,0.23905334
3307-TLCUD,0.4990738,No actionable lever,Price and plan fit,-0.020353168,-0.28964943,-0.41014677,-0.13834779,-0.020353168,-0.120528884
6625-FLENO,-1.4457366,Protection and support,Engagement and bundling,0.069326304,-0.49757183,-0.31442997,0.069326304,-0.23528858,-0.45502704
2967-MXRAV,-0.91998756,Protection and support,Engagement and bundling,0.07280258,-0.48716772,-0.3074911,0.07280258,-0.280728,-0.61350656
7963-GQRMY,0.57646406,Protection and support,Price and plan fit,0.11972571,-0.22352865,-0.36691368,0.11972571,-0.1817042,-0.042978488
8189-HBVRW,0.5147207,Service quality,Billing and payment,0.27378035,0.27378035,0.049586836,-0.1908964,-0.087831944,-0.19830267
4163-KIUHY,0.4889947,Billing and payment,Protection and support,0.32902345,-0.856614,0.32902345,0.084006846,-0.10458833,-0.32791942
1228-FZFRV,0.40229446,Service quality,Price and plan fit,0.2869666,0.2869666,-0.28550208,-0.12906721,0.21909961,0.22427978
3500-NSDOA,-1.4809088,Engagement and bundling,Protection and support,0.10514604,-0.16386932,-0.24291046,-0.120296896,0.10514604,-0.294676
1171-TYKUR,0.45535433,Protection and support,Billing and payment,0.076262206,-0.81990576,-0.011282019,0.076262206,-0.11243589,-0.23703232
3761-FLYZI,0.41201556,Service quality,Price and plan fit,0.27744916,0.27744916,-0.09767294,0.10629297,0.18717211,0.25096127
2058-DCJBE,0.62168956,Billing and payment,Service quality,0.36136323,0.31042373,0.36136323,0.13700634,-0.16873382,-0.0012160614
5364-XYIRR,0.4898495,Billing and payment,Service quality,0.35479456,0.30035937,0.35479456,0.1680539,0.2000681,0.02289223
4829-AUOAX,0.47660917,Service quality,Engagement and bundling,0.29514325,0.29514325,-0.34575903,0.1435585,0.2068429,0.055151656
1219-NNDDO,0.61402214,Billing and payment,Service quality,0.3716635,0.33887005,0.3716635,0.12574977,-0.06437252,-0.085586816
8388-DMKAE,-1.5497705,Protection and support,Engagement and bundling,0.0757793,-0.5852472,-0.2980329,0.0757793,-0.25116736,-0.6801591
4403-BWPAY,-0.75918984,Protection and support,Billing and payment,0.08354202,-0.60936064,-0.055494674,0.08354202,-0.21131696,-0.25556806
9659-QEQSY,0.41892707,Billing and payment,Service quality,0.28652778,0.28487146,0.28652778,-0.37609926,0.10972666,0.15376683
5405-ZMYXQ,0.623827,Service quality,Protection and support,0.35953778,0.35953778,-0.07737301,0.12483497,-0.07301311,-0.03181548
5047-LHVLY,0.6041602,Protection and support,Price and plan fit,0.1390564,-0.22763169,-0.11044597,0.1390564,-0.15036324,0.12698168
1442-OKRJE,-0.5268737,Price and plan fit,Service quality,0.29771608,0.21278167,-0.06990828,-0.19577706,0.14234474,0.29771608
4737-AQCPU,-1.4376403,No actionable lever,Service quality,-0.11262471,-0.14659214,-0.23227258,-0.35234618,-0.11262471,-0.27710527
9158-VCTQB,0.40653968,Service quality,Price and plan fit,0.2898568,0.2898568,-0.10981612,-0.34076482,0.11079028,0.2171008
2808-CHTDM,-1.5025856,Protection and support,Engagement and bundling,0.089173496,-0.5413484,-0.32350606,0.089173496,-0.06825808,-0.4545226
6311-UEUME,0.55836046,Billing and payment,Service quality,0.3562609,0.3355718,0.3562609,0.14448085,-0.070256084,-0.1401976
0793-TWELN,0.6241265,Billing and payment,Service quality,0.33367342,0.29202858,0.33367342,-0.17411302,-0.056684695,0.09213562
3283-WCWXT,-1.5912042,Protection and support,Engagement and bundling,0.08213302,-0.5924125,-0.30948874,0.08213302,-0.089363955,-0.4367866
1060-ENTOF,-0.4954106,Price and plan fit,Service quality,0.29454952,0.18569604,-0.0681753,-0.31957054,0.10199674,0.29454952
0999-QXNSA,0.5291926,Protection and support,Billing and payment,0.13897783,-0.341179,-0.12623963,0.13897783,-0.21295172,-0.18942887
5451-MHQOF,-0.7492868,Protection and support,Billing and payment,0.09890135,-0.58239985,-0.14895543,0.09890135,-0.22776686,-0.67298573
4836-WNFNO,-1.462625,Protection and support,Engagement and bundling,0.095783554,-0.5021074,-0.25397298,0.095783554,-0.124302566,-0.49907345
9225-BZLNZ,-1.5374495,Billing and payment,Engagement and bundling,0.41911924,-0.1792571,0.41911924,-0.22847389,0.10578801,-0.16447705
0354-VXMJC,-1.4043188,Protection and support,Engagement and bundling,0.07187011,-0.529581,-0.32408246,0.07187011,-0.20175026,-0.55985427
4422-QVIJA,0.47876275,Protection and support,Engagement and bundling,0.11154224,-0.297539,-0.40791404,0.11154224,-0.10448441,-0.2600394
9365-SRSZE,0.5540588,Billing and payment,Service quality,0.33200067,0.3168362,0.33200067,0.13465318,-0.22354603,-0.28303713
6839-ITVZJ,0.49192843,Billing and payment,Engagement and bundling,0.34686694,-0.39711922,0.34686694,-0.1461172,-0.008927137,-0.22652367
8332-OSJDW,-0.76306444,Protection and support,Engagement and bundling,0.07864516,-0.59496486,-0.31577924,0.07864516,-0.21192501,-0.25857523
4735-BJKOU,-1.4759628,Protection and support,Engagement and bundling,0.062490284,-0.50038284,-0.30485043,0.062490284,-0.21974252,-0.48588964
0274-JKUJR,0.46344593,Engagement and bundling,Price and plan fit,0.16616286,-0.39369574,-0.31213152,-0.19547784,0.16616286,-0.14798604
5740-YHGTW,0.5113026,Service quality,Engagement and bundling,0.27327666,0.27327666,-0.11184273,-0.2257732,0.023462541,-0.043575898
8917-SZTTJ,-1.4387388,Protection and support,Engagement and bundling,0.066332236,-0.46916258,-0.25203928,0.066332236,-0.2236964,-0.38259172
1696-MZVAU,-0.8208649,Protection and support,Billing and payment,0.12614883,-0.18994755,-0.09370297,0.12614883,-0.116574496,-0.2558547
7359-WWYJV,-1.5111115,Price and plan fit,Service quality,0.34490782,0.16821593,-0.22701164,-0.34670246,0.11832173,0.34490782
0375-HVGXO,0.6058349,Billing and payment,Protection and support,0.34493458,-0.22568284,0.34493458,0.1588597,0.15217218,0.09039064
4906-ZHGPK,-0.70429736,Billing and payment,Engagement and bundling,0.35236353,-0.21294314,0.35236353,-0.16485812,-0.05315285,-0.1793406
8593-WHYHV,0.6150509,Billing and payment,Service quality,0.31716096,0.30414045,0.31716096,0.15540008,0.12117688,0.17862993
3795-GWTRD,-1.4445422,No actionable lever,Service quality,-0.10535498,-0.17350309,-0.22556062,-0.28349742,-0.10535498,-0.2316832
1298-PHBTI,-1.5955117,Billing and payment,Service quality,0.4655106,0.19335112,0.4655106,-0.12016385,-0.04196346,-0.2342881
6223-DHJGV,-0.75635004,Protection and support,Billing and payment,0.07914574,-0.5739038,-0.13544181,0.07914574,-0.36948016,-0.7298578
6961-MJKBO,-1.4417484,Protection and support,Engagement and bundling,0.07031524,-0.49012822,-0.23305202,0.07031524,-0.22273569,-0.5121584
6097-EQISJ,-0.5336488,Engagement and bundling,Service quality,0.29778963,0.21911855,-0.048273154,0.11487919,0.29778963,0.16778429
4423-YLHDV,0.45131192,Price and plan fit,Service quality,0.40777826,0.31125864,-0.11902137,-0.14032283,0.19450599,0.40777826
8158-WPEZG,0.5242233,Billing and payment,Engagement and bundling,0.35386235,-0.3364588,0.35386235,-0.12585554,-0.08091934,-0.21533579
0107-YHINA,0.5922481,Price and plan fit,Billing and payment,0.4869414,0.2948602,0.3103311,0.17631482,0.16304204,0.4869414
4918-FYJNT,0.5110161,Service quality,Billing and payment,0.26436907,0.26436907,0.026774827,-0.15721834,-0.06979424,-0.23597322
0727-BNRLG,-1.5203705,Service quality,Price and plan fit,0.20223269,0.20223269,-0.087392345,-0.12801053,0.019885313,0.14927343
4854-CIDCF,0.6036339,Service quality,Protection and support,0.28494483,0.28494483,-0.045484357,0.11978427,-0.16743632,-0.019451186
8640-SDGKB,0.53199637,Billing and payment,Engagement and bundling,0.3043376,-0.32650912,0.3043376,-0.09672468,0.04832128,-0.005956091
3280-MRDOF,-1.4889168,No actionable lever,Protection and support,-0.008995419,-0.24207146,-0.09838377,-0.09500354,-0.008995419,-0.3052604
6435-SRWBJ,0.6312153,Billing and payment,Service quality,0.3278128,0.3117067,0.3278128,-0.07573387,-0.03492271,0.09384776
9964-WBQDJ,-1.4855659,Protection and support,Billing and payment,0.114507295,-0.48697513,-0.11013229,0.114507295,-0.1655711,-0.5333779
6303-KFWSL,-0.7562515,Billing and payment,Protection and support,0.34938106,-0.28621125,0.34938106,0.09204272,-0.1901195,-0.25993693
1702-CCFNJ,0.4671771,No actionable lever,Engagement and bundling,-0.10139729,-0.28295675,-0.29743743,-0.10139729,-0.11235395,-0.13667756
8932-CZHRQ,-0.47632912,Engagement and bundling,Price and plan fit,0.148554,-0.18698382,-0.26071978,-0.15942514,0.148554,-0.14178741
0386-CWRGM,-1.4574022,Protection and support,Engagement and bundling,0.078054644,-0.52049303,-0.2808905,0.078054644,-0.24602443,-0.7345992
5515-RUGKN,0.48772785,Protection and support,Price and plan fit,0.13121276,-0.33820406,-0.10553307,0.13121276,-0.03899632,0.08536524
0404-AHASP,-1.4514369,Protection and support,Engagement and bundling,0.10666487,-0.4475724,-0.27779832,0.10666487,-0.21930352,-0.45220488
7279-NMVJC,-0.68473744,Protection and support,Engagement and bundling,0.06498873,-0.5517465,-0.31652632,0.06498873,-0.30328187,-0.41141886
2081-VEYEH,0.5022122,Price and plan fit,Service quality,0.48770928,0.2925582,0.27455217,-0.15898502,0.014981106,0.48770928
6407-UTSLV,0.65499485,Service quality,Protection and support,0.28734756,0.28734756,-0.08405884,0.113708265,-0.07072425,0.0840706
4116-TZAQJ,0.61291265,Service quality,Price and plan fit,0.33011293,0.33011293,-0.08737542,-0.17079161,-0.15892772,-0.03513252
9060-HJJRW,-0.5048501,Engagement and bundling,Protection and support,0.39583653,-0.18684965,-0.0710714,0.14492403,0.39583653,-0.15172265
2587-YNLES,-1.4716539,Protection and support,Engagement and bundling,0.06595328,-0.60092187,-0.3336537,0.06595328,-0.19355959,-0.50977385
7398-SKNQZ,0.5596833,Service quality,Engagement and bundling,0.29273686,0.29273686,-0.10483714,0.13646437,0.16755225,0.1403761
5935-FCCNB,0.51737726,Billing and payment,Service quality,0.34281182,0.30769417,0.34281182,0.1496443,0.19340922,0.114215516
1958-RNRKS,0.46486703,Protection and support,Billing and payment,0.11760335,-0.31919497,0.04591673,0.11760335,-0.11153061,-0.14646064
5136-RGMZO,0.4834435,Billing and payment,Engagement and bundling,0.3345307,-0.4011485,0.3345307,-0.15851924,0.037842337,-0.09913583
8345-MVDYC,-1.5343632,Engagement and bundling,Service quality,0.09594183,-0.18913713,-0.2423505,-0.2586094,0.09594183,-0.21436
8226-BXGES,-0.81463206,Service quality,Price and plan fit,0.1903784,0.1903784,-0.32512462,-0.16930005,-0.28375757,-0.15778296
3877-JRJIP,0.5910259,Billing and payment,Protection and support,0.33191505,-0.29729906,0.33191505,0.15081884,0.04406733,0.11144842
8375-DKEBR,0.6495074,Billing and payment,Service quality,0.29883707,0.28921586,0.29883707,0.14145885,-0.1583524,0.23228085
9705-IOVQQ,-0.5813111,Engagement and bundling,Service quality,0.27057308,0.1997503,0.048267968,0.07612361,0.27057308,0.060316548
1015-OWJKI,0.5894697,Protection and support,Engagement and bundling,0.077690184,-0.6557077,-0.36815536,0.077690184,-0.1631807,-0.45279056
7511-YMXVQ,0.5054696,Billing and payment,Engagement and bundling,0.35798812,-0.30985734,0.35798812,0.1602308,0.26395398,-0.090005316
2040-XBAVJ,-1.5192076,Price and plan fit,Service quality,0.257994,0.16028488,-0.22537439,-0.35269985,0.115257874,0.257994
7551-JOHTI,0.60732704,Protection and support,Price and plan fit,0.085552186,-0.6557077,-0.32551318,0.085552186,-0.16759537,0.043649018
8887-IPQNC,0.53566253,Protection and support,Price and plan fit,0.12534763,-0.33640963,-0.13245624,0.12534763,-0.20156342,-0.067135684
8646-JCOMS,-0.81395596,Service quality,Protection and support,0.21624936,0.21624936,-0.10721225,-0.10489284,-0.20355915,-0.20014748
9804-ICWBG,0.6502722,Billing and payment,Service quality,0.3195507,0.29167905,0.3195507,0.14507166,-0.16069894,0.20845407
1222-KJNZD,0.45722473,Protection and support,Billing and payment,0.07474036,-0.81216955,-0.10205393,0.07474036,-0.1779239,-0.5217133
0106-GHRQR,0.4699108,Protection and support,Engagement and bundling,0.12575145,-0.3329284,-0.10222626,0.12575145,0.11408464,-0.1191215
5318-IXUZF,0.65292746,Service quality,Price and plan fit,0.300977,0.300977,-0.06994339,0.12783365,-0.10752697,0.17163332
3768-VHXQO,-1.4104652,Protection and support,Engagement and bundling,0.07231104,-0.5049157,-0.28152803,0.07231104,-0.16946429,-0.556885
8952-WCVCD,-0.50652456,Price and plan fit,Service quality,0.30979246,0.21730904,-0.077616915,-0.19141783,0.1744467,0.30979246
2418-TPEUN,-1.4840446,Protection and support,Billing and payment,0.07957638,-0.5109006,-0.0913913,0.07957638,-0.2152296,-0.54853064
3963-RYFNS,-1.5203388,Price and plan fit,Service quality,0.22493078,0.16597953,-0.078819074,-0.39453515,0.10534527,0.22493078
3198-VELRD,0.6150451,Service quality,Price and plan fit,0.3060153,0.3060153,-0.0563644,0.1590887,0.15259168,0.19852778
8540-ZQGEA,-1.4433572,Protection and support,Engagement and bundling,0.06523937,-0.53124434,-0.2444143,0.06523937,-0.24043429,-0.69107425
1320-REHCS,0.4090865,Service quality,Billing and payment,0.28428024,0.28428024,0.27507645,-0.17667836,0.1703028,0.09757225
4137-JOPHL,-1.6664182,Service quality,Engagement and bundling,0.2036382,0.2036382,-0.05720392,-0.079032406,-0.019512704,-0.277347
9436-ZBZCT,0.5824974,Billing and payment,Service quality,0.39994553,0.33105943,0.39994553,-0.07824995,0.07077502,0.050392933
7801-CEDNV,-0.68315655,No actionable lever,Service quality,-0.17457457,-0.21125263,-0.26650572,-0.17457457,-0.3542835,-0.3221867
2057-BOYKM,-1.5517641,Service quality,Price and plan fit,0.14017664,0.14017664,-0.14173989,-0.39675972,-0.13314983,-0.075333275
3658-QQJYD,-0.47105956,Engagement and bundling,Billing and payment,0.2093978,-0.19503687,-0.090906404,-0.17853655,0.2093978,-0.23088378
1803-BGNBD,0.51167464,Billing and payment,Price and plan fit,0.33414102,-0.3890594,0.33414102,-0.1341809,-0.16765325,-0.036840875
0134-XWXCE,-0.4920124,Engagement and bundling,Protection and support,0.22145618,-0.18629894,-0.23682886,-0.07183697,0.22145618,-0.07828857
6950-TWMYB,-1.6346058,Service quality,Billing and payment,0.20467164,0.20467164,-0.0893525,-0.1274954,-0.22204088,-0.2997526
5848-FHRFC,-1.4395162,Protection and support,Billing and payment,0.06734167,-0.52184486,-0.22295256,0.06734167,-0.2521469,-0.7451047
2243-FNMMI,0.48507315,Protection and support,Engagement and bundling,0.08810462,-0.8211806,-0.38091105,0.08810462,-0.23975974,-0.5606143
2511-MORQY,-0.7002016,Protection and support,Price and plan fit,0.112576544,-0.18734416,-0.32051492,0.112576544,-0.23779336,-0.1816161
5356-KZCKT,-1.4760664,Protection and support,Billing and payment,0.09864394,-0.53918123,-0.077085145,0.09864394,-0.122638814,-0.70877934
9470-XCCEM,0.5643616,Service quality,Protection and support,0.32505572,0.32505572,-0.10739327,0.11604693,0.007918131,-0.05112749
6519-CFDBX,0.57808274,Billing and payment,Protection and support,0.35208556,-0.22571018,0.35208556,0.13156296,-0.17257985,0.0048881173
3902-MIVLE,-1.4736507,Engagement and bundling,Service quality,0.07871051,-0.1621227,-0.33784777,-0.29165772,0.07871051,-0.35373878
0409-WTMPL,-0.5233228,Price and plan fit,Engagement and bundling,0.31063592,0.21498552,-0.06555288,-0.20487212,0.26006907,0.31063592
8763-KIAFH,-0.7617361,Protection and support,Billing and payment,0.08946407,-0.6000792,-0.119050905,0.08946407,-0.3584949,-0.76538265
3669-WHAFY,-1.4882709,Price and plan fit,Service quality,0.31477493,0.17182796,-0.0755742,-0.36772856,0.08187336,0.31477493
3055-VTCGS,-0.48097897,Protection and support,Engagement and bundling,0.12028615,-0.16383693,-0.3099814,0.12028615,0.042456973,-0.31265154
3144-KMTWZ,0.52238196,Service quality,Protection and support,0.27201062,0.27201062,-0.121425785,0.1502139,0.04950387,-0.14899467
7279-BUYWN,0.42072284,Service quality,Billing and payment,0.2838938,0.2838938,0.283,-0.2144476,0.1215778,0.10473003
7156-MHUGY,0.5773065,Service quality,Billing and payment,0.3458572,0.3458572,0.32056352,0.14242348,0.0665496,0.096226566
7198-GLXTC,0.6083765,Service quality,Protection and support,0.28267074,0.28267074,-0.055270813,0.12762976,-0.05021273,-0.016301967
2007-QVGAW,-1.4446511,Protection and support,Billing and payment,0.07733695,-0.48361522,-0.09155438,0.07733695,-0.22858015,-0.535649
5207-PLSTK,0.59566575,Price and plan fit,Billing and payment,0.09920412,-0.24332082,-0.13150401,-0.18311656,-0.14997101,0.09920412
2307-FYNNL,-1.2298636,Price and plan fit,Billing and payment,0.63666797,0.18115027,0.29509518,-0.23093244,0.15796189,0.63666797
5605-XNWEN,-1.4591398,Protection and support,Billing and payment,0.12522419,-0.4608487,-0.13557531,0.12522419,-0.17563818,-0.46993715
2155-AMQRX,0.49180806,No actionable lever,Engagement and bundling,-0.06884324,-0.3931331,-0.10596798,-0.06884324,-0.09439176,-0.19221035
6181-AXXYF,-1.4693563,Protection and support,Engagement and bundling,0.107151516,-0.5024513,-0.24680161,0.107151516,-0.11895142,-0.5341538
5091-HFAZW,0.620532,Billing and payment,Service quality,0.3496583,0.27588102,0.3496583,-0.22858448,-0.04663018,0.096778944
0516-VRYBW,-0.7314275,Protection and support,Billing and payment,0.075739115,-0.5739544,-0.23740593,0.075739115,-0.3507009,-0.6047754
2519-LBNQL,-0.58694947,Price and plan fit,Billing and payment,0.32894343,0.21199012,0.31781837,0.08986801,0.2979216,0.32894343
8623-ULFNQ,0.45963338,Billing and payment,Engagement and bundling,0.3305709,-0.38193694,0.3305709,-0.07929578,0.03791409,-0.22206394
8380-PEFPE,0.6518899,Billing and payment,Service quality,0.31345356,0.28975257,0.31345356,0.14570035,-0.1446251,0.21708626
5687-DKDTV,0.5372739,Protection and support,Engagement and bundling,0.076717526,-0.8457128,-0.38668808,0.076717526,-0.17679334,-0.26910564
1568-LJSZU,-1.5264547,Engagement and bundling,Billing and payment,0.10496298,-0.18603528,-0.098812245,-0.3746803,0.10496298,-0.26515698
7530-HDYDS,0.5612891,Service quality,Billing and payment,0.29658192,0.29658192,-0.1067827,-0.11144113,-0.18900754,-0.1264573
7789-HKSBS,-0.5442734,Price and plan fit,Engagement and bundling,0.39268774,0.21129687,-0.082437105,-0.17348789,0.33913645,0.39268774
7416-CKTEP,-1.4754472,Protection and support,Billing and payment,0.079160534,-0.53101933,-0.06497889,0.079160534,-0.25025567,-0.58497345
2586-CWXVV,0.47649157,Protection and support,Engagement and bundling,0.13815397,-0.28184143,0.04642769,0.13815397,0.072543666,-0.122343466
3096-IZETN,0.5692805,Service quality,Protection and support,0.34928948,0.34928948,-0.34623024,0.12126943,-0.048316363,0.012658067
2348-KCJLT,-0.7051565,No actionable lever,Billing and payment,-0.093722396,-0.2021834,-0.13277616,-0.181054,-0.30844706,-0.093722396
8401-EMUWF,0.48233968,Engagement and bundling,Billing and payment,0.020044781,-0.32889163,-0.14390695,-0.26599854,0.020044781,-0.2148564
4193-IBKSW,-1.4566418,Protection and support,Engagement and bundling,0.11391095,-0.4692057,-0.28033307,0.11391095,-0.16831541,-0.53182715
5377-NDTOU,-1.550312,Engagement and bundling,Service quality,0.11333902,-0.16664052,-0.31048468,-0.38338947,0.11333902,-0.28092504
5922-ABDVO,0.52849185,Service quality,Protection and support,0.3221661,0.3221661,-0.4016285,0.13103744,0.11353557,-0.01392962
2474-LCNUE,0.452318,Engagement and bundling,Protection and support,0.16562775,-0.3985089,-0.131864,-0.08735771,0.16562775,-0.21416906
0839-QNXME,-1.4431199,Protection and support,Engagement and bundling,0.07157312,-0.4889788,-0.2771059,0.07157312,-0.21847452,-0.4662156
3506-OVLKD,-0.6698006,Protection and support,Engagement and bundling,0.075246125,-0.54312253,-0.23347265,0.075246125,-0.20606992,-0.22827277
9172-ANCRX,0.551974,Price and plan fit,Billing and payment,0.3752225,0.34201813,0.348615,-0.1386492,0.17653769,0.3752225
6650-VJONK,0.60692775,Protection and support,Price and plan fit,0.13677368,-0.23169042,-0.09959401,0.13677368,-0.1684801,0.093930125
2178-PMGCJ,0.5766011,Service quality,Protection and support,0.3150971,0.3150971,-0.16112636,0.12998237,-0.18852516,-0.14130023
7492-TAFJD,-1.6136351,No actionable lever,Protection and support,-0.057749778,-0.2067712,-0.31788802,-0.14765827,-0.057749778,-0.2807395
2773-MADBQ,-1.5503243,Engagement and bundling,Billing and payment,0.04843927,-0.17646222,-0.14811708,-0.39876994,0.04843927,-0.1954902
6016-LVTJQ,0.48725304,Protection and support,Engagement and bundling,0.06460451,-0.8134546,-0.34114298,0.06460451,-0.20599099,-0.58215415
7860-KSUGX,-1.4740336,No actionable lever,Service quality,-0.10849422,-0.14947528,-0.27424935,-0.1885532,-0.10849422,-0.22423172
8966-KZXXA,-1.4799489,Protection and support,Engagement and bundling,0.06906895,-0.5409031,-0.24098,0.06906895,-0.08138391,-0.55455625
6910-HADCM,0.6315669,Service quality,Price and plan fit,0.29057318,0.29057318,-0.011705988,0.12958503,-0.16267681,0.2507333
4816-LXZYW,0.56216013,Billing and payment,Service quality,0.39755595,0.32666963,0.39755595,0.09414392,-0.08193672,-0.1883471
9606-PBKBQ,0.5311339,Billing and payment,Service quality,0.3155836,0.3073514,0.3155836,0.1496617,0.020437352,-0.08316694
5149-QYTTU,-0.78491145,Service quality,Price and plan fit,0.17871253,0.17871253,-0.104554236,-0.38522992,-0.19939768,0.07375406
2070-XYMFH,0.57430315,Service quality,Protection and support,0.32574484,0.32574484,-0.1565093,0.13595955,-0.09914585,-0.1522215
2085-BOJKI,-0.6066742,Service quality,Engagement and bundling,0.2338109,0.2338109,-0.079569586,0.13546611,0.20256175,0.13446733
0817-HSUSE,0.5602096,Billing and payment,Price and plan fit,0.2914521,-0.3029755,0.2914521,-0.19804198,0.029132307,0.13959448
5442-PPTJY,-1.5348531,Protection and support,Engagement and bundling,0.07804049,-0.55787444,-0.31054562,0.07804049,-0.24053906,-0.6832415
1927-QEWMY,-1.4599106,Protection and support,Engagement and bundling,0.09879372,-0.5010856,-0.25799614,0.09879372,-0.22707939,-0.7221469
1663-MHLHE,0.59427434,Protection and support,Engagement and bundling,0.079057924,-0.6557077,-0.35694513,0.079057924,-0.16494426,-0.4503222
5663-QBGIS,-1.6123681,Engagement and bundling,Service quality,0.20968053,0.15930222,-0.3179625,0.14429596,0.20968053,-0.036786556
4450-MDZFX,0.5390682,Service quality,Protection and support,0.26638684,0.26638684,-0.370134,0.12273647,-0.11113241,-0.16137893
6701-DHKWQ,-1.460254,No actionable lever,Service quality,-0.017652325,-0.1511569,-0.25371164,-0.16030523,-0.017652325,-0.25864658
7554-AKDQF,0.5285655,Protection and support,Price and plan fit,0.106539,-0.3201955,-0.36392438,0.106539,-0.21758783,-0.095695905
3536-IQCTX,0.5150712,Service quality,Protection and support,0.30288112,0.30288112,-0.019428842,0.1343598,0.014957741,-0.07646963
4911-BANWH,0.56999785,Service quality,Protection and support,0.32756197,0.32756197,-0.107162006,0.15136549,0.016689707,0.0008223392
8496-EJAUI,0.575932,Service quality,Protection and support,0.3214915,0.3214915,-0.115263835,0.10730968,-0.20303594,-0.17189208
0794-YVSGE,-1.4332671,Protection and support,Engagement and bundling,0.1100729,-0.45220163,-0.29361534,0.1100729,-0.21286784,-0.55770403
5423-BHIXO,0.48870128,Billing and payment,Protection and support,0.3393727,-0.39207238,0.3393727,0.09287519,-0.099265315,-0.12772715
6908-VVYHM,0.5175076,Billing and payment,Service quality,0.35303998,0.28277233,0.35303998,0.12317216,0.020922441,-0.14765324
2959-EEXWB,0.44808477,Engagement and bundling,Price and plan fit,0.2716555,-0.29764313,-0.14371774,-0.15631326,0.2716555,-0.14205006
1839-UMACK,-0.69754785,Billing and payment,Protection and support,0.10421548,-0.5955025,0.10421548,0.06968675,-0.20050961,-0.3098343
3030-YDNRM,0.61851746,Billing and payment,Service quality,0.3715663,0.35597694,0.3715663,0.12986805,-0.07077011,-0.04832365
7321-KKSDU,-1.484586,Protection and support,Engagement and bundling,0.08023589,-0.55228364,-0.31323704,0.08023589,-0.2524177,-0.8011598
3402-XRIUO,0.48408985,No actionable lever,Price and plan fit,-0.08835527,-0.34112713,-0.17927454,-0.3411067,-0.08835527,-0.13915533
3132-TVFDZ,0.4635648,Engagement and bundling,Billing and payment,0.34456623,-0.2692184,0.33931184,0.1831103,0.34456623,-0.057814024
8286-AFUYI,0.5643222,Price and plan fit,Billing and payment,0.118781015,-0.24434054,0.029363595,-0.1513662,-0.16585293,0.118781015
8080-DDEMJ,0.57353175,Price and plan fit,Protection and support,0.12716128,-0.22938919,0.003313995,0.12405715,-0.17056204,0.12716128
8356-WUAOJ,0.5975352,Billing and payment,Protection and support,0.32941556,-0.23605175,0.32941556,0.13700582,-0.16821666,0.10297288
6365-MTGZX,0.500267,Billing and payment,Service quality,0.3632248,0.32796493,0.3632248,-0.10628073,0.06833266,-0.0025970116
1349-WXNGG,0.6056599,Protection and support,Price and plan fit,0.08555026,-0.6609572,-0.3071895,0.08555026,-0.16958769,0.054599613
8058-DMYRU,0.5190659,Billing and payment,Service quality,0.31874797,0.28128472,0.31874797,0.11874229,0.06656572,-0.18134372
9350-ZXYJC,-1.6407368,Protection and support,Engagement and bundling,0.08155784,-0.5680808,-0.06268478,0.08155784,-0.053168844,-0.22808476
6990-YNRIO,-1.2194672,Price and plan fit,Engagement and bundling,0.7136649,0.18684156,-0.23400421,-0.21614754,0.19567683,0.7136649
8958-JPTRR,-0.6922654,Billing and payment,Protection and support,0.08915106,-0.5830178,0.08915106,0.06966257,-0.21394524,-0.40554184
6959-GQEGV,0.4487092,Billing and payment,Engagement and bundling,0.35942274,-0.3265211,0.35942274,-0.17925462,0.066077486,-0.2557444
3173-WSSUE,-1.4638605,Protection and support,Engagement and bundling,0.09533847,-0.49562773,-0.26126108,0.09533847,-0.21027385,-0.6764607
1265-HVPZB,-0.6738729,No actionable lever,Engagement and bundling,-0.14326055,-0.19529885,-0.25724858,-0.14326055,-0.17410497,-0.20940869
4115-UMJFQ,-0.7530987,Protection and support,Billing and payment,0.14927052,-0.17194724,-0.10211692,0.14927052,-0.16638775,-0.19859901
7369-TRPFD,-0.65985864,Protection and support,Engagement and bundling,0.061667852,-0.5921892,-0.36576048,0.061667852,-0.3219968,-0.89629316
1098-KFQEC,-1.4497554,Protection and support,Engagement and bundling,0.07081134,-0.51672745,-0.23593326,0.07081134,-0.22035508,-0.5716052
7190-XHTWJ,-0.73641956,Protection and support,Billing and payment,0.052459672,-0.56958115,-0.30856082,0.052459672,-0.3697619,-0.9305263
0621-TWIEM,0.5153557,Billing and payment,Protection and support,0.39677483,-0.33125085,0.39677483,0.12485545,-0.1841201,-0.045763955
3537-RYBHH,0.4796934,No actionable lever,Billing and payment,-0.08974084,-0.28845754,-0.12862098,-0.21840829,-0.08974084,-0.20030893
2485-ITVKB,0.5743205,Billing and payment,Protection and support,0.33725223,-0.2188108,0.33725223,0.16080177,0.15496466,0.039116744
3669-OYSJI,0.5968299,Price and plan fit,Protection and support,0.1280869,-0.22796413,-0.318581,0.120783925,-0.16821352,0.1280869
1612-EOHDH,0.57719004,Protection and support,Price and plan fit,0.123134114,-0.23227799,-0.0067345435,0.123134114,-0.16821551,0.11122152
6702-OHFWR,0.5760763,Billing and payment,Engagement and bundling,0.2867843,-0.27950472,0.2867843,0.123652786,0.14646061,0.12476057
5296-BFCYD,-1.4992028,Protection and support,Billing and payment,0.081174515,-0.56123215,-0.14347449,0.081174515,-0.23062089,-0.7501758
4510-PYUSH,0.4818959,No actionable lever,Protection and support,-0.11189104,-0.37325692,-0.11189104,-0.19253,-0.21331523,-0.21345654
9359-JANWS,-1.417384,No actionable lever,Engagement and bundling,-0.1651745,-0.1651745,-0.24570663,-0.26280108,-0.19929674,-0.31394538
7517-SAWMO,0.56210846,Billing and payment,Service quality,0.37563577,0.3110037,0.37563577,-0.15574184,-0.22829062,-0.24291801
4143-HHPMK,0.52067304,Billing and payment,Service quality,0.33850062,0.28677762,0.33850062,0.11948937,-0.097769625,-0.14369164
3279-DYZQM,-1.470917,Protection and support,Engagement and bundling,0.10611626,-0.460127,-0.32183287,0.10611626,-0.22104593,-0.4848064
7054-LGEQW,0.5996593,Price and plan fit,Protection and support,0.13314705,-0.22829825,-0.33685994,0.12310557,-0.16716368,0.13314705
0523-VNGTF,0.47354925,Billing and payment,Engagement and bundling,0.3317086,-0.28279242,0.3317086,-0.2505481,0.086947165,-0.06956233
9575-IWCAZ,-0.70114994,Protection and support,Price and plan fit,0.073949635,-0.6107034,-0.29708534,0.073949635,-0.16499154,-0.13268238
7105-MXJLL,-0.5097019,Protection and support,Engagement and bundling,0.12057512,-0.2662715,-0.2866679,0.12057512,0.054204393,-0.21112701
7064-FRRSW,-0.62587976,Billing and payment,Engagement and bundling,0.31167132,0.21810591,0.31167132,0.08897809,0.274388,0.15994865
7940-UQQUG,-0.49380472,Engagement and bundling,Price and plan fit,0.31485868,0.20440164,-0.09447992,-0.3039871,0.31485868,0.256163
0923-PNFUB,0.6132004,Service quality,Price and plan fit,0.29024312,0.29024312,-0.04302896,0.08244785,-0.048370175,0.114243895
3961-SXAXY,0.60692775,Protection and support,Price and plan fit,0.13677368,-0.23169042,-0.09959401,0.13677368,-0.1684801,0.093930125
7010-BRBUU,-1.4634039,Protection and support,Engagement and bundling,0.11377444,-0.4574314,-0.2620564,0.11377444,-0.14637232,-0.4336032
3566-HJGPK,0.6081174,Protection and support,Price and plan fit,0.1386891,-0.23202455,-0.11896491,0.1386891,-0.1684601,0.1071004
3062-ICYZQ,0.48417103,Billing and payment,Service quality,0.3447516,0.28061315,0.3447516,-0.2597766,0.012111247,-0.10407917
9938-PRCVK,-1.4667377,Protection and support,Engagement and bundling,0.060052663,-0.48856452,-0.23184904,0.060052663,-0.20544648,-0.43216342
0973-KYVNF,-1.4973825,No actionable lever,Billing and payment,-0.080540106,-0.16200235,-0.12126396,-0.20372976,-0.080540106,-0.24154013
5129-HHMZC,-1.5343608,Engagement and bundling,Service quality,0.15841757,-0.19291382,-0.2581223,-0.3000016,0.15841757,-0.28246227
9637-CDTKZ,-1.5188196,Price and plan fit,Service quality,0.30504185,0.16593204,-0.087472774,-0.3799642,0.11858394,0.30504185
3946-JEWRQ,-0.5738938,Engagement and bundling,Service quality,0.351558,0.2303155,-0.07605797,0.15956269,0.351558,0.05779139
7873-CVMAW,-1.5420785,Engagement and bundling,Service quality,0.09307202,-0.16069113,-0.2502174,-0.3678451,0.09307202,-0.2165621
0463-WZZKO,0.57352775,Protection and support,Billing and payment,0.096435376,-0.85907257,-0.07535295,0.096435376,-0.22148967,-0.5820997
3494-JCHRQ,0.6502722,Billing and payment,Service quality,0.3195507,0.29167905,0.3195507,0.14507166,-0.16069894,0.20845407
6474-FVJLC,0.6150865,Billing and payment,Service quality,0.32607067,0.2851029,0.32607067,0.14942184,0.061089132,0.05840959
4524-QCSSM,0.45387855,Engagement and bundling,Price and plan fit,0.1818734,-0.39205256,-0.13062765,-0.17133991,0.1818734,0.052622914
5832-EXGTT,0.44342995,No actionable lever,Billing and payment,-0.05424986,-0.3908454,-0.13993776,-0.23228922,-0.05424986,-0.33684516
8840-DQLGN,0.4882247,Service quality,Price and plan fit,0.2831889,0.2831889,-0.12879704,-0.3626843,0.07202576,0.18565114
2039-JONDJ,-0.69394827,No actionable lever,Protection and support,-0.12847868,-0.27760676,-0.29090393,-0.14771192,-0.3108974,-0.12847868
7217-JYHOQ,0.444092,No actionable lever,Billing and payment,-0.024143267,-0.39989534,-0.10903409,-0.36649323,-0.024143267,-0.19637755
6695-FRVEC,-1.431829,No actionable lever,Service quality,-0.12537998,-0.17305633,-0.12537998,-0.3125586,-0.22113623,-0.3406525
4547-LYTDD,0.55866176,Service quality,Protection and support,0.30920762,0.30920762,-0.005095627,0.1174472,-0.033591256,-0.04568308
9894-QMIMJ,-0.71019524,Protection and support,Service quality,0.099873684,-0.27736223,-0.30124283,0.099873684,-0.3685583,-0.28588516
8069-YQQAJ,0.52668077,Protection and support,Engagement and bundling,0.12763005,-0.31302026,-0.18080918,0.12763005,0.020134911,-0.0062219463
6770-XUAGN,0.6100931,Billing and payment,Protection and support,0.29146686,-0.7227806,0.29146686,0.096601605,-0.14942212,0.08279641
4193-ORFCL,0.5994568,Price and plan fit,Protection and support,0.1342994,-0.22540945,-0.30895674,0.12090666,-0.16716368,0.1342994
1636-NTNCO,0.5243235,Engagement and bundling,Protection and support,0.23975214,-0.29796508,-0.09374918,0.11907468,0.23975214,-0.05498807
3466-WAESX,0.4763651,Billing and payment,Engagement and bundling,0.34478223,-0.34104878,0.34478223,-0.22713621,0.024229754,-0.017145362
9281-PKKZE,0.47120366,Billing and payment,Engagement and bundling,0.34676218,-0.299925,0.34676218,0.16922803,0.34278452,-0.081874676
3638-VBZTA,-1.5146133,Engagement and bundling,Billing and payment,0.14210506,-0.18718186,-0.10784404,-0.3791182,0.14210506,-0.12497888
7459-IMVYU,0.460006,Billing and payment,Price and plan fit,0.066567324,-0.32327864,0.066567324,-0.32961115,-0.08872756,0.006332591
7776-QWNFX,0.49090514,Protection and support,Billing and payment,0.11326614,-0.30068636,-0.12236611,0.11326614,-0.19765352,-0.17601025
6689-TCZHQ,0.58705753,Service quality,Protection and support,0.30210325,0.30210325,-0.07023174,0.12605432,-0.07570174,-0.04786072
8563-OYMQY,0.53488064,Service quality,Protection and support,0.32046404,0.32046404,-0.094567776,0.12105066,-0.07723467,-0.10153639
0754-EEBDC,-1.5921417,Protection and support,Engagement and bundling,0.07536471,-0.5638542,-0.28308544,0.07536471,-0.18467535,-0.30210218
5777-ZPQNC,-0.7568,Billing and payment,Protection and support,0.10193972,-0.66650367,0.10193972,0.075651936,-0.32905954,-0.6514973
1951-IEYXM,-1.5534171,Engagement and bundling,Billing and payment,0.08065832,-0.16792257,-0.12394735,-0.4205173,0.08065832,-0.2125887
3318-NMQXL,0.61187774,Billing and payment,Service quality,0.30700237,0.295943,0.30700237,0.1481346,0.04932811,0.118439525
3143-ILDAL,0.47647756,Billing and payment,Service quality,0.33286187,0.27611428,0.33286187,-0.16884461,0.04650731,-0.113579705
1022-RKXDR,-0.73369044,Protection and support,Billing and payment,0.07819743,-0.5700528,-0.11002491,0.07819743,-0.23597139,-0.3438379
2361-FJWNO,-0.7113789,No actionable lever,Engagement and bundling,-0.11311031,-0.18729252,-0.27481198,-0.11311031,-0.1791815,-0.24535885
2272-UOINI,0.48860705,Billing and payment,Engagement and bundling,0.28628868,-0.42146355,0.28628868,-0.39384753,-0.013313334,-0.11904675
8232-UTFOZ,-1.4383044,Protection and support,Billing and payment,0.06724911,-0.52184486,-0.24978808,0.06724911,-0.25334916,-0.80439067
3750-YHRYO,-0.7716759,Protection and support,Billing and payment,0.06845929,-0.6520785,-0.29966733,0.06845929,-0.34733382,-0.67625964
6637-KYRCV,0.5712479,Billing and payment,Protection and support,0.3284239,-0.2620462,0.3284239,0.11625636,-0.04352019,-0.2679744
5668-MEISB,-1.2961205,Price and plan fit,Service quality,0.6116052,0.16100381,-0.22070931,-0.3594809,-0.03708624,0.6116052
0129-QMPDR,-0.734864,Protection and support,Billing and payment,0.077916406,-0.53076935,-0.05914539,0.077916406,-0.3118588,-0.45404255
7188-CBBBA,-0.78833234,Billing and payment,Service quality,0.40817553,0.22380269,0.40817553,0.097093076,-0.027615918,0.07990394
5356-CSVSQ,0.5374874,Engagement and bundling,Billing and payment,0.05795507,-0.29434422,-0.034541033,-0.045288846,0.05795507,-0.08044427
3221-CJMSG,0.49161297,No actionable lever,Billing and payment,-0.08046832,-0.33627605,-0.13830812,-0.08046832,-0.23351839,-0.28506652
4720-VSTSI,0.5658276,Service quality,Protection and support,0.31440723,0.31440723,-0.10792965,0.12995766,-0.058971066,-0.15042888
3219-JQRSL,-1.5241657,Engagement and bundling,Service quality,0.09238296,-0.14071593,-0.23911594,-0.3617944,0.09238296,-0.23555234
2801-NISEI,0.46152288,Billing and payment,Engagement and bundling,0.057037238,-0.39392996,0.057037238,-0.271206,-0.21428733,-0.29325926
3946-MHCZW,0.5966044,Price and plan fit,Protection and support,0.14525999,-0.22829825,-0.33893895,0.12508132,-0.16548367,0.14525999
4623-ZKHLY,0.5003102,Protection and support,Billing and payment,0.095946975,-0.84778774,-0.08729686,0.095946975,-0.2485184,-0.5904682
6732-VAILE,-1.5347363,Engagement and bundling,Billing and payment,0.1584112,-0.18182328,-0.084071375,-0.13916586,0.1584112,-0.18327957
8201-AAXCB,0.46519047,Protection and support,Engagement and bundling,0.1279288,-0.39448372,-0.022676177,0.1279288,0.030272823,-0.28680816
7696-CFTAT,-1.465526,Protection and support,Engagement and bundling,0.0616846,-0.48856452,-0.23642933,0.0616846,-0.20806071,-0.44338188
1845-CSBRZ,0.5722085,Service quality,Protection and support,0.31825596,0.31825596,-0.344257,0.1434511,0.06545311,-0.05087954
2123-VSCOT,-1.4701374,No actionable lever,Protection and support,-0.0072590094,-0.18486936,-0.111128986,-0.07928751,-0.0072590094,-0.24624735
6651-AZVTJ,0.48876736,Billing and payment,Service quality,0.35126972,0.30020377,0.35126972,0.18242754,0.19536619,0.07337786
4566-GOLUK,0.406932,Service quality,Engagement and bundling,0.3012968,0.3012968,-0.09578923,-0.07471329,0.24574633,0.21128844
2484-DGXPZ,0.49807125,Protection and support,Billing and payment,0.098870054,-0.8010398,-0.14799002,0.098870054,-0.22369033,-0.5635285
2018-QKYGT,0.63002455,Billing and payment,Service quality,0.29253307,0.2897051,0.29253307,0.15386094,-0.058493152,0.24639843
2792-VPPET,0.5622419,Billing and payment,Protection and support,0.29641575,-0.92978173,0.29641575,0.0809514,-0.21842854,-0.5204402
7409-JURKQ,-0.50446737,Price and plan fit,Engagement and bundling,0.33893397,0.22013205,-0.057389937,-0.08707838,0.2910379,0.33893397
3247-MHJKM,0.60684955,Protection and support,Price and plan fit,0.0874657,-0.66232085,-0.32259062,0.0874657,-0.1699419,0.037128612
1964-SVLEA,-0.76338226,Protection and support,Billing and payment,0.089231916,-0.6191902,-0.1316262,0.089231916,-0.3730823,-0.731851
4587-NUKOX,0.6273322,Billing and payment,Service quality,0.31887636,0.29013982,0.31887636,-0.20553517,-0.20936967,-0.033568792
7297-DVYGA,-0.7587852,Protection and support,Billing and payment,0.076501235,-0.5259824,-0.07605063,0.076501235,-0.32896072,-0.4070711
2239-CGBUZ,-0.676634,No actionable lever,Service quality,-0.104537435,-0.19727662,-0.104537435,-0.34090427,-0.31210706,-0.22105089
0854-UYHZD,-1.5366435,Protection and support,Engagement and bundling,0.07710795,-0.5799676,-0.3226958,0.07710795,-0.24291447,-0.7134996
7243-LCGGZ,0.6098604,Price and plan fit,Protection and support,0.10181804,-0.6615213,-0.31410944,0.08909514,-0.16759537,0.10181804
8267-KFGYD,0.61512256,Protection and support,Price and plan fit,0.10243438,-0.7216295,-0.09702602,0.10243438,-0.15482147,0.00044086576
4890-VMUAV,-0.6613237,Billing and payment,Engagement and bundling,0.17933053,-0.1919617,0.17933053,-0.3203574,-0.18299368,-0.2302992
9261-WDCAF,0.5270882,Protection and support,Engagement and bundling,0.12370336,-0.23117563,-0.35441375,0.12370336,-0.06674196,-0.08162311
3764-MNMOI,-1.4204249,Protection and support,Billing and payment,0.058158964,-0.5208856,-0.25010794,0.058158964,-0.26089603,-1.1101408
7442-YGZFK,0.60360664,Protection and support,Price and plan fit,0.13826926,-0.23169042,-0.099835284,0.13826926,-0.059052575,0.09352747
0420-BWTPW,0.5612472,Protection and support,Engagement and bundling,0.13288924,-0.32617164,-0.37005696,0.13288924,-0.063934036,-0.25815514
8229-BUJHX,-1.4629607,Protection and support,Billing and payment,0.087157235,-0.50909466,-0.23439828,0.087157235,-0.2477417,-0.6749016
7449-HVPIV,0.54943687,Service quality,Protection and support,0.2951317,0.2951317,-0.11606507,0.16713531,0.055850916,-0.16496116
5504-WSIUR,-0.8222845,Service quality,Billing and payment,0.21620458,0.21620458,-0.1073879,-0.114114955,-0.22687353,-0.2685188
8183-ONMXC,0.59869164,Service quality,Protection and support,0.27789196,0.27789196,-0.06812685,0.12764914,-0.07494474,0.092363626
8466-PZBLH,-1.4323035,Price and plan fit,Engagement and bundling,0.36828542,0.18684156,-0.24884377,-0.23670048,0.23938566,0.36828542
9614-RMGHA,0.5512553,Service quality,Protection and support,0.28744528,0.28744528,-0.14111753,0.12715277,0.0272278,-0.108986996
8735-IJJEG,0.4991359,Protection and support,Price and plan fit,0.10621109,-0.3185674,-0.4253603,0.10621109,-0.18411814,-0.10065852
0564-MUUQK,0.4969261,Service quality,Price and plan fit,0.31281838,0.31281838,-0.11089827,-0.08876699,0.09793277,0.16995937
5054-IEXZT,0.65310675,Billing and payment,Service quality,0.30363536,0.28911248,0.30363536,0.10373543,-0.13654158,0.22796282
5834-ASPWA,0.6503216,Billing and payment,Service quality,0.33087635,0.2925036,0.33087635,0.14748341,-0.045625564,0.19658557
0701-RFGFI,0.4815036,Service quality,Engagement and bundling,0.30076328,0.30076328,-0.10372535,0.16839004,0.1938908,0.00090421736
0019-EFAEP,-1.5543507,Price and plan fit,Service quality,0.1690647,0.16696072,-0.13658221,-0.24244383,-0.0046499018,0.1690647
5619-PTMIK,0.46097952,Billing and payment,Price and plan fit,0.073343016,-0.31770065,0.073343016,-0.15652405,-0.12102448,-0.11536571
3737-XBQDD,0.5763713,Service quality,Protection and support,0.33338818,0.33338818,-0.12093895,0.118110985,-0.097892895,-0.10350369
5882-CMAZQ,0.53660005,No actionable lever,Billing and payment,-0.04393051,-0.25431475,-0.050187983,-0.17452313,-0.04393051,-0.074031696
5846-QFDFI,0.5546329,Service quality,Price and plan fit,0.31039676,0.31039676,-0.3138792,-0.09812939,-0.075542375,0.00051238015
4445-KWOKW,-0.70005774,No actionable lever,Price and plan fit,-0.069257036,-0.2753489,-0.069257036,-0.19292518,-0.24487968,-0.17311625
3511-APPBJ,-0.54485184,Price and plan fit,Service quality,0.35551873,0.23382072,-0.085002385,-0.11425247,0.22196458,0.35551873
7967-HYCDE,0.61808187,Service quality,Protection and support,0.35142672,0.35142672,-0.3541726,0.11352228,-0.17663132,0.0076982193
2430-RRYUW,-0.6891561,No actionable lever,Protection and support,-0.15405285,-0.1864503,-0.15405285,-0.17522463,-0.33895522,-0.27673402
3948-XHGNA,0.48729086,No actionable lever,Billing and payment,-0.11002884,-0.33318117,-0.15396132,-0.16878675,-0.22002847,-0.11002884
3723-BFBGR,0.48368892,Protection and support,Engagement and bundling,0.086784095,-0.3758841,-0.33224642,0.086784095,-0.102038704,-0.14026746
0565-IYCGT,-0.45860142,Engagement and bundling,Billing and payment,0.14539115,-0.1923222,-0.09216854,-0.3311928,0.14539115,-0.16306251
5447-WZAFP,-0.5339672,Service quality,Engagement and bundling,0.22487618,0.22487618,-0.10609798,0.113968946,0.21313892,0.14776057
5110-CHOPY,-1.4691436,Engagement and bundling,Billing and payment,0.3167753,-0.16558158,0.193294,-0.087666914,0.3167753,-0.1504197
5445-UTODQ,0.6255378,Service quality,Billing and payment,0.36564273,0.36564273,0.3381812,0.1349191,-0.06966803,0.005319968
4425-OWHWB,-0.7648531,Protection and support,Billing and payment,0.0709733,-0.58473134,-0.09005011,0.0709733,-0.35752606,-0.6616745
7892-QVYKW,0.5245298,Service quality,Protection and support,0.32263637,0.32263637,-0.06297851,0.12913747,0.045389496,-0.22887376
9675-ICXCT,-1.5076135,Billing and payment,Engagement and bundling,0.4063161,-0.17968622,0.4063161,-0.33400998,0.021913541,-0.20179252
1024-VRZHF,0.6087836,Billing and payment,Service quality,0.3698329,0.34756833,0.3698329,0.12835705,-0.07068713,0.107401714
4703-MQYKT,-1.4159317,Protection and support,Engagement and bundling,0.073050156,-0.54433364,-0.3847911,0.073050156,-0.2148571,-0.5408713
9497-QCMMS,0.59216195,Price and plan fit,Service quality,0.41244048,0.29514807,0.29321516,0.15864685,0.1669104,0.41244048
5692-ICXLW,0.54997516,Billing and payment,Service quality,0.3293213,0.3205092,0.3293213,0.10353233,0.060000125,-0.058326498
0602-DDUML,-1.4493246,No actionable lever,Protection and support,-0.070956916,-0.17473304,-0.337879,-0.10446249,-0.070956916,-0.28895205
2208-MPXIO,-1.5010269,Protection and support,Billing and payment,0.07649537,-0.5032289,-0.07385897,0.07649537,-0.20836851,-0.48320788
1960-UYCNN,0.5578375,Service quality,Billing and payment,0.35802445,0.35802445,0.31672657,0.10985573,0.10716329,0.31089795
0348-SDKOL,0.43387643,Service quality,Engagement and bundling,0.28536323,0.28536323,-0.102123104,-0.08405488,0.20820239,0.17591098
3190-FZATL,0.47354507,Protection and support,Engagement and bundling,0.07736681,-0.82915384,-0.4490445,0.07736681,-0.16929927,-0.3938356
7336-RLLRH,-0.4789191,Engagement and bundling,Price and plan fit,0.30743366,-0.2163126,-0.30251876,-0.27453774,0.30743366,-0.12104495
4373-MAVJG,0.56614727,Service quality,Protection and support,0.33664575,0.33664575,-0.07286315,0.103498735,0.0767707,0.03819009
8901-HJXTF,0.52938116,Protection and support,Engagement and bundling,0.109381214,-0.31873906,-0.4140044,0.109381214,0.015197456,-0.10482196
7710-JSYOA,-1.6475896,Service quality,Engagement and bundling,0.19811702,0.19811702,-0.078013666,-0.1262184,0.089138806,-0.20302184
5419-KLXBN,0.5773826,Service quality,Protection and support,0.34338915,0.34338915,-0.1143644,0.107562214,-0.07756785,-0.005569767
3424-NMNBO,-0.5535787,Price and plan fit,Billing and payment,0.3889516,0.20284003,0.28238758,-0.20303246,0.23084947,0.3889516
9885-MFVSU,-1.5061888,No actionable lever,Billing and payment,-0.027086366,-0.25284564,-0.09366696,-0.34551364,-0.027086366,-0.3240918
4514-GFCFI,0.5794948,Billing and payment,Service quality,0.3628345,0.30629694,0.3628345,0.13267899,0.069078006,-0.01002159
0607-MVMGC,-0.48282528,Engagement and bundling,Protection and support,0.30814415,-0.19708583,-0.26306716,0.1064187,0.30814415,-0.17935103
3365-SAIGS,0.571325,Billing and payment,Service quality,0.3959691,0.31491822,0.3959691,0.09334829,-0.039203968,-0.08828819
9828-AOQLM,0.5991529,Billing and payment,Protection and support,0.32094815,-0.23454769,0.32094815,0.13763452,-0.14899044,0.107659526
8022-BECSI,-0.71568996,Protection and support,Engagement and bundling,0.072589286,-0.54814637,-0.33404332,0.072589286,-0.32377073,-0.36666977
8000-REIQB,0.6495074,Billing and payment,Service quality,0.29883707,0.28921586,0.29883707,0.14145885,-0.1583524,0.23228085
9993-LHIEB,-1.4748225,No actionable lever,Service quality,-0.015766123,-0.1630743,-0.30966866,-0.27429897,-0.015766123,-0.33943138
0266-CLZKZ,-1.4648596,Engagement and bundling,Service quality,0.23626216,0.20532566,-0.051034562,-0.059725896,0.23626216,0.18853287
7615-ESMYF,0.5388688,Engagement and bundling,Protection and support,0.22579055,-0.22015269,-0.024752479,0.14957528,0.22579055,-0.120523386
3858-VOBET,0.5640106,Billing and payment,Service quality,0.3939572,0.32419294,0.3939572,0.13281308,-0.09549494,-0.16739866
7020-OZKXZ,0.607715,Service quality,Protection and support,0.33768678,0.33768678,-0.35987183,0.106822096,-0.17290352,-0.10844646
3977-QCRSL,0.538224,Protection and support,Engagement and bundling,0.06587752,-0.8752912,-0.34339628,0.06587752,-0.2143904,-0.4520838
0017-DINOC,-1.4499861,Engagement and bundling,Service quality,0.017232828,-0.1700895,-0.24347524,-0.33816057,0.017232828,-0.2349407
1447-PJGGA,-1.5675824,Billing and payment,Service quality,0.37626016,0.21709877,0.37626016,0.16958761,0.09379826,0.05241169
8565-CLBZW,0.57567245,Service quality,Protection and support,0.34019464,0.34019464,-0.15807553,0.14290127,0.041716993,0.060451664
9139-WQQDY,-0.521595,Price and plan fit,Engagement and bundling,0.33507073,0.22210903,-0.30066165,0.099401936,0.3148031,0.33507073
0224-HJAPT,0.52900934,Protection and support,Billing and payment,0.122932136,-0.25560477,-0.044105522,0.122932136,-0.07119304,-0.10057887
8086-OVPWV,0.6188217,Billing and payment,Service quality,0.2949261,0.29455766,0.2949261,0.14306282,-0.09666445,0.16629612
9430-FRQOC,0.64827573,Service quality,Price and plan fit,0.30692202,0.30692202,-0.115614496,-0.067809686,-0.039099324,0.15802656
7639-OPLNG,-1.4653981,No actionable lever,Billing and payment,-0.061443135,-0.18706322,-0.14087988,-0.3769437,-0.061443135,-0.3286252
3074-GQWYX,0.6321701,Service quality,Protection and support,0.315835,0.315835,-0.06793923,0.1375904,-0.06488277,-0.037918232
1492-QGCLU,0.42355162,Engagement and bundling,Billing and payment,0.15374225,-0.31325254,0.06748095,-0.32580772,0.15374225,-0.10976067
6845-RGTYS,0.5059394,Billing and payment,Service quality,0.36757362,0.2866514,0.36757362,-0.23335549,0.061927572,0.012991823
7328-OWMOM,-0.6762557,Protection and support,Engagement and bundling,0.06871269,-0.54177094,-0.31822637,0.06871269,-0.29959017,-0.53462964
4418-LZMSV,0.49219483,No actionable lever,Price and plan fit,-0.083577484,-0.3825625,-0.38794744,-0.083577484,-0.15001866,-0.12379715
5155-AZQPB,0.4888659,Protection and support,Engagement and bundling,0.11913196,-0.312542,-0.37890443,0.11913196,-0.10475311,-0.20105734
8861-HGGKB,0.57435304,Service quality,Protection and support,0.34491777,0.34491777,-0.04420746,0.12309171,0.042265348,0.025538009
1087-GRUYI,-1.4391217,Protection and support,Engagement and bundling,0.061883777,-0.4942096,-0.27308658,0.061883777,-0.21294034,-0.5151024
7065-YUNRY,0.6097572,Protection and support,Price and plan fit,0.13702959,-0.23202455,-0.114763014,0.13702959,-0.16611356,0.108938165
7694-VLBWQ,-0.53549147,Price and plan fit,Engagement and bundling,0.2988102,0.2222184,0.04081232,0.08498082,0.28969157,0.2988102
2546-KZAAT,-0.47163963,Engagement and bundling,Billing and payment,0.20586249,-0.20591597,-0.13751595,-0.17805372,0.20586249,-0.20658141
0181-RITDD,-1.2643104,Price and plan fit,Service quality,0.5621671,0.18605606,-0.26306248,-0.30529413,0.028345266,0.5621671
5989-PGKJB,0.56113905,Billing and payment,Service quality,0.34224498,0.3072682,0.34224498,0.094801836,-0.09534408,-0.061777327
4795-KTRTH,0.6255623,Billing and payment,Service quality,0.3264829,0.30952677,0.3264829,0.094622,-0.048478678,0.023484219
8272-ONJLV,-0.6841924,Service quality,Price and plan fit,0.25531256,0.25531256,3.1102216e-05,0.13105957,0.13881612,0.23014179
1488-PBLJN,-1.5407134,Service quality,Price and plan fit,0.16867878,0.16867878,-0.08919185,-0.42356977,0.063203596,0.13018385
0308-GIQJT,-0.5484529,Engagement and bundling,Price and plan fit,0.31488025,0.18004164,-0.27518243,-0.07385138,0.31488025,0.25545946
3778-FOAQW,-0.67646146,Protection and support,Engagement and bundling,0.067654066,-0.5684546,-0.36711589,0.067654066,-0.325182,-0.5041635
4452-ROHMO,-1.5114093,Protection and support,Engagement and bundling,0.058295388,-0.54711336,-0.32232687,0.058295388,-0.24391614,-0.6223101
6481-OGDOO,-0.60271937,Service quality,Engagement and bundling,0.2022098,0.2022098,-0.081624664,-0.168644,0.038755257,-0.13779902
3090-LETTY,0.5691283,No actionable lever,Price and plan fit,-0.02068686,-0.292729,-0.30334312,-0.25130758,-0.02068686,-0.110000685
5349-AZPEW,0.59199536,Protection and support,Price and plan fit,0.1304924,-0.247615,-0.37097394,0.1304924,-0.00017213821,0.003240049
3753-TSEMP,0.5415994,Service quality,Protection and support,0.32608423,0.32608423,-0.045379024,0.14045992,0.05183562,-0.08638047
8305-VHZBZ,0.61939096,Protection and support,Price and plan fit,0.09799097,-0.66262156,-0.09563292,0.09799097,-0.16889176,0.02929525
9720-JJJOR,-0.70171934,No actionable lever,Price and plan fit,-0.0970838,-0.20633428,-0.0970838,-0.1699333,-0.31303194,-0.1288217
8100-HZZLJ,0.45510522,Billing and payment,Price and plan fit,0.320439,-0.32745126,0.320439,-0.21271421,-0.05583961,-0.010330584
8775-ERLNB,0.6295738,Service quality,Price and plan fit,0.28806254,0.28806254,0.00082307216,0.13216221,-0.051697697,0.23596682
8309-IEYJD,0.66588426,Service quality,Price and plan fit,0.2928638,0.2928638,-0.105905816,0.14057629,-0.15730058,0.23370877
9172-JITSM,0.54486144,Billing and payment,Service quality,0.34109974,0.3370986,0.34109974,0.14931206,0.058801264,0.15713115
6298-QDFNH,0.5719421,Billing and payment,Service quality,0.38591337,0.30800486,0.38591337,0.09307913,-0.07594408,-0.09229032
7398-HPYZQ,-1.5373368,Engagement and bundling,Service quality,0.116016045,-0.16832787,-0.26170596,-0.36990514,0.116016045,-0.21783514
3546-GHEAE,-1.549719,Protection and support,Engagement and bundling,0.06021867,-0.5810403,-0.30751383,0.06021867,-0.2441983,-0.63534546
7361-YPXFS,0.47926566,No actionable lever,Protection and support,-0.06055344,-0.37140378,-0.2894821,-0.09473939,-0.06055344,-0.2486999
6557-BZXLQ,0.553654,Service quality,Protection and support,0.3041385,0.3041385,-0.040437825,0.116315514,-0.17983837,-0.05698315
2550-QHZGP,-0.69748086,Protection and support,Engagement and bundling,0.068186425,-0.6301084,-0.36721507,0.068186425,-0.31827253,-0.59162474
7519-JTWQH,-1.2976141,Price and plan fit,Service quality,0.5848589,0.20230037,-0.05038755,-0.098382786,0.18702461,0.5848589
2538-OIMXF,0.63821906,Protection and support,Price and plan fit,0.13699216,-0.2271315,-0.34055632,0.13699216,0.007143572,0.015437052
8543-MSDMF,0.5315038,Billing and payment,Engagement and bundling,0.33300602,-0.30511415,0.33300602,-0.18951423,0.035982795,-0.07394898
9961-JBNMK,0.500144,Service quality,Protection and support,0.31366423,0.31366423,-0.117212094,0.1409222,0.10350858,0.1378355
1170-SASML,0.55509174,Service quality,Protection and support,0.2787391,0.2787391,-0.12848918,0.12849556,-0.13086027,-0.1576415
4872-JCVCA,-1.4737337,No actionable lever,Service quality,-0.10985477,-0.1461757,-0.15179858,-0.43574017,-0.10985477,-0.19985765
5346-BZCHP,-1.4591736,Protection and support,Engagement and bundling,0.0724642,-0.49569994,-0.31025836,0.0724642,-0.22266084,-0.5773435
2038-LLMLM,0.44717354,Billing and payment,Service quality,0.32579613,0.29618523,0.32579613,-0.052458864,0.2086716,0.1827302
6173-ITPWD,0.5632534,Service quality,Protection and support,0.2987939,0.2987939,-0.11706423,0.13260132,-0.068942755,-0.12582852
9734-UYXQI,0.5817787,Billing and payment,Protection and support,0.33994344,-0.23686996,0.33994344,0.15108387,-0.013784707,-0.053832315
1216-BGTSP,0.39336875,Service quality,Price and plan fit,0.29082617,0.29082617,-0.12284756,-0.30820465,0.18631288,0.2510218
4138-NAXED,0.5504666,Service quality,Protection and support,0.30174834,0.30174834,-0.34344578,0.110929176,-0.10537484,-0.12320646
2189-UXTKY,0.46199417,Billing and payment,Engagement and bundling,0.36333972,-0.34744123,0.36333972,-0.30428323,0.17372654,0.026039843
0744-BIKKF,-1.5413623,Engagement and bundling,Service quality,0.10449335,-0.16069113,-0.26225463,-0.37172195,0.10449335,-0.21583703
7483-IQWIB,0.5444007,Billing and payment,Service quality,0.37037957,0.30388996,0.37037957,0.09403838,0.055637002,-0.0866306
5248-KWLAR,-1.4888625,Billing and payment,Engagement and bundling,0.21013142,-0.18165736,0.21013142,-0.3857676,0.063606456,-0.1674785
4958-GZWIY,0.50252706,Protection and support,Price and plan fit,0.12230945,-0.33660573,0.016022302,0.12230945,-0.16453874,0.05635359
7996-MHXLW,-1.4733269,Protection and support,Billing and payment,0.08274591,-0.5341837,-0.085932545,0.08274591,-0.15400094,-0.6951431
7833-PKIHD,-0.44776443,Engagement and bundling,Billing and payment,0.19971432,-0.21077034,-0.08950212,-0.3213849,0.19971432,-0.3025772
7061-OVMIM,-0.734588,Protection and support,Billing and payment,0.07054427,-0.5622103,-0.22899789,0.07054427,-0.35904568,-0.6577911
5153-RTHKF,0.5366059,Service quality,Protection and support,0.3202938,0.3202938,0.00884693,0.12858607,0.05690924,0.0126689
1852-QSWCD,-1.4598982,Protection and support,Billing and payment,0.08895499,-0.49574745,-0.15620227,0.08895499,-0.16799356,-0.49331194
4832-VRBMR,-0.5308297,Engagement and bundling,Price and plan fit,0.3337524,0.21222553,-0.056152668,0.10256968,0.3337524,0.2527778
9079-LWTFD,0.48586494,Service quality,Price and plan fit,0.28088626,0.28088626,-0.3515715,-0.33945754,0.051309057,0.07940479
6356-ELRKD,0.5823289,Price and plan fit,Billing and payment,0.4904667,0.2847083,0.3021549,-0.1401652,0.04297113,0.4904667
8624-GIOUT,0.48198932,No actionable lever,Engagement and bundling,-0.020576539,-0.31388965,-0.1301448,-0.18679567,-0.11524522,-0.020576539
3392-EHMNK,-1.5003651,Service quality,Price and plan fit,0.19584773,0.19584773,-0.26630938,-0.1144724,0.027637688,0.09655405
5986-WWXDV,-0.7350166,Protection and support,Billing and payment,0.06635149,-0.5551748,-0.23101386,0.06635149,-0.35804522,-0.66289574
3061-BCKYI,0.50030243,Protection and support,Engagement and bundling,0.07207541,-0.88267684,-0.3864604,0.07207541,-0.21724294,-0.4745668
6179-GJPSO,0.397153,Price and plan fit,Service quality,0.28360498,0.27803284,-0.10820523,-0.33394,0.048227098,0.28360498
7901-TBKJX,0.4605586,Billing and payment,Service quality,0.3515097,0.27762783,0.3515097,0.17762655,0.21235317,0.04437107
7228-PAQPD,-0.5140569,Engagement and bundling,Protection and support,0.06967095,-0.22169569,-0.32972318,-0.03959211,0.06967095,-0.11474131
3177-LASXD,0.6315669,Service quality,Price and plan fit,0.29057318,0.29057318,-0.016580425,0.12887973,-0.15940255,0.23108533
7746-QYVCO,-0.72535026,No actionable lever,Billing and payment,-0.077181146,-0.21875815,-0.10043741,-0.17815235,-0.2908336,-0.077181146
5804-HYIEZ,0.4199995,Billing and payment,Service quality,0.2873313,0.27856743,0.2873313,-0.23557703,0.19421591,0.19215143
9919-FZDED,-1.5314343,Engagement and bundling,Billing and payment,0.13779175,-0.14581984,-0.12785067,-0.22525994,0.13779175,-0.21881777
5934-TSSAU,0.5706162,Service quality,Protection and support,0.32838893,0.32838893,-0.12199245,0.12647837,-0.18417594,-0.17280519
3486-KHMLI,0.47009453,Protection and support,Engagement and bundling,0.08597178,-0.8192319,-0.41100672,0.08597178,-0.081406415,-0.2557495
4897-QSUYC,0.6198684,Protection and support,Price and plan fit,0.096331455,-0.6552569,-0.09380127,0.096331455,-0.16654523,0.061703444
1084-UQCHV,0.6551632,Service quality,Price and plan fit,0.29015505,0.29015505,-0.31708038,0.12974972,-0.14866416,0.23923177
8290-YWKHZ,0.5307891,Billing and payment,Service quality,0.3159286,0.31533265,0.3159286,0.1476486,0.17138667,0.0061455853
2955-BJZHG,0.5557008,Service quality,Protection and support,0.3139332,0.3139332,0.003489006,0.12330909,-0.061885044,-0.1134187
3806-DXQOM,0.56346214,Billing and payment,Engagement and bundling,0.33564436,-0.25896484,0.33564436,-0.19691291,0.006529659,-0.1511244
6784-XYJAE,-0.7040151,Billing and payment,Protection and support,0.15095817,-0.20542882,0.15095817,0.106235646,-0.20197521,-0.15827288
3933-DQPWX,-1.4647075,No actionable lever,Protection and support,-0.101120986,-0.16148236,-0.2323357,-0.13443518,-0.101120986,-0.28129652
6661-EIPZC,0.5052099,No actionable lever,Billing and payment,-0.06146612,-0.29862037,-0.13611326,-0.13738197,-0.06146612,-0.21426624
8957-THMOA,-1.4204512,Protection and support,Engagement and bundling,0.069535725,-0.48971003,-0.21935901,0.069535725,-0.19269086,-0.3410455
2251-PYLPB,-1.5211699,Engagement and bundling,Service quality,0.07432539,-0.15446974,-0.24420118,-0.35945237,0.07432539,-0.27718607
5555-RNPGT,0.4888124,Protection and support,Engagement and bundling,0.082245655,-0.88613653,-0.34718955,0.082245655,-0.07202527,-0.21689242
1057-FOGLZ,0.48555067,Protection and support,Engagement and bundling,0.08168826,-0.8211806,-0.37955573,0.08168826,-0.23741321,-0.51911116
9300-RENDD,0.648413,Billing and payment,Service quality,0.3240443,0.29416558,0.3240443,0.14898491,-0.057892743,0.23051402
0761-AETCS,0.5805978,Protection and support,Billing and payment,0.07526408,-0.7184994,-0.03778124,0.07526408,-0.16647089,-0.21680944
8087-LGYHQ,0.5654837,Service quality,Billing and payment,0.34464976,0.34464976,0.34287986,0.13864328,0.062043227,0.18922764
4137-BTIKL,0.6004391,Service quality,Price and plan fit,0.27155828,0.27155828,-0.33951867,-0.19570021,0.042079084,0.12846886
2190-BCXEC,0.55611414,Service quality,Protection and support,0.30712634,0.30712634,-0.118238874,-0.082217366,-0.09396283,-0.12559916
6227-FBDXH,-0.55651367,Engagement and bundling,Service quality,0.33375767,0.21320386,-0.3131749,0.1481678,0.33375767,0.10384286
2153-MREFK,-0.60068417,Billing and payment,Service quality,0.3287561,0.21809858,0.3287561,-0.25060073,0.14137079,0.1871583
2911-WDXMV,0.5830895,Service quality,Protection and support,0.3166924,0.3166924,-0.1160006,0.1317548,-0.07318949,-0.104003236
7206-PQBBZ,0.6061534,Service quality,Billing and payment,0.3464569,0.3464569,0.3283642,0.14071348,-0.23296657,-0.18297534
3106-ULWFW,0.58963084,Service quality,Protection and support,0.36220366,0.36220366,-0.06537968,0.13213725,0.0668071,0.019614734
0925-VYDLG,0.6091163,Service quality,Protection and support,0.29385602,0.29385602,-0.03862686,0.13861482,-0.0125243245,0.0021641105
4547-FZJWE,-0.4665242,Engagement and bundling,Price and plan fit,0.069423296,-0.1841631,-0.2273388,-0.17372467,0.069423296,-0.07795016
7422-WNBTY,0.52351415,Billing and payment,Service quality,0.32652187,0.31390855,0.32652187,0.10220134,0.011349607,-0.0095894635
0842-IWYCP,0.48291358,Protection and support,Price and plan fit,0.12414333,-0.29979867,-0.31784767,0.12414333,-0.23646745,-0.21909522
3521-HTQTV,-1.4117289,Protection and support,Engagement and bundling,0.08290713,-0.49209708,-0.22553864,0.08290713,-0.09271267,-0.25159258
3744-ZBHON,0.53524846,Protection and support,Billing and payment,0.08289418,-0.91325796,-0.04080978,0.08289418,-0.22563219,-0.53253394
3373-DIUUN,-1.4780388,Protection and support,Engagement and bundling,0.06693598,-0.5318168,-0.30604288,0.06693598,-0.24219546,-0.5789022
8383-SGHJU,-0.68595403,Billing and payment,Price and plan fit,0.13133585,-0.28527525,0.13133585,-0.22976746,-0.19192052,-0.16004997
7607-QKKTJ,-0.579159,Service quality,Engagement and bundling,0.22195148,0.22195148,-0.054957647,0.12076722,0.21118343,0.022886626
7707-PYBBH,0.47480166,No actionable lever,Engagement and bundling,-0.15934224,-0.39123958,-0.15934224,-0.4139991,-0.19698004,-0.28052422
8984-HPEMB,-1.5080278,Billing and payment,Service quality,0.30088246,0.17925885,0.30088246,-0.4129735,0.056698997,0.14553864
4349-GFQHK,0.57418454,Protection and support,Price and plan fit,0.1288284,-0.23227799,0.0013710773,0.1288284,-0.060665365,0.11652711
4139-DETXS,-1.5311592,Engagement and bundling,Service quality,0.107780054,-0.14281821,-0.2582003,-0.44103894,0.107780054,-0.32853878
9779-DPNEJ,0.55281717,Billing and payment,Service quality,0.3407128,0.3146069,0.3407128,0.14091049,-0.078186005,-0.11720868
9805-FILKB,-0.688273,Protection and support,Billing and payment,0.073744394,-0.5648351,-0.067240395,0.073744394,-0.3190165,-0.55636984
5793-YOLJN,-1.4568776,Protection and support,Engagement and bundling,0.080547914,-0.54141617,-0.30816504,0.080547914,-0.25059775,-0.60425967
0673-IGUQO,0.60684955,Protection and support,Price and plan fit,0.0874657,-0.66759884,-0.32388434,0.0874657,-0.1699419,0.005351886
4123-FCVCB,-0.5383928,Engagement and bundling,Protection and support,0.29306293,-0.23881118,-0.08463123,-0.06776075,0.29306293,-0.13886654
8819-IMISP,0.5574938,Billing and payment,Service quality,0.35464454,0.31829983,0.35464454,0.103348225,-0.08966395,-0.09073001
7802-EFKNY,0.57723475,Billing and payment,Protection and support,0.37310997,-0.26432618,0.37310997,0.14701839,0.062044635,-0.099543735
8311-UEUAB,-1.4990214,Billing and payment,Engagement and bundling,0.3771952,-0.1968618,0.3771952,-0.13433374,0.21811005,-0.27361083
5858-EAFCZ,0.59801954,Protection and support,Price and plan fit,0.1247651,-0.22829825,-0.34331852,0.1247651,-0.16988444,0.10548876
8035-BUYVG,-0.74491024,Billing and payment,Engagement and bundling,0.3783283,-0.20426795,0.3783283,-0.11655944,-0.06483933,-0.24989238
1163-ONYEY,0.4845124,No actionable lever,Price and plan fit,-0.0026652385,-0.32626146,-0.13015912,-0.1953309,-0.0026652385,-0.05739356
9787-XVQIU,0.6503216,Billing and payment,Service quality,0.33087635,0.2925036,0.33087635,0.14748341,-0.045625564,0.19658557
8945-MUQUF,-0.7757486,Billing and payment,Service quality,0.3990805,0.21698989,0.3990805,-0.19039199,-0.032897096,0.2051428
5656-MJEFC,-1.4865147,No actionable lever,Service quality,-0.011934925,-0.17873615,-0.25960994,-0.3239886,-0.011934925,-0.23930871
6082-OQFBA,-0.7010561,Protection and support,Billing and payment,0.072347626,-0.542341,-0.30182904,0.072347626,-0.3132509,-0.39069727
8051-HJRLT,0.6495074,Billing and payment,Service quality,0.29883707,0.29004043,0.29883707,0.14145885,-0.1583524,0.23063174
8974-OVACP,0.60732704,Protection and support,Price and plan fit,0.08580619,-0.6549561,-0.32075897,0.08580619,-0.16759537,0.0695368
4010-YLMVT,0.41873807,Service quality,Price and plan fit,0.27706468,0.27706468,-0.105187215,-0.22398354,0.17426348,0.20768009
1379-FRVEB,0.58685946,Billing and payment,Service quality,0.35194802,0.32980627,0.35194802,0.10315316,0.09217847,-0.011926625
8612-GXIDD,-1.5822994,Protection and support,Engagement and bundling,0.08690853,-0.58336353,-0.058294795,0.08690853,-0.056188457,-0.46574834
6288-CHQJB,-1.4773308,No actionable lever,Service quality,-0.02393861,-0.17422818,-0.23347653,-0.27793223,-0.02393861,-0.3768705
8160-HOWOX,0.49977702,Billing and payment,Protection and support,0.3295064,-0.3974683,0.3295064,0.14092083,0.05461,-0.02995072
3023-GFLBR,0.5181849,Service quality,Protection and support,0.31515643,0.31515643,-0.3106003,0.13188598,0.055101134,0.016102504
6648-INWPS,0.48053846,Protection and support,Billing and payment,0.08315706,-0.9156271,-0.0043748897,0.08315706,-0.2131478,-0.5537124
4223-BKEOR,-0.48782825,Engagement and bundling,Price and plan fit,0.05344076,-0.22169858,-0.33711624,-0.13895288,0.05344076,-0.08747283
4079-VTGLK,-1.4815084,Engagement and bundling,Protection and support,0.14896007,-0.25224176,0.098092504,0.13527824,0.14896007,-0.22079088
1763-WQFUK,0.5764482,No actionable lever,Protection and support,-0.002392292,-0.23404907,-0.13540517,-0.07262249,-0.16152541,-0.002392292
1391-UBDAR,0.58770925,Service quality,Protection and support,0.34606218,0.34606218,-0.0062611066,0.1149765,-0.22153491,-0.080075584
8894-JVDCV,-0.50478345,Price and plan fit,Engagement and bundling,0.41086248,0.19991574,-0.07481182,-0.33294195,0.20555733,0.41086248
2023-VQFDL,0.47069013,Protection and support,Billing and payment,0.064462654,-0.89515513,0.0068662036,0.064462654,-0.21890551,-0.8526711
1345-GKDZZ,0.5195866,Protection and support,Engagement and bundling,0.0859668,-0.91327655,-0.35009262,0.0859668,-0.21163416,-0.5225939
2014-MKGMH,-0.58970433,Billing and payment,Engagement and bundling,0.3197685,0.23301142,0.3197685,0.16564348,0.2830525,0.2681405
5628-FCGYG,0.5487802,Billing and payment,Service quality,0.36599416,0.30897534,0.36599416,0.14024179,0.03957602,-0.08292494
2560-WBWXF,-1.4077266,Protection and support,Billing and payment,0.08532064,-0.5175122,-0.09131927,0.08532064,-0.18053555,-0.4597001
0248-IPDFW,0.5942141,Billing and payment,Protection and support,0.3316777,-0.23600428,0.3316777,0.13946988,-0.05211649,0.08742907
7978-DKUQH,0.5611776,Billing and payment,Service quality,0.36695653,0.32625604,0.36695653,0.13014005,-0.19254276,-0.1523743
4335-UPJSI,-1.4953877,Protection and support,Engagement and bundling,0.078968525,-0.5565551,-0.31584412,0.078968525,-0.25708398,-0.7590718
0524-IAVZO,0.53631747,Billing and payment,Service quality,0.33093444,0.32505745,0.33093444,0.15425865,0.0825251,-0.025708634
2737-YNGYW,0.59318817,Service quality,Price and plan fit,0.28956336,0.28956336,-0.0839833,0.124359086,-0.09870295,0.19450454
1784-EZDKJ,-0.55312204,Price and plan fit,Engagement and bundling,0.39999896,0.22973509,-0.059880845,0.107802644,0.33801058,0.39999896
9297-FVVDH,-1.5015621,Billing and payment,Engagement and bundling,0.3538821,-0.20219485,0.3538821,-0.30877152,0.108848736,-0.20095749
8007-YYPWD,-1.5066187,Protection and support,Engagement and bundling,0.074434415,-0.5266306,-0.2787675,0.074434415,-0.11237401,-0.32341313
7101-HRBLJ,-1.564487,No actionable lever,Billing and payment,-0.003971355,-0.17169127,-0.13069993,-0.4208006,-0.003971355,-0.30272466
5159-YFPKQ,0.63873875,Billing and payment,Service quality,0.322972,0.29271,0.322972,0.15117715,-0.21744049,-0.071681924
6635-CPNUN,0.5195211,Service quality,Price and plan fit,0.32657593,0.32657593,-0.3631861,0.08601174,0.028967377,0.12195658
4021-RQSNY,0.49020076,Service quality,Billing and payment,0.3254528,0.3254528,0.30571944,0.17540008,0.24313073,0.24178341
5453-YBTWV,-1.4743323,Service quality,Price and plan fit,0.1916774,0.1916774,-0.086723,-0.33945072,-0.13592723,0.15526398
5039-LZRQT,-0.76509714,Protection and support,Billing and payment,0.066985846,-0.63419604,-0.3223329,0.066985846,-0.3648384,-0.66114825
2931-VUVJN,-0.7607229,Billing and payment,Service quality,0.37007734,0.19267377,0.37007734,-0.36696896,-0.19896688,-5.2005053e-06
9061-TIHDA,0.54454535,Service quality,Billing and payment,0.33866483,0.33866483,0.33436015,0.14439827,0.19889648,0.143352
8699-ASUFO,0.63169044,Service quality,Protection and support,0.36342084,0.36342084,-0.12694326,0.13131353,-0.059677616,-0.03004048
6418-PIQSP,-1.5035806,Engagement and bundling,Service quality,0.116812736,-0.17251408,-0.31171954,-0.26517877,0.116812736,-0.21453552
8220-OCUFY,-0.7246455,Billing and payment,Price and plan fit,0.3885389,-0.22703262,0.3885389,-0.24676663,-0.278087,-0.09858732
3995-WFCSM,0.53167754,Protection and support,Price and plan fit,0.13253455,-0.28241995,-0.09375698,0.13253455,-0.0724929,-0.052363813
1895-QTKDO,0.5984697,Protection and support,Price and plan fit,0.1191244,-0.22796413,-0.3213763,0.1191244,-0.16624123,0.10771294
2038-OEQZH,0.5826678,Service quality,Protection and support,0.3035116,0.3035116,-0.080766566,0.13626015,-0.08206248,-0.011325441
1178-PZGAB,-0.73915803,Protection and support,Billing and payment,0.06460767,-0.5471704,-0.2925673,0.06460767,-0.32329595,-0.34540242
7927-AUXBZ,0.53157073,Service quality,Price and plan fit,0.31564572,0.31564572,0.020661227,-0.090762876,-0.022784032,0.10211505
2626-VEEWG,-1.4451795,Protection and support,Billing and payment,0.07829849,-0.48361522,-0.10431937,0.07829849,-0.23081674,-0.54130834
2878-RMWXY,-1.5605271,Price and plan fit,Service quality,0.31923768,0.15002154,-0.080248386,-0.23770691,0.07604943,0.31923768
1657-DYMBM,-1.4399693,Protection and support,Billing and payment,0.074089415,-0.53107095,-0.24141523,0.074089415,-0.26674694,-0.75721896
7311-MQJCH,-0.81456596,Billing and payment,Protection and support,0.080014944,-0.6794938,0.080014944,0.06909795,-0.30802843,-0.55276215
7375-WMVMT,-1.5788659,Service quality,Engagement and bundling,0.15948136,0.15948136,-0.08216219,-0.11383084,-0.02931674,-0.05811298
1136-XGEQU,-0.48482862,Engagement and bundling,Billing and payment,0.24625812,-0.20518723,-0.071904674,-0.12597692,0.24625812,-0.11837662
2530-FMFXO,-1.4784238,Billing and payment,Price and plan fit,0.3491644,0.21441883,0.3491644,-0.054946344,0.24500833,0.32503024
6844-DZKRF,0.5864705,No actionable lever,Billing and payment,-0.060765922,-0.23828371,-0.08991724,-0.060765922,-0.19971016,-0.11696542
4695-WJZUE,0.619114,Service quality,Billing and payment,0.2908964,0.2908964,0.29035205,0.15136719,0.08829586,0.19706666
7619-ODSGN,0.4671309,Billing and payment,Engagement and bundling,0.043151487,-0.3915208,0.043151487,-0.13260682,-0.060516883,-0.19383176
5970-GHJAW,-1.3523488,Protection and support,Engagement and bundling,0.065531194,-0.5101825,-0.29274562,0.065531194,-0.1978035,-0.5360236
8879-XUAHX,-1.491515,Price and plan fit,Billing and payment,0.3752335,0.18615654,0.28800982,-0.40727064,0.10446751,0.3752335
3689-MOZGR,0.50262946,Billing and payment,Engagement and bundling,0.34639788,-0.32119718,0.34639788,-0.1381394,-0.067940146,-0.15826917
4195-PNGZS,-1.4464234,Protection and support,Engagement and bundling,0.07481072,-0.52303445,-0.23730175,0.07481072,-0.15309241,-0.66645306
5003-XZWWO,-1.5361218,Engagement and bundling,Protection and support,0.17462346,-0.1599157,-0.2708075,-0.102302015,0.17462346,-0.224118
3988-RQIXO,0.6251455,Price and plan fit,Service quality,0.37690794,0.29566896,0.2823525,0.15340187,0.036277164,0.37690794
7622-FWGEW,-1.4938945,Engagement and bundling,Billing and payment,0.038289234,-0.16948277,-0.10813175,-0.3676665,0.038289234,-0.21794653
6922-NCEDI,-0.7493361,Protection and support,Billing and payment,0.09564934,-0.5796821,-0.14605767,0.09564934,-0.3756319,-0.6991911
2514-GINMM,0.648413,Billing and payment,Service quality,0.3240443,0.29416558,0.3240443,0.14898491,-0.057892743,0.23076463
9891-NQDBD,-0.7091656,Protection and support,Engagement and bundling,0.0773257,-0.56061566,-0.3555812,0.0773257,-0.23649521,-0.33543566
6131-IUNXN,0.4892281,Protection and support,Engagement and bundling,0.07451356,-0.7902881,-0.3808101,0.07451356,-0.18192571,-0.22229126
8548-AWOFC,0.4282541,Billing and payment,Engagement and bundling,0.046792004,-0.2816738,0.046792004,-0.10857844,0.040307663,-0.26913288
9798-DRYDS,-0.72995496,No actionable lever,Protection and support,-0.03405281,-0.21337238,-0.12646765,-0.06972322,-0.16600604,-0.03405281
8532-UEFWH,-1.4658097,Protection and support,Engagement and bundling,0.0812996,-0.5095936,-0.30898508,0.0812996,-0.14572124,-0.5887476
6296-DDOOR,-0.7098924,Protection and support,Billing and payment,0.08027933,-0.21811843,0.05329392,0.08027933,-0.13010506,-0.113167614
7951-VRDVK,-0.47649363,Engagement and bundling,Price and plan fit,0.19046369,-0.21160755,-0.23628582,-0.29442593,0.19046369,-0.08622827
5931-FLJJF,0.62817395,Service quality,Protection and support,0.35487276,0.35487276,-0.10276608,0.12456815,-0.17748515,-0.012341067
4815-YOSUK,-0.5745041,Price and plan fit,Service quality,0.19337648,0.17096673,-0.0895456,-0.3908343,0.11783776,0.19337648
2659-VXMWZ,-0.57324487,Price and plan fit,Billing and payment,0.29522344,0.21390904,0.2524398,-0.2049247,0.1877622,0.29522344
0380-NEAVX,-0.6251106,Billing and payment,Service quality,0.3171671,0.22148705,0.3171671,0.0809602,0.16669439,0.122071505
3207-OYBWH,0.47152272,Service quality,Protection and support,0.2699315,0.2699315,-0.10469594,0.120057985,0.060087297,0.03079696
4285-GYRQC,0.62568676,Service quality,Billing and payment,0.35980806,0.35980806,0.35170364,0.13332416,-0.050386064,0.12171966
7216-EWTRS,0.57344824,Price and plan fit,Service quality,0.5490563,0.2951006,0.29338628,0.16129956,0.16488749,0.5490563
4365-MSDYN,0.5240959,Protection and support,Billing and payment,0.08058381,-0.927651,-0.072205976,0.08058381,-0.23287377,-0.4895711
7036-TYDEC,-1.405088,Price and plan fit,Engagement and bundling,0.28905454,0.20123966,0.112872995,-0.025334638,0.20382525,0.28905454
5802-ADBRC,-0.5138864,Price and plan fit,Engagement and bundling,0.49344856,0.21647353,-0.124068394,-0.1545567,0.31404877,0.49344856
8076-FEZKJ,-0.76299715,Protection and support,Billing and payment,0.05951062,-0.61725295,-0.307979,0.05951062,-0.35396296,-0.58831817
5197-YPYBZ,-1.4628152,Protection and support,Engagement and bundling,0.071012095,-0.5514455,-0.28658733,0.071012095,-0.08780186,-0.26432616
8337-MSSXB,0.5753758,Billing and payment,Service quality,0.3407447,0.33028862,0.3407447,0.094801836,-0.08682804,0.1016888
4312-GVYNH,-1.4774017,Engagement and bundling,Billing and payment,0.07482923,-0.15906122,-0.11940982,-0.3815838,0.07482923,-0.31062102
8495-LJDFO,0.38921535,Service quality,Price and plan fit,0.2588516,0.2588516,-0.14815444,-0.33181134,0.16842625,0.17097245
0839-JTCUD,-1.5298772,Engagement and bundling,Service quality,0.085542224,-0.1820856,-0.22505218,-0.32912862,0.085542224,-0.2112512
5494-WOZRZ,-1.5478141,Engagement and bundling,Billing and payment,0.023341138,-0.17967379,-0.11479741,-0.35084626,0.023341138,-0.25696367
1302-UHBDD,0.5208466,Service quality,Protection and support,0.3060105,0.3060105,-0.028723277,0.1322907,0.06447558,-0.13926664
2234-EOFPT,-1.5266972,Engagement and bundling,Billing and payment,0.08212949,-0.16565914,-0.14609487,-0.4117764,0.08212949,-0.3155311
8619-IJNDK,-1.4404185,No actionable lever,Engagement and bundling,-0.15354161,-0.15354161,-0.24711734,-0.31123614,-0.16903895,-0.24147303
8378-LKJAF,0.4603854,Service quality,Engagement and bundling,0.3092583,0.3092583,-0.08625253,0.16141272,0.26126978,0.20638916
8182-BJDSI,0.53474617,Service quality,Billing and payment,0.33185995,0.33185995,0.32204527,0.11357317,0.0790517,0.006728407
2528-HFYZX,0.568651,Billing and payment,Service quality,0.37296724,0.30680373,0.37296724,0.09780032,-0.18231753,-0.16211104
1153-GNOLC,-0.77209926,Billing and payment,Protection and support,0.36806083,-0.2058782,0.36806083,0.11286295,0.07479143,-0.27595532
3298-QEICA,-1.5285088,No actionable lever,Service quality,-0.12585568,-0.17184001,-0.32989386,-0.28883561,-0.12585568,-0.26173556
0788-DXBFY,-0.75876844,Billing and payment,Protection and support,0.34649763,-0.5676578,0.34649763,0.0819367,-0.28380767,-0.39421046
3597-YASZG,-1.4224606,Price and plan fit,Engagement and bundling,0.3391563,0.18585736,-0.0712176,-0.13046008,0.22567852,0.3391563
3496-LFSZU,0.60802245,Service quality,Protection and support,0.31017104,0.31017104,-0.03772367,0.13574125,-0.22766669,-0.092059046
5242-UOWHD,-1.48614,Protection and support,Engagement and bundling,0.070377484,-0.5471148,-0.2916483,0.070377484,-0.23239665,-0.7151942
2482-CZGBB,0.6149601,Service quality,Billing and payment,0.3575191,0.3575191,0.35161674,0.14275143,-0.2339278,-0.17395395
6479-SZPLM,-1.4663566,Protection and support,Billing and payment,0.068021804,-0.51058245,-0.24057117,0.068021804,-0.24270648,-0.7470431
8097-VBQTZ,0.4690048,No actionable lever,Billing and payment,-0.07695391,-0.30736035,-0.18930939,-0.4108246,-0.07695391,-0.31224394
4500-HKANN,-1.5035429,No actionable lever,Protection and support,-0.06471978,-0.24724829,-0.31834894,-0.0885695,-0.06471978,-0.30421907
9917-KWRBE,-0.70723116,Price and plan fit,Billing and payment,0.029183893,-0.21329427,-0.09747179,-0.16969778,-0.11630111,0.029183893
3420-ZDBMA,0.6403314,Service quality,Protection and support,0.32114246,0.32114246,-0.11123022,0.13565543,-0.22176068,-0.1087868
2212-LYASK,-0.52372015,Engagement and bundling,Protection and support,0.26770186,-0.2609701,-0.048364624,0.12957802,0.26770186,-0.15890597
1393-IMKZG,0.58184963,Price and plan fit,Service quality,0.44550848,0.29296318,0.2861931,-0.19040582,0.0358895,0.44550848
8069-RHUXK,-1.4553564,No actionable lever,Service quality,-0.1493902,-0.15907735,-0.2136796,-0.3188593,-0.1493902,-0.37933594
3398-GCPMU,-1.539862,Engagement and bundling,Billing and payment,0.04699739,-0.1478999,-0.12118035,-0.42348185,0.04699739,-0.15677829
2908-WGAXL,-1.4858754,Protection and support,Billing and payment,0.09664436,-0.5387669,-0.07064209,0.09664436,-0.097552985,-0.6893665
3378-AJRAO,-0.69806147,Billing and payment,Protection and support,0.08015733,-0.5906776,0.08015733,0.07444369,-0.18765065,-0.35085127
1013-QCWAM,0.46990564,Billing and payment,Service quality,0.31640932,0.27847683,0.31640932,0.09952832,0.18489103,0.025245562
0866-QLSIR,-0.68686396,No actionable lever,Engagement and bundling,-0.10970449,-0.27591175,-0.10970449,-0.33600122,-0.22804798,-0.23169586
6050-FFXES,-1.4000789,Price and plan fit,Engagement and bundling,0.46225014,0.19618261,-0.27216455,-0.02577792,0.23764417,0.46225014
7181-BQYBV,0.5570985,Price and plan fit,Billing and payment,0.57522815,0.28190976,0.29353306,-0.13769084,0.14673722,0.57522815
0362-RAOQO,-1.4655184,Protection and support,Billing and payment,0.06712175,-0.53248745,-0.24777508,0.06712175,-0.25837767,-0.7699205
9554-DFKIC,0.48339316,No actionable lever,Billing and payment,-0.09609474,-0.3851583,-0.124936745,-0.19022425,-0.09609474,-0.22329614
5527-ACHSO,0.4680841,Engagement and bundling,Protection and support,0.060898308,-0.3974957,-0.34709415,-0.058356654,0.060898308,-0.13986488
0829-DDVLK,-0.7600095,Protection and support,Price and plan fit,0.065533675,-0.55807394,-0.29373297,0.065533675,-0.31467733,-0.29342723
1399-UBQIU,0.4897629,Billing and payment,Protection and support,0.37183338,-0.37993616,0.37183338,0.13915028,0.055419654,-0.031692203
1813-JLKWR,-0.72818166,Protection and support,Billing and payment,0.07546424,-0.53848207,-0.23402098,0.07546424,-0.3704669,-0.6830087
0336-PIKEI,-1.4436998,No actionable lever,Service quality,-0.11371719,-0.14034489,-0.26738366,-0.3423691,-0.11371719,-0.18704253
7322-OCWHC,-1.6170781,Service quality,Engagement and bundling,0.1450798,0.1450798,-0.15136994,-0.4123558,-0.14483346,-0.28025728
9537-VHDTA,0.5933702,Price and plan fit,Engagement and bundling,0.12975135,-0.23885675,-0.3194384,-0.16849396,-0.14435774,0.12975135
4957-TIALW,-0.71628153,No actionable lever,Service quality,-0.1086091,-0.22067343,-0.26773345,-0.25023764,-0.31359515,-0.1086091
2054-PJOCK,-0.47527072,Engagement and bundling,Protection and support,0.29964703,-0.18726209,-0.2731216,-0.0732205,0.29964703,-0.103908986
9150-HEPMB,-0.6893448,No actionable lever,Service quality,-0.16146637,-0.18888907,-0.32503402,-0.16146637,-0.36251998,-0.19269177
9030-QGZNL,-1.5556079,Protection and support,Engagement and bundling,0.07301743,-0.55923605,-0.30955032,0.07301743,-0.20327386,-0.34291998
6204-IEUXJ,0.6294221,Service quality,Price and plan fit,0.28863075,0.28863075,-0.34586087,-0.044406675,-0.15893923,0.013129987
3126-WQMGH,0.4927739,Protection and support,Engagement and bundling,0.13232176,-0.30307615,-0.12463116,0.13232176,-0.120163076,-0.17423216
4529-CKBCL,0.6325988,Billing and payment,Service quality,0.34984726,0.287665,0.34984726,0.13612854,-0.05714091,0.022266127
2506-CLAKW,0.54757386,Price and plan fit,Service quality,0.34396744,0.33963272,-0.08713121,-0.36040252,-0.07305231,0.34396744
7176-WRTNX,-1.3085365,Price and plan fit,Service quality,0.60693616,0.19242463,-0.0501511,-0.34075928,0.13641031,0.60693616
1583-IHQZE,0.4631774,Service quality,Price and plan fit,0.34277838,0.34277838,-0.11586716,-0.11262947,0.1758966,0.30319852
5732-IKGQH,-0.49217308,Price and plan fit,Engagement and bundling,0.40655467,0.20307387,-0.09763083,-0.2732867,0.21789557,0.40655467
9239-GZHZE,-1.5229807,Price and plan fit,Service quality,0.24459562,0.16593204,-0.08912555,-0.38118145,0.07735071,0.24459562
7205-BAIAD,-1.5026056,Protection and support,Billing and payment,0.07261108,-0.5163536,-0.08283404,0.07261108,-0.22433937,-0.50071186
0151-ONTOV,0.656375,Service quality,Price and plan fit,0.29339653,0.29339653,-0.33686078,0.12885118,-0.15835072,0.23541522
4140-MUHUG,0.6268931,Billing and payment,Service quality,0.3266127,0.29431447,0.3266127,0.13853191,-0.05586788,0.04103922
0093-EXYQL,0.5188835,Service quality,Billing and payment,0.3108215,0.3108215,0.30888152,0.14415683,0.06327216,-0.041610494
8064-RAVOH,0.5941426,Billing and payment,Protection and support,0.3272554,-0.23450021,0.3272554,0.14801627,-0.1470201,0.10455996
0219-QAERP,-0.71283877,Protection and support,Billing and payment,0.072385184,-0.51549816,-0.2859716,0.072385184,-0.32308003,-0.45655838
0320-JDNQG,0.49695116,Billing and payment,Service quality,0.3406174,0.3104991,0.3406174,-0.2909319,0.073764026,0.26239616
7180-PISOG,0.6519393,Billing and payment,Service quality,0.32477915,0.2897051,0.32477915,0.14805979,-0.030013388,0.20499422
9168-INPSZ,0.43263108,Service quality,Engagement and bundling,0.27808446,0.27808446,0.009913898,-0.03496636,0.19630444,0.1557756
3571-RFHAR,0.40798932,Billing and payment,Service quality,0.3124331,0.281238,0.3124331,-0.16479236,0.16207369,0.18252622
0015-UOCOJ,0.50982517,Billing and payment,Price and plan fit,0.3386296,-0.35095364,0.3386296,-0.16128883,-0.1897001,-0.020046942
5334-AFQJB,-1.4622718,Protection and support,Billing and payment,0.12372447,-0.4603322,-0.116740234,0.12372447,-0.17418331,-0.5332359
2754-SDJRD,0.49993527,Price and plan fit,Service quality,0.544613,0.36501965,-0.078461155,-0.0143846655,0.2282892,0.544613
9578-VRMNM,0.47082373,Protection and support,Price and plan fit,0.1326066,-0.3334342,-0.1035398,0.1326066,0.06256697,0.08757561
1587-FKLZB,0.4786032,Service quality,Engagement and bundling,0.28069115,0.28069115,-0.086055785,0.18194,0.26207495,0.15734433
6140-QNRQQ,0.66483307,Service quality,Price and plan fit,0.29532695,0.29532695,-0.11446968,0.14443472,-0.15964712,0.21071595
8963-JLGJT,0.55462635,No actionable lever,Engagement and bundling,-0.13171804,-0.29380527,-0.40741095,-0.19626522,-0.16436781,-0.13171804
4307-KTUMW,0.46616855,Service quality,Billing and payment,0.27305236,0.27305236,0.03315554,-0.14478207,0.027556557,-0.024669245
1465-LNTLJ,0.47947046,No actionable lever,Engagement and bundling,-0.05395619,-0.40325293,-0.09480599,-0.05395619,-0.074756294,-0.14514996
5440-FLBQG,-1.2440543,Price and plan fit,Engagement and bundling,0.64961964,0.18513842,-0.0631736,-0.110746086,0.19965,0.64961964
2135-DQWAQ,0.6476981,Service quality,Price and plan fit,0.31744772,0.31744772,-0.10723345,0.10761329,-0.06112726,0.17441142
4056-QHXHZ,-1.4802577,Price and plan fit,Service quality,0.27360323,0.16135895,-0.31520778,-0.30701008,0.15985252,0.27360323
7470-MCQTK,0.48177204,Engagement and bundling,Protection and support,0.27704343,-0.3728141,-0.11856838,0.14928667,0.27704343,0.08965993
7488-MXJIV,0.6273632,Billing and payment,Service quality,0.36777145,0.31016785,0.36777145,0.13982257,0.063489765,0.02657675
7401-JIXNM,-1.5225697,Engagement and bundling,Service quality,0.10045036,-0.18563001,-0.21444647,-0.33472088,0.10045036,-0.19223727
9339-FIIJL,-1.5401473,Engagement and bundling,Protection and support,0.1758475,-0.15296623,-0.2747035,-0.09661449,0.1758475,-0.22769889
2027-FECZV,0.5041099,Service quality,Billing and payment,0.34370878,0.34370878,0.33083832,0.07044956,0.1784224,0.2482602
2672-DZUOY,0.63707376,Billing and payment,Protection and support,0.34154525,-0.23634155,0.34154525,0.15212834,0.042354286,0.010458268
4706-DGAHW,0.57353175,Price and plan fit,Protection and support,0.12716128,-0.22938919,0.003313995,0.12405715,-0.17056204,0.12716128
3870-MQAMG,-0.50877744,Price and plan fit,Engagement and bundling,0.388396,0.21843125,0.050359555,-0.11932823,0.28021047,0.388396
6670-MFRPK,-1.6219105,Service quality,Protection and support,0.2010907,0.2010907,-0.10400427,0.13004245,-0.13516489,-0.25040022
6177-PEVRA,-1.4492065,No actionable lever,Protection and support,-0.11986265,-0.18010375,-0.24381937,-0.14401127,-0.19441994,-0.11986265
4800-CZMPC,-0.50962174,Price and plan fit,Engagement and bundling,0.37022495,0.21796376,-0.049057547,-0.205841,0.3190711,0.37022495
4813-HQMGZ,0.5960537,Service quality,Billing and payment,0.36584494,0.36584494,0.30908626,-0.06805077,0.11264476,0.19694853
7579-KKLOE,-1.5613058,Engagement and bundling,Billing and payment,0.104180224,-0.1772385,-0.1579413,-0.43388283,0.104180224,-0.23253766
7377-DMMRI,0.5730095,Billing and payment,Price and plan fit,0.350167,-0.24175788,0.350167,-0.17531994,-0.16037115,0.005143374
8402-EIVQS,-0.5187807,Price and plan fit,Engagement and bundling,0.23902473,0.20664546,-0.0710416,-0.18562956,0.22182663,0.23902473
4947-DSMXK,0.4831561,Service quality,Engagement and bundling,0.30914673,0.30914673,-0.08553865,0.10433952,0.2424429,0.12646596
7245-NIIWQ,0.6311971,Billing and payment,Service quality,0.3588573,0.28928554,0.3588573,0.13555121,-0.16638729,-0.005492702
0002-ORFBO,-0.7547087,No actionable lever,Billing and payment,-0.023595452,-0.21999349,-0.078141674,-0.11284003,-0.1855017,-0.023595452
3324-OIRTO,-0.56330824,Service quality,Engagement and bundling,0.18648481,0.18648481,-0.09333791,-0.25152704,0.15834509,0.15779388
5414-OFQCB,-1.6199654,Service quality,Engagement and bundling,0.21258387,0.21258387,-0.10630997,-0.09446928,0.0216451,-0.3280915
4967-WPNCF,-1.5339502,Engagement and bundling,Billing and payment,0.16409647,-0.14948504,-0.14265749,-0.49142683,0.16409647,-0.32601377
8552-OBVRU,0.4160738,Service quality,Billing and payment,0.27801442,0.27801442,0.25633037,-0.300128,0.013049025,0.096892804
8499-BRXTD,-0.7294917,Protection and support,Billing and payment,0.076679215,-0.5883607,-0.31980252,0.076679215,-0.36928695,-0.6517493
9154-QDGTH,-0.5188723,Price and plan fit,Engagement and bundling,0.38387135,0.22505176,-0.053165168,-0.05164484,0.3360474,0.38387135
8197-BFWVU,-1.5592523,Engagement and bundling,Billing and payment,0.06612729,-0.16739951,-0.12777208,-0.41966894,0.06612729,-0.17768528
2577-GVSIL,-0.48618978,Engagement and bundling,Billing and payment,0.32873234,-0.2843153,-0.061939772,-0.0802215,0.32873234,-0.12881972
9367-OIUXP,0.5043751,Protection and support,Engagement and bundling,0.07599223,-0.895563,-0.39868376,0.07599223,-0.19042306,-0.6143957
6770-UAYGJ,-1.4540343,Protection and support,Engagement and bundling,0.07788118,-0.5127613,-0.2956744,0.07788118,-0.12370236,-0.38789955
6463-HHXJR,-1.5345112,Service quality,Price and plan fit,0.16716199,0.16716199,-0.32026243,-0.21575913,0.0010861494,0.071209185
7928-VJYAB,0.5671293,Service quality,Price and plan fit,0.35215968,0.35215968,-0.044141944,0.13364877,0.04668125,0.1802264
1187-WILMM,-1.5224326,Engagement and bundling,Billing and payment,0.09389889,-0.18050337,-0.098461084,-0.37244383,0.09389889,-0.1870875
9776-OJUZI,0.5161135,Service quality,Protection and support,0.27742895,0.27742895,-0.13757323,0.11673391,0.034538463,0.03377673
1306-RPWXZ,-1.453858,Protection and support,Billing and payment,0.06668851,-0.53348154,-0.22855897,0.06668851,-0.23225552,-0.74364895
8949-JTMAY,0.49222293,Service quality,Price and plan fit,0.33596036,0.33596036,-0.078435056,0.15916418,0.23765205,0.2929892
2774-LVQUS,0.5850249,Billing and payment,Service quality,0.344213,0.30871165,0.344213,-0.07877417,-0.047420762,-0.070120886
3097-PYWXL,0.5503697,Billing and payment,Protection and support,0.29066145,-0.9663768,0.29066145,0.0783927,-0.20890382,-0.59265447
2266-SJNAT,-0.57386684,Price and plan fit,Engagement and bundling,0.30480015,0.18596964,-0.25410682,-0.06518978,0.28986982,0.30480015
0869-PAPRP,0.56783247,Service quality,Protection and support,0.33014622,0.33014622,-0.10967133,0.13238023,-0.06518674,-0.118845075
4238-JSSWH,0.45031202,Service quality,Engagement and bundling,0.28660548,0.28660548,-0.31225342,0.1413208,0.19188185,0.06558812
2972-YDYUW,-0.56063604,Service quality,Engagement and bundling,0.21459761,0.21459761,0.05063926,-0.13626716,0.1371193,-0.062698856
1104-FEJAM,0.44663286,Protection and support,Engagement and bundling,0.077486694,-0.39063424,-0.04916341,0.077486694,0.02443942,-0.0683877
2809-ILCYT,-0.68241847,Protection and support,Billing and payment,0.09929996,-0.5727207,-0.1277624,0.09929996,-0.1848066,-0.26161918
5499-ECUTN,-0.6976738,No actionable lever,Price and plan fit,-0.10926136,-0.20964566,-0.10926136,-0.1689608,-0.1654277,-0.13009937
4981-FLTMF,0.4629325,No actionable lever,Price and plan fit,-0.08450552,-0.27982554,-0.2896757,-0.3485613,-0.08450552,-0.1906797
9121-PHQSR,0.5909041,Service quality,Protection and support,0.31540364,0.31540364,-0.12763952,0.13178794,0.05315797,-0.09960066
3113-IWHLC,0.5521292,Price and plan fit,Billing and payment,0.005700033,-0.3303158,-0.14052932,-0.18385236,-0.17599791,0.005700033
3211-ILJTT,0.5779434,Service quality,Protection and support,0.31838003,0.31838003,-0.117999196,0.1279974,-0.20656846,-0.07469029
4612-THJBS,-0.52307224,Engagement and bundling,Service quality,0.3072781,0.21367547,-0.058428816,0.11523453,0.3072781,0.21338111
4277-BWBML,-1.3469663,Protection and support,Engagement and bundling,0.10590089,-0.4862673,-0.29882473,0.10590089,-0.22320229,-0.6211208
4094-NSEDU,0.51492083,Billing and payment,Service quality,0.34437197,0.30926517,0.34437197,0.14497061,0.19069873,0.09823572
0234-TEVTT,-0.501814,Engagement and bundling,Protection and support,0.22842662,-0.18186039,-0.24527289,-0.12848184,0.22842662,-0.15450445
4304-TSPVK,-1.3599927,Price and plan fit,Service quality,0.5267012,0.1876045,-0.2165047,-0.29778385,0.109115586,0.5267012
1552-AAGRX,0.39685106,Price and plan fit,Service quality,0.30902946,0.2891017,-0.30239305,-0.2555463,0.19435745,0.30902946
2637-FKFSY,0.57765734,Protection and support,Price and plan fit,0.13391268,-0.22633168,-0.10217336,0.13391268,-0.17671508,0.003182575
9796-MVYXX,-1.5129819,No actionable lever,Price and plan fit,-0.120853394,-0.18545535,-0.27547634,-0.20718785,-0.120853394,-0.16821504
7874-ECPQJ,0.5615692,Protection and support,Billing and payment,0.09498691,-0.8969063,-0.041326836,0.09498691,-0.20379005,-0.5622617
0020-INWCK,-1.6385608,Service quality,Protection and support,0.18314436,0.18314436,-0.08126379,0.14063726,0.09245792,-0.004637584
7089-RKVSZ,-0.77110314,Protection and support,Engagement and bundling,0.088580444,-0.65440977,-0.29848394,0.088580444,-0.16363409,-0.4780782
2683-JXWQQ,0.4883719,No actionable lever,Protection and support,-0.030936033,-0.2605593,-0.32652527,-0.13990435,-0.030936033,-0.2505054
9548-ZMVTX,-1.6321752,Service quality,Protection and support,0.17138347,0.17138347,-0.29977366,-0.09587081,-0.11558494,-0.27977055
8739-XNIKG,0.63426054,Billing and payment,Service quality,0.33721122,0.31918174,0.33721122,0.14304753,0.06982365,0.13628124
9755-JHNMN,-1.4111369,No actionable lever,Service quality,-0.13136664,-0.17505333,-0.24688862,-0.29144052,-0.17879856,-0.13136664
3981-QSVQI,0.5233374,Protection and support,Billing and payment,0.094106555,-0.9125361,-0.06510005,0.094106555,-0.22710054,-0.51948225
2789-HQBOU,0.6147465,Service quality,Billing and payment,0.30403924,0.30403924,0.29841584,0.16358909,-0.10071819,0.04848376
9424-CMPOG,-1.5539455,Protection and support,Engagement and bundling,0.06132083,-0.5701691,-0.29525316,0.06132083,-0.22900863,-0.62800497
5067-WJEUN,-1.4546783,No actionable lever,Service quality,-0.12131614,-0.17230232,-0.12131614,-0.18722704,-0.25360525,-0.45107096
3450-WXOAT,0.49435276,Protection and support,Billing and payment,0.12352352,-0.30383205,-0.12404693,0.12352352,-0.20153672,-0.1406183
9251-WNSOD,-0.47801524,Engagement and bundling,Protection and support,0.14206323,-0.18388543,-0.31899983,-0.16861579,0.14206323,-0.20359781
6974-DAFLI,-0.72507155,Billing and payment,Protection and support,0.11080849,-0.6068006,0.11080849,0.07535895,-0.34315187,-0.6642878
2616-UUTFK,0.48456722,Engagement and bundling,Billing and payment,0.007900402,-0.32700622,-0.15533786,-0.20373213,0.007900402,-0.17192678
7064-JHXCE,-1.4469018,Protection and support,Engagement and bundling,0.06888922,-0.5147045,-0.24635372,0.06888922,-0.24378842,-0.7622646
5103-MHMHY,0.601277,Price and plan fit,Protection and support,0.1263953,-0.22679418,-0.33224854,0.12426004,-0.15309338,0.1263953
7989-AWGEH,0.46207035,Billing and payment,Engagement and bundling,0.35052547,-0.2997255,0.35052547,-0.15487252,0.17006823,-0.18583125
4373-VVHQL,0.5958954,Billing and payment,Protection and support,0.3318977,-0.23600428,0.3318977,0.13932604,-0.16988614,0.09365092
4559-UWIHT,0.5990862,Billing and payment,Service quality,0.3607994,0.33607578,0.3607994,0.096111864,-0.030470708,0.07633786
7268-IGMFD,0.5280525,Service quality,Engagement and bundling,0.3133913,0.3133913,-0.34323442,-0.05904088,0.08213842,0.015063882
1846-XWOQN,0.6495074,Billing and payment,Service quality,0.29883707,0.28921586,0.29883707,0.14145885,-0.1583524,0.23228085
0235-KGSLC,0.66775244,Price and plan fit,Service quality,0.3423894,0.29886758,-0.092932455,0.14264718,-0.06817531,0.3423894
6650-BWFRT,-1.524776,Price and plan fit,Service quality,0.20186622,0.16891986,-0.090871096,-0.39433137,0.084570736,0.20186622
9570-KYEUA,-1.522236,Service quality,Price and plan fit,0.17668031,0.17668031,-0.26645803,-0.26956257,0.10281029,0.15827501
6993-YGFJV,-1.365335,Price and plan fit,Service quality,0.45173323,0.19309607,-0.07396076,-0.35444295,0.114765465,0.45173323
2712-SYWAY,0.59645796,Billing and payment,Protection and support,0.29228988,-0.80840147,0.29228988,0.09843698,-0.056574717,-0.0073151067
0730-BGQGF,-1.5398883,Engagement and bundling,Service quality,0.1146332,-0.16760302,-0.25551933,-0.38357133,0.1146332,-0.2686024
5498-IBWPI,-0.69560015,No actionable lever,Price and plan fit,-0.06702619,-0.18338287,-0.09023248,-0.06702619,-0.28975728,-0.08443571
9101-NTIXF,0.5675029,Protection and support,Engagement and bundling,0.07203806,-0.8435848,-0.34853473,0.07203806,-0.21228561,-0.48403847
0013-SMEOE,-1.4454538,Price and plan fit,Service quality,0.34588104,0.16248895,-0.084744714,-0.3732491,0.023343846,0.34588104
9314-QDMDW,-0.7832131,Billing and payment,Protection and support,0.35331798,-0.24210319,0.35331798,0.098520555,-0.17462261,-0.21228613
9308-ANMVE,0.47768205,Billing and payment,Price and plan fit,0.32455403,-0.32378483,0.32455403,-0.20023036,-0.18678865,-0.16800956
2884-GBPFB,0.55422777,Billing and payment,Service quality,0.3573613,0.31617904,0.3573613,0.13383207,-0.18094234,-0.0543112
3757-NJYBX,0.4030134,Service quality,Engagement and bundling,0.29230925,0.29230925,-0.31148422,0.083910316,0.23476423,0.21072452
3413-DHLPB,0.4245276,Service quality,Engagement and bundling,0.27632692,0.27632692,-0.10913669,-0.15307026,0.20709193,-0.024257287
7649-PHJVR,-0.76573586,Protection and support,Billing and payment,0.07643999,-0.6286123,-0.31192678,0.07643999,-0.3644755,-0.6944872
6114-TCFID,-0.70030236,No actionable lever,Engagement and bundling,-0.08709879,-0.2654532,-0.28355628,-0.3264237,-0.17888793,-0.08709879
3787-TRIAL,0.52046084,Billing and payment,Protection and support,0.39924,-0.29507503,0.39924,0.14080344,-0.019534156,-0.2630663
2573-GYRUU,0.5209754,Service quality,Protection and support,0.2818303,0.2818303,-0.11363445,0.15599899,0.049495857,-0.013967261
5156-UMKOW,0.5839809,Protection and support,Engagement and bundling,0.11072032,-0.22279307,-0.36094767,0.11072032,-0.016641937,-0.14731783
1247-QBVSH,0.48547643,Protection and support,Price and plan fit,0.110693105,-0.30363107,-0.3461885,0.110693105,-0.1661935,-0.08986156
6734-GMPVK,0.487064,Price and plan fit,Service quality,0.40950143,0.31959757,-0.09677519,0.0913182,0.22883876,0.40950143
9822-OAOVB,0.5726102,Billing and payment,Protection and support,0.30826923,-0.23600428,0.30826923,0.15043883,-0.069394685,0.12050073
6161-ERDGD,-0.48750493,Engagement and bundling,Billing and payment,0.2641719,-0.20255417,0.15006031,-0.32222742,0.2641719,-0.0930542
1226-JZNKR,-0.77268577,Billing and payment,Protection and support,0.09189559,-0.65656364,0.09189559,0.071983874,-0.28019997,-0.45256466
7318-EIVKO,0.5144246,Billing and payment,Protection and support,0.3707857,-0.3943515,0.3707857,0.13163838,0.047793586,-0.068533316
3771-PZOBW,0.5775448,Service quality,Protection and support,0.319754,0.319754,-0.12939736,0.13542186,0.045200992,-0.027668394
5136-KCKGI,-0.51916504,Price and plan fit,Engagement and bundling,0.39131525,0.22406217,-0.09674648,-0.13534103,0.3225835,0.39131525
8231-BSWXX,-0.8641019,Service quality,Protection and support,0.19697672,0.19697672,-0.11732072,0.1505432,-0.25997677,-0.23436368
6486-LHTMA,-0.8762037,Billing and payment,Service quality,0.3708895,0.25039607,0.3708895,0.14725906,-0.038054504,-0.03363896
4083-BFNYK,-0.5743084,Service quality,Engagement and bundling,0.1913051,0.1913051,-0.25185093,-0.16987509,0.122789375,0.07565977
3722-WPXTK,0.6259103,Price and plan fit,Billing and payment,0.30795544,0.29571012,0.30306613,0.15701467,0.035609562,0.30795544
7389-KBFIT,0.6114995,Protection and support,Engagement and bundling,0.1367797,-0.21795955,-0.10950764,0.1367797,-0.046783768,-0.21236569
7176-WIONM,0.48276237,Engagement and bundling,Protection and support,0.2620544,-0.37819096,-0.11674315,0.14831328,0.2620544,-0.12327809
5141-ZUVBH,0.5677695,Service quality,Price and plan fit,0.33728886,0.33728886,-0.2851429,-0.2805402,-0.056404285,0.16011134
1089-HDMKP,0.50702053,Billing and payment,Price and plan fit,0.3022899,-0.38230267,0.3022899,-0.14566337,-0.14103067,0.09742811
7623-HKYRK,0.48843578,Protection and support,Engagement and bundling,0.080123305,-0.93704444,-0.4280276,0.080123305,-0.1676472,-0.4904866
0310-SUCIN,-0.4847154,Engagement and bundling,Price and plan fit,0.12438921,-0.19286612,-0.12952898,-0.3958781,0.12438921,-0.12188786
5197-PYEPU,-0.7939054,Service quality,Price and plan fit,0.21660931,0.21660931,-0.09103283,-0.1753723,-0.089977786,0.04705639
2929-ERCFZ,0.57036704,Service quality,Billing and payment,0.37147853,0.37147853,0.30773857,0.15691417,0.03224289,0.23692977
7548-SEPYI,0.57370126,Service quality,Price and plan fit,0.32452416,0.32452416,0.29229295,0.10601101,0.036633737,0.3053467
8835-VSDSE,0.6385301,Billing and payment,Service quality,0.32819664,0.28283876,0.32819664,0.13595961,-0.16411676,0.15770087
6619-RPLQZ,-1.454567,Protection and support,Engagement and bundling,0.07333647,-0.5174102,-0.32863924,0.07333647,-0.19791359,-0.40347108
3275-RHRNE,-0.4882598,Engagement and bundling,Price and plan fit,0.21340133,-0.20343655,-0.07159704,-0.22608575,0.21340133,-0.060754262
3503-TYDAY,0.530288,Service quality,Protection and support,0.30610454,0.30610454,-0.011945778,0.0838688,-0.093902364,-0.14180167
6901-GOGZG,-1.4815667,Billing and payment,Engagement and bundling,0.38488522,-0.19323036,0.38488522,-0.3071631,0.13151021,-0.22686082
1623-NLDOT,-0.7247671,No actionable lever,Service quality,-0.08536225,-0.18595767,-0.27968046,-0.08536225,-0.19364505,-0.24875641
7021-XSNYE,-1.5740345,Engagement and bundling,Price and plan fit,0.079505056,-0.20411,-0.27913755,-0.30650142,0.079505056,-0.12784733
9621-OUPYD,-0.7640569,Protection and support,Billing and payment,0.07932529,-0.5802252,-0.06555332,0.07932529,-0.34352633,-0.53445387
9898-KZQDZ,0.49114394,Service quality,Engagement and bundling,0.3081976,0.3081976,-0.108492374,0.1524837,0.18763274,-0.049619406
8982-NHAVY,-0.5527724,Engagement and bundling,Price and plan fit,0.31256536,0.25258982,-0.058921352,0.14606763,0.31256536,0.29597434
4307-KWMXE,0.5032734,Billing and payment,Engagement and bundling,0.02786294,-0.32857028,0.02786294,-0.11453489,-0.080269136,-0.20278795
0141-YEAYS,0.57258964,Service quality,Protection and support,0.31658247,0.31658247,-0.1091401,0.11567296,-0.067456886,-0.045862533
2450-ZKEED,-0.73438346,No actionable lever,Price and plan fit,-0.038134642,-0.2426997,-0.26987824,-0.038134642,-0.34464335,-0.18478328
3694-DELSO,0.5616339,Engagement and bundling,Price and plan fit,0.095320925,-0.24766143,-0.3233952,-0.13387659,0.095320925,-0.10903269
3893-JRNFS,0.46256796,Protection and support,Engagement and bundling,0.16563205,-0.2620875,-0.12009168,0.16563205,0.16336438,-0.18539926
9603-OAIHC,0.6478676,Billing and payment,Service quality,0.30131918,0.28921586,0.30131918,0.14372678,-0.16069894,0.22863866
1133-KXCGE,-0.7307035,Protection and support,Billing and payment,0.057771966,-0.5897138,-0.31797087,0.057771966,-0.35844037,-0.595907
5236-PERKL,-1.3053622,Price and plan fit,Service quality,0.60285985,0.19770966,-0.0710748,-0.20663163,0.1447629,0.60285985
0142-GVYSN,0.49400997,Billing and payment,Protection and support,0.35861555,-0.85838044,0.35861555,0.08596147,-0.19880453,-0.31068453
1049-FYSYG,0.5175939,Protection and support,Engagement and bundling,0.122636124,-0.28912163,-0.13857128,0.122636124,-0.06641028,-0.2657445
7854-FOKSF,0.5625123,Protection and support,Engagement and bundling,0.15294863,-0.21883029,-0.011107215,0.15294863,0.1470399,0.10358526
2519-FAKOD,0.48509195,Service quality,Engagement and bundling,0.30694467,0.30694467,-0.10457435,0.16371615,0.21175568,0.12257302
8406-LNMHF,-0.83177686,Service quality,Price and plan fit,0.19522932,0.19522932,-0.0923395,-0.1670276,-0.33793822,-0.08126014
1821-BUCWY,-1.4950335,No actionable lever,Billing and payment,-0.14261998,-0.25854224,-0.14630769,-0.14261998,-0.22023644,-0.2178705
8263-JQAIK,0.6346771,Protection and support,Engagement and bundling,0.14533877,-0.21368569,-0.13293706,0.14533877,0.02462314,-0.055213153
0023-UYUPN,-0.7391181,Billing and payment,Protection and support,0.11865929,-0.6018771,0.11865929,0.07192944,-0.17451291,-0.6030798
8314-DPQHL,-0.53046113,Engagement and bundling,Price and plan fit,0.14119539,-0.21348234,-0.28301513,-0.3012895,0.14119539,-0.06576885
1465-WCZVT,0.56286,Protection and support,Engagement and bundling,0.07459089,-0.8713043,-0.3461245,0.07459089,-0.21160719,-0.5049356
9481-SFCQY,0.5151325,Protection and support,Price and plan fit,0.12848362,-0.36541477,-0.111881875,0.12848362,-0.06848918,0.016497284
6360-SVNWV,0.54113424,Service quality,Billing and payment,0.29471087,0.29471087,-0.11057751,-0.19827527,-0.16947012,-0.18687914
0567-GGCAC,0.49568677,No actionable lever,Price and plan fit,-0.0018579478,-0.40255398,-0.0018579478,-0.17898604,-0.20650648,-0.12586942
7089-IVVAZ,0.47499776,Price and plan fit,Service quality,0.60890716,0.35638478,-0.09177833,-0.27693015,0.2255812,0.60890716
8884-MRNSU,-0.7427817,Protection and support,Billing and payment,0.07160284,-0.5513321,-0.2672262,0.07160284,-0.2963497,-0.34933504
2171-UDMFD,0.49640405,Protection and support,Billing and payment,0.09802882,-0.7867186,-0.11019326,0.09802882,-0.22333968,-0.6021535
9050-IKDZA,0.6469529,Service quality,Price and plan fit,0.2812107,0.2812107,-0.32822636,0.12213959,-0.059736185,0.13511693
2205-YMZZJ,0.6147334,Service quality,Billing and payment,0.35829252,0.35829252,0.35482514,0.13306925,0.06786473,0.03456654
9802-CAQUT,-1.4963683,Price and plan fit,Service quality,0.32376832,0.1618102,-0.24221815,-0.22807376,0.10836528,0.32376832
1254-IZEYF,0.47186533,Service quality,Billing and payment,0.31303573,0.31303573,0.29529518,0.086721025,0.22242136,0.19211698
0187-WZNAB,0.5505846,Service quality,Price and plan fit,0.30713886,0.30713886,-0.38065672,-0.1465522,-0.17382033,-0.123152435
9492-TOKRI,0.5763689,Service quality,Protection and support,0.32414114,0.32414114,-0.0973519,0.1124285,0.035281368,-0.056043103
1475-VWVDO,0.6143413,Billing and payment,Service quality,0.36995882,0.35638034,0.36995882,0.12986998,-0.1760852,-0.01730201
9221-OTIVJ,0.47204012,Service quality,Billing and payment,0.3373849,0.3373849,0.30515233,0.09657004,0.22038971,0.24526145
1357-MVDOZ,0.5189795,Protection and support,Engagement and bundling,0.13935225,-0.39155364,-0.11623552,0.13935225,-0.11116494,-0.16162202
7602-MVRMB,-1.5005242,Price and plan fit,Service quality,0.2542749,0.1736635,-0.10323404,-0.33390328,0.14574999,0.2542749
3325-FUYCG,-0.55089235,Price and plan fit,Engagement and bundling,0.25728014,0.22417797,-0.02669508,-0.1870154,0.22645311,0.25728014
5908-QMGOE,0.5976155,Service quality,Protection and support,0.32437396,0.32437396,-0.117405534,0.12445249,-0.065920606,-0.029410228
1197-BVMVG,0.629228,Billing and payment,Service quality,0.32067838,0.3029259,0.32067838,0.13258404,-0.05662717,0.04012157
5406-KGRMX,-1.3774924,Billing and payment,Protection and support,0.24753453,-0.5227618,0.24753453,0.11085185,-0.1326167,-0.49317217
8481-YYXWG,0.60370344,Service quality,Billing and payment,0.31883618,0.31883618,0.27717704,-0.1351235,-0.10743934,0.14715749
5968-HYJRZ,-1.4649751,Protection and support,Engagement and bundling,0.07856673,-0.5300773,-0.29254606,0.07856673,-0.13338691,-0.49056357
5198-EFNBM,-0.8442802,Billing and payment,Service quality,0.38353962,0.22362071,0.38353962,0.101991504,-0.1599181,-0.15415117
7516-GMHUV,-1.4465923,Price and plan fit,Engagement and bundling,0.42850024,0.18271548,-0.07767968,-0.13315429,0.23190165,0.42850024
7140-ADSMJ,0.5240325,Protection and support,Billing and payment,0.079591535,-0.89789975,-0.10163968,0.079591535,-0.18524897,-0.29641593
2230-XTUWL,-1.3517692,Protection and support,Engagement and bundling,0.067711025,-0.52544737,-0.3389564,0.067711025,-0.20408767,-0.57014
7706-YLMQA,-0.6942886,Protection and support,Billing and payment,0.06637052,-0.5001432,-0.25743082,0.06637052,-0.33854,-0.53928727
2585-KTFRE,0.54640293,Price and plan fit,Engagement and bundling,0.1545122,-0.30564755,-0.093507946,-0.4836296,-0.02290887,0.1545122
7994-UYIVZ,0.59290606,Service quality,Protection and support,0.36130354,0.36130354,-0.08086916,0.13575354,0.06728357,0.04709819
2609-IAICY,0.65278304,Billing and payment,Service quality,0.3297251,0.2925036,0.3297251,0.14521548,-0.039240073,0.22716498
1740-CSDJP,0.576263,Protection and support,Engagement and bundling,0.16254222,-0.21927108,-0.09550553,0.16254222,0.15685233,0.08879476
7717-BICXI,-1.4490299,Protection and support,Engagement and bundling,0.07226606,-0.4798674,-0.31665978,0.07226606,-0.22897366,-0.4583096
6559-RAKOZ,-0.5893844,Engagement and bundling,Billing and payment,0.34480968,0.23208842,0.31846958,-0.067181684,0.34480968,0.20807448
2636-OHFMN,0.5371163,Billing and payment,Engagement and bundling,0.31126136,-0.3093814,0.31126136,0.11071947,0.25790745,-0.09283821
4716-MRVEN,-0.73489046,Protection and support,Billing and payment,0.06899853,-0.5863104,-0.31190184,0.06899853,-0.37499484,-0.70648843
2143-LJULT,-1.4786637,Protection and support,Billing and payment,0.08073048,-0.5333618,-0.08484363,0.08073048,-0.13812472,-0.67770207
1323-OOEPC,0.47757626,Service quality,Engagement and bundling,0.29593796,0.29593796,-0.099093184,0.10912846,0.193107,0.034079343
3200-MNQTF,-1.4151292,No actionable lever,Service quality,-0.13766764,-0.16662377,-0.23808618,-0.27887747,-0.13766764,-0.23416355
6164-HXUGH,0.5225843,Protection and support,Price and plan fit,0.07711634,-0.8804172,-0.3444919,0.07711634,-0.16384485,-0.13234721
5630-IXDXV,0.45066497,Billing and payment,Service quality,0.32640457,0.30019322,0.32640457,0.09427345,0.1730314,0.11727678
0320-DWVTU,-1.544187,Service quality,Price and plan fit,0.18800625,0.18800625,-0.29534,-0.31259784,-0.0685368,0.107585564
9135-MGVPY,-1.5270067,Engagement and bundling,Billing and payment,0.060588647,-0.18501426,-0.16347301,-0.37195796,0.060588647,-0.2686523
1212-GLHMD,0.5956181,Service quality,Price and plan fit,0.28809172,0.28809172,-0.08895107,-0.21594346,-0.058624476,0.00089868903
7878-JGDKK,0.55233115,Protection and support,Price and plan fit,0.1131093,-0.2530477,-0.3619081,0.1131093,-0.21334475,-0.10552377
1088-AUUZZ,-1.4782426,Engagement and bundling,Billing and payment,0.100419775,-0.18092644,-0.08144901,-0.3576386,0.100419775,-0.21567728
0397-GZBBC,0.4762045,Service quality,Engagement and bundling,0.28271726,0.28271726,-0.1215437,0.18114333,0.22660571,-0.035611212
6614-YWYSC,-1.4144928,Protection and support,Engagement and bundling,0.07269997,-0.4703133,-0.2684084,0.07269997,-0.18832183,-0.5153865
9588-OZDMQ,0.5857949,Billing and payment,Protection and support,0.34579664,-0.22954655,0.34579664,0.1301677,-0.17894779,0.060107514
7641-EUYET,0.48568892,Billing and payment,Service quality,0.33434784,0.27462438,0.33434784,-0.23596373,0.055764344,0.049486972
6476-EPYZR,0.5064194,Protection and support,Engagement and bundling,0.07275378,-0.90191513,-0.36901355,0.07275378,-0.2216525,-0.5588107
9921-ZVRHG,0.5996654,Billing and payment,Service quality,0.40033445,0.33464307,0.40033445,0.12732646,-0.06100346,0.005151853
1174-FGIFN,-0.6960921,Billing and payment,Service quality,0.2992804,0.25221944,0.2992804,-0.07547064,0.12650573,-0.02798102
6620-HVDUJ,0.4745979,No actionable lever,Engagement and bundling,-0.1152406,-0.3976228,-0.32525122,-0.2957566,-0.17789052,-0.1152406
4701-MLJPN,0.48100737,Billing and payment,Price and plan fit,0.33447176,-0.39608037,0.33447176,-0.101198554,-0.16755264,-0.078098625
1032-MAELW,-0.51579404,Billing and payment,Engagement and bundling,0.29361314,-0.20569919,0.29361314,-0.35200095,0.10970432,-0.055253007
7641-TQFHN,-1.5515555,Engagement and bundling,Service quality,0.24277097,0.20652504,-0.3439259,-0.059967343,0.24277097,0.15211692
1552-TKMXS,0.48417652,Protection and support,Engagement and bundling,0.06231393,-0.79921854,-0.30596396,0.06231393,-0.21832883,-0.54486316
9206-GVPEQ,0.4761662,Billing and payment,Engagement and bundling,0.34904826,-0.38265148,0.34904826,-0.3565655,0.20406738,0.026798572
8622-ZLFKO,0.6018466,Service quality,Billing and payment,0.35205102,0.35205102,0.33528352,0.10402498,0.041968506,0.090434074
1596-BBVTG,0.551023,Service quality,Protection and support,0.3150291,0.3150291,-0.35597217,0.12188203,-0.11671257,-0.051086325
6188-UXBBR,-0.7580753,Protection and support,Billing and payment,0.075150445,-0.58074415,-0.09063911,0.075150445,-0.3698468,-0.73859364
2333-KWEWW,-1.4718828,Protection and support,Engagement and bundling,0.074886486,-0.5275279,-0.2727581,0.074886486,-0.25843585,-0.7117327
5702-SKUOB,0.54385185,Protection and support,Engagement and bundling,0.0658528,-0.87177086,-0.33964333,0.0658528,-0.21544169,-0.42701948
1134-YWTYF,0.48311543,Billing and payment,Protection and support,0.34425676,-0.40515772,0.34425676,-0.13081212,-0.17000367,-0.18868932
6061-GWWAV,-0.6865099,No actionable lever,Protection and support,-0.06294641,-0.20929644,-0.30052954,-0.15190145,-0.16719528,-0.06294641
0679-TDGAK,-0.46768403,Engagement and bundling,Billing and payment,0.124736264,-0.21791816,0.085657634,-0.30437738,0.124736264,-0.3375088
6585-WCEWR,-1.3030511,Billing and payment,Protection and support,0.22256966,-0.51955444,0.22256966,0.112058,-0.17078942,-0.5282185
9067-YGSCA,-0.7271066,Protection and support,Billing and payment,0.07092717,-0.52878344,-0.24105671,0.07092717,-0.25729167,-0.50450903
9067-SQTNS,-0.73374915,Protection and support,Billing and payment,0.06679403,-0.5616126,-0.21076529,0.06679403,-0.35003886,-0.70297
8433-WXGNA,0.61950874,Billing and payment,Service quality,0.3124468,0.2804725,0.3124468,-0.20535335,-0.19912015,0.112826645
1776-SPBWV,-0.75821126,Protection and support,Billing and payment,0.06709356,-0.5344881,-0.07348027,0.06709356,-0.31197602,-0.42849213
8735-SDUFN,-1.4374523,Protection and support,Engagement and bundling,0.10508464,-0.48257735,-0.25035644,0.10508464,-0.15358333,-0.5779296
9668-PUGNU,-1.440172,Billing and payment,Protection and support,0.41772342,-0.5741985,0.41772342,0.1189037,-0.1062668,-0.63175523
9405-GPBBG,-1.3049242,Price and plan fit,Service quality,0.62369055,0.19650435,-0.058682036,-0.104433216,0.16518764,0.62369055
1926-QUZNN,-1.4930992,Protection and support,Billing and payment,0.11816461,-0.513335,-0.11444765,0.11816461,-0.1622867,-0.63699603
3707-GNWHM,0.6648825,Service quality,Price and plan fit,0.29532695,0.29532695,-0.12037173,0.14799604,-0.054854818,0.19603157
7016-NVRIC,-0.6386632,Service quality,Engagement and bundling,0.2277485,0.2277485,-0.2559809,-0.14304866,0.046977572,-0.07602985
5829-NVSQN,-0.47996184,Engagement and bundling,Billing and payment,0.044372726,-0.29757938,-0.09052921,-0.33164486,0.044372726,-0.38077173
9565-AXSMR,-1.4363171,Protection and support,Engagement and bundling,0.06961844,-0.5410414,-0.29726568,0.06961844,-0.24711376,-1.0898367
8922-LIEGH,0.54268795,Billing and payment,Service quality,0.3248853,0.31760678,0.3248853,0.09916981,0.028294176,-0.06179676
8869-LIHMK,-1.3008237,Price and plan fit,Service quality,0.5616598,0.18662864,-0.09281346,-0.33886373,0.10161412,0.5616598
8245-UMPYT,0.5179695,Billing and payment,Service quality,0.34294346,0.31022874,0.34294346,0.14931765,0.23822227,0.12568103
5186-SAMNZ,0.6630548,Service quality,Price and plan fit,0.29237333,0.29237333,-0.099248625,0.14032038,-0.1592929,0.22769418
0447-RXSGD,0.49560732,Service quality,Engagement and bundling,0.33859968,0.33859968,-0.10193151,0.09884871,0.20150113,0.17276675
4927-WWOOZ,0.6322544,Billing and payment,Service quality,0.36381793,0.28983417,0.36381793,0.15023877,0.059981447,0.10553752
5788-YPOEG,-1.5728254,Engagement and bundling,Price and plan fit,0.041001905,-0.19487485,-0.2748214,-0.29144633,0.041001905,-0.05584833
5373-SFODM,0.5234737,Service quality,Protection and support,0.3049885,0.3049885,-0.098868415,0.14941493,0.08079834,-0.12011916
0661-KBKPA,-0.46952355,Engagement and bundling,Protection and support,0.3043852,-0.19872178,-0.11139091,-0.08372204,0.3043852,-0.25887677
9081-WWXKP,-1.3353575,Protection and support,Engagement and bundling,0.06006821,-0.52447146,-0.28316304,0.06006821,-0.19208717,-0.5169135
0784-ZQJZX,-1.464498,Protection and support,Engagement and bundling,0.10109259,-0.5010669,-0.25757903,0.10109259,-0.23757991,-0.6847996
3133-PZNSR,-1.5997375,Service quality,Engagement and bundling,0.15713549,0.15713549,-0.0959658,-0.4010195,0.07682142,-0.010128036
5766-ZJYBB,0.60684955,Protection and support,Price and plan fit,0.09057081,-0.6557077,-0.32734483,0.09057081,-0.1699419,0.03861081
8931-GJJIQ,0.59870785,Service quality,Billing and payment,0.3503601,0.3503601,0.31259644,0.15769343,0.11872341,0.1588732
4277-PVRAN,0.6377742,Service quality,Protection and support,0.37175718,0.37175718,-0.093457125,0.14515582,-0.09439978,0.055799756
0022-TCJCI,-0.49456233,Engagement and bundling,Price and plan fit,0.06489531,-0.18186975,-0.2291155,-0.14343089,0.06489531,-0.04217806
0722-SVSFK,0.5446515,Price and plan fit,Service quality,0.4181544,0.36294323,0.29997486,-0.06215934,0.050523356,0.4181544
3612-YVGSJ,-1.4855659,Protection and support,Billing and payment,0.11780686,-0.47520083,-0.10952094,0.11780686,-0.15897717,-0.5616567
9825-YCXWZ,-0.53944033,Service quality,Engagement and bundling,0.21331573,0.21331573,-0.073670015,-0.062355705,0.20793457,0.13624974
5397-NSKQG,-1.494363,Engagement and bundling,Protection and support,0.28976414,-0.1607216,-0.292131,-0.11497227,0.28976414,-0.31158704
8565-HBFNN,-0.5154293,Price and plan fit,Service quality,0.40272444,0.19756743,-0.06922459,-0.3265593,0.10523453,0.40272444
2000-DHJUY,-1.4883336,Engagement and bundling,Billing and payment,0.097728744,-0.16825417,-0.11286617,-0.36315164,0.097728744,-0.13967468
0203-HHYIJ,-0.66516244,Protection and support,Engagement and bundling,0.08965908,-0.5445219,-0.25426805,0.08965908,-0.18834576,-0.20594032
8670-ERCJH,-1.5100324,Price and plan fit,Service quality,0.34873402,0.16048796,-0.23481397,-0.3457283,0.1030011,0.34873402
7758-UJWYS,-1.4937367,Billing and payment,Engagement and bundling,0.4143972,-0.19409585,0.4143972,-0.15263267,0.056938466,-0.24106994
2050-ONYDQ,-1.4380813,Protection and support,Engagement and bundling,0.072700724,-0.49544445,-0.23932996,0.072700724,-0.14890258,-0.53477585
7055-JCGNI,-1.3822167,Price and plan fit,Service quality,0.46912515,0.19242463,-0.060146723,-0.32572436,0.095633745,0.46912515
0739-UUAJR,-1.5520679,Engagement and bundling,Billing and payment,0.27546692,-0.15181273,-0.12390002,-0.13959435,0.27546692,-0.26537883
4826-DXMUP,-0.4860922,Engagement and bundling,Price and plan fit,0.21941738,-0.28150097,-0.09146031,-0.086804084,0.21941738,-0.04764734
0952-KMEEH,0.52282417,Service quality,Engagement and bundling,0.33645713,0.33645713,-0.37353516,-0.15420981,0.19279012,0.18756792
7285-KLOTR,-0.5616948,Engagement and bundling,Billing and payment,0.24026994,-0.23998047,0.010406888,-0.12920232,0.24026994,-0.13130198
0654-PQKDW,-0.6703998,No actionable lever,Engagement and bundling,-0.14330216,-0.19236925,-0.14330216,-0.31596154,-0.16997734,-0.23550054
7175-NTIXE,0.4391021,Engagement and bundling,Billing and payment,0.062111367,-0.42055488,-0.13707043,-0.37491354,0.062111367,-0.37056822
7963-SHNDT,-1.4590448,No actionable lever,Service quality,-0.10575015,-0.1633321,-0.30123043,-0.35297796,-0.10575015,-0.30171245
9796-BPKIW,0.62993145,Service quality,Protection and support,0.35906518,0.35906518,-0.10581336,0.12697814,-0.18588264,0.007785447
0188-GWFLE,0.5308765,Protection and support,Engagement and bundling,0.07661864,-0.85855687,-0.39358923,0.07661864,-0.18140258,-0.49691412
8129-GMVGI,-1.4512615,Protection and support,Engagement and bundling,0.070801474,-0.49181408,-0.3058128,0.070801474,-0.20534554,-0.39192218
2882-DDZPG,0.4862907,Protection and support,Engagement and bundling,0.06913845,-0.8326809,-0.35141972,0.06913845,-0.17917745,-0.33579594
3547-LQRIK,-0.7291193,Billing and payment,Protection and support,0.11996951,-0.56518996,0.11996951,0.07375188,-0.21862584,-0.3671807
9137-NOQKA,0.52860713,Protection and support,Billing and payment,0.06710609,-0.8844023,-0.021375261,0.06710609,-0.17266132,-0.72655934
5843-TTHGI,0.5024357,Protection and support,Price and plan fit,0.119423956,-0.30567,-0.17489265,0.119423956,-0.1949753,0.008349676
1849-RJYIG,0.51116246,Billing and payment,Engagement and bundling,0.33524087,-0.4078613,0.33524087,-0.15061863,-0.055484246,-0.095074154
8868-GAGIO,0.55490166,Service quality,Engagement and bundling,0.29580194,0.29580194,-0.16911273,-0.21182139,-0.123615876,-0.20890227
4061-UKJWL,0.56946665,Protection and support,Price and plan fit,0.11961278,-0.22828345,-0.3695796,0.11961278,-0.22952725,-0.10787475
5380-XPJNZ,-0.654474,Protection and support,Billing and payment,0.055871878,-0.5679598,-0.3171763,0.055871878,-0.3241656,-0.5761055
8263-QMNTJ,-1.5385766,Billing and payment,Price and plan fit,0.31444883,0.17926809,0.31444883,-0.42025667,0.07548681,0.2036675
8178-EYZUO,0.48576015,Billing and payment,Service quality,0.32369268,0.27860206,0.32369268,-0.24298748,-0.009627286,-0.058970205
3230-JCNZS,-1.5843912,Service quality,Price and plan fit,0.17337249,0.17337249,-0.103928655,-0.23000982,-0.0043001724,0.043924354
0277-ORXQS,-1.4950297,Engagement and bundling,Service quality,0.18761185,-0.15659976,-0.26516294,-0.15714069,0.18761185,-0.317908
5130-IEKQT,0.4165658,Price and plan fit,Service quality,0.47452214,0.31160572,-0.3377743,0.07473021,0.19703615,0.47452214
3230-WYKIR,-0.5078347,Engagement and bundling,Protection and support,0.2984061,-0.22955844,-0.09606306,-0.07013744,0.2984061,-0.12389305
7996-BPXHY,-1.5790644,Protection and support,Billing and payment,0.082700536,-0.58336353,-0.053288624,0.082700536,-0.06563859,-0.48942187
3227-WLKLI,-1.5112398,Engagement and bundling,Price and plan fit,0.085175864,-0.18156254,-0.23572648,-0.3199677,0.085175864,-0.07444871
0407-BDJKB,0.5066794,Billing and payment,Service quality,0.39094865,0.27997488,0.39094865,0.111341655,0.04741283,0.048386157
2266-FUBDZ,-1.4338052,Protection and support,Engagement and bundling,0.07521894,-0.52556723,-0.3796595,0.07521894,-0.19171138,-0.5014451
8237-ULIXL,-1.4619708,Protection and support,Engagement and bundling,0.10433754,-0.5025364,-0.2495814,0.10433754,-0.124302566,-0.52054834
9600-UDOPK,0.49014264,Service quality,Engagement and bundling,0.33193234,0.33193234,-0.102836385,0.15772957,0.21826503,0.07064003
8216-AZUUZ,-1.5773112,Billing and payment,Service quality,0.34215167,0.22086613,0.34215167,-0.054554395,0.050968464,0.21496493
9153-BTBVV,-1.4512768,Protection and support,Engagement and bundling,0.106391706,-0.47624025,-0.27844557,0.106391706,-0.17192414,-0.52295953
4074-SJFFA,0.566384,Protection and support,Price and plan fit,0.14799753,-0.23202455,-0.10680964,0.14799753,-0.0391517,0.12496124
3269-ATYWD,0.4846583,Service quality,Engagement and bundling,0.31297803,0.31297803,-0.10849347,0.1599002,0.22533098,-0.005792752
5186-PEIZU,0.43900093,Protection and support,Engagement and bundling,0.056307666,-0.79878795,-0.3629689,0.056307666,-0.1931272,-0.904585
1074-AMIOH,0.3935829,Service quality,Price and plan fit,0.29694963,0.29694963,-0.08065208,-0.15796863,-0.01997821,0.1124226
4910-GMJOT,0.59518963,Price and plan fit,Billing and payment,0.43780467,0.29761127,0.30896452,0.16073604,0.16379468,0.43780467
0354-WYROK,0.4906512,Billing and payment,Service quality,0.3348554,0.29749358,0.3348554,-0.08033073,0.07078539,0.1354901
4361-FEBGN,-1.4452564,Protection and support,Engagement and bundling,0.068426475,-0.53311837,-0.24603835,0.068426475,-0.24596886,-0.72608894
7748-UMTRK,0.47053564,Service quality,Billing and payment,0.30999008,0.30999008,0.30426168,-0.07396828,0.16722077,0.14466712
0380-ZCSBI,0.50683,Protection and support,Engagement and bundling,0.071141295,-0.857607,-0.33902302,0.071141295,-0.18955897,-0.20896353
7145-FEJWU,0.49212673,Service quality,Billing and payment,0.34813055,0.34813055,0.3049926,0.07443479,0.17626452,0.25808084
6463-MVYRY,-1.4085636,No actionable lever,Service quality,-0.07419652,-0.16112274,-0.26387987,-0.27363387,-0.07419652,-0.28923798
3969-JQABI,0.47642758,No actionable lever,Price and plan fit,-0.048954,-0.2972908,-0.13010511,-0.18495654,-0.048954,-0.08418552
9624-EGDEQ,-1.4700311,Protection and support,Engagement and bundling,0.06938523,-0.52531797,-0.29457366,0.06938523,-0.26129752,-0.7084546
1051-EQPZR,0.44338456,Protection and support,Engagement and bundling,0.06980926,-0.794528,-0.38332227,0.06980926,-0.18353833,-0.5342103
5849-ASHZJ,-0.7341535,Protection and support,Billing and payment,0.06833361,-0.5713618,-0.27222037,0.06833361,-0.34551233,-0.72026813
5780-INQIK,0.49829003,Billing and payment,Protection and support,0.025169048,-0.34604838,0.025169048,-0.049853288,-0.22094911,-0.12892081
7576-OYWBN,0.6306692,Billing and payment,Service quality,0.32308197,0.2953704,0.32308197,0.14118862,-0.035982065,0.01756955
4526-ZJJTM,0.52460706,Service quality,Protection and support,0.31801662,0.31801662,-0.31518948,0.09512525,-0.05185194,0.014360368
8384-FZBJK,0.46405548,Billing and payment,Service quality,0.34132263,0.2886561,0.34132263,0.09759519,0.17163818,0.0012969077
3750-RNQKR,0.5047551,Protection and support,Engagement and bundling,0.08142146,-0.8960538,-0.36890954,0.08142146,-0.23260175,-0.5489787
0962-CQPWQ,-1.4465916,Protection and support,Billing and payment,0.06787127,-0.51593864,-0.23352401,0.06787127,-0.2650224,-0.73673254
3096-YXENJ,-1.2584431,Price and plan fit,Service quality,0.66355014,0.20533295,-0.066534735,-0.11814362,0.19032887,0.66355014
1265-BCFEO,-1.5423448,Engagement and bundling,Protection and support,0.2217685,-0.16537201,-0.12018903,-0.056894477,0.2217685,-0.27160656
5837-LXSDN,-0.7266155,Protection and support,Price and plan fit,0.09013773,-0.2279413,-0.07888682,0.09013773,-0.19546685,-0.068357944
5945-AZYHT,-0.5978319,Billing and payment,Price and plan fit,0.31104365,0.19569887,0.31104365,-0.24866737,0.21747297,0.2863078
8325-QRPZR,0.6233821,Service quality,Billing and payment,0.35597694,0.35597694,0.3452127,0.12690187,-0.18162234,0.052946657
6384-VMJHP,-1.5169226,No actionable lever,Billing and payment,-0.03704793,-0.15748876,-0.12367802,-0.37966663,-0.03704793,-0.18865636
2262-SLNVK,0.6315669,Service quality,Price and plan fit,0.28974864,0.28974864,-0.016580425,0.12887973,-0.15940255,0.23273444
7730-CLDSV,-1.6352623,Service quality,Engagement and bundling,0.17126322,0.17126322,-0.09646299,-0.12050097,0.0959645,0.031040832
1135-HIORI,-0.56774133,Billing and payment,Engagement and bundling,0.2600116,0.21990412,0.2600116,-0.13852729,0.2329764,0.18510482
0164-APGRB,-1.5303861,Price and plan fit,Billing and payment,0.31348723,0.17931557,0.2968928,-0.41810143,0.08553736,0.31348723
6481-ESCNL,0.46321166,Service quality,Engagement and bundling,0.32673502,0.32673502,-0.36379856,0.13819668,0.1916567,0.16193718
1790-NESIO,-1.5716285,Protection and support,Billing and payment,0.07693125,-0.5446797,-0.14196195,0.07693125,-0.21619087,-0.4390291
1550-EENBN,0.42720348,Service quality,Price and plan fit,0.28569627,0.28569627,0.0037645763,-0.19220589,0.15928662,0.24499017
5539-TMZLF,0.6478676,Billing and payment,Service quality,0.30131918,0.28921586,0.30131918,0.14372678,-0.16069894,0.22863866
4323-SADQS,0.5196235,Billing and payment,Engagement and bundling,0.3297514,-0.34915274,0.3297514,-0.33032,-0.07791256,-0.16480204
4446-BZKHU,0.44564003,Billing and payment,Service quality,0.36116323,0.2800426,0.36116323,0.10704741,0.19169667,0.07506591
5202-IVJNU,0.4952005,Protection and support,Price and plan fit,0.12756929,-0.2946267,-0.29897535,0.12756929,0.023787037,0.039087784
5976-JCJRH,0.6149601,Service quality,Billing and payment,0.35747162,0.35747162,0.35161674,0.14269912,-0.2349791,-0.15618211
8198-RKSZG,0.46695453,Engagement and bundling,Price and plan fit,0.17326868,-0.3710796,-0.3285287,-0.12800281,0.17326868,0.05897116
0137-OCGAB,0.6711798,Service quality,Price and plan fit,0.29521537,0.29521537,-0.1078556,0.12346173,-0.04333255,0.24492499
3351-NQLDI,-0.545204,Service quality,Engagement and bundling,0.19937329,0.19937329,-0.089692116,-0.31564078,0.15915021,0.08250715
9297-EONCV,-1.5634418,Engagement and bundling,Billing and payment,0.1011174,-0.17236863,-0.1337087,-0.43204683,0.1011174,-0.2108993
7593-JNWRU,0.5446477,Protection and support,Price and plan fit,0.12896664,-0.31929827,-0.09789129,0.12896664,-0.16287111,-0.047838517
4588-YBNIB,0.6198684,Protection and support,Price and plan fit,0.096077465,-0.6560085,-0.09380127,0.096077465,-0.16654523,0.05122129
1069-QJOEE,-0.73232245,Billing and payment,Protection and support,0.104706585,-0.6548022,0.104706585,0.07469459,-0.3104609,-0.6629826
3336-JORSO,0.42281097,Billing and payment,Service quality,0.2906276,0.28944883,0.2906276,-0.14662923,0.13470294,0.18858887
7799-DSEWS,0.47768426,Billing and payment,Engagement and bundling,0.35582545,-0.35862404,0.35582545,-0.36171404,-0.077234864,-0.36483267
8766-PAFNE,-1.542939,Engagement and bundling,Billing and payment,0.08066937,-0.16548361,-0.11351387,-0.12072795,0.08066937,-0.27826667
5315-CKEQK,-0.7571639,Billing and payment,Protection and support,0.36950302,-0.20410646,0.36950302,0.12640308,-0.18396172,-0.22522296
3130-ICDUP,0.6352678,Service quality,Price and plan fit,0.27809083,0.27809083,-0.30521867,-0.20080537,-0.015728913,0.2626489
0820-FNRNX,0.4949059,No actionable lever,Price and plan fit,-0.05194004,-0.33704203,-0.14095028,-0.10839181,-0.05194004,-0.07190436
0880-FVFWF,0.5301209,Billing and payment,Service quality,0.35614622,0.27268982,0.35614622,-0.2159225,-0.10531062,-0.20940821
4611-ANLQC,-0.5251807,Engagement and bundling,Billing and payment,0.21858299,-0.17910391,0.09100335,-0.1499359,0.21858299,-0.1557334
4213-HKBJO,-1.4652405,Protection and support,Engagement and bundling,0.077406794,-0.51307535,-0.264415,0.077406794,-0.12760942,-0.40703797
2792-LSHWX,0.65194833,Service quality,Price and plan fit,0.28102776,0.28102776,-0.13375483,-0.4704637,-0.13817741,0.2749099
5028-GZLDO,0.6387377,Service quality,Protection and support,0.28104943,0.28104943,-0.3417994,0.11798872,-0.17013168,0.0847566
0014-BMAQU,-1.5942003,Service quality,Billing and payment,0.18407142,0.18407142,-0.11680086,-0.3347776,-0.14766893,-0.30842647
6861-XWTWQ,0.563575,Service quality,Billing and payment,0.35924602,0.35924602,0.33857188,0.14366636,0.18778768,0.29005772
9018-PCIOK,-1.53504,Protection and support,Engagement and bundling,0.12390751,-0.16417351,-0.12839437,0.12390751,-0.025344372,-0.33349156
4837-QUSFT,-0.715504,Price and plan fit,Service quality,0.22275196,0.20987526,-0.10891596,-0.35567653,-0.07339047,0.22275196
6877-TJMBR,0.63901967,Billing and payment,Service quality,0.30400532,0.29101455,0.30400532,-0.20160992,-0.056770317,0.27784926
9953-ZMKSM,-1.4453782,Protection and support,Engagement and bundling,0.07960247,-0.49566862,-0.33493134,0.07960247,-0.18617728,-0.5530115
0907-HQNTS,-1.4344846,Price and plan fit,Service quality,0.24495974,0.178165,-0.060176674,-0.3407486,0.10035397,0.24495974
7665-NKLAV,-1.489716,No actionable lever,Service quality,-0.13740256,-0.17130598,-0.22352402,-0.31735298,-0.13740256,-0.43769032
6769-DCQLI,-0.47544497,Price and plan fit,Service quality,0.40499043,0.22017954,-0.065515324,-0.11715412,0.19665745,0.40499043
2433-KMEAS,0.47623965,Billing and payment,Price and plan fit,0.41185343,-0.3500423,0.41185343,-0.17381401,-0.07256852,-0.03213367
4391-LNRXK,0.49076504,Service quality,Price and plan fit,0.315271,0.315271,-0.09432185,-0.13254522,-0.06364603,-0.023985896
8250-ZNGGW,0.5363274,No actionable lever,Engagement and bundling,-0.06392995,-0.32702318,-0.26952058,-0.31048372,-0.15154557,-0.06392995
2195-ZRVAX,0.5281414,Billing and payment,Service quality,0.33942503,0.2971757,0.33942503,0.15790203,-0.09676387,-0.12942249
3550-SAHFP,0.5352813,Billing and payment,Service quality,0.33320522,0.3216643,0.33320522,0.14905086,0.031462967,0.05179404
2011-TRQYE,0.5144427,Protection and support,Engagement and bundling,0.12426097,-0.2940882,-0.13920446,0.12426097,0.016309962,0.0150342565
8562-GHPPI,0.6061374,Protection and support,Price and plan fit,0.08154343,-0.66170883,-0.32158178,0.08154343,-0.16629866,0.037024617
5893-PYOLZ,-1.5300367,Engagement and bundling,Billing and payment,0.065675035,-0.18501854,-0.084260084,-0.13720684,0.065675035,-0.21253133
4986-MXSFP,0.5857739,Protection and support,Billing and payment,0.08350713,-0.87635136,-0.11352504,0.08350713,-0.20884277,-0.54924375
6131-FOYAS,0.47598436,Billing and payment,Engagement and bundling,0.34751529,-0.39934915,0.34751529,-0.1560518,-0.11487726,-0.19916636
3027-YNWZU,-1.43553,Protection and support,Engagement and bundling,0.07000918,-0.48880354,-0.2450662,0.07000918,-0.16926393,-0.5144453
5609-IMCGG,0.5928341,Service quality,Price and plan fit,0.3163205,0.3163205,-0.1095027,-0.18531746,-0.05974462,-0.05454161
4873-ILOLJ,0.537997,Billing and payment,Service quality,0.34972844,0.342364,0.34972844,0.14700158,0.056060057,-0.07415247
4727-MCYZG,0.55626845,Protection and support,Price and plan fit,0.13814579,-0.22829825,-0.329179,0.13814579,-0.04092697,0.13125697
9481-WHGWY,-1.4768656,Engagement and bundling,Service quality,0.099431194,-0.17995134,-0.23769844,-0.26795655,0.099431194,-0.4061293
2725-KXXWT,0.6259103,Price and plan fit,Billing and payment,0.3473772,0.29808465,0.30306613,0.15696236,0.041667067,0.3473772
9565-DJPIB,0.64012104,Service quality,Price and plan fit,0.31592324,0.31592324,-0.34874147,0.09422109,0.04278709,0.24631283
4328-VUFWD,-0.5197306,Engagement and bundling,Billing and payment,0.014272619,-0.28112316,-0.025632225,-0.061987385,0.014272619,-0.19926247
3301-LSLWQ,0.4568288,Billing and payment,Engagement and bundling,0.3233775,-0.40163183,0.3233775,-0.16419408,-0.0012826249,-0.14768307
7473-ZBDSN,-1.4527467,Protection and support,Engagement and bundling,0.061805766,-0.5345274,-0.34302628,0.061805766,-0.19616976,-0.94183016
3166-PNEOF,-1.5015395,Engagement and bundling,Service quality,0.1883792,-0.17380011,-0.25452945,-0.2657285,0.1883792,-0.23941883
5639-NTUPK,0.5086981,No actionable lever,Billing and payment,-0.0020529255,-0.3501385,-0.12662901,-0.16289392,-0.17108175,-0.0020529255
8780-YRMTT,-1.4681215,No actionable lever,Service quality,-0.14615372,-0.15577252,-0.18821089,-0.39694226,-0.14615372,-0.28988525
8348-HFYIV,0.55610055,Billing and payment,Engagement and bundling,0.34515542,-0.27422935,0.34515542,0.16971728,0.26613122,0.023319773
5140-FOMCQ,-0.5293376,Price and plan fit,Engagement and bundling,0.3492023,0.21498552,-0.07003523,-0.20594423,0.2586134,0.3492023
6242-SGYTS,-0.76680017,Service quality,Price and plan fit,0.20069386,0.20069386,-0.096829176,-0.19376649,-0.10351931,0.037926227
8166-ORCHU,-0.61345184,Billing and payment,Service quality,0.2883859,0.20640993,0.2883859,-0.34240624,0.0040536495,0.1411121
8414-OOEEL,-1.5288571,Engagement and bundling,Billing and payment,0.053061727,-0.18140475,-0.082211755,-0.13729884,0.053061727,-0.22063637
8454-AATJP,-1.5152726,Price and plan fit,Service quality,0.30243522,0.1682634,-0.22936572,-0.34502125,0.10489857,0.30243522
6849-WLEYG,0.6084672,Protection and support,Price and plan fit,0.08836617,-0.65420365,-0.3179792,0.08836617,-0.1558716,0.059378088
4659-NZRUF,0.5050861,Billing and payment,Service quality,0.3538651,0.29937127,0.3538651,-0.20174265,0.017886719,0.08862277
4531-AUZNK,-0.7534067,Service quality,Price and plan fit,0.21868168,0.21868168,-0.16081163,-0.329821,-0.049850363,-0.007629797
4191-XOVOM,0.39565116,Service quality,Engagement and bundling,0.2750025,0.2750025,0.015222732,-0.17296293,0.2156991,0.14475672
2150-OEGBV,-0.7348684,Protection and support,Billing and payment,0.06908539,-0.5719892,-0.23684424,0.06908539,-0.37782928,-0.67928916
8429-XIBUM,0.44230694,Price and plan fit,Service quality,0.35940805,0.31721342,-0.10775166,-0.15929331,0.24294141,0.35940805
1855-CFULU,0.5436494,Protection and support,Engagement and bundling,0.063678615,-0.87407935,-0.2998897,0.063678615,-0.2143904,-0.49245882
4878-BUNFV,-1.4533552,Protection and support,Engagement and bundling,0.06495368,-0.5006604,-0.341181,0.06495368,-0.19952801,-0.50639844
1872-EBWSC,-0.73423624,Protection and support,Billing and payment,0.078421205,-0.5862866,-0.30864194,0.078421205,-0.37499484,-0.69654053
2608-BHKFN,0.641034,Service quality,Protection and support,0.3058332,0.3058332,-0.059380464,0.13049887,-0.16403875,-0.0017283708
7026-YMSBE,-0.731998,Protection and support,Billing and payment,0.08025133,-0.5756278,-0.3080619,0.08025133,-0.37463197,-0.7310079
7341-LXCAF,0.63082165,Billing and payment,Service quality,0.34242463,0.309919,0.34242463,0.14131472,-0.05714805,0.021168344
6997-UVGOX,-1.5340102,Engagement and bundling,Service quality,0.02613329,-0.16760302,-0.24759875,-0.35768303,0.02613329,-0.20397666
9674-EHPPG,-1.4650207,No actionable lever,Service quality,-0.106139734,-0.16748476,-0.23204519,-0.32712862,-0.106139734,-0.24732116
9462-MJUAW,0.5557657,Protection and support,Price and plan fit,0.12237362,-0.24543832,-0.36986363,0.12237362,-0.044563845,-0.0059774444
8128-YVJRG,0.62862104,Service quality,Price and plan fit,0.35652575,0.35652575,-0.13121687,-0.25293884,-0.034329224,0.038004488
5440-VHLUL,-0.52324444,Price and plan fit,Engagement and bundling,0.41288745,0.2203426,-0.06339859,-0.114532754,0.34545672,0.41288745
5781-BKHOP,-1.5433314,Service quality,Price and plan fit,0.16919713,0.16919713,-0.3280909,-0.22809435,-0.0008427184,0.15695834
4283-FUTGF,0.57231915,Billing and payment,Service quality,0.36849773,0.30688006,0.36849773,0.13226758,-0.07319795,-0.096849695
5213-TWWJU,0.50977933,Service quality,Billing and payment,0.32338172,0.32338172,-0.027991097,-0.08469192,-0.109206505,-0.08154565
1569-TTNYJ,0.6334115,Billing and payment,Service quality,0.33308244,0.32091352,0.33308244,0.12506169,-0.010292355,0.026710507
8628-MFKAX,-1.5211422,Price and plan fit,Service quality,0.19621405,0.14881758,-0.085325904,-0.3731719,0.0840288,0.19621405
2397-BRLOM,0.628554,Service quality,Protection and support,0.36124688,0.36124688,-0.08552775,0.1302858,-0.06208925,0.020885296
7629-WIXZF,-0.59311336,Billing and payment,Engagement and bundling,0.30560386,-0.2453537,0.30560386,-0.15274741,-0.0067089275,-0.08536449
5445-GLVOT,0.48542428,Billing and payment,Price and plan fit,0.42163494,-0.313692,0.42163494,-0.15921779,-0.17191729,-0.016030848
3976-HXHCE,-1.4347672,Protection and support,Engagement and bundling,0.09569209,-0.48909253,-0.24901026,0.09569209,-0.24640366,-0.79733336
2466-NEJOJ,0.50855845,Protection and support,Engagement and bundling,0.08200072,-0.897915,-0.31403944,0.08200072,-0.21120298,-0.5350007
0254-KCJGT,-0.4698478,Engagement and bundling,Billing and payment,0.18118754,-0.1991282,-0.08370211,-0.37310693,0.18118754,-0.1766643
5472-CVMDX,-1.4660697,No actionable lever,Service quality,-0.13894069,-0.15510242,-0.31803098,-0.30984887,-0.13894069,-0.31744832
6461-SZMCV,-1.5482388,Engagement and bundling,Service quality,0.11730102,-0.17273633,-0.2619814,-0.37607494,0.11730102,-0.27655494
8150-QUDFX,0.5683021,Protection and support,Engagement and bundling,0.06865138,-0.8408099,-0.34055206,0.06865138,-0.21228561,-0.45283982
9508-ILZDG,0.5084062,Billing and payment,Service quality,0.3457289,0.28698716,0.3457289,-0.14720513,0.06782086,0.021627277
2346-DJQTB,0.5009223,Protection and support,Engagement and bundling,0.123894,-0.30685407,0.041926242,0.123894,0.056906074,-0.15158206
1697-LYYYX,-0.69992846,Protection and support,Billing and payment,0.054443136,-0.4970039,-0.27637252,0.054443136,-0.31348187,-0.737794
1942-OQFRW,0.57555026,Protection and support,Price and plan fit,0.12540202,-0.23227799,-0.0042524124,0.12540202,-0.17093629,0.10115891
4749-VFKVB,0.6064361,Protection and support,Price and plan fit,0.1405909,-0.23202455,-0.11811426,0.1405909,-0.058002736,0.09858763
9640-ZSLDC,-0.48909125,Protection and support,Engagement and bundling,0.12117568,-0.18002959,-0.25067145,0.12117568,0.046949368,-0.25178596
4231-LZUYM,-1.4641469,Protection and support,Engagement and bundling,0.10157649,-0.5021074,-0.2590012,0.10157649,-0.1495947,-0.5336361
7598-UAASY,0.6145286,Service quality,Protection and support,0.2778445,0.2778445,-0.038845398,0.12337471,-0.17695858,0.08921374
7938-OUHIO,0.5702617,Price and plan fit,Billing and payment,0.35920042,0.29313058,0.3081638,-0.08654666,0.06359443,0.35920042
8510-AWCXC,0.52179116,Billing and payment,Service quality,0.33225623,0.32784724,0.33225623,-0.1338994,0.17937616,0.27744818
6128-AQBMT,0.46220496,Billing and payment,Engagement and bundling,0.33027542,-0.29333654,0.33027542,0.12716213,0.32286596,0.039445814
3594-BDSOA,-0.73702615,Protection and support,Billing and payment,0.0649124,-0.54145014,-0.27806038,0.0649124,-0.33339596,-0.42818502
0431-APWVY,-0.63808227,Service quality,Engagement and bundling,0.26225314,0.26225314,-0.051138338,0.14214708,0.1947753,-0.033213884
5133-VRSAB,0.51715577,Engagement and bundling,Price and plan fit,0.03476326,-0.32864758,-0.40295327,-0.15273201,0.03476326,-0.09539688
5996-DAOQL,0.61939096,Protection and support,Price and plan fit,0.09799097,-0.6678996,-0.09692665,0.09799097,-0.16889176,-0.0024814606
6838-YAUVY,-1.5552409,Service quality,Engagement and bundling,0.19883952,0.19883952,-0.07625677,-0.06267117,0.10089013,0.025383793
0484-JPBRU,0.48618305,Protection and support,Engagement and bundling,0.08361911,-0.787241,-0.109639026,0.08361911,-0.10907294,-0.25356182
7883-ROJOC,0.49467045,Protection and support,Price and plan fit,0.10597722,-0.3003025,-0.42121693,0.10597722,-0.20002402,0.009975966
0244-LGNFY,-1.5625358,Engagement and bundling,Service quality,0.07792414,-0.15943259,-0.24581444,-0.38711387,0.07792414,-0.20333597
7274-CGTOD,-1.4524031,No actionable lever,Billing and payment,-0.12769443,-0.15847006,-0.15347818,-0.42042652,-0.12769443,-0.23598891
4295-YURET,-1.4660175,Engagement and bundling,Billing and payment,0.112405196,-0.17109846,-0.08981404,-0.30571175,0.112405196,-0.266935
3426-NIYYL,0.48580673,Protection and support,Billing and payment,0.11034884,-0.2959379,0.025162868,0.11034884,-0.08676611,-0.00786208
8225-BTJAU,0.5923358,Service quality,Billing and payment,0.34452054,0.34452054,0.31760323,0.13654579,-0.07421124,0.15889362
4635-EJYPD,-1.427941,Protection and support,Engagement and bundling,0.06774805,-0.5392031,-0.3274217,0.06774805,-0.21955554,-1.093982
1866-ZSLJM,0.45320132,Protection and support,Engagement and bundling,0.077077925,-0.8060189,-0.41122764,0.077077925,-0.1882566,-0.43934003
4636-TVXVG,-0.7273749,Protection and support,Billing and payment,0.07178382,-0.51612526,-0.2493225,0.07178382,-0.34511605,-0.54002404
4236-UJPWO,0.59061,Protection and support,Engagement and bundling,0.1360568,-0.21331908,-0.032579698,0.1360568,0.0434092,-0.10941458
9392-XBGTD,-1.4873966,Protection and support,Engagement and bundling,0.08121923,-0.5538142,-0.31567287,0.08121923,-0.25555897,-0.79526734
3387-VATUS,0.5645046,Service quality,Price and plan fit,0.31849796,0.31849796,-0.07756396,0.15161276,0.18661152,0.23235255
6402-SSEJG,-0.51543957,Engagement and bundling,Billing and payment,0.3885286,-0.20907852,0.1141262,-0.116112955,0.3885286,-0.12987679
1143-NMNQJ,0.6203424,Billing and payment,Service quality,0.31553072,0.2851029,0.31553072,0.14746486,0.06472381,0.1747571
1169-SAOCL,-0.5150626,Price and plan fit,Engagement and bundling,0.44457397,0.22140336,-0.06016051,-0.10837734,0.3334999,0.44457397
1110-KYLGQ,0.39006954,Service quality,Price and plan fit,0.26273632,0.26273632,-0.28076142,-0.19869214,0.14380671,0.23989326
9929-PLVPA,0.5442799,Protection and support,Engagement and bundling,0.06453121,-0.8632538,-0.29245093,0.06453121,-0.19539766,-0.45930195
3518-PZXZQ,0.6048383,Protection and support,Price and plan fit,0.14605834,-0.23416996,-0.124584496,0.14605834,-0.06861744,0.11787182
2371-JUNGC,0.47219798,Protection and support,Engagement and bundling,0.07190953,-0.86593723,-0.44877812,0.07190953,-0.18283993,-0.44585252
7693-QPEFS,0.5511892,Service quality,Protection and support,0.28035277,0.28035277,-0.14490606,0.14428788,-0.11469295,-0.25900605
0924-BJCRC,0.49778625,Service quality,Protection and support,0.2538018,0.2538018,0.010998792,0.09284833,0.008400606,-0.14020963
5074-FBGHB,-0.5298468,Price and plan fit,Engagement and bundling,0.44689384,0.2146582,-0.07036029,-0.040460132,0.37661052,0.44689384
2351-BKRZW,-1.5408406,Engagement and bundling,Protection and support,0.1255438,-0.18948312,-0.2770288,-0.12452607,0.1255438,-0.15992054
4455-BFSPD,-0.48785025,Engagement and bundling,Price and plan fit,0.36659613,0.2093537,-0.31800503,-0.02937199,0.36659613,0.31614515
0415-MOSGF,0.5996593,Protection and support,Price and plan fit,0.12310557,-0.22829825,-0.34148687,0.12310557,-0.16753793,0.109130934
1724-BQUHA,0.6026184,Service quality,Billing and payment,0.32322192,0.32322192,0.28416735,0.16182448,0.043657415,0.12772448
3948-KXDUF,-1.4151292,No actionable lever,Service quality,-0.14889365,-0.1665763,-0.26824415,-0.30108243,-0.14889365,-0.31374988
2323-ARSVR,-1.3132519,Price and plan fit,Billing and payment,0.5486303,0.1968582,0.27525118,-0.3444062,0.031213652,0.5486303
0815-MFZGM,-1.6051035,Service quality,Price and plan fit,0.21185255,0.21185255,-0.07307011,-0.07061205,0.12354338,0.124607496
4826-XTSOH,0.6470356,Price and plan fit,Billing and payment,0.31395853,0.29319945,0.3117277,0.15104032,0.057525847,0.31395853
5480-XTFFL,-1.4792506,Protection and support,Engagement and bundling,0.08252418,-0.5304637,-0.30421123,0.08252418,-0.24834898,-0.6221231
8295-FHIVV,0.52504706,Protection and support,Billing and payment,0.08065296,-0.92821044,-0.14024821,0.08065296,-0.21953966,-0.49826133
2495-INZWQ,0.54045784,Billing and payment,Engagement and bundling,0.34980723,-0.2451996,0.34980723,0.16597629,0.27403116,0.00079924613
9086-YJYXS,-0.4915865,Engagement and bundling,Protection and support,0.33849394,-0.27693146,-0.27626437,0.14887871,0.33849394,-0.06822146
1179-INLAT,-0.88163733,Protection and support,Billing and payment,0.07358727,-0.63233066,-0.10221867,0.07358727,-0.34804702,-0.65370196
7909-FIOIY,0.5261922,Protection and support,Engagement and bundling,0.1391263,-0.29066494,-0.1699701,0.1391263,0.0024948865,-0.14361864
4139-SUGLD,0.4885448,Price and plan fit,Engagement and bundling,0.01386901,-0.30467862,-0.29247206,-0.33055454,-0.05994477,0.01386901
6857-VWJDT,0.5811359,Price and plan fit,Service quality,0.4815783,0.29850417,-0.34343842,0.14726745,0.17166077,0.4815783
6351-SCJKT,0.56002474,No actionable lever,Price and plan fit,-0.04038848,-0.29248443,-0.3722658,-0.36336884,-0.04038848,-0.054782435
5468-BPMMO,0.4328901,Protection and support,Billing and payment,0.07259187,-0.8396887,-0.0022411277,0.07259187,-0.20196582,-0.54334897
5624-BQSSA,0.6098604,Price and plan fit,Protection and support,0.10181804,-0.6615213,-0.31410944,0.08909514,-0.16759537,0.10181804
0197-PNKNK,-0.82171124,Service quality,Price and plan fit,0.19852436,0.19852436,-0.31805226,-0.14242853,-0.24442352,-0.077665664
2439-QKJUL,0.5377464,Protection and support,Engagement and bundling,0.08478476,-0.88389397,-0.34522793,0.08478476,-0.22523697,-0.48590913
1194-SPVSP,0.6056599,Protection and support,Price and plan fit,0.085296266,-0.66170883,-0.3071895,0.085296266,-0.16958769,0.044117443
9534-NSXEM,-0.76190454,Protection and support,Billing and payment,0.087310955,-0.58278966,-0.08414678,0.087310955,-0.37871787,-0.73854405
2408-WITXK,0.5049847,Billing and payment,Protection and support,0.37174964,-0.31405592,0.37174964,0.14978084,0.14234991,-0.021007106
8929-KSWIH,-1.6565579,Price and plan fit,Service quality,0.22253586,0.2136655,-0.30881312,-0.0653808,0.14351724,0.22253586
2250-IVBWA,0.5126246,Service quality,Billing and payment,0.25199333,0.25199333,0.061710767,-0.17224623,-0.21849453,-0.15260713
1810-MVMAI,0.4565236,Billing and payment,Engagement and bundling,0.058807917,-0.32324103,0.058807917,-0.32582378,-0.06899463,-0.12526533
9506-UXUSK,0.6089359,Billing and payment,Service quality,0.3665353,0.35105646,0.3665353,0.1263396,-0.22009481,-0.11058658
1229-RCALF,-0.54587734,Billing and payment,Price and plan fit,0.27561665,0.20674331,0.27561665,-0.36079112,0.18297207,0.23991
3572-UOLYZ,0.56182635,Service quality,Engagement and bundling,0.29315677,0.29315677,-0.12850194,-0.08736515,-0.04829395,-0.19412334
1429-UYJSV,-0.75672424,Protection and support,Billing and payment,0.07457077,-0.6071216,-0.30662537,0.07457077,-0.36011645,-0.62785256
5577-OTWWW,0.4980199,Protection and support,Price and plan fit,0.07319495,-0.8012305,-0.32569268,0.07319495,-0.18609257,-0.12394483
6100-QQHEB,0.5515598,Billing and payment,Service quality,0.3496545,0.31505635,0.3496545,0.14644496,0.16786179,0.0014885142
6366-XIVKZ,0.470341,Price and plan fit,Engagement and bundling,0.019149387,-0.39333728,-0.15314573,-0.1676586,-0.04009317,0.019149387
3470-OBUET,-1.4226978,Engagement and bundling,Service quality,0.009672223,-0.18022907,-0.23688628,-0.28988847,0.009672223,-0.213866
2770-NSVDG,0.4856519,Protection and support,Billing and payment,0.13609369,-0.30409956,0.05693414,0.13609369,0.05522999,0.0025276132
9375-MHRRS,0.52325094,No actionable lever,Price and plan fit,-0.054361638,-0.31760654,-0.4064956,-0.054361638,-0.16224207,-0.081413135
2634-HCZGT,-0.68517005,Billing and payment,Engagement and bundling,0.35813895,-0.19321303,0.35813895,-0.29783735,-0.18731725,-0.22047864
7503-QQRVF,0.5840814,Service quality,Protection and support,0.3070384,0.3070384,-0.11014426,0.100229055,-0.17644264,0.03222703
4860-YZGZM,0.4548822,Protection and support,Billing and payment,0.07020353,-0.9739262,-0.025617622,0.07020353,-0.19282636,-0.5648049
6599-GZWCM,-0.9468938,Service quality,Protection and support,0.24937245,0.24937245,-0.109061606,0.09945306,-0.3097558,0.009502854
2691-NZETQ,0.61744124,Billing and payment,Service quality,0.355295,0.34274864,0.355295,0.13629933,0.06514431,0.143057
4404-HIBDJ,-0.6745977,No actionable lever,Engagement and bundling,-0.06947328,-0.22924665,-0.30517298,-0.2754722,-0.15784562,-0.06947328
5533-NHFRF,0.49096295,Billing and payment,Engagement and bundling,0.29177865,-0.38115194,0.29177865,-0.19315483,0.0692679,0.0027813762
7037-MTYVW,-1.5556931,Engagement and bundling,Billing and payment,0.1674072,-0.19803563,-0.10596141,-0.3121943,0.1674072,-0.2344301
4760-THGOT,0.48742017,Billing and payment,Service quality,0.3406369,0.28833404,0.3406369,-0.21800913,0.03014329,-0.028838545
7295-JOMMD,0.56643355,Price and plan fit,Service quality,0.37275213,0.31364042,-0.061912283,-0.082908034,0.07653318,0.37275213
4016-BJKTZ,-1.3375132,Price and plan fit,Service quality,0.7626792,0.21943289,0.067117974,-0.1152692,0.20155951,0.7626792
6584-VQMYT,-0.690697,No actionable lever,Price and plan fit,-0.1521868,-0.27575153,-0.3066765,-0.1521868,-0.33457893,-0.24947992
9838-BFCQT,-1.4730384,Protection and support,Engagement and bundling,0.11566716,-0.47524893,-0.34130806,0.11566716,-0.16893029,-0.5249483
2790-XUYMV,-0.84932035,Service quality,Billing and payment,0.18100867,0.18100867,-0.110186905,-0.19999795,-0.2392458,-0.1514899
0581-MDMPW,0.5749463,Service quality,Protection and support,0.33441615,0.33441615,-0.12551631,0.13963091,0.034852564,-0.12191537
5013-SBUIH,-1.2691414,Price and plan fit,Billing and payment,0.6202505,0.20688118,0.28536135,-0.36300576,0.15492794,0.6202505
1023-BQXZE,-1.504414,Engagement and bundling,Billing and payment,0.1295321,-0.1874769,-0.103815965,-0.14310968,0.1295321,-0.3050483
9163-GHAYE,0.48738754,Protection and support,Billing and payment,0.07775346,-0.2993942,0.014467082,0.07775346,-0.18544218,-0.0033563823
3904-UKFRE,0.6211761,Billing and payment,Service quality,0.32335594,0.30334428,0.32335594,-0.25012055,-0.021108445,0.017673485
5353-WILCI,0.46294287,Billing and payment,Price and plan fit,0.008993707,-0.4040055,0.008993707,-0.18202566,-0.17766145,-0.17670266
0709-TVGUR,0.60697085,Billing and payment,Service quality,0.34580106,0.33681023,0.34580106,0.12487168,-0.06842357,-0.034351457
0058-EVZWM,0.5443689,Service quality,Engagement and bundling,0.27904198,0.27904198,-0.16257341,-0.17825016,0.018368257,-0.051283874
6023-YEBUP,0.5287441,Price and plan fit,Billing and payment,0.41785172,0.30463007,0.31038886,0.16290796,0.23958132,0.41785172
7209-JCUDS,0.5514939,Service quality,Billing and payment,0.36032653,0.36032653,0.31694162,0.15548435,0.05432297,0.27560988
7009-PCARS,-0.6612703,Protection and support,Billing and payment,0.060872264,-0.52715576,-0.29616383,0.060872264,-0.3208137,-0.9196549
0519-DRGTI,0.48716837,Protection and support,Engagement and bundling,0.08300885,-0.82632625,-0.37494433,0.08300885,-0.22320342,-0.5556699
1017-FBQMM,-0.53676784,Engagement and bundling,Price and plan fit,0.32409295,0.21434353,-0.044854667,-0.12542363,0.32409295,0.2994082
3001-CBHLQ,0.4413581,Billing and payment,Service quality,0.31277183,0.28764746,0.31277183,-0.05866196,0.1969852,0.2140867
1985-MBRYP,-1.3967535,Protection and support,Billing and payment,0.06552922,-0.543914,-0.06363176,0.06552922,-0.22043468,-0.541778
6158-DWPZT,-0.7778461,Protection and support,Service quality,0.09956382,-0.16848001,-0.2681542,0.09956382,-0.19677901,-0.20155612
9372-TXXPS,-1.4109081,No actionable lever,Engagement and bundling,-0.15989779,-0.15989779,-0.27936542,-0.29726183,-0.20383732,-0.3310582
3259-QMXUN,-1.5102286,Billing and payment,Engagement and bundling,0.36885875,-0.20273237,0.36885875,-0.20600098,0.11678921,-0.17686021
1015-JPFYW,-0.77080464,Protection and support,Billing and payment,0.07228096,-0.59211123,-0.30494767,0.07228096,-0.30578688,-0.37756062
6645-MXQJT,0.55151707,Service quality,Price and plan fit,0.27437273,0.27437273,-0.09914168,-0.16079868,0.040352188,0.15309581
4360-QRAVE,0.4778498,Protection and support,Engagement and bundling,0.11918508,-0.2867809,0.06062963,0.11918508,0.06864712,-0.14298096
8433-WPJTV,-0.5182436,Price and plan fit,Engagement and bundling,0.3488859,0.20601855,-0.068074964,-0.0458655,0.32049274,0.3488859
5804-JMYIO,-1.4777979,Protection and support,Engagement and bundling,0.061808877,-0.4951004,-0.30318102,0.061808877,-0.2065846,-0.45344517
3763-GCZHZ,-0.54421484,Price and plan fit,Billing and payment,0.37379667,0.22241504,0.28904098,-0.14574723,0.2862503,0.37379667
6484-LATFU,-1.4453782,Protection and support,Engagement and bundling,0.07516422,-0.5023946,-0.33444133,0.07516422,-0.19126166,-0.530578
7599-NTMDP,-1.4398899,No actionable lever,Price and plan fit,-0.00480007,-0.1590474,-0.27521288,-0.36979306,-0.00480007,-0.11609294
0772-GYEQQ,0.6449588,Service quality,Price and plan fit,0.2953494,0.2953494,-0.11609297,-0.094713494,-0.055480517,0.16927963
0536-ACXIP,-1.4953225,Price and plan fit,Billing and payment,0.3993904,0.18178594,0.32253405,-0.26646692,0.13747713,0.3993904
0936-NQLJU,-1.4667946,Protection and support,Billing and payment,0.05708893,-0.5384339,-0.24101445,0.05708893,-0.26213837,-0.75466615
4831-EOBFE,0.4844594,Service quality,Price and plan fit,0.31435928,0.31435928,-0.290744,-0.14376014,0.09579619,0.12618072
1575-KRZZE,0.5288799,Price and plan fit,Billing and payment,0.1208423,-0.3247957,-0.008703032,-0.1824629,-0.15982962,0.1208423
3251-YMVWZ,-0.72987044,Protection and support,Billing and payment,0.07524849,-0.55952805,-0.23194772,0.07524849,-0.2415365,-0.6250118
4102-OQUPX,0.647917,Billing and payment,Service quality,0.31264484,0.28999293,0.31264484,0.14608623,-0.04667685,0.21593125
9170-GYZJC,0.43819827,Engagement and bundling,Price and plan fit,0.07229787,-0.3046004,-0.2592375,-0.3281327,0.07229787,-0.12893133
4884-LEVMQ,-1.4972638,Protection and support,Billing and payment,0.06934997,-0.5157811,-0.08201251,0.06934997,-0.22778848,-0.5526248
8857-CUPFQ,-1.4260548,Protection and support,Engagement and bundling,0.060431033,-0.516878,-0.3223165,0.060431033,-0.2787326,-0.97686136
7610-TVOPG,0.49741197,Billing and payment,Protection and support,0.38286504,-0.89987206,0.38286504,0.08795065,-0.074923545,-0.20331728
3638-DIMPH,-0.7586376,Billing and payment,Protection and support,0.10851386,-0.1868105,0.10851386,0.10628565,-0.3363004,-0.2152509
1845-ZLLIG,0.60443866,Protection and support,Price and plan fit,0.11987145,-0.23213613,-0.112262055,0.11987145,-0.15523961,0.11700311
8559-WNQZS,-1.7971952,Protection and support,Engagement and bundling,0.08174292,-0.48256963,-0.28781554,0.08174292,-0.19856894,-0.2389865
3999-QGRJH,0.6195306,Service quality,Billing and payment,0.35537773,0.35537773,0.31824526,0.13231279,-0.1882312,0.007834189
1699-UOTXU,-1.3540617,Billing and payment,Protection and support,0.23349746,-0.17173955,0.23349746,-0.14062507,-0.19431926,-0.22158892
2454-RPBRZ,0.576435,Billing and payment,Service quality,0.3521732,0.3454399,0.3521732,0.08466535,0.06598068,0.2607202
0635-WKOLD,-0.6869236,No actionable lever,Protection and support,-0.07267007,-0.20893624,-0.2740667,-0.09504406,-0.07267007,-0.16963549
5993-JSUWV,-1.4565067,No actionable lever,Protection and support,-0.1236921,-0.1716802,-0.1236921,-0.16023485,-0.22028717,-0.21862836
4518-FZBSX,-0.7319374,Protection and support,Billing and payment,0.06689927,-0.5376898,-0.2924458,0.06689927,-0.31872356,-0.5037413
5387-ASZNZ,-0.68444467,No actionable lever,Price and plan fit,-0.09210212,-0.1750831,-0.09210212,-0.31786597,-0.23206627,-0.17189074
6988-CJEYV,0.46981478,Service quality,Engagement and bundling,0.29941955,0.29941955,-0.025808465,0.08492442,0.22661859,0.07709026
2002-MZHWP,0.6098604,Protection and support,Price and plan fit,0.08580619,-0.6615213,-0.3168107,0.08580619,-0.16759537,0.044146985
3097-FQTVJ,-1.4752464,Protection and support,Engagement and bundling,0.06233106,-0.50038284,-0.30759907,0.06233106,-0.22067589,-0.46535113
5465-BUBFA,-1.4085388,Protection and support,Engagement and bundling,0.05235214,-0.48856452,-0.24688306,0.05235214,-0.19456038,-0.76282954
7299-GNVPL,0.5570979,Service quality,Price and plan fit,0.31209603,0.31209603,-0.35985476,-0.30570656,-0.16531728,-0.034621708
9743-DQKQW,0.5897555,Protection and support,Billing and payment,0.13691059,-0.23274393,-0.008524951,0.13691059,-0.0309892,-0.28840438
1215-VFYVK,0.51077783,Engagement and bundling,Price and plan fit,0.069416955,-0.31333256,-0.30606812,-0.36320636,0.069416955,-0.13301328
9371-BITHB,-1.4614927,Protection and support,Engagement and bundling,0.06737047,-0.5411546,-0.29184273,0.06737047,-0.25074637,-0.7125389
2265-CYWIV,0.5620868,Billing and payment,Service quality,0.31102663,0.29644996,0.31102663,-0.1897399,0.15584542,0.19574365
9093-FPDLG,0.5561021,Service quality,Billing and payment,0.34405136,0.34405136,0.2927749,-0.14354229,-0.0749478,0.24348359
0541-FITGH,0.5339046,No actionable lever,Engagement and bundling,-0.04805433,-0.29260907,-0.10335606,-0.21934916,-0.05315943,-0.04805433
6985-HAYWX,0.5595541,Service quality,Protection and support,0.32882524,0.32882524,-0.38264203,0.09925697,-0.09602826,-0.1763086
7508-KBIMB,-0.7007694,No actionable lever,Protection and support,-0.094829135,-0.29411733,-0.094829135,-0.17908892,-0.34583837,-0.34204406
6838-HVLXG,0.5052593,Protection and support,Engagement and bundling,0.07254705,-0.8976122,-0.3727562,0.07254705,-0.20546563,-0.45119965
2277-DJJDL,0.4699719,Billing and payment,Service quality,0.35413742,0.26993012,0.35413742,-0.099715136,0.22929601,0.039522797
1897-OKVMW,-1.5347791,Engagement and bundling,Price and plan fit,0.09244354,-0.18102637,-0.16604063,-0.38475636,0.09244354,-0.1436281
5485-ITNPC,-1.5140033,Engagement and bundling,Billing and payment,0.062793896,-0.18731442,-0.11032754,-0.3471761,0.062793896,-0.20726621
0233-FTHAV,-0.84101355,Service quality,Protection and support,0.21117887,0.21117887,-0.13713433,0.12827945,-0.24611047,-0.11288663
4644-PIZRT,-0.713505,No actionable lever,Engagement and bundling,-0.020816088,-0.22886817,-0.11008239,-0.12388109,-0.09785208,-0.020816088
8922-NPKBJ,-1.4713988,Protection and support,Engagement and bundling,0.07388167,-0.5463944,-0.30006954,0.07388167,-0.24763887,-0.7893561
2740-TVLFN,0.59257424,Billing and payment,Protection and support,0.33415982,-0.23600428,0.33415982,0.14173779,-0.05446302,0.08378689
7771-CFQRQ,-1.499068,Engagement and bundling,Price and plan fit,0.023902804,-0.17772143,-0.22895482,-0.100954704,0.023902804,-0.06483412
9512-PHSMG,0.52212405,Protection and support,Billing and payment,0.07555446,-0.9184587,-0.15462574,0.07555446,-0.22209033,-0.5200531
6963-EZQEE,-1.502172,Engagement and bundling,Billing and payment,0.12273139,-0.16662073,-0.106337585,-0.3744363,0.12273139,-0.30498105
2452-KDRRH,0.4567011,Service quality,Engagement and bundling,0.2797239,0.2797239,-0.098278746,0.17705329,0.21998638,0.099060565
2004-OCQXK,0.6300466,Billing and payment,Service quality,0.2961481,0.29472023,0.2961481,0.15134518,-0.074125454,0.2555799
5027-QPKTE,0.6143413,Billing and payment,Service quality,0.3696239,0.35633287,0.3696239,0.12911238,-0.17713648,-0.017941918
4146-SVFUD,0.59801954,Protection and support,Price and plan fit,0.1247651,-0.22829825,-0.34331852,0.1247651,-0.16988444,0.10548876
1564-HJUVY,0.5514402,No actionable lever,Price and plan fit,-0.06522209,-0.31517318,-0.08133266,-0.099427134,-0.06522209,-0.07051632
3617-XLSGQ,-1.2633787,Price and plan fit,Service quality,0.6368044,0.1882553,-0.24098526,-0.1926841,0.15289997,0.6368044
7517-LDMPS,0.59186405,Service quality,Billing and payment,0.34919232,0.34919232,0.31895643,0.09162088,-0.07419032,0.26845786
7244-KXYZN,-0.72976124,Protection and support,Billing and payment,0.07436797,-0.56934035,-0.2608389,0.07436797,-0.37458855,-0.6913158
5226-NOZFC,0.5637702,Billing and payment,Service quality,0.36085218,0.33423954,0.36085218,0.102515616,-0.047519512,-0.09759047
2672-HUYVI,0.6000963,Service quality,Billing and payment,0.35218394,0.35218394,0.3333,0.14247718,0.049245585,-0.0023415424
1400-WIVLL,-1.3459908,Price and plan fit,Engagement and bundling,0.4240586,0.20423296,0.0969234,-0.0270449,0.20736395,0.4240586
7508-MYBOG,0.5956726,Billing and payment,Service quality,0.37799004,0.3375885,0.37799004,0.13908778,0.10027921,-0.025228325
8148-NLEGT,-1.405891,Billing and payment,Protection and support,0.16800809,-0.5916109,0.16800809,0.07586439,-0.034121722,-0.5859186
0148-DCDOS,0.49724388,Service quality,Engagement and bundling,0.33842784,0.33842784,-0.11848637,0.1483466,0.20827357,0.13323689
8347-GDTMP,-1.4011188,Protection and support,Engagement and bundling,0.06351825,-0.46599135,-0.26444843,0.06351825,-0.23447484,-0.53686094
9992-RRAMN,0.5493916,Billing and payment,Service quality,0.3631848,0.30892783,0.3631848,0.14394252,0.044648916,0.045291588
6746-WAUWT,-0.7652261,Protection and support,Billing and payment,0.073471695,-0.606187,-0.095984705,0.073471695,-0.3730946,-0.70597
0310-MVLET,0.4847171,Billing and payment,Service quality,0.3608381,0.27981928,0.3608381,0.0952187,0.1740901,0.029325008
0428-IKYCP,0.57749546,Service quality,Protection and support,0.31728446,0.31728446,-0.1457365,0.1351531,-0.067866504,-0.06621067
4550-VBOFE,0.46062517,Billing and payment,Service quality,0.321986,0.27396715,0.321986,0.0922302,0.1913898,0.09327406
2187-PKZAY,0.58358896,Service quality,Protection and support,0.3576094,0.3576094,-0.08010716,0.14991237,-0.065238066,0.056445375
4003-OCTMP,-0.5248778,Billing and payment,Engagement and bundling,0.27435946,-0.28969622,0.27435946,-0.2843882,0.008542087,-0.19420259
6652-YFFJO,0.48969892,Billing and payment,Protection and support,0.34257632,-0.38586915,0.34257632,0.13726841,0.058226965,0.042576466
7225-IILWY,-1.4240766,Protection and support,Engagement and bundling,0.075968094,-0.5019803,-0.3015835,0.075968094,-0.16582868,-0.4229765
5248-RPYWW,-1.5444096,Engagement and bundling,Billing and payment,0.09302925,-0.15345302,-0.11915008,-0.4401724,0.09302925,-0.12046276
7923-IYJWY,-1.3634967,Price and plan fit,Service quality,0.38748372,0.1782125,-0.061327223,-0.34280437,0.11386773,0.38748372
3170-GWYKC,0.41220737,Service quality,Price and plan fit,0.2659679,0.2659679,-0.15717085,-0.33028683,0.07109457,0.19504397
5696-QURRL,0.6081174,Protection and support,Price and plan fit,0.1386891,-0.23202455,-0.116594665,0.1386891,-0.1684601,0.10398236
7409-KIUTL,0.65112513,Billing and payment,Service quality,0.2927399,0.28728938,0.2927399,0.14208755,-0.14227857,0.24027228
9830-ECLEN,-0.6852128,No actionable lever,Price and plan fit,-0.013959721,-0.18277341,-0.32045567,-0.13073419,-0.013959721,-0.10305291
1732-VHUBQ,0.5505181,Service quality,Protection and support,0.27461857,0.27461857,-0.3016469,0.11457892,-0.18213224,-0.12368151
0495-RVCBF,0.6300466,Billing and payment,Service quality,0.2961481,0.2925036,0.2961481,0.15101664,-0.074453995,0.24326667
2668-TZSPS,0.60684955,Protection and support,Price and plan fit,0.0874657,-0.66759884,-0.32388434,0.0874657,-0.1699419,0.005351886
7854-EDSSA,0.46814662,Billing and payment,Engagement and bundling,0.065184884,-0.33933586,0.065184884,-0.18513975,-0.09109736,-0.11684929
8869-TORSS,-0.69661415,No actionable lever,Billing and payment,-0.011727498,-0.20387934,-0.09810881,-0.30537063,-0.2894568,-0.011727498
7446-SFAOA,-0.75879294,Protection and support,Billing and payment,0.0677601,-0.529705,-0.07674103,0.0677601,-0.32486185,-0.43883696
9522-ZSINC,-0.81271005,Billing and payment,Protection and support,0.3747042,-0.64536417,0.3747042,0.0797479,-0.2825573,-0.36147064
8234-GSZYK,-1.4693655,Protection and support,Engagement and bundling,0.07070769,-0.51258266,-0.25468776,0.07070769,-0.13459116,-0.3829105
6505-OZNPG,-1.6599594,Engagement and bundling,Price and plan fit,0.14612506,-0.20464723,-0.09606121,-0.38123956,0.14612506,-0.06964165
6164-HAQTX,-1.4714655,No actionable lever,Service quality,-0.03824959,-0.15421374,-0.27915108,-0.4194652,-0.03824959,-0.35384506
0679-IDSTG,0.65112513,Billing and payment,Service quality,0.2927399,0.28641737,0.2927399,0.14203525,-0.14256889,0.24118073
7765-LWVVH,-1.538023,Billing and payment,Service quality,0.45536888,0.1712387,0.45536888,-0.225531,0.040578157,0.067501426
1658-TJVOA,0.6146511,Service quality,Billing and payment,0.33775455,0.33775455,0.3087529,-0.16475153,-0.20188554,-0.05847009
0953-LGOVU,0.51631975,No actionable lever,Engagement and bundling,-0.08784622,-0.32488596,-0.37040004,-0.1422678,-0.0922906,-0.08784622
2115-BFTIW,0.55802226,Service quality,Protection and support,0.3271948,0.3271948,-0.40852475,0.11665222,-0.20288742,-0.12893148
4692-NNQRU,-0.8409612,Service quality,Billing and payment,0.23823667,0.23823667,0.1112961,-0.05261499,-0.3302453,-0.26072672
7742-MYPGI,0.5402913,No actionable lever,Protection and support,-0.055950273,-0.32256404,-0.12992227,-0.063107684,-0.17657098,-0.055950273
0611-DFXKO,0.5386747,Service quality,Protection and support,0.32650363,0.32650363,-0.13884604,0.14523754,0.0860063,-0.068460524
7780-OTDSO,0.5042451,Billing and payment,Service quality,0.3818395,0.30392146,0.3818395,-0.15144384,0.17646874,0.08380646
9619-GSATL,-0.7011067,Billing and payment,Protection and support,0.12201366,-0.2094509,0.12201366,-0.095789395,-0.29146495,-0.18312256
5622-UEJFI,-1.4752901,Protection and support,Engagement and bundling,0.09014397,-0.50588965,-0.074862786,0.09014397,-0.0721741,-0.34619716
9747-DDZOS,0.65518534,Service quality,Price and plan fit,0.29373065,0.29373065,-0.3224681,0.12705877,-0.15856868,0.23469654
0674-DGMAQ,0.4961537,Service quality,Billing and payment,0.30861244,0.30861244,0.30468038,0.09815505,0.011012971,0.044991206
6203-HBZPA,-1.4984274,Engagement and bundling,Service quality,0.1396042,-0.16937588,-0.22076206,-0.39609084,0.1396042,-0.23113292
0484-FFVBJ,-0.49363008,Engagement and bundling,Protection and support,0.20371455,-0.27536258,-0.058228128,0.13879564,0.20371455,-0.20209557
0301-FIDRB,-1.5502167,Engagement and bundling,Billing and payment,0.05883684,-0.15385592,-0.13468277,-0.48404205,0.05883684,-0.27825367
4139-JPIAM,0.4334197,Engagement and bundling,Billing and payment,0.07078409,-0.29120392,-0.1306786,-0.45081827,0.07078409,-0.1743009
2181-TIDSV,-1.4213265,Protection and support,Billing and payment,0.0784904,-0.48848337,-0.078799434,0.0784904,-0.23137912,-0.55295324
2761-XECQW,0.4952609,Protection and support,Engagement and bundling,0.12841855,-0.38128752,-0.1117356,0.12841855,0.10251943,-0.20327668
1936-CZAKF,-1.5206609,Engagement and bundling,Protection and support,0.33738747,-0.16456589,-0.2625116,0.14041936,0.33738747,-0.10681566
9453-PATOS,-1.5526489,Engagement and bundling,Service quality,0.046225466,-0.16062184,-0.2951506,-0.36841175,0.046225466,-0.24169299
0564-JJHGS,0.5566804,Service quality,Billing and payment,0.34464976,0.34464976,0.32144833,0.14572804,0.18134359,0.2522704
3348-CFRNX,0.5175419,Service quality,Engagement and bundling,0.32442108,0.32442108,-0.14242515,-0.14893097,0.11343584,0.05287083
4402-FTBXC,0.5415312,Service quality,Engagement and bundling,0.27766073,0.27766073,-0.38842613,-0.15626916,-0.044739757,-0.16543384
1428-GTBJJ,0.6107826,Billing and payment,Service quality,0.35154438,0.34915912,0.35154438,0.09597878,-0.18298143,0.009824943
2931-XIQBR,-0.49092895,Price and plan fit,Service quality,0.40269083,0.21609248,-0.3171659,-0.05959991,0.21321364,0.40269083
0106-UGRDO,-1.4442744,Billing and payment,Price and plan fit,0.26900175,0.2010178,0.26900175,-0.35819575,0.0949584,0.23573041
5542-TBBWB,0.6502722,Billing and payment,Service quality,0.3195507,0.29167905,0.3195507,0.14507166,-0.16069894,0.20845407
1930-QPBVZ,-1.5139691,Service quality,Engagement and bundling,0.18216164,0.18216164,-0.2374158,-0.31567565,-0.037219737,-0.07250508
2606-PKWJB,-0.709191,No actionable lever,Engagement and bundling,-0.18548052,-0.18548052,-0.28372723,-0.34949934,-0.226147,-0.22874847
5322-ZSMZY,-1.4531546,Protection and support,Engagement and bundling,0.0828364,-0.5403574,-0.35815862,0.0828364,-0.11702152,-0.4378358
8059-UDZFY,0.44422248,Service quality,Engagement and bundling,0.29263532,0.29263532,-0.08452212,0.0898712,0.18868196,0.16487952
7740-BTPUX,-1.2992482,Price and plan fit,Billing and payment,0.458809,0.19556263,0.27605057,-0.1514047,0.15711607,0.458809
5220-AGAAX,-1.4807125,Protection and support,Billing and payment,0.0842431,-0.53376937,-0.08378925,0.0842431,-0.15717418,-0.70418847
0208-BPQEJ,0.46208805,Protection and support,Engagement and bundling,0.07104061,-0.876146,-0.3591515,0.07104061,-0.17626163,-0.51859343
9435-JMLSX,-1.5409623,Engagement and bundling,Billing and payment,0.03986752,-0.17431733,-0.13123822,-0.39405477,0.03986752,-0.22954835
3352-ALMCK,0.45445144,Service quality,Price and plan fit,0.30562484,0.30562484,-0.11468359,0.09565998,0.20072255,0.27887353
5312-IRCFR,-0.66378814,Billing and payment,Service quality,0.3360943,0.2184684,0.3360943,0.112731636,0.12118071,-0.09795124
5294-IMHHT,-0.5380157,Service quality,Engagement and bundling,0.20578568,0.20578568,-0.27150184,-0.08444695,0.170533,0.02251558
8802-UNOJF,0.6208341,Service quality,Price and plan fit,0.34830603,0.34830603,-0.11699277,-0.104526326,-0.20741004,0.08909341
6313-GIDIT,0.46021408,Engagement and bundling,Billing and payment,0.33335358,-0.27773806,0.32990423,0.14040966,0.33335358,0.0010021701
6176-YJWAS,-1.5907981,Service quality,Price and plan fit,0.16981557,0.16981557,-0.12049779,-0.23029746,-0.0051381923,0.046904437
5310-NOOVA,-1.3724697,Billing and payment,Protection and support,0.19229987,-0.5356287,0.19229987,0.07043191,-0.19117644,-0.45243746
4526-EXKKN,-1.509378,Protection and support,Billing and payment,0.07962197,-0.53381807,-0.14407136,0.07962197,-0.14414981,-0.41938815
5311-IHLEI,0.5061742,Engagement and bundling,Price and plan fit,0.067376584,-0.38587695,-0.13882048,-0.38605043,0.067376584,0.026011087
3987-KQDDU,0.586311,Service quality,Billing and payment,0.3226515,0.3226515,0.013427339,-0.13359156,-0.16803369,-0.040486112
3404-JNXAX,0.53939986,Billing and payment,Service quality,0.33810607,0.30091953,0.33810607,-0.112367675,-0.020488769,-0.045482278
5131-PONJI,0.56238365,Service quality,Protection and support,0.30592772,0.30592772,-0.10760097,0.12429798,-0.08385692,-0.148275
2845-AFFTX,0.4832309,Billing and payment,Service quality,0.32619178,0.29905504,0.32619178,0.16374832,0.25500965,0.18012436
3489-VSFRD,-0.6740705,No actionable lever,Service quality,-0.09510374,-0.19235525,-0.09510374,-0.32615548,-0.2941206,-0.24397187
3345-JHUEO,0.51741004,Billing and payment,Protection and support,0.3479934,-0.9638408,0.3479934,0.08291656,-0.19043484,-0.48757386
5815-HGGHV,-0.47850472,Engagement and bundling,Price and plan fit,0.064370476,-0.22772995,-0.13040908,-0.2819739,0.064370476,-0.112357855
5260-UMPWX,0.46970552,Protection and support,Billing and payment,0.07919141,-0.8126575,-0.11663415,0.07919141,-0.1797274,-0.46145216
2249-YPRNG,0.43109062,Service quality,Price and plan fit,0.3277303,0.3277303,-0.0792348,0.11062754,0.2269154,0.271666
7410-YTJIK,0.6135383,Service quality,Protection and support,0.355506,0.355506,-0.42909956,0.11548857,-0.07372494,-0.12763238
4626-GYCZP,0.57325375,Service quality,Billing and payment,0.36175665,0.36175665,0.3374458,0.14572804,0.18445116,0.21024854
5649-RXQTV,0.48802638,Billing and payment,Service quality,0.34494072,0.29976678,0.34494072,0.09627941,0.08502112,0.051145732
2674-MIAHT,0.6524221,Service quality,Protection and support,0.31397486,0.31397486,-0.10439632,0.1160083,-0.055204242,0.082089216
2576-HXMPA,0.6061374,Protection and support,Price and plan fit,0.08157101,-0.66170883,-0.326336,0.08157101,-0.16629866,0.02159141
7587-AOVVU,0.47140628,Service quality,Price and plan fit,0.2993453,0.2993453,0.00036731712,-0.35231033,0.08941585,0.2569516
5590-BYNII,0.48194134,Billing and payment,Service quality,0.39907074,0.30708572,0.39907074,-0.16584389,0.17725876,0.08771678
6898-MDLZW,0.5154825,No actionable lever,Protection and support,-0.02471679,-0.3885464,-0.1441148,-0.09883463,-0.1733417,-0.02471679
3237-AJGEH,0.59499466,No actionable lever,Engagement and bundling,-0.076405145,-0.2331982,-0.12692298,-0.11206979,-0.079101935,-0.076405145
4707-YNOQA,-0.6971719,Protection and support,Billing and payment,0.08860232,-0.55619943,-0.06661918,0.08860232,-0.18072009,-0.29549637
9357-UJRUN,-0.7091453,Billing and payment,Engagement and bundling,0.40304446,-0.2849404,0.40304446,-0.27282205,-0.1799524,-0.25110385
1591-NFNLQ,0.55316454,Service quality,Protection and support,0.30793798,0.30793798,-0.33691645,0.14147387,-0.07098052,-0.13367438
8648-PFRMP,0.4891262,Billing and payment,Engagement and bundling,0.3338169,-0.3465164,0.3338169,0.14788263,0.26110435,-0.13448305
7663-CUXZB,-1.2833935,Price and plan fit,Service quality,0.4512787,0.19440742,0.09359602,-0.31713188,0.10954793,0.4512787
0258-NOKBL,0.59177625,Service quality,Price and plan fit,0.29100314,0.29100314,-0.08494484,0.09155468,-0.08004501,0.19135019
1163-VIPRI,-1.2067189,Price and plan fit,Service quality,0.5556506,0.19700328,0.10752682,-0.21888328,0.17434503,0.5556506
2815-CPTUL,0.63710755,Service quality,Protection and support,0.31208053,0.31208053,-0.09610523,0.13488199,-0.1690825,-0.00089097023
9348-ROUAI,-1.5163484,Engagement and bundling,Service quality,0.11476251,-0.18412882,-0.2305689,-0.3289219,0.11476251,-0.24357572
9443-JUBUO,-1.5338596,Engagement and bundling,Billing and payment,0.09710641,-0.14944744,-0.112399384,-0.49838176,0.09710641,-0.33676016
0596-BQCEQ,0.46896636,Billing and payment,Service quality,0.34112573,0.28565395,0.34112573,0.10421245,0.06112952,0.04394941
1481-ZUWZA,0.48660126,Service quality,Price and plan fit,0.31513095,0.31513095,-0.09259797,-0.19953333,0.033864856,0.08445108
3043-TYBNO,0.5231473,No actionable lever,Engagement and bundling,-0.054290816,-0.2974576,-0.32679832,-0.054290816,-0.068982035,-0.12987182
4830-FAXFM,0.49184185,Protection and support,Engagement and bundling,0.09002661,-0.8057424,-0.09287582,0.09002661,-0.07185653,-0.23948106
5906-BFOZT,0.61939096,Protection and support,Price and plan fit,0.09773698,-0.6560085,-0.10038713,0.09773698,-0.16889176,0.03159237
2960-NKRSO,0.56346226,Billing and payment,Service quality,0.3397698,0.3250698,0.3397698,-0.15412772,-0.21408248,-0.18536037
8996-ZROXE,-0.71062726,Billing and payment,Price and plan fit,0.359475,-0.19205093,0.359475,-0.0727856,-0.28035635,-0.035533812
5598-IKHQQ,-1.4641469,Protection and support,Engagement and bundling,0.103920065,-0.50243664,-0.2583163,0.103920065,-0.14484355,-0.5890726
0397-ZXWQF,-1.4367504,Protection and support,Billing and payment,0.06902904,-0.5230789,-0.22090484,0.06902904,-0.28549534,-0.78355426
5266-PFRQK,-0.7568056,Protection and support,Billing and payment,0.07975508,-0.53598684,-0.07597082,0.07975508,-0.317478,-0.3385049
4674-HGNUA,-1.5543042,Engagement and bundling,Service quality,0.088362455,-0.17265126,-0.23991476,-0.3818685,0.088362455,-0.26977432
6765-MBQNU,-0.73529744,Protection and support,Engagement and bundling,0.07628432,-0.6061908,-0.324165,0.07628432,-0.22451709,-0.44268245
9786-IJYDL,-1.3499261,Price and plan fit,Service quality,0.5946663,0.20350654,-0.1119347,-0.3076342,0.11774394,0.5946663
1303-SRDOK,-1.6360376,Service quality,Protection and support,0.20449816,0.20449816,-0.08643172,0.12774174,-0.20935154,-0.35114712
3769-MHZNV,-1.4873518,Protection and support,Engagement and bundling,0.07371907,-0.5236169,-0.30984852,0.07371907,-0.22055946,-0.6187344
6295-OSINB,-1.502434,Billing and payment,Price and plan fit,0.34264955,0.17193843,0.34264955,-0.256776,0.10602556,0.25057945
3308-MHOOC,0.60984665,Protection and support,Billing and payment,0.09073765,-0.6545044,-0.1077252,0.09073765,-0.14982383,-0.443722
2309-OSFEU,0.49097502,Engagement and bundling,Protection and support,0.17019863,-0.32292646,-0.15439348,0.15413243,0.17019863,-0.037118524
2207-QPJED,0.524787,Service quality,Billing and payment,0.28775343,0.28775343,0.052426834,-0.091538265,-0.030738737,-0.18427628
4177-JPDFU,0.5113504,No actionable lever,Engagement and bundling,-0.07654837,-0.3327143,-0.37472287,-0.07654837,-0.090000674,-0.18654235
2239-CFOUJ,-0.9492302,Protection and support,Price and plan fit,0.08257811,-0.49905884,-0.27784088,0.08257811,-0.28748924,-0.18720834
8046-DNVTL,-1.4746479,No actionable lever,Billing and payment,-0.11579348,-0.15851754,-0.116462015,-0.38740662,-0.11579348,-0.2852124
2209-XADXF,0.6352067,Protection and support,Price and plan fit,0.1323777,-0.2265752,-0.3252789,0.1323777,0.01797834,0.02081468
6620-JDYNW,0.48937446,No actionable lever,Billing and payment,-0.057200782,-0.356539,-0.17384213,-0.23762567,-0.057200782,-0.2006878
1891-FZYSA,0.53585464,Billing and payment,Service quality,0.3636306,0.27442035,0.3636306,0.11199457,0.04768691,-0.11847524
4770-UEZOX,0.63799113,Billing and payment,Service quality,0.32631138,0.28224617,0.32631138,0.105147585,-0.16105331,0.004562594
1038-RQOST,0.48980746,Protection and support,Engagement and bundling,0.08463205,-0.84781706,-0.3787382,0.08463205,-0.22576705,-0.5961362
7613-LLQFO,0.61165917,Billing and payment,Service quality,0.35984665,0.3589241,0.35984665,0.1536078,0.105061784,0.10442084
4568-TTZRT,0.5097784,Protection and support,Engagement and bundling,0.07512247,-0.8705689,-0.35998783,0.07512247,-0.1892258,-0.27718833
9513-DXHDA,-0.5026969,Engagement and bundling,Billing and payment,0.15580769,-0.23229706,0.099509485,-0.23832466,0.15580769,-0.023712793
2640-PMGFL,0.55652815,Billing and payment,Service quality,0.34495562,0.32395142,0.34495562,-0.101377815,-0.030289106,-0.11725155
3801-HMYNL,0.6189723,Price and plan fit,Service quality,0.3644198,0.29622656,-0.3224554,0.14607556,0.05467355,0.3644198
0516-QREYC,0.46805233,Protection and support,Billing and payment,0.08521569,-0.8069562,-0.14945842,0.08521569,-0.19825469,-0.39419907
9685-WKZGT,0.59461963,Billing and payment,Service quality,0.3622196,0.3290742,0.3622196,0.12735501,-0.07270222,0.029771056
6022-UGGSO,0.55040187,Billing and payment,Service quality,0.34366664,0.30642837,0.34366664,0.10231093,-0.16902333,-0.08348459
8084-OIVBS,-0.7227456,Protection and support,Price and plan fit,0.06710414,-0.57664335,-0.29473123,0.06710414,-0.308725,-0.2466979
8896-BQTTI,0.61355424,Protection and support,Price and plan fit,0.10484125,-0.73490775,-0.103750125,0.10484125,-0.064807504,-0.00094836205
3865-QBWSJ,0.55757356,Service quality,Engagement and bundling,0.29459444,0.29459444,-0.14813194,-0.19502111,-0.07713413,-0.093646206
3352-RICWQ,-1.5551574,Protection and support,Engagement and bundling,0.05966131,-0.5701691,-0.29342154,0.05966131,-0.22666211,-0.6210438
2160-GPFXD,-1.443876,No actionable lever,Engagement and bundling,-0.09502957,-0.17755805,-0.09502957,-0.36262894,-0.10436815,-0.31090185
2065-MMKGR,-0.51007324,Engagement and bundling,Protection and support,0.29379272,-0.28447834,-0.0571915,0.14254312,0.29379272,-0.20247173
5857-TYBCJ,0.5410678,Billing and payment,Service quality,0.33503583,0.31076807,0.33503583,0.16105017,0.09480799,-0.114792936
1498-NHTLT,-1.5092229,Billing and payment,Engagement and bundling,0.3206512,-0.20178232,0.3206512,-0.38775742,-0.037414048,-0.29300058
4484-CGXFK,0.54895663,Billing and payment,Protection and support,0.3171424,-0.24186692,0.3171424,0.1392971,-0.0968996,-0.112340435
1402-PTHGN,-0.7051182,Price and plan fit,Billing and payment,0.023992699,-0.23075056,-0.13358001,-0.29413813,-0.28624418,0.023992699
4176-RELJR,-1.4129604,Protection and support,Engagement and bundling,0.070307806,-0.47583604,-0.23334892,0.070307806,-0.17910486,-0.50407857
6214-EDAKZ,0.47323835,Price and plan fit,Billing and payment,0.07379467,-0.33554995,0.005365572,-0.12803839,-0.14971769,0.07379467
5199-FPUSP,-0.718857,No actionable lever,Service quality,-0.0060391054,-0.1902053,-0.24262504,-0.2984477,-0.20670097,-0.0060391054
6377-KSLXC,0.5377464,Protection and support,Engagement and bundling,0.08478476,-0.8832021,-0.34522793,0.08478476,-0.22523697,-0.48660097
1796-JANOW,0.54657817,Protection and support,Engagement and bundling,0.07395889,-0.80870664,-0.41172144,0.07395889,-0.17057845,-0.3532361
0238-WHBIQ,-1.5439136,Engagement and bundling,Service quality,0.10173992,-0.16065355,-0.2510729,-0.36965182,0.10173992,-0.24247253
8735-NBLWT,0.51042336,Protection and support,Engagement and bundling,0.077415146,-0.8733,-0.34774712,0.077415146,-0.17264947,-0.23434104
6651-RLGGM,-1.4240766,Protection and support,Engagement and bundling,0.075968094,-0.5019803,-0.3612673,0.075968094,-0.16582868,-0.5630528
6127-ISGTU,0.5830756,Billing and payment,Service quality,0.3825961,0.317653,0.3825961,0.13630415,0.079761736,-0.060636457
1614-JBEBI,0.4870736,Protection and support,Billing and payment,0.07531331,-0.9469213,-0.1426698,0.07531331,-0.19000152,-0.5668481
8740-XLHDR,0.5572968,No actionable lever,Price and plan fit,-0.06284545,-0.31933767,-0.1305641,-0.39995834,-0.06284545,-0.06676601
1208-DNHLN,-0.73225564,Protection and support,Price and plan fit,0.121672764,-0.21091151,-0.074091524,0.121672764,-0.20547237,-0.049589034
1761-AEZZR,0.648413,Billing and payment,Service quality,0.3240443,0.29416558,0.3240443,0.14898491,-0.057892743,0.23076463
3923-CSIHK,0.5429568,Billing and payment,Service quality,0.34803513,0.27732438,0.34803513,0.13728712,-0.18578486,-0.2037768
5696-EXCYS,-1.4762048,Protection and support,Engagement and bundling,0.05766635,-0.5259663,-0.274635,0.05766635,-0.24282622,-0.6486081
5795-KTGUD,-1.301662,Price and plan fit,Service quality,0.6565812,0.1946214,-0.06932282,-0.20896675,0.14619148,0.6565812
7120-RFMVS,0.62955153,Price and plan fit,Service quality,0.30299628,0.2937797,-0.0020381296,0.13851348,0.06008748,0.30299628
7924-GJZFI,0.56173587,Billing and payment,Service quality,0.3411211,0.32769272,0.3411211,0.14578296,-0.24393296,-0.32358348
4702-HDRKD,-0.6682257,No actionable lever,Billing and payment,-0.092917025,-0.18786879,-0.14735207,-0.3857825,-0.092917025,-0.24724424
8512-WIWYV,-0.72664046,Protection and support,Billing and payment,0.07566291,-0.5453758,-0.26443106,0.07566291,-0.36992228,-0.68021345
5897-ZYEKH,-0.5852319,Billing and payment,Price and plan fit,0.28287038,0.20219322,0.28287038,-0.20891723,0.25585854,0.2600832
5456-ITGIC,-1.5085589,Engagement and bundling,Service quality,0.13175367,-0.12950982,-0.13688968,-0.4730766,0.13175367,-0.19400689
7317-GGVPB,-1.3126991,Price and plan fit,Service quality,0.7111332,0.18476032,-0.07745842,-0.08900773,0.17893848,0.7111332
1406-PUQVY,0.59535944,Billing and payment,Price and plan fit,0.31040347,-0.2351403,0.31040347,0.09798981,-0.1356623,0.10693702
1322-AGOQM,0.49297294,Protection and support,Engagement and bundling,0.13141198,-0.28496006,-0.32554817,0.13141198,0.032415688,-0.14316568
3677-IYRBF,0.5928536,Billing and payment,Protection and support,0.3184817,-0.21968001,0.3184817,0.13139276,-0.039388657,-0.20014316
5692-FPTAH,0.6097572,Protection and support,Price and plan fit,0.13702959,-0.23202455,-0.114763014,0.13702959,-0.16611356,0.108938165
9114-AAFQH,-0.5615228,Billing and payment,Protection and support,0.29645696,-0.20217437,0.29645696,0.10109483,0.008420523,-0.08782294
8715-KKTFG,-0.5340079,Price and plan fit,Engagement and bundling,0.40370908,0.21560326,-0.09352046,-0.036598194,0.3681382,0.40370908
1550-LOAHA,0.5140851,Service quality,Protection and support,0.31487003,0.31487003,-0.36191866,0.10422801,-0.048846826,-0.12788376
1728-BQDMA,0.5561054,Protection and support,Price and plan fit,0.116217405,-0.22096735,-0.060247876,0.116217405,-0.17224246,-0.043517604
0268-QKIWO,0.53828746,Protection and support,Billing and payment,0.07388356,-0.8730435,-0.027976789,0.07388356,-0.18409733,-0.15786101
0876-WDUUZ,0.6025851,Service quality,Price and plan fit,0.3102868,0.3102868,-0.06802428,-0.077604175,-0.033497185,0.2073704
5117-ZSMHQ,-1.5440494,Engagement and bundling,Service quality,0.08405541,-0.1682428,-0.25345385,-0.3700481,0.08405541,-0.19781554
5151-HQRDG,0.48394436,No actionable lever,Price and plan fit,-0.124244116,-0.31464422,-0.18549769,-0.17667848,-0.124244116,-0.1611166
0960-HUWBM,-1.4639732,Price and plan fit,Engagement and bundling,0.32845885,0.20220888,-0.07054106,-0.052104127,0.25856906,0.32845885
6465-GSRCL,-0.5380595,Engagement and bundling,Price and plan fit,0.32613927,0.22018701,-0.046445098,-0.12591368,0.32613927,0.31554803
0617-FHSGK,0.5470238,Service quality,Protection and support,0.2861787,0.2861787,-0.33389163,0.12326787,-0.0842949,-0.17442162
0263-FJTQO,-1.4448512,No actionable lever,Billing and payment,-0.008625195,-0.19099396,-0.105851084,-0.3076916,-0.008625195,-0.23068634
7319-ZNRTR,-0.6711787,Billing and payment,Protection and support,0.10622547,-0.63125384,0.10622547,0.074030094,-0.28246197,-0.4799956
2858-MOFSQ,-0.74336314,Protection and support,Price and plan fit,0.12440187,-0.2099429,-0.12245049,0.12440187,-0.201651,-0.015058622
7503-EPSZW,-1.4929843,Protection and support,Engagement and bundling,0.086886786,-0.5413646,-0.17403507,0.086886786,-0.15502614,-0.7120077
7089-XXAYG,-0.75676715,Protection and support,Engagement and bundling,0.1410437,-0.20576473,-0.120559365,0.1410437,-0.0072988123,-0.1820876
8118-LSUEL,0.44382262,Billing and payment,Price and plan fit,0.335769,0.3149794,0.335769,0.08303779,0.21161176,0.32358438
8070-AAWZP,0.4967114,No actionable lever,Price and plan fit,-0.06471095,-0.3021491,-0.344259,-0.13550584,-0.06471095,-0.081521794
1666-JXLKU,0.4729188,Billing and payment,Service quality,0.35204124,0.3099814,0.35204124,0.1588811,0.24672626,0.14317214
7855-DIWPO,0.5732541,Billing and payment,Service quality,0.37594497,0.32237387,0.37594497,0.12937814,-0.23250729,-0.2525442
5133-POWUA,0.6081174,Protection and support,Price and plan fit,0.1386891,-0.23202455,-0.11896491,0.1386891,-0.1684601,0.11458084
5652-MSDEY,0.62621576,Service quality,Protection and support,0.3588916,0.3588916,-0.14961438,0.13042727,-0.043764494,-0.047864288
7005-CCBKV,0.60330516,Service quality,Billing and payment,0.35825518,0.35825518,0.29380894,0.12346075,-0.10381373,0.11537522
1810-BOHSY,-0.572628,Service quality,Engagement and bundling,0.20436451,0.20436451,-0.07099159,-0.20507921,0.14008914,0.059711963
1784-BXEFA,0.48979038,Protection and support,Billing and payment,0.07613635,-0.90020204,-0.15008233,0.07613635,-0.17979553,-0.40792355
7351-MHQVU,0.48383313,Engagement and bundling,Price and plan fit,0.0748111,-0.37248743,-0.28065765,-0.36238363,0.0748111,0.011422988
9224-VTYID,-1.5568764,Engagement and bundling,Billing and payment,0.11715369,-0.1934984,-0.13294274,-0.383305,0.11715369,-0.20860004
9500-IWPXQ,-0.51858824,Billing and payment,Engagement and bundling,0.3044032,-0.19897321,0.3044032,-0.3528729,0.09801385,-0.10985868
5762-TJXGK,-1.5335813,Engagement and bundling,Price and plan fit,0.29048747,-0.17623639,-0.11037146,-0.15225762,0.29048747,-0.099947765
4504-YOULA,0.48576736,No actionable lever,Billing and payment,-0.06797773,-0.3859296,-0.10305826,-0.21217486,-0.06797773,-0.20296842
5569-IDSEY,-0.5809217,Price and plan fit,Engagement and bundling,0.3155467,0.20184925,-0.08254521,0.12757032,0.31211278,0.3155467
4250-FDVOU,0.49901697,No actionable lever,Price and plan fit,-0.003786933,-0.3954022,-0.003786933,-0.20486835,-0.19924416,-0.13996154
7284-ZZLOH,-1.462688,No actionable lever,Service quality,-0.16934885,-0.18003963,-0.29748333,-0.16934885,-0.21210097,-0.27513355
5277-ZLOOR,0.6330646,Billing and payment,Service quality,0.30851948,0.29357514,0.30851948,0.15901676,0.10099396,0.21078947
2141-RRYGO,0.5281523,Protection and support,Engagement and bundling,0.112902164,-0.31052512,-0.056032293,0.112902164,0.050931156,-0.02698743
1777-JYQPJ,0.5934453,Protection and support,Engagement and bundling,0.13664362,-0.20901406,-0.41230202,0.13664362,0.02885522,-0.13504088
6376-GAHQE,0.6077382,Service quality,Protection and support,0.3020568,0.3020568,-0.057031,0.12540984,-0.04791693,-0.05288987
3401-URHDA,-0.67046493,No actionable lever,Service quality,-0.09661776,-0.19589937,-0.24163719,-0.2653082,-0.24260643,-0.09661776
1599-EAHXY,-0.72754264,Protection and support,Engagement and bundling,0.084184006,-0.547089,-0.23822883,0.084184006,-0.23035988,-0.6388768
8631-XVRZL,-0.72428083,Protection and support,Billing and payment,0.07208219,-0.6387265,-0.10001354,0.07208219,-0.3211083,-0.53937507
5052-PNLOS,0.50199044,Price and plan fit,Service quality,0.55557257,0.3056473,-0.048706304,0.09387809,0.22115678,0.55557257
3853-LYGAM,0.49786162,Service quality,Engagement and bundling,0.3112399,0.3112399,-0.112872526,-0.08494403,0.08397775,0.06254861
6979-ZNSFF,0.62107885,Service quality,Billing and payment,0.36912897,0.36912897,0.33721837,0.15173322,0.110614404,0.19126895
5751-USDBL,-1.5411842,Engagement and bundling,Service quality,0.05140025,-0.18726243,-0.26393536,-0.2741521,0.05140025,-0.3269581
5680-LQOGP,-1.5178826,Engagement and bundling,Billing and payment,0.04160011,-0.18592927,-0.104026005,-0.35710856,0.04160011,-0.28743953
2386-LAHRK,0.6032279,Protection and support,Price and plan fit,0.14291169,-0.23412248,-0.12641616,0.14291169,-0.06523804,0.12636563
8189-DUKMV,-0.8070907,Protection and support,Billing and payment,0.069927245,-0.585616,-0.21884118,0.069927245,-0.302558,-0.23934783
6032-IGALN,0.64914274,Protection and support,Engagement and bundling,0.14660846,-0.23236185,-0.13092549,0.14660846,0.016973913,0.012404926
9931-DCEZH,-0.7181017,No actionable lever,Protection and support,-0.05682779,-0.2785781,-0.05682779,-0.097177625,-0.28247425,-0.10254731
1898-JSNDC,-0.71734613,Protection and support,Billing and payment,0.10958657,-0.2754742,-0.07179517,0.10958657,-0.17492656,-0.12194462
0315-LVCRK,0.5667653,Service quality,Protection and support,0.3402275,0.3402275,-0.079460435,0.12310501,-0.08553514,-0.03935251
3911-RSNHI,-1.5487255,Engagement and bundling,Billing and payment,0.16382454,-0.14801931,-0.11697848,-0.19159918,0.16382454,-0.28319496
2410-CIYFZ,0.5719681,Protection and support,Engagement and bundling,0.087263264,-0.86615044,-0.3411313,0.087263264,-0.20811829,-0.5550881
4248-HCETZ,0.56779224,Service quality,Protection and support,0.3084314,0.3084314,-0.12956436,0.11580494,-0.19257502,-0.014455058
5505-OVWQW,-0.74222684,Protection and support,Billing and payment,0.06640644,-0.61583495,-0.32753178,0.06640644,-0.36455277,-0.65370923
7271-AJDTL,0.51754105,Service quality,Protection and support,0.2898997,0.2898997,-0.10914694,0.1256812,0.030960983,-0.08327535
1867-TJHTS,0.5456055,Service quality,Engagement and bundling,0.26772436,0.26772436,-0.15189976,-0.19519831,-0.10062701,-0.17054085
0516-WJVXC,0.5151422,Billing and payment,Price and plan fit,0.009928141,-0.34076488,0.009928141,-0.2648755,-0.19820896,-0.10883555
9174-FKWZE,0.6019216,Billing and payment,Protection and support,0.29234758,-0.7159114,0.29234758,0.092598245,-0.16759704,0.07585733
6860-YRJZP,0.61344486,Service quality,Billing and payment,0.34224153,0.34224153,0.32857996,0.13163012,-0.048431337,-0.033100374
4429-WYGFR,0.48168117,No actionable lever,Price and plan fit,-0.061731387,-0.32948464,-0.35785306,-0.061731387,-0.1945868,-0.16432957
2817-LVCPP,-1.4430846,Protection and support,Billing and payment,0.0775208,-0.529038,-0.24061605,0.0775208,-0.25910977,-0.71489185
5038-ETMLM,-1.5236969,Price and plan fit,Service quality,0.29972905,0.16593204,-0.102510266,-0.39318994,0.07484188,0.29972905
5056-FIMPT,-0.51671445,Price and plan fit,Service quality,0.39389443,0.21567559,-0.05390803,-0.31020474,0.1464814,0.39389443
4521-WFJAI,-1.4747344,Protection and support,Billing and payment,0.08672367,-0.5111621,-0.09606961,0.08672367,-0.17397787,-0.5150366
6569-KTMDU,0.58994716,Protection and support,Engagement and bundling,0.077398404,-0.6557077,-0.3663237,0.077398404,-0.16212405,-0.442819
8809-RIHDD,-1.5427456,Billing and payment,Price and plan fit,0.38376254,0.18699169,0.38376254,0.13050301,0.18260986,0.23258036
8809-XKHMD,-1.5701072,Service quality,Price and plan fit,0.16506654,0.16506654,-0.10669977,-0.41132978,0.07837466,0.15320143
0396-YCHWO,0.48790926,Billing and payment,Service quality,0.34296313,0.32549974,0.34296313,0.16119811,0.21123171,-0.059535384
0867-LDTTC,0.5085475,Engagement and bundling,Protection and support,0.04508198,-0.33192804,-0.30838674,-0.05697487,0.04508198,-0.10251391
4822-NGOCH,0.6120144,Billing and payment,Service quality,0.35487896,0.34679836,0.35487896,0.0939981,-0.060509093,0.057427384
9391-DXGGG,-0.638872,Service quality,Protection and support,0.20822005,0.20822005,-0.24899654,0.110143416,0.03136844,-0.21169952
9844-FELAJ,-0.5761982,Billing and payment,Price and plan fit,0.24011078,0.20799403,0.24011078,-0.15443538,0.21918164,0.22989263
2122-SZZZD,-0.699016,Protection and support,Billing and payment,0.06725248,-0.5114168,-0.267146,0.06725248,-0.32399553,-0.5046858
5307-DZCVC,0.5653376,Service quality,Protection and support,0.31340465,0.31340465,-0.099412605,0.14017394,0.025842743,-0.056481414
3148-AOIQT,-1.4705353,Protection and support,Billing and payment,0.07861633,-0.5062644,-0.08825403,0.07861633,-0.16439861,-0.5183295
8679-JOEVF,0.47381514,Billing and payment,Protection and support,0.028052438,-0.3371368,0.028052438,-0.057051893,-0.07737443,-0.193898
8395-ETZKQ,-0.6646329,Protection and support,Billing and payment,0.06398296,-0.5222486,-0.26182947,0.06398296,-0.33789033,-0.45573625
6692-YQHXC,0.58479935,Service quality,Protection and support,0.31853825,0.31853825,-0.106906936,0.13712464,-0.2255038,-0.18435767
3889-VWBID,-1.5091805,Engagement and bundling,Service quality,0.054094605,-0.17928931,-0.22375497,-0.32501823,0.054094605,-0.33169496
5222-JCXZT,0.54392123,Protection and support,Engagement and bundling,0.065954424,-0.89094317,-0.35923323,0.065954424,-0.22299492,-0.92270094
9754-CLVZW,0.49186477,No actionable lever,Price and plan fit,-0.07979389,-0.3955452,-0.30482167,-0.34341902,-0.07979389,-0.08122297
1432-FPAXX,0.50454754,Billing and payment,Protection and support,0.35323375,-0.31720275,0.35323375,0.118516415,0.06233841,-0.025945514
2739-CCZMB,0.5381745,Protection and support,Engagement and bundling,0.06619073,-0.8646238,-0.3091331,0.06619073,-0.19774419,-0.4706053
7080-TNUWP,-0.7833746,Service quality,Protection and support,0.21927415,0.21927415,-0.10368008,0.11365485,-0.09755769,0.057480365
0496-AHOOK,-0.4638217,Engagement and bundling,Protection and support,0.20259014,-0.291275,-0.31549683,-0.26517767,0.20259014,-0.27663067
8336-TAVKX,-1.4951,Engagement and bundling,Service quality,0.0607546,-0.12870091,-0.24609281,-0.36705077,0.0607546,-0.30010065
2468-SJFLM,0.65550673,Service quality,Price and plan fit,0.29067886,0.29067886,-0.13028295,-0.19300821,-0.14763409,0.17474431
3181-VTHOE,-0.47796845,Engagement and bundling,Billing and payment,0.14757888,-0.170159,-0.07344408,-0.18764508,0.14757888,-0.324862
7168-HDQHG,0.4832387,Protection and support,Engagement and bundling,0.05843874,-0.78681123,-0.27809098,0.05843874,-0.1984829,-0.85978705
4803-AXVYP,0.48394734,Billing and payment,Service quality,0.33616814,0.28762725,0.33616814,-0.073027454,0.19766353,0.034240693
3884-HCSWG,0.5766879,Billing and payment,Service quality,0.38450024,0.31249094,0.38450024,0.12603152,-0.17665067,-0.0038480647
4567-AKPIA,-0.5403472,Price and plan fit,Engagement and bundling,0.3720727,0.22494017,-0.05439754,-0.12026294,0.25874826,0.3720727
5077-DXTCG,0.5975352,Billing and payment,Protection and support,0.32941556,-0.23600428,0.32941556,0.13705812,-0.16716538,0.105027184
1142-WACZW,0.58613014,No actionable lever,Engagement and bundling,-0.02679969,-0.21771038,-0.29846764,-0.02679969,-0.06475806,-0.07220353
7901-HXJVA,0.5739436,Service quality,Protection and support,0.3394725,0.3394725,-0.021616857,0.12781523,-0.23906988,-0.15124778
5649-ANRML,0.57288104,Service quality,Price and plan fit,0.28605545,0.28605545,-0.03870827,-0.11570074,-0.03638455,0.22860709
4892-VLANZ,0.60684955,Protection and support,Price and plan fit,0.08718412,-0.6557077,-0.32259062,0.08718412,-0.1699419,0.054858923
5924-IFQTT,0.5132018,Billing and payment,Engagement and bundling,0.3525421,-0.39168757,0.3525421,-0.15278077,0.045154467,0.0045367107
7968-QUXNS,0.49511963,Protection and support,Engagement and bundling,0.068154395,-0.915969,-0.4102523,0.068154395,-0.18597057,-0.92818725
2919-HBCJO,0.6445103,Service quality,Protection and support,0.3164235,0.3164235,-0.07922546,0.13004248,-0.20282105,0.016886309
4236-XPXAV,0.5568404,Service quality,Price and plan fit,0.3176145,0.3176145,-0.05911301,-0.10941482,0.06654175,0.31700295
8903-WMRNW,0.44387427,Service quality,Price and plan fit,0.3078876,0.3078876,-0.052600812,-0.17645639,0.055320207,0.06058106
2452-SNHFZ,0.5421838,Service quality,Price and plan fit,0.29077658,0.29077658,-0.31188112,-0.15573165,-0.18473354,-0.12599164
3629-WEAAM,0.4765131,No actionable lever,Engagement and bundling,-0.004148502,-0.3915829,-0.3504628,-0.06476893,-0.042361036,-0.004148502
6029-CSMJE,0.54686576,Protection and support,Engagement and bundling,0.13763647,-0.28521872,-0.1893282,0.13763647,-0.022229612,-0.20477214
7993-NQLJE,0.58255017,Service quality,Price and plan fit,0.31615514,0.31615514,-0.39283597,-0.15250629,-0.20596538,-0.05043248
9909-DFRJA,-0.5853746,Service quality,Price and plan fit,0.22791451,0.22791451,-0.08960211,-0.27054515,0.071894966,0.2192693
9099-FTUHS,0.4687415,Billing and payment,Engagement and bundling,0.052564777,-0.3919782,0.052564777,-0.13705179,-0.101820916,-0.112183504
0581-BXBUB,0.60612357,Service quality,Protection and support,0.30414295,0.30414295,-0.030431222,0.104796946,-0.21173552,-0.10279465
4962-CHQPW,-0.6601538,Protection and support,Engagement and bundling,0.0701905,-0.56810546,-0.35752064,0.0701905,-0.31355515,-0.62788564
9467-ROOLM,0.46136737,Protection and support,Engagement and bundling,0.065546565,-0.8041965,-0.42148533,0.065546565,-0.20049639,-0.93110377
3030-YZADT,0.5167627,Protection and support,Price and plan fit,0.124228485,-0.31533438,-0.37118128,0.124228485,-0.23111297,-0.17549838
7410-KTVFV,0.50079596,Protection and support,Price and plan fit,0.12087195,-0.30571747,-0.17662679,0.12087195,-0.19739063,0.007455159
5150-ITWWB,0.5435902,Price and plan fit,Service quality,0.3555683,0.3023482,0.2851857,0.138869,0.22678117,0.3555683
2253-KPMNB,-1.4409664,No actionable lever,Service quality,-0.12600027,-0.1524585,-0.26443508,-0.36438125,-0.12600027,-0.25380027
1345-ZUKID,-0.75351,Protection and support,Billing and payment,0.06260596,-0.6049063,-0.3326325,0.06260596,-0.35396296,-0.6093736
6429-SHBCB,0.45111027,Engagement and bundling,Protection and support,0.23902702,-0.3438226,-0.39466166,0.14650364,0.23902702,-0.2074014
9281-OFDMF,0.5033172,Service quality,Protection and support,0.29461098,0.29461098,-0.0012700344,0.092884265,0.0038023684,-0.12977044
2603-HVKCG,0.467644,Billing and payment,Service quality,0.33934972,0.30350667,0.33934972,0.084784985,0.08235457,0.29686284
1834-WULEG,-0.6556848,Protection and support,Engagement and bundling,0.0690484,-0.5826585,-0.34787837,0.0690484,-0.32244852,-0.5603485
9097-ZUBYC,0.49796784,No actionable lever,Protection and support,-0.02697954,-0.32321545,-0.3662747,-0.052395076,-0.17543781,-0.02697954
5148-ORICT,-1.496049,No actionable lever,Price and plan fit,-0.05023542,-0.16894862,-0.17110698,-0.3436748,-0.05023542,-0.13929152
4893-GYUJU,-0.75594735,Protection and support,Billing and payment,0.09154956,-0.56429195,-0.13243654,0.09154956,-0.36898068,-0.65581995
4578-PHJYZ,-0.7043467,Billing and payment,Engagement and bundling,0.35367694,-0.21294314,0.35367694,-0.15368049,-0.14000444,-0.18804917
7272-QDCKA,-0.5613565,Service quality,Engagement and bundling,0.25248903,0.25248903,-0.044013105,0.082417086,0.24945681,0.14615022
8908-SLFCJ,-1.5168886,Protection and support,Billing and payment,0.07770772,-0.5235985,-0.08099298,0.07770772,-0.22082219,-0.35522345
8393-DLHGA,0.5095594,Service quality,Billing and payment,0.33906776,0.33906776,0.33201694,0.079640076,0.053722806,0.10951133
9766-HGEDE,-0.66982853,Protection and support,Engagement and bundling,0.068376936,-0.5878425,-0.39192453,0.068376936,-0.3177998,-0.54151803
6968-MHOMU,-0.5073207,Engagement and bundling,Protection and support,0.4197722,-0.18382758,-0.088851765,0.15846245,0.4197722,-0.17811738
7395-IGJOS,0.53217965,Service quality,Protection and support,0.3027964,0.3027964,-0.3656337,0.119061954,-0.055807732,-0.16655403
5044-XDPYX,-1.451483,Protection and support,Engagement and bundling,0.07431912,-0.51122916,-0.31794906,0.07431912,-0.14962497,-0.5052038
1814-WFGVS,-1.4745696,No actionable lever,Service quality,-0.020184759,-0.14258985,-0.34068197,-0.38368407,-0.020184759,-0.21157824
2834-SPCJV,0.5151378,Service quality,Billing and payment,0.27609125,0.27609125,0.073490344,-0.12081097,-0.028944358,-0.055141315
3721-WKIIL,-1.5173455,Protection and support,Billing and payment,0.09014084,-0.56254613,-0.13565427,0.09014084,-0.27068326,-0.80621403
6734-CKRSM,0.56098735,Protection and support,Engagement and bundling,0.084449284,-0.8799858,-0.3459672,0.084449284,-0.22490296,-0.5746822
1265-ZFOSD,-1.5106546,Engagement and bundling,Service quality,0.047484577,-0.16894862,-0.17709777,-0.34745795,0.047484577,-0.22647366
6568-POCUI,-1.5986474,Service quality,Price and plan fit,0.20847142,0.20847142,-0.0811556,-0.077158034,0.11765043,0.1565032
7890-VYYWG,0.584695,Engagement and bundling,Protection and support,0.15736383,-0.22474107,-0.1251256,0.15371938,0.15736383,0.019234784
5197-LQXXH,-1.5564053,Engagement and bundling,Protection and support,0.16526833,-0.16585465,-0.11689064,-0.10984096,0.16526833,-0.25406438
9907-SWKKF,0.63639885,Protection and support,Price and plan fit,0.13209423,-0.22574677,-0.31263757,0.13209423,0.017624125,0.04760391
3457-PQBYH,-1.4392087,Protection and support,Engagement and bundling,0.06484007,-0.48497728,-0.24248606,0.06484007,-0.19857585,-0.41054016
7682-AZNDK,0.5513161,Billing and payment,Service quality,0.33548906,0.32522494,0.33548906,0.10295344,-0.055351682,-0.07113732
0587-DMGBH,0.5038552,Billing and payment,Price and plan fit,0.38200867,-0.35021394,0.38200867,-0.17916484,-0.16208313,-0.042562325
5384-ZTTWP,0.457228,Protection and support,Engagement and bundling,0.070178196,-0.84841526,-0.44501922,0.070178196,-0.17588359,-0.53226537
3745-HRPHI,-1.4950297,Engagement and bundling,Service quality,0.19464222,-0.15659976,-0.2679876,-0.17135964,0.19464222,-0.3402418
7636-OWBPG,0.531299,Protection and support,Engagement and bundling,0.11591139,-0.33182928,-0.13698228,0.11591139,-0.06509005,-0.32135874
1231-YNDEK,-1.3618724,Protection and support,Billing and payment,0.07114407,-0.53575957,-0.06980103,0.07114407,-0.2309768,-0.8246365
1407-DIGZV,-1.5509406,Protection and support,Engagement and bundling,0.06095873,-0.58824694,-0.35225537,0.06095873,-0.18775323,-0.846044
6397-JNZZG,0.4448242,Engagement and bundling,Protection and support,0.31413502,-0.27271584,-0.3109116,0.124891736,0.31413502,-0.0630458
0570-BFQHT,0.59055233,Service quality,Protection and support,0.33635247,0.33635247,-0.062881745,0.08237776,-0.17750736,-0.013099734
4393-OBCRR,-0.8510497,Protection and support,Billing and payment,0.060350873,-0.62368387,-0.2928808,0.060350873,-0.3439176,-0.5841826
3523-QRQLL,-0.51138306,Engagement and bundling,Protection and support,0.18842813,-0.22244653,-0.05724638,0.099041946,0.18842813,-0.0946097
8564-LDKFL,-0.5258703,Price and plan fit,Engagement and bundling,0.39751136,0.2288976,-0.056886367,0.0899088,0.31474352,0.39751136
3696-DFHHB,-1.4421985,Protection and support,Engagement and bundling,0.08340519,-0.5003934,-0.23464945,0.08340519,-0.1342468,-0.5389353
0895-DQHEW,0.44201165,Billing and payment,Service quality,0.3632115,0.2980344,0.3632115,0.108204216,0.19284675,0.054536864
4717-GHADL,-1.5412297,Engagement and bundling,Protection and support,0.22123846,-0.18565598,-0.13799152,-0.1379462,0.22123846,-0.277119
5501-TVMGM,0.5709704,Billing and payment,Protection and support,0.31075135,-0.23600428,0.31075135,0.15270674,-0.069217354,0.11449131
5879-HMFFH,-1.5523715,Engagement and bundling,Price and plan fit,0.12538972,-0.16578686,-0.2527782,-0.38415346,0.12538972,-0.12647149
6772-WFQRD,-0.75639784,Protection and support,Billing and payment,0.08198735,-0.5809883,-0.052882597,0.08198735,-0.3603092,-0.72428197
3810-DVDQQ,-1.5328722,Price and plan fit,Service quality,0.19571006,0.16577645,-0.083301134,-0.40032873,0.09055008,0.19571006
6972-SNKKW,0.47917807,Protection and support,Engagement and bundling,0.070752814,-0.94199765,-0.41310808,0.070752814,-0.18719931,-0.56081456
3694-GLTJM,0.51807046,Protection and support,Billing and payment,0.07874535,-0.9005089,-0.088140585,0.07874535,-0.18334667,-0.51524925
8550-XSXUQ,-0.50673926,Engagement and bundling,Protection and support,0.17047456,-0.19277667,-0.05844643,0.12489308,0.17047456,-0.23206306
8149-RSOUN,0.59518963,Price and plan fit,Billing and payment,0.42888814,0.29761127,0.30896452,0.1587866,0.16128972,0.42888814
9055-MOJJJ,-0.6533117,No actionable lever,Price and plan fit,-0.16340815,-0.18477754,-0.3012717,-0.28525552,-0.16340815,-0.17503323
4359-INNWN,-0.7434799,Protection and support,Billing and payment,0.064954415,-0.5517465,-0.29653752,0.064954415,-0.3148148,-0.33909008
0585-EGDDA,0.5505067,Billing and payment,Service quality,0.34809715,0.3105748,0.34809715,0.10339413,-0.1941942,-0.06888153
4032-RMHCI,-0.7299518,No actionable lever,Protection and support,-0.119386345,-0.18936384,-0.27557963,-0.13858227,-0.119386345,-0.23049274
0549-CYCQN,-0.8693384,Service quality,Protection and support,0.22222775,0.22222775,-0.08820821,0.12019899,-0.23465791,-0.20205775
3481-JHUZH,0.5509368,Billing and payment,Service quality,0.3482301,0.31763119,0.3482301,0.12983565,-0.049879096,-0.16702487
7250-EQKIY,0.59986186,Price and plan fit,Protection and support,0.133505,-0.22684167,-0.33507323,0.12561947,-0.14935717,0.133505
3594-IVHJZ,0.5855247,Protection and support,Billing and payment,0.083392546,-0.881158,-0.11166922,0.083392546,-0.22211094,-0.57450575
6869-FGJJC,-0.8218725,Service quality,Protection and support,0.2128648,0.2128648,-0.29592258,0.1125825,-0.36944088,-0.23065135
3896-ZVNET,-1.4652109,Protection and support,Engagement and bundling,0.08050746,-0.5136816,-0.3015606,0.08050746,-0.105783924,-0.25910327
8205-VSLRB,-1.4667481,Engagement and bundling,Service quality,0.109925106,-0.16858545,-0.24874099,-0.28255376,0.109925106,-0.33523402
5960-MVTUK,0.5797897,Billing and payment,Protection and support,0.32320264,-0.24630286,0.32320264,-0.065389216,-0.073232785,-0.17345555
6817-WTYHE,0.5775049,Protection and support,Price and plan fit,0.11467155,-0.22803937,-0.33846027,0.11467155,-0.20687936,-0.053872444
3082-VQXNH,0.5790297,Protection and support,Engagement and bundling,0.11577334,-0.22978607,-0.34025913,0.11577334,-0.029549196,-0.18992151
4013-UBXWQ,0.49998298,Billing and payment,Engagement and bundling,0.32879704,-0.40550044,0.32879704,-0.07516002,0.177162,0.014371417
4931-TRZWN,0.4853395,Billing and payment,Engagement and bundling,0.356838,-0.39665794,0.356838,-0.14327265,0.06181381,0.03347926
0750-EKNGL,0.5115694,Protection and support,Engagement and bundling,0.07446674,-0.8828642,-0.36477816,0.07446674,-0.18131125,-0.2777272
7669-LCRSD,0.51344943,Protection and support,Engagement and bundling,0.12801109,-0.38209748,-0.12279558,0.12801109,-0.060809173,-0.07059464
3567-PQTSO,-0.5700954,Price and plan fit,Billing and payment,0.37042472,0.22825935,0.28165308,0.08870847,0.27411962,0.37042472
5519-NPHVG,0.5567869,Billing and payment,Service quality,0.36947185,0.3516963,0.36947185,0.13645135,0.1755745,0.16891089
8043-PNYSD,-1.4579618,Protection and support,Engagement and bundling,0.07141758,-0.51679295,-0.31357202,0.07141758,-0.24885166,-0.67937225
9938-EKRGF,0.45647633,Engagement and bundling,Price and plan fit,0.03419849,-0.3121087,-0.33588558,-0.3161861,0.03419849,-0.034395218
2703-AMTUL,-0.6894214,No actionable lever,Protection and support,-0.0700371,-0.27279153,-0.3003345,-0.15362297,-0.29583836,-0.0700371
0928-JMXNP,0.5674182,Billing and payment,Protection and support,0.3347327,-0.24364448,0.3347327,0.14576505,0.04588148,0.018637303
8173-RXAYP,-1.4292674,Protection and support,Engagement and bundling,0.07092878,-0.50135934,-0.36500373,0.07092878,-0.20367178,-0.49653143
4825-XJGDM,-0.6859466,No actionable lever,Price and plan fit,-0.1682331,-0.1682331,-0.23883364,-0.35226247,-0.22817916,-0.19626006
5402-HTOTQ,0.48371962,Protection and support,Price and plan fit,0.07561803,-0.32775372,-0.007577666,0.07561803,-0.079499505,-0.004523076
6734-JDTTV,-1.471637,Protection and support,Billing and payment,0.0749118,-0.48361522,-0.10047699,0.0749118,-0.23089337,-0.5516148
7850-THJMU,-1.4420604,Protection and support,Engagement and bundling,0.069259346,-0.49763846,-0.28444698,0.069259346,-0.20223735,-0.5267744
3890-RTCMS,0.50629723,No actionable lever,Protection and support,-0.039065335,-0.29828554,-0.16570602,-0.07465079,-0.1885224,-0.039065335
8849-GYOKR,-0.5258725,Price and plan fit,Engagement and bundling,0.52617043,0.20868407,-0.26284426,-0.18708324,0.29760092,0.52617043
3148-BLQJT,0.60684955,Protection and support,Price and plan fit,0.0874657,-0.6549561,-0.32259062,0.0874657,-0.1699419,0.0653135
3717-FDJFU,-1.6463208,Protection and support,Engagement and bundling,0.08046897,-0.6168975,-0.29824176,0.08046897,-0.2372719,-0.70784867
3665-JATSN,0.48206037,Billing and payment,Engagement and bundling,0.40359405,-0.2849545,0.40359405,0.11709275,0.14269711,-0.02620782
7966-YOTQW,0.51290107,No actionable lever,Billing and payment,-0.052625854,-0.35454464,-0.13705827,-0.24009565,-0.052625854,-0.20812735
0461-CVKMU,0.54426646,Service quality,Billing and payment,0.3145618,0.3145618,0.005568615,-0.13121033,-0.16546263,-0.06482388
8806-EAGWC,0.56688607,Protection and support,Price and plan fit,0.12017785,-0.226084,-0.38943613,0.12017785,-0.052186728,-0.021614257
8853-TZDGH,-1.5183185,Price and plan fit,Service quality,0.24066068,0.17891185,-0.08666993,-0.080760464,0.16470227,0.24066068
7779-LGOVN,0.5941591,Service quality,Billing and payment,0.34429568,0.34429568,0.31736583,0.13879037,0.047703315,0.14740478
4324-BZCKL,0.5288082,Protection and support,Price and plan fit,0.107712306,-0.38075432,-0.1421476,0.107712306,-0.16737947,0.0018291287
6924-TDGMT,-0.7228531,Protection and support,Billing and payment,0.071501836,-0.6259705,-0.12288665,0.071501836,-0.32659945,-0.5383781
9710-ZUSHQ,0.404527,Service quality,Price and plan fit,0.28515956,0.28515956,-0.11165753,-0.22253132,0.21163043,0.22765338
1536-YHDOE,-0.7051749,No actionable lever,Billing and payment,-0.07336184,-0.22523603,-0.13680497,-0.28500482,-0.15752459,-0.07336184
8123-QBNAZ,0.44255263,Service quality,Engagement and bundling,0.29218432,0.29218432,-0.10011364,-0.17136802,0.18407732,0.11468224
3629-ZNKXA,0.48986045,Billing and payment,Service quality,0.31492645,0.31049472,0.31492645,0.07824665,0.072681196,0.1838966
4827-LTQRJ,-0.5142912,Price and plan fit,Engagement and bundling,0.27285445,0.19363724,-0.05195582,-0.3401937,0.24551344,0.27285445
7711-YIJWC,-0.45248115,Engagement and bundling,Service quality,0.14167874,-0.1902664,-0.23437257,-0.324872,0.14167874,-0.23545893
5482-VXSXJ,0.5321704,Service quality,Protection and support,0.33049408,0.33049408,-0.12875505,0.11782687,0.080208436,-0.074085176
7365-BVCJH,0.63707376,Billing and payment,Protection and support,0.34154525,-0.23634155,0.34154525,0.15212834,0.042354286,0.010458268
9620-ENEJV,0.6263849,Service quality,Protection and support,0.3503235,0.3503235,-0.34126064,0.11607987,-0.21758328,-0.054500185
4183-WCSEP,0.5514065,Billing and payment,Service quality,0.33228615,0.31604573,0.33228615,-0.15092236,-0.16519615,0.048187234
2378-YIZKA,-1.516926,Engagement and bundling,Billing and payment,0.03524955,-0.18722935,-0.09324004,-0.3561821,0.03524955,-0.27579078
5498-TXHLF,0.5371283,Service quality,Protection and support,0.3200907,0.3200907,0.0231136,0.14265533,0.041287884,0.011727665
0689-DSXGL,0.53883165,Service quality,Price and plan fit,0.27683258,0.27683258,-0.31320527,-0.12650958,-0.17848769,-0.108571365
6818-DJXAA,0.61039305,Service quality,Billing and payment,0.35901603,0.35901603,0.32416266,-0.05879371,-0.097461514,0.10422802
9722-UJOJR,0.55363476,Billing and payment,Service quality,0.3626191,0.320004,0.3626191,0.13697685,-0.16424863,-0.14331906
0464-WJTKO,-1.4678859,Protection and support,Engagement and bundling,0.103277355,-0.47515815,-0.24970855,0.103277355,-0.21328053,-0.6026235
8902-ZEOVF,-0.73313713,Protection and support,Billing and payment,0.07102413,-0.54802537,-0.28065363,0.07102413,-0.33255512,-0.5821713
6778-EICRF,-0.4763472,Engagement and bundling,Protection and support,0.30334514,-0.2882823,-0.3270235,-0.12902631,0.30334514,-0.1681416
2662-NNTDK,-0.7271934,Protection and support,Billing and payment,0.070475,-0.5227073,-0.2506093,0.070475,-0.28776014,-0.48124915
4132-KALRO,0.5451031,Price and plan fit,Service quality,0.38579294,0.3101811,-0.10340355,-0.06657036,0.19540966,0.38579294
3902-FOIGH,0.523672,Price and plan fit,Service quality,0.34908816,0.3418782,0.30623057,0.07287644,0.18372923,0.34908816
6772-KSATR,0.63960254,Billing and payment,Service quality,0.32455176,0.2808656,0.32455176,-0.16772063,-0.044250906,0.2335906
7112-OPOTK,0.5299389,Service quality,Protection and support,0.31175625,0.31175625,0.02329003,0.12236324,-0.17939189,-0.05978108
2874-YXVVA,0.42008197,Service quality,Billing and payment,0.30476093,0.30476093,0.30199656,-0.16805685,0.01387394,0.14876093
1245-HARPS,-1.5247538,Protection and support,Engagement and bundling,0.06647039,-0.5774404,-0.33195996,0.06647039,-0.25407675,-0.6953005
4210-QFJMF,0.6116882,Billing and payment,Service quality,0.3134684,0.3077831,0.3134684,0.14162925,-0.070564754,0.1814785
4323-ELYYB,-0.68566316,Protection and support,Engagement and bundling,0.06831994,-0.6109867,-0.34871554,0.06831994,-0.30781454,-0.50500304
4293-ETKAP,-1.5213797,Engagement and bundling,Billing and payment,0.2214073,-0.18145224,-0.08123125,-0.1259241,0.2214073,-0.2273028
6064-PUPMC,-0.6755536,No actionable lever,Protection and support,-0.2552085,-0.29126915,-0.2552085,-0.286262,-0.33377594,-0.31113708
6504-VBLFL,-1.3558537,Billing and payment,Protection and support,0.17431778,-0.18811244,0.17431778,-0.16349623,-0.17401904,-0.22064349
6322-PJJDJ,-1.5888702,Billing and payment,Service quality,0.3523284,0.2191863,0.3523284,0.10186214,0.08175794,0.045753755
0330-BGYZE,-0.49613684,Price and plan fit,Engagement and bundling,0.3680165,0.20969027,-0.31998432,0.1050025,0.3179884,0.3680165
1085-LDWAM,-0.7525116,Protection and support,Billing and payment,0.072661355,-0.56107396,-0.09313511,0.072661355,-0.3577019,-0.7591117
7586-ZATGZ,0.54685116,Billing and payment,Service quality,0.36967847,0.3196896,0.36967847,0.14615594,0.059298605,-0.11972598
7197-VOJMM,-1.4808192,No actionable lever,Billing and payment,-0.008362744,-0.17191532,-0.0883688,-0.34417737,-0.008362744,-0.3017375
3318-OSATS,0.4842439,Billing and payment,Service quality,0.3157404,0.31466836,0.3157404,0.16637407,0.24795857,-0.05577576
5828-AVIPD,-0.60916865,Billing and payment,Engagement and bundling,0.3257336,0.23498842,0.3257336,-0.057256725,0.2750582,0.2380797
1843-TLSGD,-1.5394417,Protection and support,Engagement and bundling,0.07531055,-0.53766656,-0.32453042,0.07531055,-0.201543,-0.36457765
9626-VFRGG,0.5654978,Service quality,Protection and support,0.32237592,0.32237592,-0.10556164,0.11214562,0.028193906,-0.11973553
7075-BNDVQ,0.56427306,Engagement and bundling,Price and plan fit,0.018101111,-0.247363,-0.36707756,-0.16808558,0.018101111,-0.037219953
9143-CANJF,0.46348843,Billing and payment,Price and plan fit,0.057579525,-0.39431217,0.057579525,-0.2592953,-0.17169313,-0.08606839
7284-BUYEC,0.51789254,Engagement and bundling,Protection and support,0.24391568,-0.30466446,-0.07674938,0.12591037,0.24391568,-0.004176624
2041-JIJCI,0.53057873,Billing and payment,Engagement and bundling,0.3085666,-0.33500662,0.3085666,0.101528056,0.1059599,-0.052083723
1086-LXKFY,0.6680906,Service quality,Price and plan fit,0.29170388,0.29170388,-0.10802661,0.14387736,-0.14591202,0.22406721
4900-MSOMT,-1.4863755,No actionable lever,Service quality,-0.05186415,-0.16028251,-0.27389646,-0.3557003,-0.05186415,-0.2355257
2229-VWQJH,0.49820602,Protection and support,Billing and payment,0.12713777,-0.33256197,-0.12977871,0.12713777,-0.25356185,-0.2896685
9194-GFVOI,-1.5453255,Engagement and bundling,Service quality,0.18061143,-0.19146454,-0.24898541,-0.26927772,0.18061143,-0.23275357
1336-EZFZY,0.5469543,Protection and support,Engagement and bundling,0.07193318,-0.8978214,-0.3402938,0.07193318,-0.22761239,-0.5537459
4282-MSACW,-0.48294777,Price and plan fit,Engagement and bundling,0.35321078,0.21028912,-0.07041095,-0.34231198,0.23184861,0.35321078
1403-LKLIK,-0.6549876,Protection and support,Engagement and bundling,0.066651374,-0.5615747,-0.32763484,0.066651374,-0.31086653,-0.5536772
2636-ALXXZ,0.6495074,Billing and payment,Service quality,0.29883707,0.28921586,0.29883707,0.14145885,-0.1583524,0.23228085
7774-OJSXI,-0.58007854,Billing and payment,Price and plan fit,0.34919786,0.23748061,0.34919786,0.09094724,0.25224316,0.324232
7786-WBJYI,0.63275564,Service quality,Protection and support,0.3034407,0.3034407,-0.34998617,0.10165657,-0.06027803,0.037922256
0136-IFMYD,-1.2760441,Price and plan fit,Billing and payment,0.5325031,0.19252181,0.27155402,-0.1463763,0.16054994,0.5325031
5144-TVGLP,0.47525,Service quality,Engagement and bundling,0.30920553,0.30920553,-0.0068195723,0.14473142,0.22442426,-0.064282134
9643-AVVWI,0.6358963,Billing and payment,Service quality,0.29095456,0.28890166,0.29095456,-0.15236227,-0.14473042,0.07760229
0253-ZTEOB,-1.4841405,Engagement and bundling,Billing and payment,0.17801632,-0.19551961,0.11649527,-0.15330589,0.17801632,-0.25865623
2706-QZIHY,-1.5250015,Protection and support,Engagement and bundling,0.07644135,-0.56771994,-0.3375209,0.07644135,-0.07893556,-0.47341248
6061-PQHMK,-0.73630846,Protection and support,Billing and payment,0.074577674,-0.58978045,-0.27707058,0.074577674,-0.37660107,-0.7389025
9885-CSMWE,0.62896806,Service quality,Price and plan fit,0.28977197,0.28977197,0.0086947,0.13144808,-0.050347146,0.26329505
6137-MFAJN,0.48336518,Billing and payment,Engagement and bundling,0.36191213,-0.30899817,0.36191213,-0.17155275,0.21957369,-0.11993509
9122-UMROB,0.60684955,Protection and support,Price and plan fit,0.0874657,-0.66759884,-0.32259062,0.0874657,-0.1699419,0.026804373
4232-JGKIY,0.5781949,Protection and support,Billing and payment,0.07753201,-0.7184994,-0.019301966,0.07753201,-0.16599609,-0.39726293
2402-TAIRZ,-0.8338952,Service quality,Billing and payment,0.2505461,0.2505461,0.08863543,0.08737704,-0.30932721,-0.12599653
9659-ZTWSM,-0.5239371,Price and plan fit,Engagement and bundling,0.37723753,0.20366856,-0.073880784,-0.11206811,0.29335284,0.37723753
9139-TWBAS,-0.7002965,Engagement and bundling,Price and plan fit,0.041923612,-0.28347346,-0.35823965,-0.137092,0.041923612,-0.09710194
6685-GBWJZ,-0.65585893,No actionable lever,Engagement and bundling,-0.1325497,-0.18932076,-0.24193503,-0.28628254,-0.15567225,-0.1325497
5016-ETTFF,0.5368976,Protection and support,Engagement and bundling,0.13310175,-0.31668413,-0.42942506,0.13310175,0.01789157,-0.10397958
3866-MDTUB,0.5483823,Billing and payment,Engagement and bundling,0.30537045,-0.30147016,0.30537045,-0.16857882,0.023794707,-0.10896011
2195-VVRJF,0.44410053,No actionable lever,Price and plan fit,-0.06007024,-0.3465795,-0.10660199,-0.18036717,-0.06007024,-0.06610048
3913-RDSJZ,-1.4532585,Protection and support,Engagement and bundling,0.08457884,-0.50765944,-0.32667848,0.08457884,-0.14018665,-0.57772595
8058-JMEQO,0.5960256,Service quality,Billing and payment,0.34101743,0.34101743,0.29781812,0.13933226,0.059554845,0.24151328
4203-QGNZA,0.45247316,Protection and support,Engagement and bundling,0.07922144,-0.7872077,-0.42904532,0.07922144,-0.17710923,-0.4690689
5043-TRZWM,0.6315669,Service quality,Price and plan fit,0.29057318,0.29057318,-0.013036885,0.12958503,-0.16267681,0.23958483
0697-ZMSWS,0.6118717,Billing and payment,Service quality,0.31752118,0.30760574,0.31752118,0.1472116,0.06044983,0.1654353
7657-DYEPJ,-0.71732444,No actionable lever,Price and plan fit,-0.07468334,-0.19266748,-0.07468334,-0.10456986,-0.16616902,-0.078776956
9494-BDNNC,-0.57573766,Service quality,Protection and support,0.2094765,0.2094765,0.0529233,0.0896633,0.07696022,0.04131782
1640-PLFMP,0.651912,Billing and payment,Service quality,0.31706858,0.29167905,0.31706858,0.14280373,-0.1583524,0.21209624
5366-OBVMR,0.4975064,Price and plan fit,Protection and support,0.060992442,-0.31318173,-0.1776883,-0.07346459,-0.17995028,0.060992442
8276-MQBYC,0.486741,Billing and payment,Service quality,0.34056848,0.28853542,0.34056848,0.17666748,0.20971344,0.05319932
7644-OMVMY,-1.7552111,Protection and support,Engagement and bundling,0.065724164,-0.5131365,-0.28997305,0.065724164,-0.22738199,-0.7052933
7593-XFKDI,0.59801954,Price and plan fit,Protection and support,0.12950489,-0.22829825,-0.3386916,0.1247651,-0.16951022,0.12950489
4573-JKNAE,-1.4002433,Protection and support,Engagement and bundling,0.069942705,-0.55902034,-0.29901704,0.069942705,-0.19726443,-0.54460734
0337-CNPZE,0.426633,Billing and payment,Service quality,0.33388457,0.30940902,0.33388457,0.08662613,0.20952803,0.22233175
9817-APLHW,0.48584053,Protection and support,Billing and payment,0.08999082,-0.96410114,-0.008919237,0.08999082,-0.037679445,-0.32966122
8380-MQINP,-1.4274086,Protection and support,Engagement and bundling,0.070801474,-0.4925059,-0.2782534,0.070801474,-0.20184758,-0.2612034
0840-DFEZH,0.6231366,Service quality,Billing and payment,0.36282837,0.36282837,0.344976,0.14704962,-0.011518564,-0.08223083
1513-XNPPH,0.5879701,Service quality,Billing and payment,0.351047,0.351047,0.31186557,-0.08345831,-0.09801938,0.13501078
8690-ZVLCL,-1.5283552,Engagement and bundling,Service quality,0.12023675,-0.18107376,-0.2244858,-0.33613232,0.12023675,-0.24939251
6015-VVHHE,0.6464461,Service quality,Price and plan fit,0.32232755,0.32232755,-0.09443806,0.15319005,0.08029215,0.15499182
1125-SNVCK,0.48683763,Protection and support,Price and plan fit,0.1147739,-0.2817249,-0.32942018,0.1147739,-0.19628315,-0.14973506
0384-LPITE,-0.4635394,Engagement and bundling,Price and plan fit,0.41432655,-0.19250032,-0.2461078,-0.12292752,0.41432655,-0.115286805
4616-EWBNJ,-0.7552557,Protection and support,Billing and payment,0.0664612,-0.552593,-0.27124706,0.0664612,-0.31590056,-0.3192583
6347-DCUIK,0.6238175,Service quality,Protection and support,0.35990834,0.35990834,-0.14890398,0.1471909,-0.0371142,-0.050228752
1335-HQMKX,-0.66050416,Billing and payment,Engagement and bundling,0.36010367,0.20276071,0.36010367,0.13231914,0.25477472,0.1948924
2545-EBUPK,0.6138005,Service quality,Billing and payment,0.29191318,0.29191318,0.2820895,0.1661999,0.13017282,0.22332379
6923-AQONU,-1.4637417,Protection and support,Engagement and bundling,0.07877097,-0.52807975,-0.36180767,0.07877097,-0.2077819,-0.39564288
2172-EJXVF,-0.65397966,Billing and payment,Price and plan fit,0.32170865,0.1945064,0.32170865,0.111203864,0.2541882,0.3127431
0897-FEGMU,0.55371314,Service quality,Billing and payment,0.35095403,0.35095403,0.33628076,0.14459817,0.17925854,0.3284754
7663-RGWBC,0.6081174,Protection and support,Price and plan fit,0.1386891,-0.23202455,-0.116594665,0.1386891,-0.16883433,0.0975619
1120-BMWUB,0.5074844,No actionable lever,Protection and support,-0.015152447,-0.33723137,-0.15212138,-0.08461917,-0.16361067,-0.015152447
9124-LHCJQ,0.6305372,Price and plan fit,Service quality,0.33362365,0.29687148,-0.09598113,0.15559025,0.079821296,0.33362365
4536-PLEQY,0.58172613,Service quality,Price and plan fit,0.35167843,0.35167843,-0.08142983,0.105413735,-0.050927788,0.111766025
7029-IJEJK,-0.47493377,Engagement and bundling,Price and plan fit,0.16476017,-0.1799156,-0.23395282,-0.33806738,0.16476017,-0.06901791
8871-JLMHM,-1.5803635,Service quality,Engagement and bundling,0.19510533,0.19510533,-0.27422383,-0.09439722,-0.082497515,-0.26547486
2235-ZGKPT,0.5556715,Protection and support,Engagement and bundling,0.11862697,-0.2530101,-0.3583605,0.11862697,-0.016361047,-0.025930159
3891-PUQOD,0.5555048,Price and plan fit,Protection and support,0.17512342,-0.29222652,-0.039178185,0.1454889,-0.05831586,0.17512342
5447-VYTKW,0.47648332,No actionable lever,Price and plan fit,-0.1945038,-0.39301765,-0.3396069,-0.27505374,-0.1945038,-0.2035995
3623-FQBOX,0.5016914,Protection and support,Billing and payment,0.08484928,-0.8049092,-0.16705202,0.08484928,-0.19780052,-0.23392145
0689-NKYLF,0.6095499,Billing and payment,Service quality,0.3784979,0.3491004,0.3784979,0.13591035,-0.046604037,0.07640647
8659-HDIYE,0.43058684,Engagement and bundling,Protection and support,0.063659064,-0.25428355,-0.29177046,-0.1364404,0.063659064,-0.24098596
3658-KIBGF,0.58497334,Billing and payment,Price and plan fit,0.307342,-0.30859408,0.307342,-0.19943234,-0.14973,0.12391658
3474-BAFSJ,-1.5258111,Engagement and bundling,Billing and payment,0.18782704,-0.16760173,-0.09410414,-0.22256683,0.18782704,-0.1865086
5519-YLDGW,0.4394248,Price and plan fit,Billing and payment,0.34920895,0.31439048,0.34671974,-0.14170124,0.23143399,0.34920895
3865-ZFZIB,-1.4294158,Protection and support,Engagement and bundling,0.07096989,-0.50360525,-0.38047528,0.07096989,-0.21021324,-0.4678029
1855-AGAWH,-0.63833994,Billing and payment,Service quality,0.30886513,0.25931376,0.30886513,0.15578653,0.18034641,0.085188165
7109-CQYUZ,-1.528942,Engagement and bundling,Price and plan fit,0.10907515,-0.19351774,-0.16263814,-0.37838116,0.10907515,-0.09346289
1370-GGAWX,-0.64024615,Billing and payment,Service quality,0.31313732,0.22771516,0.31313732,0.10291901,0.13034433,0.022909157
4680-KUTAJ,0.49447504,Billing and payment,Engagement and bundling,0.3643611,-0.3813875,0.3643611,-0.1707647,-0.069156826,-0.07212718
5307-UVGNB,0.44528803,Engagement and bundling,Price and plan fit,0.16729447,-0.28092623,-0.1363201,-0.20119227,0.16729447,-0.08433791
4946-EDSEW,0.48131952,Protection and support,Billing and payment,0.06989341,-0.89688873,-0.14872535,0.06989341,-0.17410156,-0.8569388
2883-ILGWO,0.41607955,Service quality,Engagement and bundling,0.27349538,0.27349538,-0.10292864,-0.16711432,0.2143934,0.16571927
2516-VQRRV,0.65335095,Service quality,Protection and support,0.29436678,0.29436678,-0.10765124,0.15339354,-0.018629426,-0.0024649352
7580-UGXNC,0.5700726,No actionable lever,Engagement and bundling,-0.049171783,-0.28593487,-0.34543306,-0.20796025,-0.16345048,-0.049171783
3642-BYHDO,-1.4543066,Protection and support,Engagement and bundling,0.10235448,-0.45845926,-0.25927588,0.10235448,-0.21528421,-0.530756
9629-NHXFW,0.6214861,Protection and support,Price and plan fit,0.10053871,-0.65417516,-0.09394408,0.10053871,-0.15276527,0.037412748
2696-RZVZW,-1.4104652,Protection and support,Engagement and bundling,0.07231104,-0.48375523,-0.28152803,0.07231104,-0.16946429,-0.52956045
5766-FTRTS,-1.5417471,Engagement and bundling,Service quality,0.059937682,-0.15977612,-0.30708492,-0.3624132,0.059937682,-0.23406523
0396-HUJBP,0.5654249,Protection and support,Engagement and bundling,0.05886566,-0.8405379,-0.3586795,0.05886566,-0.20776276,-0.77019596
5178-LMXOP,0.5876151,Price and plan fit,Service quality,0.4412756,0.2951006,0.29321516,0.160544,0.16918458,0.4412756
8879-ZKJOF,-0.47976252,Engagement and bundling,Billing and payment,0.17944503,-0.21540527,-0.10408057,-0.30274394,0.17944503,-0.23187715
6285-FTQBF,-1.4715323,Protection and support,Engagement and bundling,0.10670812,-0.50202227,-0.25841507,0.10670812,-0.13852225,-0.6150801
8185-UPYBR,0.625782,Service quality,Billing and payment,0.3473577,0.3473577,0.33957374,0.13572028,-0.058096007,-0.007895
4585-HETAI,0.63302207,Billing and payment,Service quality,0.31936985,0.31203744,0.31936985,0.15637888,-0.20187053,-0.09101209
7526-BEZQB,0.55291927,Service quality,Billing and payment,0.35100153,0.35100153,0.35021803,0.14420748,0.1973887,0.34421238
1474-JUWSM,-0.5107673,Billing and payment,Engagement and bundling,0.31192395,-0.20810498,0.31192395,-0.29787156,0.09894053,-0.11035033
3530-CRZSB,0.50900793,Protection and support,Engagement and bundling,0.08171222,-0.91821045,-0.3550191,0.08171222,-0.22674331,-0.5458287
8498-XXGWA,0.48131925,No actionable lever,Billing and payment,-0.17678054,-0.27914572,-0.20554322,-0.17678054,-0.23409942,-0.28669906
9617-INGJY,0.66483307,Service quality,Price and plan fit,0.29532695,0.29532695,-0.11446968,0.14443472,-0.15964712,0.21071595
0621-TSSMU,-0.7294824,Protection and support,Billing and payment,0.06867973,-0.530466,-0.2552002,0.06867973,-0.3455039,-0.4945186
7234-KMNRQ,0.51090807,Protection and support,Engagement and bundling,0.068642326,-0.8688426,-0.37421805,0.068642326,-0.18507424,-0.85055363
7636-PEPNS,-0.7267518,Protection and support,Price and plan fit,0.12263643,-0.1851012,-0.1248089,0.12263643,-0.3021648,-0.11423015
4683-WYDOU,-1.2229725,Price and plan fit,Engagement and bundling,0.7493089,0.20064107,-0.082544886,-0.021535141,0.29335263,0.7493089
9052-DHNKM,-0.6957564,Billing and payment,Protection and support,0.1246612,-0.28691775,0.1246612,-0.14837036,-0.19891115,-0.16342285
6794-HKIAJ,0.53699183,Service quality,Engagement and bundling,0.25415868,0.25415868,-0.35603935,-0.18384272,-0.16154589,-0.1627397
5578-NKCXI,-0.5387311,Service quality,Engagement and bundling,0.20879424,0.20879424,-0.2708456,-0.17219651,0.19876675,0.10584664
1642-HMARX,-1.5011203,Billing and payment,Engagement and bundling,0.35143387,-0.19960006,0.35143387,-0.3884225,0.10974268,-0.216382
3096-WPXBT,-0.52625155,Service quality,Engagement and bundling,0.19259705,0.19259705,-0.07377286,-0.22415817,0.13277033,0.079539955
8434-PNQZX,-1.5485182,Engagement and bundling,Protection and support,0.24733825,-0.19285978,-0.090160094,-0.081209384,0.24733825,-0.2736337
5950-AAAGJ,0.5712468,Service quality,Protection and support,0.3214208,0.3214208,-0.3910476,0.12633644,0.0387592,-0.057346404
4299-OPXEJ,-1.4719393,Protection and support,Billing and payment,0.078280166,-0.49503115,-0.084867276,0.078280166,-0.22684267,-0.38519993
4951-UKAAQ,0.6134584,Service quality,Billing and payment,0.30650604,0.30650604,0.30381784,0.097691886,0.055663243,0.19667211
9618-LFJRU,0.5460138,Protection and support,Engagement and bundling,0.07198735,-0.87947494,-0.3022875,0.07198735,-0.19506964,-0.50189495
6693-DJWTY,-0.6950214,No actionable lever,Price and plan fit,-0.15436035,-0.2726947,-0.25210172,-0.15436035,-0.3293082,-0.24475376
0744-GKNGE,0.53237116,Service quality,Engagement and bundling,0.2566433,0.2566433,-0.15497868,-0.39442283,-0.1069919,-0.27494317
6447-EGDIV,-0.7338319,Protection and support,Billing and payment,0.080923684,-0.5811877,-0.30654094,0.080923684,-0.37228543,-0.5958468
1167-OYZJF,-1.3606707,Protection and support,Billing and payment,0.072048806,-0.48970622,-0.08161355,0.072048806,-0.23512079,-0.5155277
2108-YKQTY,0.5495637,Protection and support,Price and plan fit,0.09546919,-0.24381542,-0.34240416,0.09546919,-0.16285656,-0.033830255
4806-DXQCE,-1.3318183,Price and plan fit,Billing and payment,0.40358925,0.17974375,0.26399386,-0.35146144,0.09133966,0.40358925
4918-QLLIW,0.56372297,Protection and support,Price and plan fit,0.115264334,-0.23531555,-0.3409277,0.115264334,-0.08793263,-0.086276986
7056-IMHCC,0.45014614,Billing and payment,Service quality,0.3143559,0.28881317,0.3143559,0.096708715,0.25090408,0.16445109
4854-SSLTN,-1.7140262,No actionable lever,Engagement and bundling,-0.1859819,-0.1859819,-0.26519692,-0.32414383,-0.20330414,-0.23900545
5294-DMSFH,0.5316714,Service quality,Protection and support,0.33727068,0.33727068,-0.087208435,0.15129903,0.076333195,-0.014362051
4837-PZTIC,-1.4681591,No actionable lever,Service quality,-0.10957635,-0.16647479,-0.34523466,-0.34504357,-0.10957635,-0.3467562
1625-JAIIY,-0.8399593,Billing and payment,Service quality,0.41100472,0.23239195,0.41100472,0.1624939,-0.026353013,-0.14098047
0603-OLQDC,0.47586882,Engagement and bundling,Price and plan fit,0.08119779,-0.3953877,-0.1532088,-0.15230992,0.08119779,0.03536543
3272-VUHPV,0.50615954,No actionable lever,Price and plan fit,-0.058493704,-0.38950258,-0.3248593,-0.058493704,-0.14297418,-0.06262561
4176-FXYBO,0.3862051,Service quality,Price and plan fit,0.28330305,0.28330305,0.01687694,-0.21136372,0.18409358,0.20265073
1063-DHQJF,-1.6334014,Service quality,Engagement and bundling,0.21133593,0.21133593,-0.15178315,-0.1409024,-0.10330996,-0.32595772
8663-UPDGF,0.48946846,Engagement and bundling,Price and plan fit,0.00983265,-0.40957782,-0.15549229,-0.1875537,0.00983265,-0.1246975
6719-FGEDO,-1.5686324,Service quality,Price and plan fit,0.16506654,0.16506654,-0.13994603,-0.41395158,-0.113534175,-0.023159392
1837-YQUCE,-1.4996449,Engagement and bundling,Billing and payment,0.18925902,-0.1691539,-0.12377296,-0.3757215,0.18925902,-0.35767502
2947-DOMLJ,0.5917304,Price and plan fit,Engagement and bundling,0.11884516,-0.23885675,-0.32127005,-0.16702762,-0.14670427,0.11884516
4112-LUEIZ,0.59325206,Service quality,Billing and payment,0.351574,0.351574,0.3261181,0.13997594,0.05478602,0.12570588
0369-ZGOVK,-0.8605639,Service quality,Protection and support,0.25283667,0.25283667,-0.07418023,0.12951434,-0.31899688,-0.18089274
4510-HIMLV,0.6502722,Billing and payment,Service quality,0.3195507,0.29167905,0.3195507,0.14507166,-0.16069894,0.20845407
9919-KNPOO,0.5163087,Billing and payment,Service quality,0.37040955,0.31478652,0.37040955,0.14516684,0.18530081,0.072688855
8749-JMNKX,0.51775634,Service quality,Engagement and bundling,0.27562082,0.27562082,-0.1577198,-0.17156912,0.032146793,0.027228065
7872-BAAZR,-0.69883,Protection and support,Billing and payment,0.066837825,-0.5094577,-0.23866603,0.066837825,-0.30562273,-0.45833853
9391-LMANN,-0.57741666,Service quality,Price and plan fit,0.20202206,0.20202206,0.05331599,-0.16623977,0.004467871,0.08108036
2430-USGXP,0.48954555,Billing and payment,Service quality,0.37100613,0.33187076,0.37100613,0.1509201,0.19466464,0.18493226
8174-TBVCF,-1.4232466,Engagement and bundling,Price and plan fit,0.13366355,-0.19144925,-0.090073586,-0.37908924,0.13366355,0.012438044
1698-XFZCI,-0.5709845,Price and plan fit,Billing and payment,0.33046228,0.20592213,0.31039944,-0.21129853,0.23402074,0.33046228
1877-HKBQX,-0.7379088,No actionable lever,Price and plan fit,-0.12993169,-0.2431726,-0.12993169,-0.26753774,-0.3436741,-0.16214335
4450-DLLMH,0.65055716,Service quality,Protection and support,0.29181564,0.29181564,-0.07940025,0.14846644,-0.20963347,-0.10824165
0428-AXXLJ,-0.76244015,Protection and support,Billing and payment,0.08924818,-0.5991192,-0.055857934,0.08924818,-0.38348365,-0.7258351
2746-DIJLO,-0.727165,Protection and support,Billing and payment,0.111609265,-0.19925296,-0.082135975,0.111609265,-0.21493167,-0.16617234
5955-ERIHD,0.514669,Billing and payment,Service quality,0.37279415,0.31478652,0.37279415,0.14469707,0.19605044,0.0691638
0917-EZOLA,-1.3774556,Price and plan fit,Engagement and bundling,0.7789023,0.1733272,-0.07816231,0.13798529,0.25765,0.7789023
3508-VLHCZ,-1.5535529,Engagement and bundling,Billing and payment,0.092100725,-0.17423226,-0.11622982,-0.42032596,0.092100725,-0.27157137
4086-ATNFV,-0.70609486,No actionable lever,Billing and payment,-0.11881249,-0.27434886,-0.11910412,-0.16775298,-0.29757026,-0.11881249
0468-YRPXN,0.4844913,Service quality,Price and plan fit,0.31099135,0.31099135,-0.10445674,-0.08119101,0.1109049,0.148168
5996-NRVXR,-0.76061493,Service quality,Price and plan fit,0.20828998,0.20828998,-0.09484578,-0.3425987,-0.21733545,0.11948556
3739-YBWAB,-0.724024,No actionable lever,Engagement and bundling,-0.13740055,-0.18582717,-0.31748545,-0.13740055,-0.14481948,-0.32578495
7047-FWEYA,-0.56581736,Billing and payment,Engagement and bundling,0.3104043,0.22619571,0.3104043,-0.13028319,0.2698107,0.20171583
2000-MPKCA,-0.5546404,Price and plan fit,Billing and payment,0.3779142,0.2205936,0.2904426,-0.20697296,0.23307258,0.3779142
9762-YAQAA,-0.83759594,Service quality,Protection and support,0.24020612,0.24020612,-0.29975647,0.106893785,-0.23783244,-0.14889994
5949-EBSQK,0.5040622,No actionable lever,Protection and support,-0.026077975,-0.3097669,-0.3489545,-0.05627448,-0.026077975,-0.1241449
5473-KHBPS,-0.7967006,Service quality,Price and plan fit,0.22371061,0.22371061,-0.0846332,0.111081034,-0.0962094,0.15641433
0100-DUVFC,-0.5819794,Billing and payment,Price and plan fit,0.2914849,0.21195146,0.2914849,0.0826769,0.2830975,0.2883691
5397-TUPSH,-0.83837014,Service quality,Protection and support,0.19994858,0.19994858,-0.11535783,0.11945488,-0.36223868,-0.18392482
8950-MTZNV,0.6081174,Protection and support,Price and plan fit,0.1386891,-0.23202455,-0.116594665,0.1386891,-0.1684601,0.10398236
0326-VDYXE,-0.6135235,Billing and payment,Engagement and bundling,0.3400314,0.23022996,0.3400314,0.17317964,0.31689337,0.031104565
6773-LQTVT,0.5124565,Protection and support,Engagement and bundling,0.12985346,-0.29048213,-0.1395087,0.12985346,0.02225551,0.018986706
7274-RTAPZ,0.6259103,Price and plan fit,Billing and payment,0.34811783,0.29813215,0.30306613,0.15701467,0.04271835,0.34811783
0436-TWFFZ,-1.5144498,Engagement and bundling,Price and plan fit,0.17867304,-0.18619286,-0.18007807,-0.32778037,0.17867304,-0.14219067
8566-YPRGL,0.6198684,Protection and support,Price and plan fit,0.096077465,-0.6560085,-0.09855548,0.096077465,-0.16654523,0.03581567
0311-UNPFF,0.53382254,Service quality,Protection and support,0.3392787,0.3392787,-0.1131963,0.14132524,0.09093665,0.008288369
6609-MXJHJ,-1.5258555,Protection and support,Engagement and bundling,0.10321262,-0.5687155,-0.1279001,0.10321262,-0.07977258,-0.555529
2669-OIDSD,0.4589977,Service quality,Price and plan fit,0.30120695,0.30120695,-0.10725014,-0.088457495,0.09532974,0.1004508
8400-WZICQ,0.45544204,Billing and payment,Protection and support,0.05192888,-0.2888997,0.05192888,-0.16777839,-0.18869856,-0.18197137
3834-XUIFC,0.5994079,Service quality,Price and plan fit,0.36689085,0.36689085,-0.10414121,0.14637673,0.09733264,0.18295768
9576-SYUHJ,0.5358215,Billing and payment,Service quality,0.3631135,0.30691296,0.3631135,-0.15782887,0.06783384,-0.12056115
0410-IPFTY,0.5273975,Service quality,Protection and support,0.32442585,0.32442585,-0.0818222,0.11944214,-0.064829096,-0.070165314
2831-EBWRN,0.5557336,Billing and payment,Protection and support,0.33508113,-0.2639203,0.33508113,0.14452344,-0.226382,-0.17392473
9430-NKQLY,-1.4909308,Protection and support,Billing and payment,0.12404994,-0.4799406,-0.11193225,0.12404994,-0.16043629,-0.5472512
8414-MYSHR,0.6062521,Service quality,Billing and payment,0.31339818,0.31339818,0.2967036,0.14359899,0.06359918,0.18428
0247-SLUJI,0.6084672,Protection and support,Price and plan fit,0.08831387,-0.65387446,-0.3179792,0.08831387,-0.15616193,0.057884037
9402-ORRAH,0.5609764,Service quality,Billing and payment,0.321044,0.321044,0.31776193,0.13891068,0.06704913,-0.040377017
6483-OATDN,0.5197984,Price and plan fit,Billing and payment,0.045905754,-0.35179552,-0.11929675,-0.17008695,-0.16166438,0.045905754
1293-HHSHJ,-0.7355223,Protection and support,Price and plan fit,0.06713026,-0.53750175,-0.29141048,0.06713026,-0.32807148,-0.28907558
4840-ORQXB,0.42150125,Service quality,Engagement and bundling,0.27087358,0.27087358,-0.014204704,0.07132012,0.19086164,0.13773681
7599-FKVXZ,0.40384057,Service quality,Price and plan fit,0.30483353,0.30483353,-0.10463792,-0.06650918,0.22910003,0.2889529
3982-DQLUS,0.5296996,Billing and payment,Service quality,0.33742875,0.25757453,0.33742875,-0.21484567,-0.087424934,-0.24138573
8610-ZIKJJ,-0.8188266,Protection and support,Engagement and bundling,0.070198484,-0.5812184,-0.3197926,0.070198484,-0.29341596,-0.3827994
3756-VNWDH,-0.5651518,Billing and payment,Engagement and bundling,0.31466728,0.20572984,0.31466728,-0.12838319,0.3063051,0.19572169
7801-KICAO,0.57355267,Billing and payment,Service quality,0.38935512,0.31702632,0.38935512,0.13220397,-0.082537256,-0.17015353
7673-LPRNY,-0.55883634,Billing and payment,Engagement and bundling,0.3408422,-0.29204357,0.3408422,-0.113218,0.28585887,-0.17936613
8229-TNIQA,0.5683131,Protection and support,Billing and payment,0.14143807,-0.25864395,-0.115604594,0.14143807,-0.22129375,-0.15216067
6060-QBMGV,-1.4384401,Protection and support,Billing and payment,0.06412074,-0.5177921,-0.24972603,0.06412074,-0.2768367,-0.8063829
7339-POGZN,0.5357142,Protection and support,Billing and payment,0.13286051,-0.25553307,-0.010854017,0.13286051,-0.025154524,-0.08846582
2828-SLQPF,0.5032894,Protection and support,Price and plan fit,0.12270125,-0.30729216,-0.14045669,0.12270125,-0.2171899,-0.079975635
4465-VDKIQ,0.5538489,Service quality,Protection and support,0.3073386,0.3073386,-0.0015661055,0.08483431,-0.18453196,-0.11385477
2921-XWDJH,0.51464087,Billing and payment,Service quality,0.30001074,0.28635335,0.30001074,-0.16574834,-0.09034321,-0.036361955
6221-AVQYL,0.6432321,Service quality,Protection and support,0.28644714,0.28644714,-0.07136351,0.14132018,-0.059374094,-0.03094709
2558-BUOZZ,-0.7661257,Service quality,Price and plan fit,0.21213114,0.21213114,-0.3024792,-0.18229367,-0.07536964,0.051677324
9257-AZMTZ,-1.4504327,Protection and support,Billing and payment,0.06734907,-0.53170156,-0.20309326,0.06734907,-0.24856725,-0.6853273
0003-MKNFE,0.47778532,Protection and support,Engagement and bundling,0.1317043,-0.35793808,-0.36147875,0.1317043,0.070918426,-0.017998375
0975-UYDTX,-0.50182754,Engagement and bundling,Price and plan fit,0.22289738,-0.2353104,-0.10228261,-0.312972,0.22289738,-0.0278927
7743-EXURX,0.52448285,Billing and payment,Protection and support,0.35638976,-0.34206045,0.35638976,0.13657281,-0.19066356,-0.08988057
4682-BLBUC,-0.7199064,Billing and payment,Protection and support,0.35437998,-0.2203914,0.35437998,-0.14017852,-0.160232,-0.22065493
0975-VOOVL,0.5790116,Protection and support,Engagement and bundling,0.09065221,-0.23048753,-0.3652705,0.09065221,-0.05296828,-0.16754106
5968-VXZLG,0.5869032,Protection and support,Price and plan fit,0.13370907,-0.22206843,-0.07235076,0.13370907,-0.17180431,0.018718995
5569-KGJHX,0.63165486,Service quality,Price and plan fit,0.345703,0.345703,-0.09749937,0.13685887,0.036013,0.15491283
4988-IQIGL,0.647917,Billing and payment,Service quality,0.31264484,0.29004043,0.31264484,0.14613853,-0.045625564,0.21677014
5201-FRKKS,0.54889375,Service quality,Protection and support,0.3236195,0.3236195,-0.34821486,-0.19524798,-0.23828672,-0.3425668
9799-CAYJJ,0.63583064,Billing and payment,Service quality,0.30020738,0.28722703,0.30020738,0.14872798,-0.21647926,-0.11922361
7730-IUTDZ,0.5345046,Billing and payment,Service quality,0.3599976,0.29794186,0.3599976,-0.15951739,-0.18709393,-0.08552851
0426-TIRNE,0.6098604,Price and plan fit,Protection and support,0.10181804,-0.6615213,-0.31410944,0.08909514,-0.16759537,0.10181804
5443-SCMKX,-0.62431586,Billing and payment,Service quality,0.3223958,0.22453384,0.3223958,0.10907043,0.16216034,-0.010891169
8295-KMENE,-1.4588836,Engagement and bundling,Price and plan fit,0.0046941806,-0.19015867,-0.19330195,-0.31513637,0.0046941806,-0.1674411
6738-ISCBM,-0.54003507,Engagement and bundling,Billing and payment,0.3964861,-0.20757794,0.3195495,-0.10211268,0.3964861,-0.17306459
9821-BESNZ,-0.5441057,Engagement and bundling,Billing and payment,0.29245538,0.22006854,0.29000843,-0.15098357,0.29245538,0.28493774
3678-MNGZX,-1.4469018,Protection and support,Billing and payment,0.06876509,-0.5214305,-0.2201728,0.06876509,-0.24670163,-0.7480365
1335-NTIUC,0.545904,Billing and payment,Protection and support,0.38716394,-0.31107444,0.38716394,0.14342062,0.05039309,-0.13134491
2916-BQZLN,0.5617955,Billing and payment,Service quality,0.38677156,0.3034873,0.38677156,-0.16949323,-0.056475773,-0.088039
4558-CGYCZ,0.5464133,Protection and support,Price and plan fit,0.07705099,-0.84015274,-0.3500894,0.07705099,-0.18679255,-0.17593041
2368-GAKKQ,-1.435244,Price and plan fit,Service quality,0.36474323,0.19242463,-0.0721321,-0.33195066,0.096858546,0.36474323
8710-YGLWG,0.6081174,Protection and support,Price and plan fit,0.1386891,-0.23202455,-0.116594665,0.1386891,-0.1684601,0.10398236
3199-XGZCY,0.62015724,Billing and payment,Service quality,0.37175533,0.35597694,0.37175533,0.12760012,-0.064754464,-0.05328458
3785-KTYSH,-1.4483677,Protection and support,Engagement and bundling,0.08009046,-0.4978806,-0.3189003,0.08009046,-0.15188715,-0.5000683
6814-ZPWFQ,-0.74750614,Protection and support,Billing and payment,0.07418413,-0.5180161,-0.23838142,0.07418413,-0.26142228,-0.4594788
4063-EIKNQ,0.5038465,Protection and support,Engagement and bundling,0.070472896,-0.8697876,-0.29261586,0.070472896,-0.2066758,-0.346788
6993-YCOBK,-1.2942977,Price and plan fit,Billing and payment,0.44830012,0.19154671,0.29674703,-0.24155495,0.13762967,0.44830012
5206-HPJKM,0.49152452,Price and plan fit,Billing and payment,0.025126338,-0.34673178,-0.12440415,-0.17704102,-0.17410618,0.025126338
7587-RZNME,0.5732778,Billing and payment,Protection and support,0.37529594,-0.23467733,0.37529594,0.13361268,-0.17834243,-0.002364263
0748-RDGGM,-0.50708,Price and plan fit,Service quality,0.4786189,0.20566426,-0.07965994,-0.3246698,0.1860564,0.4786189
8393-JMVMB,0.60684955,Protection and support,Price and plan fit,0.087211706,-0.6557077,-0.32734483,0.087211706,-0.1699419,0.039425716
5019-GQVCR,0.5445626,Billing and payment,Service quality,0.3427467,0.30781817,0.3427467,0.14560449,0.07201706,-0.1240361
6036-TTFYU,0.4961257,Protection and support,Price and plan fit,0.07431269,-0.7968901,-0.37954685,0.07431269,-0.18889858,-0.12648669
2550-AEVRU,-0.6829953,Billing and payment,Price and plan fit,0.14579777,-0.20657617,0.14579777,-0.15012679,-0.25001723,0.05387655
0969-RGKCU,-0.65496546,Protection and support,Billing and payment,0.057571005,-0.55017066,-0.30622962,0.057571005,-0.3099072,-0.59450155
0378-CJKPV,-1.5134773,Price and plan fit,Service quality,0.25293815,0.16044047,-0.22651981,-0.32863832,0.09470713,0.25293815
4706-AXVKM,0.58376294,Service quality,Protection and support,0.34626862,0.34626862,-0.09798845,0.13139655,0.07003467,0.05709666
5889-JTMUL,0.5082407,Billing and payment,Service quality,0.34903133,0.29368252,0.34903133,0.10803553,0.1017184,-0.025622725
9026-RNUJS,0.5209433,Protection and support,Billing and payment,0.1198808,-0.25271603,-0.026907973,0.1198808,-0.17421809,-0.047670707
3746-EUBYR,0.66369283,Service quality,Price and plan fit,0.2956136,0.2956136,-0.10337108,0.1460283,-0.055551898,0.19165914
2332-EFBJY,0.5100011,Protection and support,Billing and payment,0.09427783,-0.84395623,-0.15719733,0.09427783,-0.23010404,-0.5341514
2880-FPNAE,0.62708473,Billing and payment,Service quality,0.3311379,0.280779,0.3311379,0.13943225,-0.16544867,0.017718382
1703-MGIAB,0.49843913,Engagement and bundling,Price and plan fit,0.039557055,-0.341644,-0.15665777,-0.08327458,0.039557055,-0.05190187
4311-QTTAI,-0.68530214,Protection and support,Engagement and bundling,0.068538465,-0.5672928,-0.35753754,0.068538465,-0.31419465,-0.5695307
9474-PHLYD,0.48813057,Billing and payment,Protection and support,0.35023946,-0.3408199,0.35023946,0.13362405,-0.07720839,0.100922234
4318-RAJVY,-0.7987917,Protection and support,Billing and payment,0.07674111,-0.5975766,-0.12285008,0.07674111,-0.31616622,-0.2569744
2165-VOEGB,-0.4962974,Price and plan fit,Service quality,0.36567694,0.21173078,-0.06776532,-0.33649513,0.15140224,0.36567694
3612-YUNGG,-1.3166078,Price and plan fit,Service quality,0.5364166,0.19630127,-0.0665343,-0.121592015,0.16952905,0.5364166
2254-DLXRI,0.66703564,Service quality,Price and plan fit,0.29521537,0.29521537,-0.11528395,0.12346173,-0.04333255,0.22517292
5062-CJJKH,-0.7033223,Protection and support,Price and plan fit,0.1007868,-0.27956438,-0.32578108,0.1007868,-0.31797984,-0.17254439
9028-LIHRP,-1.535212,Service quality,Price and plan fit,0.17341211,0.17341211,-0.25626966,-0.35611543,-0.13103613,0.14103892
2219-MVUSO,0.5292593,Protection and support,Billing and payment,0.11975775,-0.34443113,-0.13420826,0.11975775,-0.2200469,-0.1426093
1053-MXTTK,-1.3602458,Price and plan fit,Service quality,0.5260183,0.16577645,-0.08742974,-0.404325,0.006090489,0.5260183
1530-ZTDOZ,0.4849857,Engagement and bundling,Protection and support,0.15493873,-0.29089287,-0.30593675,-0.15043467,0.15493873,-0.27516782
1301-LOPVR,-0.47943655,Engagement and bundling,Billing and payment,0.12276809,-0.19887826,-0.07342828,-0.4076335,0.12276809,-0.24668446
0853-TWRVK,-1.3985381,Price and plan fit,Service quality,0.46818593,0.15234366,-0.24655177,-0.34508428,0.02948546,0.46818593
8914-RBTSB,0.49725246,Service quality,Engagement and bundling,0.32833454,0.32833454,-0.007993158,0.08703201,0.08972031,0.039282955
6212-ATMLK,0.49019682,Billing and payment,Service quality,0.3542888,0.30040687,0.3542888,0.16588353,0.18842952,0.029558197
8200-LGKSR,-1.4774022,Billing and payment,Engagement and bundling,0.21786048,-0.18493615,0.21786048,-0.3330834,0.17729223,-0.17363784
1568-BEKZM,-1.4974184,Engagement and bundling,Service quality,0.11468895,-0.16214798,-0.22267538,-0.33034843,0.11468895,-0.2484574
0670-ANMUU,-0.5612778,Service quality,Engagement and bundling,0.17114164,0.17114164,-0.26375362,-0.30206886,0.12982629,-0.019925281
6897-RWMUB,-1.4432971,No actionable lever,Price and plan fit,-0.1383154,-0.16728766,-0.1383154,-0.33296922,-0.19688892,-0.13932021
0963-ZBDRN,0.48288047,Service quality,Billing and payment,0.3218917,0.3218917,0.32015407,-0.10168428,0.06682154,-0.008251935
7594-RQHXR,0.6316643,Billing and payment,Service quality,0.29005092,0.28975257,0.29005092,0.15164532,-0.05838015,0.25290722
6999-CHVCF,-1.4904051,Price and plan fit,Service quality,0.34584716,0.18938161,-0.06872478,-0.21973076,0.10198648,0.34584716
6134-KWTBV,-1.4358506,Protection and support,Engagement and bundling,0.07487451,-0.47889096,-0.27641538,0.07487451,-0.18767545,-0.50934786
1077-HUUJM,0.6212663,Billing and payment,Service quality,0.3610446,0.35622475,0.3610446,0.12581705,-0.15690458,-0.035713065
6331-EWIEB,0.57099366,Billing and payment,Service quality,0.39343917,0.31876752,0.39343917,0.14260095,0.07941756,-0.08505666
0895-LNKRC,-0.7558744,Protection and support,Engagement and bundling,0.07329594,-0.6043649,-0.32030687,0.07329594,-0.29325965,-0.425956
2045-BMBTJ,0.4413721,Engagement and bundling,Billing and payment,0.2855723,-0.28652418,-0.1304828,-0.18235965,0.2855723,-0.1624143
8417-GSODA,-0.6262098,Engagement and bundling,Service quality,0.30197027,0.2521007,-0.29151613,0.12911989,0.30197027,0.010673869
5171-EPLKN,-1.3556314,Protection and support,Engagement and bundling,0.06651748,-0.5312378,-0.2966841,0.06651748,-0.21831763,-0.60389686
4452-QIIEB,0.5139997,Protection and support,Price and plan fit,0.11350589,-0.32825023,-0.41796458,0.11350589,-0.18100668,-0.05669466
5998-VVEJY,0.56073916,Billing and payment,Service quality,0.37125576,0.3244074,0.37125576,-0.092081495,-0.060726553,-0.119635195
1624-NALOJ,0.60461926,Service quality,Price and plan fit,0.31812888,0.31812888,0.28379416,0.09856296,0.10930162,0.29075834
6741-EGCBI,0.5137027,Service quality,Engagement and bundling,0.29463786,0.29463786,-0.09199714,-0.20297255,0.01642795,-0.094634786
7820-ZYGNY,-0.59581685,Service quality,Engagement and bundling,0.20812082,0.20812082,-0.2926504,0.11932064,0.17789707,-0.21237725
4317-VTEOA,0.59569716,Billing and payment,Price and plan fit,0.31967846,-0.23664436,0.31967846,0.10525225,-0.15629143,0.12089729
9677-AVKED,-0.5341996,Billing and payment,Engagement and bundling,0.27738073,-0.21665077,0.27738073,-0.15715969,0.20707165,-0.10112524
1670-SVOWZ,0.5582178,Service quality,Price and plan fit,0.3303651,0.3303651,-0.07780421,-0.10545699,-0.028795749,0.14358592
2227-JRSJX,0.4885295,Service quality,Price and plan fit,0.31759024,0.31759024,-0.078929074,-0.12226313,0.084245436,0.10591666
9847-HNVGP,-0.661625,Protection and support,Engagement and bundling,0.06777673,-0.5990107,-0.37337342,0.06777673,-0.32007867,-0.5528296
6696-YDAYZ,-1.4046513,Protection and support,Engagement and bundling,0.06902799,-0.54962295,-0.3557444,0.06902799,-0.20011425,-0.5665202
8980-WQFWL,0.46303117,Billing and payment,Protection and support,0.31330073,-0.38861609,0.31330073,0.14477107,-0.07714938,-0.15182887
1730-ZMAME,0.5336085,Service quality,Billing and payment,0.31412485,0.31412485,0.29231685,0.1610568,-0.10538226,-0.124255285
6506-EYCNH,0.49885312,Protection and support,Billing and payment,0.08322116,-0.76782894,-0.091403455,0.08322116,-0.1843023,-0.2884016
4634-JLRJT,0.6198684,Protection and support,Price and plan fit,0.096331455,-0.6678996,-0.09380127,0.096331455,-0.16654523,0.023194313
9501-UKKNL,0.44736326,Billing and payment,Engagement and bundling,0.34390742,-0.28744748,0.34390742,-0.20812425,0.20346682,-0.06735007
2560-QTSBS,-0.7696263,Protection and support,Billing and payment,0.12273373,-0.4950149,-0.124449946,0.12273373,-0.25888762,-0.52819586
7541-YLXCL,-0.48615965,Engagement and bundling,Billing and payment,0.055850513,-0.27189538,-0.07660071,-0.09817986,0.055850513,-0.21093087
4795-WRNVT,0.47678328,No actionable lever,Price and plan fit,-0.033170857,-0.31532323,-0.3535872,-0.16638763,-0.033170857,-0.040269796
6080-TCMYC,0.5512823,Billing and payment,Service quality,0.3576057,0.31722435,0.3576057,0.15418664,-0.05822103,-0.16997226
0260-ZDLGK,0.48764852,Engagement and bundling,Price and plan fit,0.082444176,-0.37050948,-0.12833358,-0.084790714,0.082444176,0.027210362
7860-UXCRM,-1.440381,No actionable lever,Service quality,-0.12078883,-0.17350309,-0.22521989,-0.2883942,-0.12078883,-0.18479359
6357-JJPQT,0.6342127,Billing and payment,Service quality,0.34386536,0.2936609,0.34386536,0.13751212,-0.053068236,0.022230566
2292-XQWSV,-0.46095872,Engagement and bundling,Price and plan fit,0.24418257,-0.18820024,-0.25187215,-0.20460977,0.24418257,-0.13036795
9552-TGUZV,0.6180966,Service quality,Billing and payment,0.35647824,0.35647824,-0.14328085,-0.23148094,-0.21651459,-0.17223111
5913-INRQV,-0.815037,Service quality,Price and plan fit,0.22572392,0.22572392,-0.27062547,-0.2637885,-0.14891678,-0.13892698
8722-NGNBH,0.54563427,No actionable lever,Price and plan fit,-0.07167077,-0.32244706,-0.3231197,-0.28189018,-0.07167077,-0.07949505
6210-KBBPI,0.548772,Price and plan fit,Service quality,0.44882527,0.3499876,-0.07152243,0.08946815,0.24149355,0.44882527
9643-YBLUR,0.49082765,Protection and support,Engagement and bundling,0.12534344,-0.37044823,-0.08827155,0.12534344,0.12197175,-0.06409571
8734-FNWVH,0.4438221,Protection and support,Engagement and bundling,0.12858707,-0.37355822,-0.3286997,0.12858707,0.050750934,-0.16422077
9447-YPTBX,-0.70847476,Protection and support,Billing and payment,0.072924815,-0.5468136,-0.060892776,0.072924815,-0.31910083,-0.46230978
0133-BMFZO,0.62557226,Billing and payment,Service quality,0.28055575,0.2802518,0.28055575,-0.4296784,-0.19473879,0.050913204
6128-CZOMY,0.5975352,Billing and payment,Protection and support,0.32704532,-0.23600428,0.32704532,0.13705812,-0.16716538,0.11431204
9540-JYROE,0.6308808,Service quality,Protection and support,0.3573835,0.3573835,-0.13113955,0.12766834,-0.18359335,0.024459362
9026-LHEVG,0.49017638,Engagement and bundling,Protection and support,0.13923787,-0.30340442,-0.006847569,0.10057415,0.13923787,-0.011655524
2260-USTRB,0.644234,Service quality,Protection and support,0.29170293,0.29170293,-0.07721676,0.13139562,-0.16205432,0.038063414
3656-TKRVZ,0.543052,Price and plan fit,Billing and payment,0.06546616,-0.30292362,-0.014522695,-0.18376572,-0.1658477,0.06546616
7011-CVEUC,0.48918718,Service quality,Price and plan fit,0.33373228,0.33373228,-0.11149883,-0.09337574,0.095518686,0.1180126
6185-TASNN,0.57353175,Price and plan fit,Protection and support,0.14475694,-0.22938919,0.007940925,0.12405715,-0.17056204,0.14475694
7925-PNRGI,0.47574556,Engagement and bundling,Price and plan fit,0.0029936675,-0.31003788,-0.3121596,-0.3535683,0.0029936675,-0.16378114
8623-TMRBY,0.5442232,Billing and payment,Service quality,0.33034593,0.27924207,0.33034593,0.119668975,-0.06970266,-0.109981276
1552-CZCLL,0.48089916,Protection and support,Engagement and bundling,0.072350554,-0.7332059,-0.296028,0.072350554,-0.17753938,-0.23397991
3038-PQIUY,0.48322567,No actionable lever,Engagement and bundling,-0.02634915,-0.3881237,-0.12761691,-0.20250157,-0.11209201,-0.02634915
1501-SGHBW,0.57725716,Protection and support,Price and plan fit,0.12254215,-0.21501891,-0.38637996,0.12254215,-0.17491458,-0.0049391687
9313-CDOGY,0.44750193,Protection and support,Billing and payment,0.0656763,-0.8001348,0.05710464,0.0656763,-0.16808665,-0.2807598
8148-BPLZQ,0.4881293,Billing and payment,Protection and support,0.347818,-0.31919965,0.347818,0.10258139,-0.217236,-0.26180324
2623-DRYAM,-0.5815084,Billing and payment,Engagement and bundling,0.3263157,0.2243953,0.3263157,0.16715512,0.28316,0.24351627
9987-LUTYD,-0.72808534,No actionable lever,Protection and support,-0.15916145,-0.24404033,-0.332066,-0.23902401,-0.34189126,-0.15916145
3208-YPIOE,0.5296882,Service quality,Protection and support,0.32030427,0.32030427,0.006081078,0.12878281,-0.06417324,-0.10597703
4488-KQFDT,-0.5627283,Billing and payment,Price and plan fit,0.32839572,0.22390904,0.32839572,0.09197205,0.28611246,0.32154635
2612-RANWT,0.52273804,Service quality,Price and plan fit,0.35285386,0.35285386,-0.08734063,0.14327382,0.18678682,0.33463788
5693-PIPCS,-1.6050234,Service quality,Price and plan fit,0.21586104,0.21586104,-0.052036297,-0.13108554,0.098052956,0.20728391
0491-KAPQG,0.568708,Billing and payment,Service quality,0.3943835,0.31322232,0.3943835,0.13765718,-0.08688036,-0.1630111
1925-LFCZZ,-0.51084065,Engagement and bundling,Protection and support,0.42866275,-0.16812073,-0.097429805,0.1624665,0.42866275,-0.029668014
8039-EQPIM,-1.4859087,Engagement and bundling,Service quality,0.21900317,-0.16273826,-0.2616186,-0.36003774,0.21900317,-0.33171096
6900-PXRMS,0.4498763,Service quality,Price and plan fit,0.30238616,0.30238616,-0.01821547,0.06273972,0.17283534,0.25524452
8707-RMEZH,-0.61213607,Service quality,Engagement and bundling,0.18669695,0.18669695,-0.25813025,-0.1494546,0.039497435,-0.14615361
3346-BRMIS,0.47204947,Billing and payment,Engagement and bundling,0.37523964,-0.32183322,0.37523964,0.15757017,0.29151335,-0.0040133074
3209-ZPKFI,0.46618092,Protection and support,Billing and payment,0.09082183,-0.3098326,0.024868421,0.09082183,-0.101414,-0.07892594
6479-VDGRK,-1.548959,Engagement and bundling,Service quality,0.005084051,-0.16065355,-0.24670596,-0.35678518,0.005084051,-0.2057719
9373-WSLOY,0.48020163,Billing and payment,Engagement and bundling,0.30199647,-0.3660375,0.30199647,-0.19377656,0.075225174,-0.30053258
2933-FILNV,0.6017443,Protection and support,Engagement and bundling,0.14162509,-0.22513522,-0.13102515,0.14162509,0.02237533,-0.24995282
3569-JFODW,-1.5625358,Engagement and bundling,Service quality,0.08279891,-0.16570179,-0.23146892,-0.38097072,0.08279891,-0.19691618
9819-FBNSV,0.5572824,Service quality,Protection and support,0.30486712,0.30486712,-0.13308339,0.13418524,-0.18364808,-0.075300075
9544-PYPSJ,0.4810441,Service quality,Protection and support,0.26551646,0.26551646,-0.09628767,0.1237337,0.066144876,-0.02683556
1591-XWLGB,-1.4517552,Protection and support,Engagement and bundling,0.10302047,-0.45367616,-0.27293947,0.10302047,-0.21701595,-0.5585953
0396-UKGAI,0.4935413,No actionable lever,Protection and support,-0.12446381,-0.39459962,-0.12446381,-0.1328649,-0.17607279,-0.19293126
3243-ZHOHY,-0.6746126,Protection and support,Engagement and bundling,0.062466286,-0.59985733,-0.37209585,0.062466286,-0.31689182,-0.53493464
5186-EJEGL,0.51376,No actionable lever,Billing and payment,-0.07889743,-0.3842541,-0.1493312,-0.36552948,-0.07889743,-0.2247152
7527-QNRUS,-1.5101892,Protection and support,Engagement and bundling,0.09091968,-0.5434477,-0.15429664,0.09091968,-0.09506141,-0.29828903
9986-BONCE,0.54628295,Protection and support,Engagement and bundling,0.07586745,-0.87947494,-0.2841034,0.07586745,-0.20544292,-0.36094964
2722-JMONI,0.57781005,Billing and payment,Price and plan fit,0.30605435,-0.24591582,0.30605435,-0.16384242,-0.15948099,0.12842396
2203-GHNWN,0.5786662,Service quality,Protection and support,0.3340844,0.3340844,-0.15515943,0.13660029,-0.096947804,-0.15302733
3878-AVSOQ,0.6495074,Billing and payment,Service quality,0.29883707,0.29004043,0.29883707,0.14145885,-0.1583524,0.23063174
3258-SYSWS,-1.4572748,Price and plan fit,Service quality,0.25688088,0.14337352,-0.25654808,-0.3526878,0.13225982,0.25688088
5296-PSYVW,-1.3815179,Billing and payment,Protection and support,0.25603092,-0.51548314,0.25603092,0.11385289,-0.13509846,-0.4926908
6319-QSUSR,0.50611466,Protection and support,Engagement and bundling,0.070135765,-0.8325958,-0.32983127,0.070135765,-0.17182696,-0.1908562
4083-EUGRJ,0.5097784,Protection and support,Engagement and bundling,0.075009,-0.86320424,-0.35800704,0.075009,-0.18438913,-0.21130861
7579-OOPEC,0.5769938,Protection and support,Price and plan fit,0.091558225,-0.22530964,-0.2939216,0.091558225,-0.19142117,-0.036974065
0512-FLFDW,-0.5416146,Engagement and bundling,Price and plan fit,0.30963704,0.20171833,-0.07825821,0.16595083,0.30963704,0.29216504
1771-OADNZ,0.5012219,Service quality,Billing and payment,0.312593,0.312593,0.30938,0.091291055,0.010369359,0.108967245
0487-CRLZF,-1.5128582,Engagement and bundling,Billing and payment,0.117345266,-0.18769878,-0.084265806,-0.093361475,0.117345266,-0.37152845
2107-FBPTK,0.4496189,Billing and payment,Price and plan fit,0.311304,0.29170293,0.311304,0.07888586,0.16494495,0.2917216
9451-WLYRI,-0.6880205,Protection and support,Billing and payment,0.057369795,-0.5231399,-0.27769464,0.057369795,-0.31616506,-0.8787266
8219-VYBVI,-1.4910089,Protection and support,Engagement and bundling,0.073273934,-0.5555535,-0.30530402,0.073273934,-0.08602597,-0.55233604
1991-VOPLL,0.46539298,Protection and support,Engagement and bundling,0.060869075,-0.9074945,-0.43991688,0.060869075,-0.18363231,-0.9732688
9738-QLWTP,-0.81347096,Service quality,Billing and payment,0.24134772,0.24134772,0.116460435,-0.08305871,-0.292555,-0.12094869
1016-DJTSV,0.6192814,Service quality,Billing and payment,0.35934842,0.35934842,0.3136145,0.12863457,-0.23269308,-0.12658104
9419-IPPBE,-0.6895461,Billing and payment,Service quality,0.33215976,0.22607751,0.33215976,0.16066362,0.1184933,-0.12378461
0174-QRVVY,-1.4659852,Protection and support,Engagement and bundling,0.094051495,-0.5089718,-0.24916264,0.094051495,-0.11942437,-0.56139493
5699-BNCAS,-1.4728143,Protection and support,Billing and payment,0.11571418,-0.49010128,-0.17384653,0.11571418,-0.17862192,-0.6281727
2900-PHPLN,-1.4460214,Protection and support,Billing and payment,0.08319392,-0.48569554,-0.102700986,0.08319392,-0.2643367,-0.8237417
0612-RTZZA,0.6125391,Protection and support,Price and plan fit,0.13475484,-0.22800021,0.022961028,0.13475484,0.038286477,0.048889454
8106-GWQOK,-1.5385377,Engagement and bundling,Billing and payment,0.18352869,-0.18471634,-0.09394288,-0.42590246,0.18352869,-0.25353736
8751-EDEKA,0.51861,Service quality,Protection and support,0.319181,0.319181,-0.307598,0.10255264,-0.051726893,0.014723692
6878-GGDWG,0.4839273,Protection and support,Engagement and bundling,0.07613475,-0.788041,-0.2857339,0.07613475,-0.24657494,-0.51414454
4039-PIMHX,-1.4480035,Protection and support,Price and plan fit,0.11588754,-0.15082303,-0.28515974,0.11588754,-0.20982412,-0.118832685
8450-LUGUK,-1.4782281,Protection and support,Billing and payment,0.07731825,-0.5150936,-0.09514948,0.07731825,-0.11512518,-0.34078342
3604-WLABM,0.492669,Billing and payment,Protection and support,0.0055543073,-0.38734117,0.0055543073,-0.046817962,-0.22224739,-0.20878766
0795-GMVQO,-0.517224,Price and plan fit,Engagement and bundling,0.3820201,0.20169802,-0.2393909,-0.18298343,0.282337,0.3820201
2259-OUUSZ,-0.8021717,No actionable lever,Billing and payment,-0.079013854,-0.18090653,-0.087806776,-0.12001248,-0.21201524,-0.079013854
1142-IHLOO,-0.62242407,Service quality,Engagement and bundling,0.22503608,0.22503608,-0.29153374,0.12993598,0.20141765,-0.025353156
6410-LEFEN,0.5044596,Protection and support,Billing and payment,0.11180909,-0.3157923,0.010115985,0.11180909,-0.23314352,-0.11287226
4633-MKHYU,0.5909702,Service quality,Price and plan fit,0.34686857,0.34686857,-0.110422745,0.13873926,0.08794747,0.18727547
6257-RJOHI,0.56216013,Price and plan fit,Protection and support,0.042237677,-0.25592113,-0.13999505,-0.06765752,-0.16684143,0.042237677
1545-JFUML,-1.512555,Billing and payment,Service quality,0.47070348,0.17729025,0.47070348,-0.23215953,0.04620722,0.07561701
3194-ORPIK,0.56201327,Service quality,Protection and support,0.31455433,0.31455433,-0.11447708,0.15886146,0.05259957,-0.14862244
7826-VVKWT,-1.6714035,Billing and payment,Service quality,0.342831,0.22136122,0.342831,0.15830229,0.053718846,0.14368545
1353-GHZOS,-0.6937465,No actionable lever,Protection and support,-0.11836742,-0.2380457,-0.11836742,-0.17805515,-0.20666437,-0.35825074
2587-EKXTS,0.4188135,Billing and payment,Service quality,0.2982335,0.28963703,0.2982335,-0.23159698,0.124237515,0.22037283
5442-BXVND,0.48560858,Protection and support,Engagement and bundling,0.094559796,-0.80260944,-0.29395875,0.094559796,-0.05678749,-0.3630295
8816-VXNZD,0.6519613,Billing and payment,Service quality,0.3283942,0.2925036,0.3283942,0.14521548,-0.043279026,0.20012948
9378-FXTIZ,-0.50143665,Engagement and bundling,Protection and support,0.28415918,-0.1957002,-0.068739064,0.15212528,0.28415918,-0.22115228
1723-HKXJQ,0.46718988,Billing and payment,Service quality,0.34486884,0.30350667,0.34486884,0.083411925,0.18388332,0.22027779
7825-GKXMW,0.57719004,Price and plan fit,Protection and support,0.12881719,-0.23227799,-0.0021076137,0.123134114,-0.16821551,0.12881719
9753-OYLBX,0.6098604,Protection and support,Price and plan fit,0.08580619,-0.6615213,-0.3168107,0.08580619,-0.16759537,0.044146985
2364-UFROM,-0.6766926,Billing and payment,Engagement and bundling,0.14968462,-0.22126701,0.14968462,-0.30679566,-0.104111366,-0.18544783
6656-JWRQX,0.6014228,Price and plan fit,Engagement and bundling,0.11495409,-0.22935422,-0.32365397,-0.19084872,-0.035083957,0.11495409
6473-ULUHT,0.45114064,Engagement and bundling,Billing and payment,0.14947009,-0.33701572,0.015831176,-0.36040702,0.14947009,-0.033768483
1240-KNSEZ,0.61939096,Protection and support,Price and plan fit,0.09799097,-0.6552569,-0.09563292,0.09799097,-0.16889176,0.05748014
0836-SEYLU,0.5152243,Engagement and bundling,Price and plan fit,0.07519506,-0.3011114,-0.39089906,-0.1203403,0.07519506,-0.03627465
4433-JCGCG,0.47097915,Billing and payment,Service quality,0.3170529,0.2934241,0.3170529,0.16875605,0.20827907,0.13484678
3716-BDVDB,0.6502722,Billing and payment,Service quality,0.3195507,0.29167905,0.3195507,0.14507166,-0.16069894,0.20845407
7688-AWMDX,-1.436674,No actionable lever,Engagement and bundling,-0.15351509,-0.15351509,-0.28380293,-0.27244112,-0.21616727,-0.34561437
2842-BCQGE,0.5568702,Service quality,Protection and support,0.31182188,0.31182188,-0.11138337,0.13855429,-0.1166801,-0.23774642
7244-QWYHG,-0.68210423,No actionable lever,Price and plan fit,-0.07435644,-0.19574001,-0.13384877,-0.3746127,-0.07435644,-0.11247079
5899-MQZZL,0.6185209,Service quality,Protection and support,0.356418,0.356418,-0.14517587,0.12908012,-0.043621205,-0.0016159862
6849-OYAMU,-0.5294828,Price and plan fit,Service quality,0.29188022,0.22923659,-0.27973932,-0.11071656,0.21410038,0.29188022
5312-UXESG,0.4775437,Service quality,Engagement and bundling,0.29852438,0.29852438,-0.36693496,0.14032005,0.20652466,0.02024585
9488-HGMJH,0.6495074,Billing and payment,Service quality,0.29883707,0.29004043,0.29883707,0.14145885,-0.1583524,0.23063174
6038-GCYEC,0.45736843,Engagement and bundling,Protection and support,0.30162874,-0.37411222,-0.10350984,0.12923451,0.30162874,-0.1266534
2150-WLKUW,-0.69503546,Protection and support,Engagement and bundling,0.099631466,-0.27364284,-0.2903152,0.099631466,-0.086238906,-0.13960606
7159-FVYPK,0.5836919,Protection and support,Engagement and bundling,0.10596382,-0.30338535,-0.0860593,0.10596382,0.05575607,-0.017767258
7032-LMBHI,-0.6891994,No actionable lever,Price and plan fit,-0.10633904,-0.278108,-0.3040008,-0.13435364,-0.10633904,-0.107458815
1150-WFARN,-1.2295595,Price and plan fit,Service quality,0.6856223,0.19233313,-0.065493,-0.25316167,0.16561675,0.6856223
6088-BXMRG,0.4959024,Service quality,Billing and payment,0.32582206,0.32582206,0.32378894,0.08444844,0.14425114,0.10068253
3144-AUDBS,0.52317184,Billing and payment,Price and plan fit,0.3665778,-0.32522848,0.3665778,-0.046510845,-0.16660535,0.008022841
4821-SJHJV,0.53247994,Service quality,Engagement and bundling,0.31571716,0.31571716,0.030199204,-0.13503538,0.048718173,-0.0125733875
7346-MEDWM,0.5429063,Billing and payment,Service quality,0.3616218,0.28531674,0.3616218,0.12122798,-0.098480076,-0.16105889
1137-DGOWI,-0.484591,Engagement and bundling,Protection and support,0.050915353,-0.20179328,-0.2411182,-0.078878574,0.050915353,-0.21678177
5616-PRTNT,0.48182124,Billing and payment,Protection and support,0.37184277,-0.85988915,0.37184277,0.0891746,-0.16703139,-0.25527018
3812-LRZIR,-1.3538089,Billing and payment,Protection and support,0.15773033,-0.54854417,0.15773033,0.07101604,-0.022788586,-0.26527688
4818-QIUFN,0.5593814,Billing and payment,Service quality,0.38754785,0.29555744,0.38754785,-0.1575323,-0.07115318,-0.1354857
9483-GCPWE,-0.7673199,Protection and support,Billing and payment,0.07809492,-0.6405432,-0.2906508,0.07809492,-0.34514964,-0.67832536
4227-OJHAL,-0.69099927,No actionable lever,Billing and payment,-0.086435825,-0.20286992,-0.10285809,-0.20329346,-0.086435825,-0.27690578
9220-CXRSC,-1.4103078,No actionable lever,Service quality,-0.11054851,-0.1664271,-0.27577963,-0.26645294,-0.11054851,-0.41392943
4993-JCRGJ,0.57223535,Service quality,Engagement and bundling,0.33692652,0.33692652,-0.16073889,-0.08088871,-0.04245972,-0.056186322
9537-JALFH,-1.4373479,Protection and support,Engagement and bundling,0.06618051,-0.4777485,-0.24304657,0.06618051,-0.23414378,-0.52431715
6698-OXETB,-1.5371333,Protection and support,Engagement and bundling,0.067950755,-0.5860551,-0.32365677,0.067950755,-0.2612662,-0.7367465
2103-ZRXFN,0.59665376,Protection and support,Price and plan fit,0.12832642,-0.22829825,-0.3436433,0.12832642,-0.06537013,0.11855866
3724-BSCVH,-0.76253146,Protection and support,Billing and payment,0.060585197,-0.6254456,-0.30400595,0.060585197,-0.33795777,-0.61962134
4877-TSOFF,-0.45702234,Engagement and bundling,Billing and payment,0.22029841,-0.196473,-0.08399657,-0.3673691,0.22029841,-0.24523175
9209-NWPGU,-0.6657553,Billing and payment,Price and plan fit,0.19288589,-0.21738034,0.19288589,-0.2701112,-0.108328104,-0.073277265
6961-VCPMC,0.52270865,Billing and payment,Service quality,0.30620432,0.29596233,0.30620432,0.15442395,-0.089706436,-0.18240309
7306-YDSOI,-1.454897,No actionable lever,Protection and support,-0.11944062,-0.1716426,-0.11944062,-0.15841652,-0.22513701,-0.23158929
5288-AHOUP,0.5872687,Service quality,Billing and payment,0.34548756,0.34548756,0.31290066,0.13730912,-0.08580443,-0.019755062
6688-UZPWD,0.52419895,Price and plan fit,Service quality,0.44959012,0.35614857,0.32462382,0.07156161,0.21401265,0.44959012
0655-YDGFJ,0.47855264,Protection and support,Engagement and bundling,0.113258295,-0.3097925,-0.39602366,0.113258295,-0.20012191,-0.22265515
8468-EHYJA,0.4727442,Billing and payment,Service quality,0.3599325,0.27602515,0.3599325,-0.17643444,0.175368,-0.008059755
6823-SIDFQ,-0.7018803,Protection and support,Billing and payment,0.06736201,-0.5596431,-0.2919811,0.06736201,-0.36537158,-1.1359482
1097-FSPVW,0.47314808,No actionable lever,Engagement and bundling,-0.20004635,-0.31453246,-0.28559834,-0.20004635,-0.2147075,-0.24871387
2839-RFSQE,0.5570287,Protection and support,Engagement and bundling,0.07596037,-0.8305589,-0.38418108,0.07596037,-0.17234202,-0.26642868
8328-SKJNO,-0.7157214,No actionable lever,Engagement and bundling,-0.12189271,-0.27225587,-0.2581693,-0.32660112,-0.22377211,-0.12189271
7010-ZMVBF,0.4892281,Protection and support,Engagement and bundling,0.07633456,-0.79098,-0.38416547,0.07633456,-0.17497951,-0.28027153
5201-CBWYG,-0.7053866,Protection and support,Engagement and bundling,0.07553447,-0.5053252,-0.30886748,0.07553447,-0.27203706,-0.49951446
0968-GSIKN,0.6664729,Service quality,Price and plan fit,0.29532695,0.29532695,-0.11263803,0.14277521,-0.15730058,0.21435809
1965-DDBWU,0.54726094,Service quality,Engagement and bundling,0.3148364,0.3148364,-0.10202047,-0.08415048,0.09623579,-0.037119783
9057-SIHCH,0.57899094,Price and plan fit,Billing and payment,0.36122474,0.30235603,0.3277112,0.15944777,0.18928511,0.36122474
6352-GIGGQ,-0.4635163,Engagement and bundling,Billing and payment,0.23484448,-0.20299953,-0.11416632,-0.3644657,0.23484448,-0.1554861
3635-QQRQD,-1.4690857,Protection and support,Billing and payment,0.08111023,-0.4872608,-0.11759531,0.08111023,-0.23699301,-0.45993283
6771-XWBDM,0.42972007,Service quality,Price and plan fit,0.2899674,0.2899674,-0.09576948,0.104496606,0.18268968,0.19482441
2897-DOVND,0.63709897,Billing and payment,Service quality,0.3237883,0.29271,0.3237883,0.15260279,-0.21840452,-0.113168
3082-YVEKW,-1.5137043,Engagement and bundling,Billing and payment,0.0017065294,-0.26569775,-0.12906894,-0.26752892,0.0017065294,-0.19750091
0191-EQUUH,-1.4966073,No actionable lever,Engagement and bundling,-0.06315489,-0.17649607,-0.25528744,-0.30841804,-0.100949764,-0.06315489
7134-HBPBS,-1.4173253,Price and plan fit,Engagement and bundling,0.36944538,0.1617974,-0.0938722,-0.093509324,0.16305687,0.36944538
3489-HHPFY,0.63264817,Billing and payment,Service quality,0.3417038,0.28490415,0.3417038,0.13985887,0.049627632,-0.010698192
2926-JEJJC,-0.7298927,Protection and support,Billing and payment,0.065300375,-0.64264756,-0.04945623,0.065300375,-0.31754783,-0.545527
8601-QACRS,0.5634632,Protection and support,Price and plan fit,0.12970151,-0.25886014,-0.13230288,0.12970151,-0.07352653,0.006785147
4950-BDEUX,0.44970766,Engagement and bundling,Protection and support,0.3394217,-0.3696413,0.00188703,0.16048686,0.3394217,-0.08042051
5789-LDFXO,-0.7333608,Billing and payment,Protection and support,0.11731071,-0.624182,0.11731071,0.08006998,-0.18836996,-0.28972182
0508-OOLTO,0.63615334,Billing and payment,Service quality,0.34550685,0.28308657,0.34550685,0.13843259,-0.14712273,-0.022548698
2984-TBYKU,-1.3729522,Price and plan fit,Service quality,0.66478825,0.16545507,-0.074695095,-0.41571048,0.06429539,0.66478825
9822-WMWVG,0.45456925,Billing and payment,Service quality,0.3407863,0.28881624,0.3407863,-0.37789252,0.039785493,0.15933779
2391-SOORI,0.5228628,Billing and payment,Price and plan fit,0.015333388,-0.27053213,0.015333388,-0.17792542,-0.1844395,-0.13651408
9040-KZVWO,-0.82873344,Service quality,Protection and support,0.25861025,0.25861025,-0.3113526,0.10348898,-0.37132794,-0.28588676
2645-QTLMB,0.5694828,Service quality,Billing and payment,0.36695123,0.36695123,0.31016526,0.08396759,0.05518995,0.25988004
4806-HIPDW,0.651912,Billing and payment,Service quality,0.31706858,0.29163158,0.31706858,0.14275143,-0.1594037,0.21135557
1548-ARAGG,0.56154126,No actionable lever,Price and plan fit,-0.038303923,-0.31519195,-0.095335804,-0.09756557,-0.038303923,-0.08668804
6339-RZCBJ,-1.5216793,Engagement and bundling,Protection and support,0.07866722,-0.18453294,-0.2353435,-0.11368312,0.07866722,-0.23055702
4424-TKOPW,0.57990634,Service quality,Billing and payment,0.29602653,0.29602653,0.29522234,0.17413451,0.23755528,0.28517815
4415-WNGVR,-0.5884927,Billing and payment,Engagement and bundling,0.28126737,-0.24180035,0.28126737,-0.23437357,0.122609645,0.023818525
2522-AHJXR,0.3860368,Price and plan fit,Service quality,0.30528656,0.2659204,-0.15348923,-0.33334148,0.15387994,0.30528656
0412-UCCNP,-1.3855962,Billing and payment,Engagement and bundling,0.42546725,-0.1895087,0.42546725,-0.31744602,-0.17515813,-0.20950988
1816-FLZDK,0.59978306,Price and plan fit,Engagement and bundling,0.12167613,-0.22935422,-0.3226381,-0.19175415,-0.03496197,0.12167613
7096-UCLNH,0.60684955,Protection and support,Price and plan fit,0.0874657,-0.6549561,-0.32259062,0.0874657,-0.1699419,0.0653135
8443-ZRDBZ,0.63031745,Billing and payment,Service quality,0.33619922,0.31521282,0.33619922,0.15526004,-0.01457195,-0.011753269
9136-ALYBR,0.64866525,Protection and support,Engagement and bundling,0.14971337,-0.23236185,-0.13275714,0.14971337,0.021691948,0.008066468
4615-PIVVU,-1.521515,Engagement and bundling,Protection and support,0.0046148226,-0.18061198,-0.25399035,-0.067015976,0.0046148226,-0.14285088
8885-QSQBX,0.58860743,Price and plan fit,Engagement and bundling,0.11627745,-0.2400267,-0.3070492,-0.17175704,-0.1580738,0.11627745
7479-NITWS,0.6372079,Service quality,Price and plan fit,0.37001234,0.37001234,-0.09878446,0.14025822,0.046023156,0.20960104
8617-ENBDS,0.6446093,Service quality,Protection and support,0.30390057,0.30390057,-0.0798067,0.1489362,-0.21609733,-0.09947047
9385-NXKDA,-1.561703,Engagement and bundling,Billing and payment,0.13564922,-0.16584253,-0.12974755,-0.22688852,0.13564922,-0.22482014
0430-IHCDJ,0.50944173,Billing and payment,Protection and support,0.40260088,-0.300933,0.40260088,0.12344783,-0.06220513,-0.08655059
2959-MJHIC,0.6303208,Billing and payment,Service quality,0.36010906,0.3070036,0.36010906,0.13720655,-0.056184065,0.017520443
6674-KVJHG,-0.736601,Billing and payment,Protection and support,0.09473937,-0.659772,0.09473937,0.069413915,-0.17276897,-0.26970637
1814-DKOLC,0.5205084,Protection and support,Engagement and bundling,0.09401392,-0.8728463,-0.34753773,0.09401392,-0.03959766,-0.20303261
4201-JMNGR,0.57973605,Billing and payment,Price and plan fit,0.2975065,-0.30506518,0.2975065,-0.1587726,-0.1589239,0.14570816
9351-HXDMR,-1.468074,Price and plan fit,Engagement and bundling,0.4997779,0.17481163,-0.089251086,-0.32280204,0.195621,0.4997779
3537-HPKQT,0.550798,Service quality,Protection and support,0.2814495,0.2814495,-0.11844121,0.13232473,-0.09486324,-0.14833412
2129-ALKBS,0.46916008,Billing and payment,Protection and support,0.31596738,-0.8517449,0.31596738,0.07989299,-0.040896438,-0.20270963
5821-MMEIL,-1.4376501,Protection and support,Engagement and bundling,0.065751344,-0.48536325,-0.23790415,0.065751344,-0.22466305,-0.3675231
5960-WPXQM,0.64761955,Billing and payment,Service quality,0.33072817,0.29416558,0.33072817,0.14898491,-0.057892743,0.2248742
0684-AOSIH,0.5790617,Price and plan fit,Billing and payment,0.45485282,0.28466082,0.3023581,-0.13901238,0.046975568,0.45485282
8260-NGFNY,0.6366014,Protection and support,Price and plan fit,0.13429314,-0.22863556,-0.34516773,0.13429314,0.017624125,0.028855916
1309-XGFSN,-0.5668456,Billing and payment,Engagement and bundling,0.29024136,-0.19867036,0.29024136,0.102313995,0.24596709,-0.14057663
1866-RZZQS,0.4877525,Billing and payment,Service quality,0.3269055,0.29910251,0.3269055,0.15969579,0.25606096,0.16618697
6968-URWQU,-0.71287125,Protection and support,Price and plan fit,0.11996044,-0.20481086,-0.13339815,0.11996044,-0.16690639,-0.069297954
4742-TXUEX,-1.3873125,Protection and support,Engagement and bundling,0.05620441,-0.4841539,-0.23916808,0.05620441,-0.19873714,-0.7419602
9631-XEYKE,0.5626443,Protection and support,Price and plan fit,0.121329345,-0.22183177,-0.37957603,0.121329345,-0.07281342,-0.045859218
8631-NBHFZ,-1.4298722,No actionable lever,Service quality,-0.047656074,-0.16020636,-0.22307993,-0.2926459,-0.047656074,-0.19130924
1335-MXCSE,-1.471842,No actionable lever,Billing and payment,-0.0883203,-0.16986819,-0.091330595,-0.0883203,-0.2275432,-0.30732542
8873-TMKGR,-0.66470385,Protection and support,Engagement and bundling,0.06300596,-0.5470301,-0.37476385,0.06300596,-0.32284304,-0.9744401
8800-JOOCF,0.611222,Billing and payment,Service quality,0.38189566,0.3467282,0.38189566,0.1299811,0.05664923,-0.015611712
1469-LBJQJ,0.4494137,Billing and payment,Service quality,0.32697695,0.28583857,0.32697695,0.09080486,0.17758298,0.10492368
4958-XCBDQ,0.46542785,Billing and payment,Service quality,0.34741944,0.2922753,0.34741944,0.15686135,0.19350126,0.059064254
8337-UPOAQ,0.59533536,Service quality,Billing and payment,0.3525523,0.3525523,0.31404772,0.14402428,0.08549878,0.179702
0064-YIJGF,0.55695856,Service quality,Protection and support,0.3263937,0.3263937,-0.08857908,0.13801773,-0.100243196,-0.26917124
2386-OWURY,0.46504605,Billing and payment,Service quality,0.32875726,0.29157716,0.32875726,-0.10556029,0.057325825,-0.06293603
1725-IQNIY,-1.2298367,Price and plan fit,Service quality,0.6911013,0.19555025,-0.21911032,-0.28594106,0.034799196,0.6911013
0310-VQXAM,0.5098944,Protection and support,Price and plan fit,0.0770517,-0.85764426,-0.3510648,0.0770517,-0.18294,-0.10160743
6598-RFFVI,-0.82084644,Protection and support,Engagement and bundling,0.06523634,-0.57550764,-0.31622478,0.06523634,-0.30479717,-0.68650824
3453-RTHJQ,0.6260573,Service quality,Billing and payment,0.35722888,0.35722888,0.32818508,0.14767712,-0.22936516,-0.14672327
6712-OAWRH,0.54072315,Billing and payment,Service quality,0.3299713,0.32543024,0.3299713,0.14426553,0.07462056,0.05056324
6278-FEPBZ,0.5105685,Protection and support,Engagement and bundling,0.07067965,-0.9160397,-0.3522384,0.07067965,-0.21901266,-0.5060261
4280-DLSHD,0.52999234,Protection and support,Price and plan fit,0.11050948,-0.3898333,-0.11903675,0.11050948,-0.20132954,-0.09448193
1508-DFXCU,0.6042477,Billing and payment,Service quality,0.3890437,0.35000056,0.3890437,0.12839729,-0.045849018,0.01509203
8614-VGMMV,0.5048616,Billing and payment,Protection and support,0.42578688,-0.298236,0.42578688,0.11988915,-0.07612488,-0.056680255
7868-BGSZA,-0.537148,Billing and payment,Engagement and bundling,0.334255,-0.22724968,0.334255,-0.1418003,0.2948661,-0.16239434
2800-QQUSO,0.46625888,Billing and payment,Service quality,0.35598812,0.30189267,0.35598812,-0.08214573,0.20390217,0.23455992
2930-UOTMB,0.47514373,No actionable lever,Price and plan fit,-0.10732345,-0.38319397,-0.29214728,-0.27242106,-0.10732345,-0.1635753
7973-DZRKH,-1.5910429,Service quality,Billing and payment,0.18740085,0.18740085,-0.10934497,-0.3114174,-0.12303127,-0.21785045
5914-DVBWJ,0.5704293,Billing and payment,Service quality,0.3443733,0.3019223,0.3443733,-0.12811953,-0.04862727,-0.041162986
7698-YFGEZ,0.60684955,Protection and support,Price and plan fit,0.0874657,-0.6549561,-0.32259062,0.0874657,-0.1699419,0.0653135
2533-QVMSK,-1.4697897,Billing and payment,Service quality,0.44185045,0.20087028,0.44185045,-0.15092377,0.06690879,-0.033719584
9773-PEQBZ,0.59629524,Service quality,Price and plan fit,0.34206104,0.34206104,-0.011686333,0.079884216,-0.06784349,0.08627182
8644-XLFBW,0.6478676,Billing and payment,Service quality,0.30131918,0.29004043,0.30131918,0.14372678,-0.16069894,0.22698954
0650-BWOZN,0.5720665,Billing and payment,Service quality,0.3440093,0.31207463,0.3440093,0.09149029,-0.22699253,-0.25505465
8625-AZYZY,0.44504404,Billing and payment,Service quality,0.35791874,0.323319,0.35791874,0.07872863,0.20170632,0.32158524
7785-RDVIG,0.52605116,Protection and support,Engagement and bundling,0.0706639,-0.8617458,-0.4412388,0.0706639,-0.17002526,-0.8387731
9602-WCXPI,-0.7338976,Protection and support,Billing and payment,0.0663413,-0.5166437,-0.2583911,0.0663413,-0.32920372,-0.41975278
2903-YYTBW,0.577168,Protection and support,Price and plan fit,0.12597841,-0.2308214,-0.01034958,0.12597841,-0.15276136,0.089163505
3620-MWJNE,0.5698556,No actionable lever,Billing and payment,-0.047515474,-0.29493314,-0.13176839,-0.35724112,-0.16313875,-0.047515474
8573-JGCZW,-0.7688938,Protection and support,Billing and payment,0.08774588,-0.61013687,-0.05269599,0.08774588,-0.36421803,-0.6639094
6837-HAEVO,-1.3311656,Price and plan fit,Billing and payment,0.49424258,0.2132825,0.30189902,0.093895376,0.19509542,0.49424258
6701-YVNQG,-1.5508657,Engagement and bundling,Billing and payment,0.09483111,-0.16736786,-0.13259205,-0.41312808,0.09483111,-0.2227553
9306-CPCBC,0.6265997,Billing and payment,Service quality,0.3634897,0.29240233,0.3634897,0.14038286,-0.055364955,-0.032527663
4304-XUMGI,-1.4895656,Engagement and bundling,Billing and payment,0.11561954,-0.16132455,-0.09059535,-0.19091858,0.11561954,-0.31376356
9504-YAZWB,-1.4509093,Protection and support,Engagement and bundling,0.07135124,-0.49511927,-0.303731,0.07135124,-0.21595173,-0.4195885
8819-ZBYNA,-1.2181519,Price and plan fit,Service quality,0.6605181,0.19832025,-0.07488608,-0.34998727,0.16183814,0.6605181
6174-NRBTZ,-0.73142976,No actionable lever,Engagement and bundling,-0.11315564,-0.19541427,-0.11315564,-0.19255592,-0.17604908,-0.42999208
9481-IEBZY,0.46483162,Service quality,Price and plan fit,0.23886567,0.23886567,-0.12805057,-0.42961907,0.091628246,0.18030062
1833-VGRUM,0.64955676,Billing and payment,Service quality,0.3101627,0.29004043,0.3101627,0.1438706,-0.043279026,0.22031406
6137-NICCO,0.6094643,Service quality,Price and plan fit,0.35768494,0.35768494,-0.07738886,0.11049634,0.037659958,0.19505574
9065-ZCPQX,-1.5122966,Engagement and bundling,Service quality,0.08137881,-0.15446974,-0.2571005,-0.36567867,0.08137881,-0.29148167
6402-EJMWF,0.52552044,Protection and support,Engagement and bundling,0.15793452,-0.25864395,-0.10948288,0.15793452,-0.062470675,-0.14880285
3620-EHIMZ,-1.4489275,Protection and support,Engagement and bundling,0.071170785,-0.5332477,-0.29982564,0.071170785,-0.24780306,-0.621967
3213-VVOLG,-1.7614979,Protection and support,Engagement and bundling,0.07508815,-0.5197489,-0.2960879,0.07508815,-0.05027803,-0.62211186
6870-ECSHE,-0.8035073,Protection and support,Engagement and bundling,0.0652574,-0.62404996,-0.3256977,0.0652574,-0.30634052,-0.49200478
8747-UDCOI,-1.424775,Protection and support,Billing and payment,0.07621465,-0.5170765,-0.22282682,0.07621465,-0.27972174,-0.7355231
8374-XGEJJ,0.47174457,Billing and payment,Service quality,0.31913716,0.29616514,0.31913716,0.08796673,0.20173253,0.12211678
2656-TABEH,0.5509518,Price and plan fit,Service quality,0.43410665,0.31984544,0.30159235,0.1042872,0.23197924,0.43410665
6946-LMSQS,-0.6922186,Billing and payment,Service quality,0.32313833,0.2382262,0.32313833,-0.14003114,0.088357955,-0.11563253
4626-OZDTJ,-0.47591138,Engagement and bundling,Billing and payment,0.29175264,-0.20490126,-0.07257092,-0.11983082,0.29175264,-0.17453879
9169-BSVIN,0.46562913,Engagement and bundling,Protection and support,0.16993906,-0.37993836,-0.39791682,0.12772796,0.16993906,-0.1010564
2325-ZUSFD,-0.4789324,Engagement and bundling,Billing and payment,0.18723944,-0.20109862,-0.0852583,-0.16308436,0.18723944,-0.22856836
8194-PEEBY,-0.72810596,Protection and support,Billing and payment,0.060723174,-0.58390856,-0.30700806,0.060723174,-0.35278046,-0.6221794
6872-HXFNF,-0.68006027,No actionable lever,Service quality,-0.073318265,-0.17143582,-0.29257014,-0.073318265,-0.23835234,-0.2702293
3932-CMDTD,-0.7296152,Price and plan fit,Service quality,0.5142747,0.2333171,0.22743767,-0.09534092,0.0728839,0.5142747
7714-YXSMB,0.4769646,Service quality,Price and plan fit,0.34117982,0.34117982,-0.110561654,0.1511399,0.20408288,0.20641404
8387-UGUSU,0.47219124,Protection and support,Engagement and bundling,0.07468981,-0.8305644,-0.4527702,0.07468981,-0.16417164,-0.4440217
1080-BWSYE,-1.3783317,Protection and support,Engagement and bundling,0.08574076,-0.46929333,-0.22735004,0.08574076,-0.13396394,-0.49938717
4039-HEUNW,0.4884252,Billing and payment,Service quality,0.33570272,0.29158774,0.33570272,0.08852119,0.18169554,0.021853372
1194-HVAIF,0.48382396,Service quality,Engagement and bundling,0.32668754,0.32668754,-0.38838494,0.13225879,0.17673741,-0.0337426
0812-WUPTB,0.6561486,Service quality,Price and plan fit,0.29088587,0.29088587,-0.30616224,0.1282595,-0.16174853,0.2497804
3594-UVONA,-0.48155093,Engagement and bundling,Billing and payment,0.29931426,-0.21692097,-0.09997321,-0.3101153,0.29931426,-0.10675304
0004-TLHLJ,0.6273052,Billing and payment,Service quality,0.3581964,0.3057925,0.3581964,0.13600324,-0.16873382,-0.0051622614
1767-TGTKO,0.52508134,Billing and payment,Protection and support,0.34661824,-0.34966984,0.34661824,0.118314445,-0.20155779,-0.15295616
8439-LTUGF,0.5208827,Protection and support,Billing and payment,0.079591535,-0.8718138,-0.1215174,0.079591535,-0.18827935,-0.22990152
8805-JNRAZ,0.5813681,Protection and support,Price and plan fit,0.11250934,-0.22331798,-0.3533434,0.11250934,-0.21082607,-0.06038522
5089-IFSDP,-1.241404,Price and plan fit,Service quality,0.6743101,0.19694325,-0.07544759,-0.22364484,0.15841144,0.6743101
6418-HNFED,-1.5154052,Engagement and bundling,Billing and payment,0.05189428,-0.19457471,-0.10644919,-0.35530132,0.05189428,-0.21146977
0206-OYVOC,-1.4519187,Protection and support,Billing and payment,0.07089711,-0.50489664,-0.14382541,0.07089711,-0.19885918,-0.86808974
7291-CDTMJ,0.61820126,Protection and support,Price and plan fit,0.09582154,-0.6620096,-0.0802318,0.09582154,-0.16853754,0.036284104
7128-GGCNO,0.54601896,Service quality,Protection and support,0.28669307,0.28669307,-0.34807417,0.12192694,-0.13343427,-0.19993976
0237-YFUTL,0.389113,Service quality,Price and plan fit,0.28555322,0.28555322,-0.12036607,-0.39638972,0.15289755,0.260095
7691-KGKGP,0.4647429,No actionable lever,Protection and support,-0.0649397,-0.293178,-0.29929498,-0.13986388,-0.0649397,-0.19132853
6710-HSJRD,0.4142235,Billing and payment,Service quality,0.30710647,0.28122917,0.30710647,-0.1593346,0.19273521,0.15434085
3675-EQOZA,0.5034241,Protection and support,Engagement and bundling,0.074297026,-0.8631723,-0.35818627,0.074297026,-0.17562161,-0.41977927
0840-DCNZE,-0.4821013,Engagement and bundling,Billing and payment,0.14057639,-0.21264131,-0.09630535,-0.3582276,0.14057639,-0.19154587
1732-FEKLD,-0.80160314,Service quality,Price and plan fit,0.22391368,0.22391368,-0.101947196,0.11365519,-0.09517184,0.13405743
9862-KJTYK,0.5156736,Protection and support,Engagement and bundling,0.11867417,-0.30216062,-0.1420187,0.11867417,-0.07400528,-0.30041716
0479-HMSWA,-1.5719244,Price and plan fit,Billing and payment,0.46766138,0.21996124,0.3035871,-0.16862045,-0.005590341,0.46766138
5854-KSRBJ,-1.452501,Protection and support,Engagement and bundling,0.075752676,-0.50282604,-0.3222006,0.075752676,-0.16553965,-0.43255037
0365-BZUWY,0.4865021,Billing and payment,Service quality,0.3513447,0.3101815,0.3513447,0.07703444,0.17553216,0.27801606
4817-VYYWS,0.4774026,Billing and payment,Service quality,0.33722934,0.32602513,0.33722934,0.08389556,0.16797397,0.16841465
5701-SVCWR,0.60310805,Protection and support,Price and plan fit,0.093810916,-0.71623915,-0.31555632,0.093810916,-0.053582862,0.028056547
3129-AAQOU,-1.5050744,Protection and support,Engagement and bundling,0.07563584,-0.52679485,-0.33243135,0.07563584,-0.105974026,-0.37270308
4922-CVPDX,-1.579138,Engagement and bundling,Protection and support,0.10866183,-0.2660662,-0.07759981,0.09650366,0.10866183,-0.1821953
1396-QWFBJ,0.57598454,Service quality,Protection and support,0.31730676,0.31730676,-0.11881151,0.11124523,-0.16893661,-0.11623875
1357-BIJKI,-0.6220138,Billing and payment,Engagement and bundling,0.33007407,0.2295711,0.33007407,0.09262443,0.27584663,0.12877944
1099-BTKWT,-0.5308372,Engagement and bundling,Billing and payment,0.40255764,-0.19668737,0.3476731,-0.087860644,0.40255764,-0.18467206
5299-SJCZT,0.5455074,Price and plan fit,Service quality,0.3599499,0.3009361,-0.06423995,0.1593414,0.18645662,0.3599499
2018-PZKMU,0.4793647,Service quality,Price and plan fit,0.34469575,0.34469575,-0.084657535,-0.048565462,0.03481888,0.3418229
7340-KEFQE,-1.4649615,No actionable lever,Service quality,-0.13986899,-0.16812223,-0.2231272,-0.3320027,-0.13986899,-0.3796843
4570-QHXHL,0.52606684,Billing and payment,Protection and support,0.35836482,-0.3259244,0.35836482,0.12363119,-0.2355542,-0.15606202
2403-BCASL,-0.5777924,Price and plan fit,Billing and payment,0.28587428,0.21754982,0.24330743,-0.1407539,0.22867787,0.28587428
7392-YYPYJ,0.46728173,Billing and payment,Service quality,0.34582055,0.32104534,0.34582055,0.10344448,0.23153144,0.24345821
2898-LSJGD,-0.56062746,Engagement and bundling,Billing and payment,0.34081286,-0.22415632,0.33687213,-0.068463996,0.34081286,0.06809822
2223-GDSHL,-1.5018423,Price and plan fit,Service quality,0.23723376,0.17457469,-0.07616492,-0.41503116,0.07953237,0.23723376
7359-PTSXY,0.57555026,Protection and support,Price and plan fit,0.12540202,-0.23227799,0.0003745174,0.12540202,-0.17056204,0.12517503
9470-RTWDV,-0.50781095,Engagement and bundling,Protection and support,0.29681376,-0.29953703,-0.0780565,-0.07685594,0.29681376,-0.16521361
2176-OSJUV,-1.4376459,No actionable lever,Service quality,-0.12728311,-0.15803514,-0.2813023,-0.3297404,-0.12728311,-0.3111064
9348-YVOMK,0.56941456,Protection and support,Price and plan fit,0.12381853,-0.25223556,-0.093470275,0.12381853,-0.18191645,0.022801742
8104-OSKWT,0.60138965,Billing and payment,Service quality,0.34802845,0.34521487,0.34802845,-0.23185672,-0.03281028,-0.023526631
4521-YEEHE,0.5651704,Billing and payment,Service quality,0.38315886,0.30823734,0.38315886,-0.08457824,0.078052916,-0.030585062
4090-KPJIP,0.6309855,Billing and payment,Service quality,0.3634897,0.2951157,0.3634897,0.14038286,-0.055364955,-0.039506964
3786-WOVKF,-0.6312184,Engagement and bundling,Price and plan fit,0.26920962,0.16887309,-0.10087847,-0.23352659,0.26920962,0.26003805
4503-BDXBD,0.5865918,Service quality,Protection and support,0.33958745,0.33958745,-0.011993908,0.079774864,-0.18000151,0.05235238
6086-ESGRL,0.6198447,Service quality,Price and plan fit,0.29373065,0.29373065,-0.3064236,0.13308291,-0.042971835,0.26841092
2592-HODOV,-0.7682848,Protection and support,Billing and payment,0.05688005,-0.6082444,-0.30285236,0.05688005,-0.36231148,-0.91387576
3886-CERTZ,-0.6300038,Price and plan fit,Billing and payment,0.39337286,0.20815514,0.2990798,-0.09075288,0.26806918,0.39337286
7995-ZHHNZ,-0.6954752,No actionable lever,Price and plan fit,-0.14264221,-0.19967851,-0.27317297,-0.14264221,-0.2464758,-0.16692036
3824-RHKVR,0.4894157,Protection and support,Engagement and bundling,0.07089712,-0.82285416,-0.34664813,0.07089712,-0.20825289,-0.4115031
5816-SCGFC,0.52893996,Protection and support,Billing and payment,0.1012691,-0.34165394,-0.12493596,0.1012691,-0.20196037,-0.13899247
5989-AXPUC,-1.416771,Price and plan fit,Service quality,0.35708728,0.18784806,-0.29064196,-0.2920815,0.12407408,0.35708728
4979-HPRFL,-1.4456921,Protection and support,Engagement and bundling,0.07776101,-0.52924025,-0.22580102,0.07776101,-0.119229175,-0.68003243
8590-OHDIW,-0.73444104,Protection and support,Billing and payment,0.06305348,-0.527509,-0.2949395,0.06305348,-0.30659813,-0.44918334
8015-IHCGW,-1.558675,Billing and payment,Service quality,0.29610854,0.1791125,0.29610854,-0.43198153,0.03420448,0.107198656
2332-TODQS,-0.7358968,Protection and support,Engagement and bundling,0.07358545,-0.53452057,-0.24396756,0.07358545,-0.2403591,-0.32869047
9278-VZKCD,0.40821773,Billing and payment,Service quality,0.28809392,0.270096,0.28809392,-0.22683272,0.12770443,0.17872809
8008-OTEZX,-0.7333984,Protection and support,Billing and payment,0.060063686,-0.5765315,-0.2913176,0.060063686,-0.35593298,-0.68421537
2773-OVBPK,-1.2952483,Price and plan fit,Engagement and bundling,0.6511591,0.20533295,-0.054491065,-0.109256044,0.20619008,0.6511591
5999-LCXAO,0.6029566,Price and plan fit,Engagement and bundling,0.07638568,-0.2339206,-0.32912922,-0.15426502,0.025687441,0.07638568
5206-XZZQI,0.54821587,Service quality,Protection and support,0.29001468,0.29001468,-0.16048911,-0.14300916,-0.21164006,-0.23413602
4803-LBYPN,0.44317624,Protection and support,Engagement and bundling,0.07059911,-0.8044987,-0.3929283,0.07059911,-0.17808467,-0.4391325
5759-RCVCB,0.58099794,Protection and support,Engagement and bundling,0.12889758,-0.2282396,-0.35809165,0.12889758,0.0965454,-0.092616856
6372-RFVNS,0.6293707,Service quality,Price and plan fit,0.2921877,0.2921877,0.0011282628,0.13274066,-0.051398434,0.2489779
2139-FQHLM,0.5630201,Service quality,Price and plan fit,0.30917612,0.30917612,-0.39522985,-0.08547946,-0.0441942,-0.037621714
8261-GWDBQ,-1.3055792,Price and plan fit,Service quality,0.50696176,0.16946669,-0.09119104,-0.33213657,0.100562826,0.50696176
1093-YSWCA,-1.5260733,Protection and support,Engagement and bundling,0.06506394,-0.5667763,-0.26937133,0.06506394,-0.25633383,-0.7210539
8938-UMKPI,0.42282283,Billing and payment,Service quality,0.32058987,0.30602786,0.32058987,0.09764547,0.23709838,0.23791747
0991-BRRFB,0.46938163,Billing and payment,Price and plan fit,0.07403772,-0.30758676,0.07403772,-0.133159,-0.18987449,0.024153532
3882-IYOIJ,-1.3078057,Price and plan fit,Service quality,0.45188072,0.18093398,-0.20936103,-0.31178704,0.10805631,0.45188072
8749-TZYEC,-1.4607589,Protection and support,Engagement and bundling,0.105744086,-0.5025364,-0.25141305,0.105744086,-0.13250533,-0.54226995
1755-FZQEC,-0.7324031,Protection and support,Billing and payment,0.061991252,-0.5806693,-0.2978227,0.061991252,-0.35387,-0.6867396
3115-JPJDD,-0.8267569,Service quality,Billing and payment,0.20448795,0.20448795,-0.09639801,-0.17321162,-0.3307577,-0.22643176
5600-KTXFM,0.6421247,Service quality,Protection and support,0.2876435,0.2876435,-0.3634913,0.12322147,-0.2047889,-0.0410764
3871-IKPYH,0.62952447,Service quality,Price and plan fit,0.28728545,0.28728545,-0.006531858,0.12980276,-0.16174908,0.24867421
6319-IEJWJ,0.547668,Billing and payment,Service quality,0.35341138,0.3127298,0.35341138,0.14529844,0.061016448,-0.012889609
9025-AOMKI,0.5706896,Service quality,Price and plan fit,0.35634235,0.35634235,-0.05495791,0.14608279,0.17949142,0.19092876
6339-TBELP,-1.6508626,Service quality,Protection and support,0.18323207,0.18323207,-0.1254373,-0.073979236,-0.12796749,-0.2959503
7964-YESJC,0.48066273,No actionable lever,Protection and support,-0.11425004,-0.38822907,-0.39398715,-0.18540551,-0.11425004,-0.21169439
6173-GOLSU,0.48149168,Service quality,Engagement and bundling,0.27509907,0.27509907,-0.10518581,0.17212428,0.20164894,-0.11829533
5275-SQEIZ,0.6278703,Service quality,Price and plan fit,0.29532695,0.29532695,-0.10252505,0.15264761,-0.041423038,0.2426136
7716-YTYHG,-0.6457062,Service quality,Engagement and bundling,0.24324578,0.24324578,-0.090444684,0.15452242,0.23889647,-0.13654198
9938-ZREHM,-0.48395747,Engagement and bundling,Price and plan fit,0.14954223,-0.27081773,-0.28901613,-0.09235164,0.14954223,-0.086571805
7950-XWOVN,0.5203622,Protection and support,Engagement and bundling,0.11313793,-0.32648933,-0.4013826,0.11313793,0.0014624,-0.05077985
4390-KYULV,0.537999,Protection and support,Billing and payment,0.08440876,-0.8750618,-0.085118696,0.08440876,-0.18913761,-0.46724877
4647-MUZON,0.50199294,Service quality,Protection and support,0.323763,0.323763,-0.103844404,0.14324786,0.10323562,0.13553587
9702-AIUJO,-0.73247755,Protection and support,Billing and payment,0.12039418,-0.1932831,-0.092521675,0.12039418,-0.31554937,-0.11094329
8849-PRIQJ,-0.5555517,Billing and payment,Price and plan fit,0.28279063,0.21062982,0.28279063,-0.26008922,0.22202091,0.26801372
8851-RAGOV,0.44505447,No actionable lever,Billing and payment,-0.06819029,-0.4106019,-0.16261697,-0.3617569,-0.06819029,-0.27275535
1304-NECVQ,0.6362667,Billing and payment,Service quality,0.3399814,0.28042307,0.3399814,0.1373234,-0.04460384,0.03163319
5396-IZEPB,0.50890136,Protection and support,Engagement and bundling,0.06986599,-0.8893963,-0.32415012,0.06986599,-0.21151537,-0.46459958
1729-VLAZJ,-0.7647259,No actionable lever,Engagement and bundling,-0.15028986,-0.2337247,-0.2999665,-0.30390105,-0.2322951,-0.15028986
8285-ABVLB,-1.3789234,Protection and support,Engagement and bundling,0.060907174,-0.47296542,-0.2994714,0.060907174,-0.22192436,-0.59430003
0701-TJSEF,0.46737653,No actionable lever,Price and plan fit,-0.04341814,-0.37149462,-0.08387722,-0.33385122,-0.04341814,-0.068871856
5712-VBOXD,0.52124786,Protection and support,Billing and payment,0.07718838,-0.9025421,-0.09786257,0.07718838,-0.18475617,-0.5639742
6629-LADHQ,0.5721043,No actionable lever,Protection and support,-0.0924311,-0.22902656,-0.33554828,-0.19082761,-0.1933139,-0.0924311
8945-GRKHX,0.6121478,Service quality,Price and plan fit,0.28782216,0.28782216,-0.037725158,0.13772132,-0.06024132,0.26765504
1559-DTODC,0.5428612,Protection and support,Engagement and bundling,0.13994737,-0.29314917,-0.15571734,0.13994737,0.009620875,-0.12752734
4797-MIWUM,0.5254751,Protection and support,Billing and payment,0.0779334,-0.9220818,-0.057744063,0.0779334,-0.20177975,-0.45746234
6959-UWKHF,0.5994486,Billing and payment,Protection and support,0.3318977,-0.23600428,0.3318977,0.13932604,-0.17019269,0.09040422
8720-RQSBJ,0.57353175,Protection and support,Price and plan fit,0.12405715,-0.22938919,0.003313995,0.12405715,-0.17093629,0.120740816
4537-CIBHB,-0.7108535,Protection and support,Engagement and bundling,0.06936704,-0.60522926,-0.34373015,0.06936704,-0.29068077,-0.44085658
3815-SLMEF,0.56718993,No actionable lever,Engagement and bundling,-0.048448034,-0.23153532,-0.32413313,-0.2687648,-0.063397855,-0.048448034
5154-VEKBL,0.466223,Engagement and bundling,Price and plan fit,0.2000395,-0.358436,-0.31091106,-0.31864035,0.2000395,-0.070851445
4324-AHJKS,0.5389233,No actionable lever,Price and plan fit,-0.20716721,-0.33660385,-0.29774606,-0.21555474,-0.20716721,-0.20780037
4355-CVPVS,-0.6050945,Service quality,Engagement and bundling,0.21966393,0.21966393,-0.2895715,0.13443203,0.20402126,-0.11968
4495-LHSSK,0.4842147,No actionable lever,Price and plan fit,-0.069050156,-0.3514234,-0.4463147,-0.15769657,-0.069050156,-0.14354885
5655-JSMZM,0.48728523,Billing and payment,Service quality,0.33706203,0.28853542,0.33706203,0.17001422,0.19772035,0.14197528
5915-ANOEI,-1.4484417,No actionable lever,Price and plan fit,-0.033103947,-0.17935164,-0.31762612,-0.3140265,-0.033103947,-0.17067847
9861-PDSZP,-1.4174534,Price and plan fit,Service quality,0.4961518,0.17963079,-0.091452755,-0.095304884,0.15667826,0.4961518
4505-EXZHB,0.60472417,Service quality,Protection and support,0.33994767,0.33994767,-0.018090256,0.11975604,-0.17327693,0.011831645
7225-CBZPL,0.5104373,Billing and payment,Service quality,0.35022843,0.30525267,0.35022843,0.14875297,0.180314,0.020859614
6704-UTUKK,0.4738902,Billing and payment,Engagement and bundling,0.3432562,-0.38457796,0.3432562,0.16739926,0.32934025,-0.022515532
4587-VVTOX,0.5336876,Service quality,Billing and payment,0.3556818,0.3556818,0.32867718,0.09046675,0.16680574,0.2952528
2019-HDCZY,-1.4556828,Engagement and bundling,Service quality,0.20210004,0.19913033,0.11989487,0.15683453,0.20210004,0.13281208
4652-NNHNY,0.58484876,Service quality,Protection and support,0.31770137,0.31770137,-0.11961389,0.14521311,-0.047584478,-0.20069742
8788-DOXSU,-0.49715602,Protection and support,Engagement and bundling,0.13735802,-0.18378013,-0.07718346,0.13735802,0.08020968,-0.24292266
7404-JLKQG,0.54269207,Protection and support,Engagement and bundling,0.12091154,-0.28969616,-0.07227128,0.12091154,-0.04431548,-0.08378025
7421-ZLUPA,0.5462959,Protection and support,Engagement and bundling,0.12138441,-0.32682988,-0.14832093,0.12138441,0.019647732,-0.040379293
8972-HJWNV,0.59865254,Service quality,Billing and payment,0.36495632,0.36495632,0.29336023,0.15761991,0.12432608,0.1843204
3274-NSDWE,-1.4307929,Protection and support,Billing and payment,0.07228433,-0.49531257,-0.2380462,0.07228433,-0.26015124,-0.77215433
2632-IVXVF,-1.2645943,Price and plan fit,Service quality,0.58749676,0.18684156,-0.20460841,-0.20974316,0.17186965,0.58749676
3692-JHONH,-0.5967461,Price and plan fit,Engagement and bundling,0.36800855,0.2223782,0.28242296,0.09166235,0.30132896,0.36800855
8915-NNTRC,-1.4657772,Price and plan fit,Service quality,0.40030473,0.1735519,-0.07800157,-0.401647,0.15239407,0.40030473
5914-GXMDA,-0.66488916,Protection and support,Engagement and bundling,0.06255881,-0.5356312,-0.36733636,0.06255881,-0.32393053,-0.8294867
7463-IFMQU,-1.4557806,Protection and support,Engagement and bundling,0.10574607,-0.45159486,-0.26874796,0.10574607,-0.22607288,-0.5021112
2920-RNCEZ,0.66526115,Service quality,Price and plan fit,0.292038,0.292038,-0.089747645,0.1415557,-0.14696187,0.21964774
2541-YGPKE,-0.46929616,Engagement and bundling,Price and plan fit,0.062495388,-0.20226343,-0.2354766,-0.2683651,0.062495388,-0.16600536
8515-OCTJS,-1.4261019,Protection and support,Engagement and bundling,0.06939415,-0.5029229,-0.2579067,0.06939415,-0.07427029,-0.23123318
5382-TEMLV,0.48184478,No actionable lever,Billing and payment,-0.03540109,-0.3151288,-0.15486477,-0.19078209,-0.19218941,-0.03540109
3441-CGZJH,-0.4695427,Engagement and bundling,Billing and payment,0.22001994,-0.20091198,-0.09126151,-0.37280795,0.22001994,-0.14658467
9592-ERDKV,-0.4811207,Engagement and bundling,Price and plan fit,0.287361,-0.20868458,-0.31992424,-0.13656335,0.287361,-0.0605916
2860-RANUS,0.5407823,Service quality,Protection and support,0.31238294,0.31238294,-0.11195315,0.1431112,0.081326574,-0.025290146
5261-QSHQM,0.5816824,Billing and payment,Protection and support,0.3669903,-0.25572035,0.3669903,0.14026542,0.04915701,-0.0969988
4778-IZARL,-1.2973785,Price and plan fit,Service quality,0.5847433,0.18658115,-0.0831421,-0.3426202,0.06965225,0.5847433
0432-CAJZV,0.59318113,Service quality,Protection and support,0.2959033,0.2959033,-0.3891337,0.13750523,0.07620836,-0.030559883
7008-LZVOZ,-1.4740727,Protection and support,Billing and payment,0.082568526,-0.507025,-0.08644167,0.082568526,-0.15571086,-0.46456403
8868-WOZGU,0.4345892,Billing and payment,Service quality,0.3387426,0.31908494,0.3387426,0.08160783,0.1809956,0.29474247
1200-TUZHR,0.5852136,Service quality,Price and plan fit,0.35657072,0.35657072,-0.032324757,0.1286427,0.088263795,0.13331485
9365-CSLBQ,-1.4398234,Protection and support,Engagement and bundling,0.114338204,-0.471246,-0.3658348,0.114338204,-0.16077927,-0.54248476
1334-FJSVR,0.63707376,Billing and payment,Protection and support,0.34154525,-0.23634155,0.34154525,0.15212834,0.042354286,0.010458268
5884-FBCTL,-1.4712223,Protection and support,Engagement and bundling,0.09900375,-0.50202227,-0.25004646,0.09900375,-0.1177492,-0.47121325
7130-CTCUS,0.4920326,No actionable lever,Billing and payment,-0.05193584,-0.33402577,-0.10703863,-0.21342142,-0.17814788,-0.05193584
6242-FEGFD,-1.4914303,Service quality,Price and plan fit,0.18210945,0.18210945,-0.34693933,-0.3160676,-0.15155031,-0.036645293
7625-XCQRH,0.61042595,Billing and payment,Service quality,0.3684147,0.34522182,0.3684147,0.12500322,-0.07207512,-0.013769839
6194-HBGQN,-0.680029,No actionable lever,Billing and payment,-0.10748643,-0.21025985,-0.11695066,-0.34353754,-0.121566534,-0.10748643
7634-WSWDB,0.50273657,Billing and payment,Engagement and bundling,0.32604346,-0.3477723,0.32604346,-0.22358592,0.06856651,-0.33200505
6986-IXNDM,0.5683297,Billing and payment,Service quality,0.342808,0.34012347,0.342808,0.13869552,0.05414764,-0.049623404
1731-TVIUK,0.57999635,Service quality,Billing and payment,0.3037591,0.3037591,0.2950888,-0.13162376,0.059117656,0.18648937
2987-BJXIK,-1.5409667,Engagement and bundling,Protection and support,0.17735189,-0.1768122,-0.3135255,-0.1714323,0.17735189,-0.200495
9769-TSBZE,-1.3344073,Billing and payment,Engagement and bundling,0.22733602,-0.17948596,0.22733602,-0.3488058,-0.027289312,-0.31508958
0406-BPDVR,-0.5381796,Engagement and bundling,Service quality,0.30821565,0.21199478,-0.06637796,0.107414566,0.30821565,0.17186141
0618-XWMSS,0.55454916,Service quality,Billing and payment,0.31000385,0.31000385,-0.12875648,-0.16360427,-0.17700793,-0.12876904
1395-WSWXR,-1.4848688,Protection and support,Engagement and bundling,0.07329367,-0.51469827,-0.3319715,0.07329367,-0.22582002,-0.5171946
6023-GSSXW,-1.521214,Protection and support,Engagement and bundling,0.12613846,-0.1640451,-0.07688095,0.12613846,-0.03985995,-0.3112939
6752-APNJL,0.478814,No actionable lever,Protection and support,-0.058596805,-0.31085762,-0.333092,-0.15729955,-0.16729265,-0.058596805
5276-KQWHG,0.6331103,Billing and payment,Service quality,0.32832086,0.28082648,0.32832086,0.13799709,-0.16205084,0.024491057
0420-HLGXF,0.4851256,Billing and payment,Service quality,0.32415795,0.29910251,0.32415795,0.15653306,0.24672626,0.17103364
7446-KQISO,-1.304815,Price and plan fit,Service quality,0.67854315,0.2082719,-0.050952498,-0.12533513,0.18054108,0.67854315
9823-EALYC,-1.4955664,No actionable lever,Billing and payment,-0.07693982,-0.16691175,-0.16382886,-0.41098285,-0.07693982,-0.24187154
0582-AVCLN,-1.4513935,Protection and support,Engagement and bundling,0.06384391,-0.5010747,-0.27935266,0.06384391,-0.21172167,-0.36246005
5803-NQJZO,-1.4568251,No actionable lever,Service quality,-0.14156514,-0.15330644,-0.15506639,-0.38683376,-0.14156514,-0.27505547
2565-JSLRY,0.61355424,Protection and support,Price and plan fit,0.10484125,-0.72313356,-0.103750125,0.10484125,-0.064807504,0.017089866
2607-DHDAK,-1.4914093,Protection and support,Billing and payment,0.118858255,-0.4573765,-0.1284047,0.118858255,-0.21677442,-0.5342855
1073-XXCZD,-1.4439533,Protection and support,Engagement and bundling,0.074252315,-0.527688,-0.2327739,0.074252315,-0.15388809,-0.64869404
0743-HRVFF,-0.5393598,Billing and payment,Engagement and bundling,0.29048043,-0.20271514,0.29048043,-0.1785259,0.23441519,-0.16619363
4006-HKYHO,-1.5140033,Engagement and bundling,Billing and payment,0.08090061,-0.18054095,-0.12292296,-0.3600674,0.08090061,-0.25630414
3727-JEZTU,0.60732704,Protection and support,Price and plan fit,0.08580619,-0.66759884,-0.3220527,0.08580619,-0.16759537,0.009575173
8143-ETQTI,-1.533536,Protection and support,Billing and payment,0.080211855,-0.5155662,-0.14131996,0.080211855,-0.21587594,-0.45104027
6689-KXGBO,0.5754863,Price and plan fit,Protection and support,0.13904463,-0.23291808,-0.011118361,0.08989858,-0.15499505,0.13904463
9667-TKTVZ,0.58951753,No actionable lever,Protection and support,-0.011597112,-0.22697774,-0.1246717,-0.055346534,-0.011597112,-0.07740366
3657-COGMW,0.38694733,Service quality,Price and plan fit,0.2714876,0.2714876,-0.25672543,-0.20298678,0.19064647,0.20032465
8570-KLJYJ,-0.69231975,No actionable lever,Protection and support,-0.15489769,-0.19800887,-0.29842395,-0.1576217,-0.23502645,-0.15489769
7754-IXRMC,0.5996593,Protection and support,Price and plan fit,0.12310557,-0.22829825,-0.34148687,0.12310557,-0.16716368,0.116865024
9473-CBZOP,-0.7004167,No actionable lever,Protection and support,-0.077401385,-0.27781639,-0.32973993,-0.13582924,-0.24880506,-0.077401385
2969-WGHQO,-0.75703055,Billing and payment,Price and plan fit,0.080507554,-0.24732143,0.080507554,-0.15330343,-0.12233686,-0.0012397543
6615-NGGZJ,0.5195787,Billing and payment,Service quality,0.33960444,0.33545637,0.33960444,0.07956546,0.18879011,0.21633917
4334-HOWRP,-1.5078425,Engagement and bundling,Service quality,0.16628568,-0.12950982,-0.13622712,-0.48628932,0.16628568,-0.31034714
4255-DDUOU,0.6240195,Protection and support,Price and plan fit,0.097433604,-0.6599888,-0.09312933,0.097433604,-0.15276527,0.020959422
5863-OOKCL,0.46363425,Protection and support,Engagement and bundling,0.060869075,-0.909125,-0.43280408,0.060869075,-0.18701386,-0.94833773
1686-STUHN,-0.73359275,Protection and support,Billing and payment,0.061511308,-0.5614799,-0.22305553,0.061511308,-0.36107263,-0.65484476
1329-VHWNP,0.5345201,Protection and support,Engagement and bundling,0.123011254,-0.33071628,-0.33416775,0.123011254,-0.07380911,-0.23387975
2984-MIIZL,0.64185363,Service quality,Protection and support,0.31431848,0.31431848,-0.0855463,0.14827104,-0.2150273,-0.08188949
0266-GMEAO,-1.5287111,Price and plan fit,Service quality,0.20348573,0.16577645,-0.076731555,-0.41621882,0.09515253,0.20348573
5590-YRFJT,0.5419314,Billing and payment,Protection and support,0.4169973,-0.29166794,0.4169973,0.13955215,0.03427942,-0.10050063
5574-NXZIU,-1.2421103,Price and plan fit,Service quality,0.651396,0.18421713,-0.21562617,-0.2880372,0.039087676,0.651396
0019-GFNTW,-1.4436511,No actionable lever,Service quality,-0.13431102,-0.16078474,-0.25310326,-0.3609495,-0.13431102,-0.27865198
4256-ZWTZI,0.5590946,No actionable lever,Price and plan fit,-0.041436385,-0.26934916,-0.12259629,-0.041436385,-0.18184806,-0.075952545
8309-PPCED,-1.5201137,Price and plan fit,Service quality,0.30050614,0.17958331,-0.09625787,-0.09206658,0.15877251,0.30050614
4098-NAUKP,0.53868985,Billing and payment,Service quality,0.3534241,0.26562408,0.3534241,0.11353865,-0.108434044,-0.16835576
5196-WPYOW,-0.66056556,No actionable lever,Price and plan fit,-0.1813088,-0.1813088,-0.3170543,-0.28549016,-0.3139313,-0.19838692
4608-LCIMN,0.52207255,Protection and support,Price and plan fit,0.11259988,-0.33812842,-0.34520808,0.11259988,-0.21844922,-0.15691324
1485-YDHMM,0.50188655,Service quality,Engagement and bundling,0.2836238,0.2836238,-0.07408276,-0.14198153,0.07806858,-0.17484213
4054-CUMIA,0.5030916,Protection and support,Billing and payment,0.09516826,-0.84053314,-0.15857485,0.09516826,-0.22035787,-0.56297857
0603-TPMIB,-1.4648224,Protection and support,Engagement and bundling,0.07454231,-0.54192424,-0.31879908,0.07454231,-0.12924364,-0.69584894
2525-GVKQU,-1.3399203,Protection and support,Engagement and bundling,0.06342493,-0.52339387,-0.33706495,0.06342493,-0.2371214,-0.525475
8161-QYMTT,0.5678512,Service quality,Billing and payment,0.3715804,0.3715804,0.32699293,0.16576228,0.26023245,0.3143739
9581-GVBXT,-0.708478,No actionable lever,Protection and support,-0.12943001,-0.17816892,-0.30550343,-0.1345225,-0.12943001,-0.1428554
5862-BRIXZ,-1.5234774,Engagement and bundling,Billing and payment,0.1936427,-0.18114455,-0.11080891,-0.3903967,0.1936427,-0.29929492
5404-GGUKR,0.5540217,Billing and payment,Protection and support,0.33456838,-0.26435676,0.33456838,0.09589216,-0.20461534,-0.10745947
3308-JSGML,-1.4669766,Engagement and bundling,Billing and payment,0.19656835,-0.15156275,-0.10717713,-0.3792419,0.19656835,-0.40018556
2126-GSEGL,-1.5363461,Engagement and bundling,Billing and payment,0.18055457,-0.18190834,-0.09917605,-0.1302293,0.18055457,-0.21867308
3677-TNKIO,0.59776765,Service quality,Protection and support,0.33944556,0.33944556,-0.08238962,0.120294705,-0.17523605,-0.0120475255
0440-QEXBZ,0.49506074,Protection and support,Engagement and bundling,0.1301087,-0.30286956,-0.16244254,0.1301087,-0.11907795,-0.20363644
2434-EEVDB,-1.5249832,Service quality,Price and plan fit,0.18767393,0.18767393,-0.11008173,-0.14713515,0.016173646,0.02221138
6762-QVYJO,-1.4979234,Engagement and bundling,Service quality,0.14621703,-0.16479962,-0.27464363,-0.3833271,0.14621703,-0.42499316
6199-IWKGC,-0.5554691,Engagement and bundling,Price and plan fit,0.3296894,0.21554202,0.036653195,-0.027451977,0.3296894,0.28684723
2675-DHUTR,0.47900414,Billing and payment,Service quality,0.33965093,0.28151765,0.33965093,0.10368314,0.20994598,-0.002215013
8152-VETUR,-1.646227,Engagement and bundling,Service quality,0.19346176,0.18259852,-0.09667227,0.16023828,0.19346176,-0.061093546
9667-EQRXU,0.4986039,Billing and payment,Engagement and bundling,0.35796392,-0.29752675,0.35796392,0.15948474,0.1974096,0.0031499527
7446-YPODE,0.5009869,Price and plan fit,Engagement and bundling,0.10125692,-0.38392776,-0.30748338,-0.16776618,-0.08817611,0.10125692
9522-BNTHX,0.45838296,Billing and payment,Engagement and bundling,0.34886736,-0.28735608,0.34886736,0.12903138,0.31677157,-0.100349315
4676-WLUHT,-1.5112993,Engagement and bundling,Protection and support,0.18539076,-0.162363,-0.2529918,-0.14408886,0.18539076,-0.218258
3329-WDIOK,0.5526788,Billing and payment,Engagement and bundling,0.31225717,-0.28274465,0.31225717,0.11186586,0.24118488,-0.058533102
7980-MHFLQ,-1.4822824,Protection and support,Engagement and bundling,0.099025145,-0.5174881,-0.32715556,0.099025145,-0.119928345,-0.5106871
2873-ZLIWT,0.54587203,Billing and payment,Service quality,0.35112387,0.3067416,0.35112387,-0.06729445,-0.048634715,-0.16988501
3415-TAILE,0.5427548,Protection and support,Engagement and bundling,0.13885227,-0.2726369,-0.33685303,0.13885227,0.060966287,-0.03227298
0757-WCUUZ,-1.4946816,Protection and support,Engagement and bundling,0.12322044,-0.1636373,-0.2552337,0.12322044,0.08936858,-0.22565249
1629-DQQVB,0.49842325,No actionable lever,Protection and support,-0.072436646,-0.32871026,-0.36311716,-0.15750934,-0.20016237,-0.072436646
1915-IOFGU,0.6315669,Service quality,Price and plan fit,0.29057318,0.29057318,-0.016580425,0.12887973,-0.15940255,0.23108533
3045-XETSH,0.5618309,Service quality,Billing and payment,0.35356706,0.35356706,0.3257201,0.08920805,0.058463916,0.31047088
0374-AACSZ,0.5658272,Price and plan fit,Billing and payment,0.118531376,-0.24434054,0.026881449,-0.15363413,-0.15947986,0.118531376
7239-HZZCX,0.60684955,Protection and support,Price and plan fit,0.087211706,-0.6557077,-0.32259062,0.087211706,-0.1699419,0.054831333
4872-VXRIL,-0.66855925,No actionable lever,Service quality,-0.116471596,-0.19312651,-0.116471596,-0.35892433,-0.23491915,-0.30974084
9140-CZQZZ,-1.5087471,Engagement and bundling,Billing and payment,0.079909444,-0.18563259,-0.11108873,-0.3562131,0.079909444,-0.36377782
3423-HHXAO,-0.7908654,Protection and support,Billing and payment,0.076468885,-0.5819995,-0.12267261,0.076468885,-0.30641186,-0.33474383
9938-TKDGL,-1.5274265,Billing and payment,Service quality,0.35231784,0.19679856,0.35231784,-0.277709,0.09885445,0.08355722
0531-ZZJWQ,0.5330453,Billing and payment,Service quality,0.3591829,0.26913017,0.3591829,0.13849674,-0.11939428,-0.15459915
6537-QLGEX,0.5059595,Billing and payment,Engagement and bundling,0.39638633,-0.29737806,0.39638633,-0.19911362,0.10875186,-0.31936365
2688-BHGOG,0.5942966,Service quality,Billing and payment,0.33880085,0.33880085,0.29628968,0.1372912,-0.07965607,0.12572505
7683-CBDKJ,0.5004885,Billing and payment,Engagement and bundling,0.3492633,-0.37274206,0.3492633,-0.19527294,-0.085577026,-0.10520494
0946-CLJTI,0.47960055,Billing and payment,Service quality,0.3481099,0.28341502,0.3481099,0.18422177,0.24018927,0.08406158
3160-TYXLT,0.44307327,Engagement and bundling,Billing and payment,0.16682616,-0.28276825,-0.13483499,-0.17969047,0.16682616,-0.16634966
1325-USMEC,-1.52707,Service quality,Price and plan fit,0.19335833,0.19335833,-0.09327265,-0.18510987,0.0035982784,0.11069178
0916-QOFDP,0.5390514,Service quality,Billing and payment,0.3303245,0.3303245,0.32196662,0.1504554,0.17900681,0.23233765
0628-CNQRM,-0.6785811,No actionable lever,Engagement and bundling,-0.118795514,-0.23866013,-0.118795514,-0.2901275,-0.2002255,-0.2771499
5606-AMZBO,0.6176475,Service quality,Price and plan fit,0.34013245,0.34013245,-0.12410857,-0.17376128,-0.07103946,0.022089612
6199-IPCAO,-1.4192494,Protection and support,Engagement and bundling,0.07610874,-0.5301137,-0.349856,0.07610874,-0.114674985,-0.3232314
7665-TOALD,0.651912,Billing and payment,Service quality,0.31706858,0.29167905,0.31706858,0.14280373,-0.1583524,0.21209624
0112-QWPNC,-0.47566918,Engagement and bundling,Billing and payment,0.26452318,-0.21682361,0.120587066,-0.25945178,0.26452318,-0.10116931
0324-BRPCJ,0.46990564,Billing and payment,Service quality,0.3249421,0.27847683,0.3249421,0.10115575,0.18489103,0.012150124
2777-PHDEI,0.6293707,Service quality,Price and plan fit,0.29223517,0.29223517,0.0011282628,0.13279295,-0.050347146,0.24971858
5640-CAXOA,-0.52781767,Engagement and bundling,Price and plan fit,0.18508372,-0.1857853,-0.06496839,-0.1186698,0.18508372,-0.041677
2235-EZAIK,-1.4641204,No actionable lever,Service quality,-0.032796465,-0.15725079,-0.3027698,-0.35700977,-0.032796465,-0.4044724
3847-BAERP,0.52212405,Protection and support,Billing and payment,0.07981657,-0.91878784,-0.14767542,0.07981657,-0.22103904,-0.3826537
1196-AMORA,0.60025895,Service quality,Protection and support,0.35556006,0.35556006,-0.012758368,0.124038205,-0.06513272,0.0033066832
4282-YMKNA,0.6169851,Service quality,Billing and payment,0.3486938,0.3486938,0.34278953,0.14540897,-0.02018504,-0.05213315
1453-RZFON,0.5914148,Price and plan fit,Engagement and bundling,0.113157466,-0.23885675,-0.3194384,-0.16868715,-0.14435774,0.113157466
8263-OKETD,0.4560696,Engagement and bundling,Billing and payment,0.06473175,-0.34076938,-0.11180157,-0.11954822,0.06473175,-0.11581666
0670-KDOMA,0.6198684,Protection and support,Price and plan fit,0.096331455,-0.6678996,-0.09380127,0.096331455,-0.16654523,0.023194313
2476-YGEFM,0.5660736,Service quality,Protection and support,0.32587397,0.32587397,-0.11150681,0.13899398,-0.110789806,-0.17968151
8687-BAFGU,0.6219017,Service quality,Price and plan fit,0.28592512,0.28592512,0.0057714647,-0.17423776,-0.15455958,0.20133018
0641-EVBOJ,0.6269086,Service quality,Price and plan fit,0.28350353,0.28350353,-0.123823926,-0.3690762,-0.16447057,-0.04674673
0829-XXPLX,0.562896,Service quality,Engagement and bundling,0.3164509,0.3164509,-0.14624272,-0.21387438,-0.08287265,-0.18725082
9974-JFBHQ,0.46256858,Service quality,Engagement and bundling,0.27630672,0.27630672,-0.098551355,-0.15928337,0.09329719,-0.055696636
5356-RHIPP,0.61939096,Protection and support,Price and plan fit,0.09799097,-0.66262156,-0.09563292,0.09799097,-0.16889176,0.02929525
6624-JDRDS,0.52922535,Engagement and bundling,Price and plan fit,0.033890523,-0.31230903,-0.367276,-0.1765964,0.033890523,-0.10440399
0608-JDVEC,-1.37477,Billing and payment,Protection and support,0.18222542,-0.5822575,0.18222542,0.07034557,-0.23476753,-0.73910487
9780-FKVVF,0.48396054,No actionable lever,Billing and payment,-0.054110087,-0.3831456,-0.073735975,-0.21964137,-0.054110087,-0.08775427
1919-RTPQD,0.5022195,Protection and support,Billing and payment,0.12748346,-0.34100434,-0.0027762617,0.12748346,-0.21137397,-0.19480321
5214-NLTIT,-1.709756,Protection and support,Service quality,0.18992457,0.17857644,-0.10745514,0.18992457,0.06507249,-0.2487618
3345-PBBFH,0.52832186,Protection and support,Price and plan fit,0.103181385,-0.33836314,-0.10873961,0.103181385,-0.17522986,0.014941249
5055-BRMNE,-1.3949676,Price and plan fit,Engagement and bundling,0.34844613,0.18684156,-0.24184889,-0.24488863,0.21655728,0.34844613
9189-JWSHV,0.5100205,Billing and payment,Service quality,0.33568975,0.3280611,0.33568975,0.15551966,0.20252603,0.081043884
2190-PHBHR,-1.6289349,Service quality,Engagement and bundling,0.16659185,0.16659185,-0.09834909,-0.21949753,0.063004375,-0.022254169
2650-GYRYL,-0.69242483,Protection and support,Billing and payment,0.08194773,-0.56437755,-0.05187893,0.08194773,-0.31603667,-0.5378281
0746-JTRFU,0.5952343,Billing and payment,Protection and support,0.33960444,-0.2259529,0.33960444,0.12778209,-0.034670636,-0.24455483
5208-FVQKB,-1.470743,No actionable lever,Service quality,-0.022622202,-0.16566128,-0.31712803,-0.30188406,-0.022622202,-0.29895252
7184-LRUUR,-0.70003605,Protection and support,Price and plan fit,0.095118664,-0.22161715,-0.31173718,0.095118664,-0.18443935,-0.10548355
6627-CFOSN,0.4656039,Service quality,Engagement and bundling,0.26842374,0.26842374,-0.09953083,-0.24759088,0.030126736,-0.05600732
3982-JGSFD,-0.7330956,Protection and support,Billing and payment,0.070702,-0.5567547,-0.08195292,0.070702,-0.31990594,-0.43389183
1574-DYCWE,-1.464918,Protection and support,Engagement and bundling,0.06992542,-0.53990704,-0.29509923,0.06992542,-0.22090085,-0.62926054
7247-XOZPB,-0.66753036,No actionable lever,Service quality,-0.08525555,-0.20232263,-0.27956775,-0.2909478,-0.08525555,-0.21358743
2466-FCCPT,-0.7383797,Protection and support,Price and plan fit,0.07246713,-0.5440123,-0.26858655,0.07246713,-0.3100309,-0.264124
6211-WWLTF,-1.564204,Service quality,Engagement and bundling,0.18508467,0.18508467,-0.2995959,-0.12308578,0.14947668,0.08758072
4826-TZEVA,0.550303,Service quality,Protection and support,0.31491753,0.31491753,-0.34293303,0.09675258,-0.17722583,-0.056680456
6016-NXBNJ,-0.694372,Protection and support,Billing and payment,0.062369827,-0.55613804,-0.11441702,0.062369827,-0.32421812,-0.9490781
9138-EFSMO,-0.62370867,Service quality,Protection and support,0.25376362,0.25376362,-0.30157387,0.11956055,0.06162999,-0.120966
0576-WNXXC,0.49839556,Billing and payment,Service quality,0.3133113,0.312593,0.3133113,0.098633274,0.0070033595,0.025215667
4632-XJMEX,-0.6621696,No actionable lever,Billing and payment,-0.1886113,-0.1886113,-0.22638316,-0.301005,-0.32716417,-0.2933694
8910-LEDAG,0.552387,Service quality,Protection and support,0.3031102,0.3031102,-0.31524247,0.11546394,-0.1865544,-0.020290166
3452-GWUIN,0.51037395,Billing and payment,Service quality,0.34801656,0.30921766,0.34801656,0.14648505,0.17888631,0.028207615
2716-GFZOR,0.55071616,Service quality,Billing and payment,0.28310686,0.28310686,-0.1066961,-0.21186158,-0.19667841,-0.21864805
3724-UCSHY,0.52243406,Protection and support,Engagement and bundling,0.08637717,-0.9350405,-0.35000655,0.08637717,-0.21664643,-0.55199885
8626-XHBIE,-1.4910412,Protection and support,Engagement and bundling,0.09111092,-0.553481,-0.1664184,0.09111092,-0.1274532,-0.6984947
4628-CTTLA,0.48985925,Billing and payment,Engagement and bundling,0.38231444,-0.27991644,0.38231444,0.15286213,0.20088775,-0.11851463
3192-LNKRK,0.5694984,Service quality,Protection and support,0.3319176,0.3319176,-0.13375065,0.14939469,-0.06597916,-0.042150665
4439-YRNVD,0.5080156,Billing and payment,Engagement and bundling,0.027053181,-0.32549676,0.027053181,-0.14655617,-0.07029404,-0.15277356
2876-VBBBL,0.6198684,Protection and support,Price and plan fit,0.096331455,-0.6678996,-0.09380127,0.096331455,-0.16654523,0.023194313
6834-NXDCA,0.55753195,Billing and payment,Protection and support,0.40917817,-0.32712317,0.40917817,0.13933769,0.033364773,-0.10735338
2208-UGTGR,0.46106634,Service quality,Engagement and bundling,0.2884197,0.2884197,-0.006004464,0.089874126,0.2197153,-0.044916034
3005-TYFRD,0.4339867,Service quality,Engagement and bundling,0.2899674,0.2899674,-0.0962414,0.104496606,0.19235317,0.17914392
8670-MEFCP,-1.5676613,Engagement and bundling,Billing and payment,0.08155003,-0.19823706,-0.08732417,-0.3478654,0.08155003,-0.17627612
3079-BCHLN,-0.7347925,Protection and support,Billing and payment,0.069538005,-0.53420985,-0.22309925,0.069538005,-0.3469535,-0.53087944
7777-UNYHB,0.51033074,Protection and support,Billing and payment,0.07897648,-0.8513415,-0.12776485,0.07897648,-0.1643217,-0.23469429
5597-GLBUC,0.65103054,Price and plan fit,Billing and payment,0.32571155,0.29571012,0.319695,0.14723913,-0.056555536,0.32571155
7278-CKDNC,0.5653413,Billing and payment,Service quality,0.34318015,0.32234764,0.34318015,0.12339208,-0.03615716,-0.16854154
2748-MYRVK,-0.5128536,Engagement and bundling,Service quality,0.30487978,0.20734376,-0.32930607,0.11243824,0.30487978,0.08660873
8450-UYIBU,0.49798524,Billing and payment,Engagement and bundling,0.34532493,-0.29552007,0.34532493,0.14272748,0.17458639,-0.26763684
2969-VAPYH,-0.6588511,No actionable lever,Billing and payment,-0.18230888,-0.18230888,-0.28371632,-0.2838131,-0.2979221,-0.32548118
4822-YCXMX,0.54048836,Billing and payment,Service quality,0.34863022,0.3266339,0.34863022,0.14335768,0.03389635,-0.14105374
7181-OQCUT,0.42590898,Price and plan fit,Service quality,0.37148792,0.3119293,-0.38418132,-0.12644576,0.22903322,0.37148792
8474-UMLNT,0.45158914,No actionable lever,Price and plan fit,-0.043565184,-0.392971,-0.36467576,-0.30331308,-0.043565184,-0.13908072
9821-POOTN,0.5526374,Billing and payment,Service quality,0.37108094,0.31889242,0.37108094,0.14049198,-0.101883024,-0.12474622
3836-FZSDJ,-1.4288287,Protection and support,Engagement and bundling,0.10217884,-0.44498074,-0.23536468,0.10217884,-0.14067571,-0.43025562
9142-XMYJH,0.4799561,Protection and support,Engagement and bundling,0.08548542,-0.7780249,-0.3334196,0.08548542,-0.23804848,-0.59764236
6559-ILWKJ,-1.4828471,Engagement and bundling,Billing and payment,0.30737275,-0.15213257,0.20755477,0.16975556,0.30737275,-0.1502314
0187-QSXOE,0.59890383,Service quality,Billing and payment,0.3573449,0.3573449,0.3071391,0.14089648,0.050331797,0.11781521
7733-UDMTP,0.45645872,Billing and payment,Engagement and bundling,0.3383672,-0.2614214,0.3383672,0.13567884,0.32378665,-0.021711573
2649-HWLYB,-1.4555664,Engagement and bundling,Service quality,0.07876398,-0.16989625,-0.25870216,-0.26538706,0.07876398,-0.29205093
5214-CHIWJ,-0.72647727,Protection and support,Billing and payment,0.07889405,-0.56479585,-0.30654994,0.07889405,-0.3730513,-0.6756466
4229-CZMLL,0.6261067,Service quality,Billing and payment,0.35722888,0.35722888,0.34219235,0.15285556,-0.017312013,-0.055007987
6904-JLBGY,-1.5218586,Price and plan fit,Service quality,0.19993973,0.14886507,-0.08793507,-0.3764049,0.07321451,0.19993973
2465-BLLEU,0.61939096,Protection and support,Price and plan fit,0.09773698,-0.6560085,-0.09563292,0.09773698,-0.16889176,0.046997994
1685-VAYJF,0.51134306,Protection and support,Price and plan fit,0.104894206,-0.3345877,-0.36579713,0.104894206,-0.19474608,-0.00057012215
8874-EJNSR,-1.4871941,Protection and support,Engagement and bundling,0.07425965,-0.5200427,-0.30300832,0.07425965,-0.124146044,-0.44836324
6917-YACBP,0.524801,Billing and payment,Service quality,0.33646947,0.26235482,0.33646947,-0.22334257,-0.077971056,-0.19790363
5049-MUBWG,-0.46646363,Engagement and bundling,Price and plan fit,0.20583987,-0.30004355,-0.28641826,-0.26544425,0.20583987,-0.20784578
4223-WOZCM,0.57835734,Protection and support,Price and plan fit,0.12862584,-0.22328988,-0.32008043,0.12862584,-0.21632743,-0.08816441
0769-MURVM,-1.5311592,Engagement and bundling,Service quality,0.107780054,-0.14281821,-0.2582003,-0.44103894,0.107780054,-0.32853878
9253-VIFJQ,-0.6856276,No actionable lever,Price and plan fit,-0.15064067,-0.18083104,-0.2653368,-0.15064067,-0.26225698,-0.17040616
7030-FZTFM,-1.5041367,Price and plan fit,Service quality,0.23982698,0.17252691,-0.23217894,-0.08070551,0.16781998,0.23982698
9741-YLNTD,0.59775275,Service quality,Price and plan fit,0.34813118,0.34813118,-0.07530694,-0.07068174,0.08772992,0.15462965
5917-RYRMG,-0.66987157,Protection and support,Billing and payment,0.065599196,-0.54270077,-0.30047658,0.065599196,-0.32568848,-0.6009731
5120-ZBLAI,-0.48836243,Engagement and bundling,Protection and support,0.34170854,-0.19570857,-0.2827134,0.1386313,0.34170854,-0.23342103
1194-BHJYC,-1.4981029,Engagement and bundling,Service quality,0.21447088,-0.16167903,-0.18850066,-0.3985417,0.21447088,-0.2750847
3663-MITLP,0.5120851,Billing and payment,Service quality,0.36352652,0.3196173,0.36352652,0.08348522,0.05645677,0.14453429
0906-QVPMS,-1.5111115,Price and plan fit,Service quality,0.23126487,0.1633428,-0.23515077,-0.3599542,0.10964565,0.23126487
9025-ZRPVR,0.5219937,Protection and support,Billing and payment,0.0863878,-0.9071974,-0.13613206,0.0863878,-0.2213462,-0.95987165
1905-OEILC,0.60732704,Protection and support,Price and plan fit,0.085552186,-0.6557077,-0.32551318,0.085552186,-0.16759537,0.043649018
7858-GTZSP,0.5930122,Service quality,Billing and payment,0.35327303,0.35327303,0.33564338,0.14152604,0.114673585,0.16036013
3285-UCQVC,0.5036218,No actionable lever,Price and plan fit,-0.041139543,-0.29532927,-0.33258092,-0.099113196,-0.041139543,-0.06671967
6248-BSHKG,-0.72747713,Protection and support,Billing and payment,0.06957777,-0.50485075,-0.31175005,0.06957777,-0.34800327,-0.4912606
4685-TFLLS,-0.67971736,Protection and support,Engagement and bundling,0.06775042,-0.54451066,-0.31359378,0.06775042,-0.30000854,-0.4211237
3470-BTGQO,0.4914761,Protection and support,Price and plan fit,0.11181763,-0.29975012,-0.40679353,0.11181763,-0.23173401,-0.12619615
1209-VFFOC,-1.5093969,Engagement and bundling,Service quality,0.028064247,-0.1568796,-0.16148685,-0.4232664,0.028064247,-0.38884193
8224-DWCKX,0.60881484,Service quality,Protection and support,0.3444554,0.3444554,-0.09153824,0.12581763,-0.07839002,-0.027563982
5482-PLVPE,0.5794947,Protection and support,Engagement and bundling,0.13090844,-0.21043031,0.0053800857,0.13090844,0.046200037,-0.06655967
4553-DVPZG,0.4610814,Billing and payment,Service quality,0.3865847,0.28061497,0.3865847,0.17668456,0.19274011,0.012814671
4902-OHLSK,0.4786618,Service quality,Price and plan fit,0.30965596,0.30965596,-0.0055935914,-0.07230763,0.18165103,0.24475452
6917-IAYHD,0.5995871,Price and plan fit,Engagement and bundling,0.11181788,-0.22796173,-0.30713522,-0.22960761,-0.042072542,0.11181788
0495-ZBNGW,0.6383035,Service quality,Protection and support,0.31107056,0.31107056,-0.08106436,0.13588712,-0.06508483,0.009672299
8620-RJPZN,0.58568674,Protection and support,Price and plan fit,0.08367186,-0.724313,-0.028097197,0.08367186,-0.16864718,0.052590266
7572-KPVKK,-1.2946095,Price and plan fit,Billing and payment,0.55559796,0.20562953,0.32724515,-0.030670397,0.24727221,0.55559796
2642-MAWLJ,-1.4667377,Protection and support,Engagement and bundling,0.059865855,-0.4941245,-0.23479107,0.059865855,-0.20414993,-0.46914637
2357-COQEK,0.45786434,Price and plan fit,Billing and payment,0.35787305,0.2986281,0.31296787,-0.06928982,0.18220453,0.35787305
7103-ZGVNT,-0.65895486,No actionable lever,Service quality,-0.091148436,-0.19596167,-0.2764721,-0.30977827,-0.091148436,-0.32071865
3737-GCSPV,0.53294814,Service quality,Price and plan fit,0.34334767,0.34334767,-0.10789152,-0.2610347,0.07189012,0.31226638
2027-WKXMW,0.40951997,Billing and payment,Service quality,0.3174926,0.2777885,0.3174926,-0.16913822,0.13750273,0.21311793
7137-NAXML,-0.6571682,Protection and support,Billing and payment,0.068565145,-0.58181596,-0.2880819,0.068565145,-0.33560047,-0.5552907
2428-ZMCTB,0.5066384,Protection and support,Engagement and bundling,0.081108265,-0.9017906,-0.32712898,0.081108265,-0.23225108,-0.5556985
2961-VNFKL,-1.4855659,Protection and support,Billing and payment,0.11780686,-0.48697513,-0.10952094,0.11780686,-0.15897717,-0.5686923
1768-HNVGJ,0.44568557,Billing and payment,Engagement and bundling,0.29887852,-0.31216627,0.29887852,-0.3480271,0.00976705,-0.14632535
6963-KQYQB,-1.4581767,Protection and support,Engagement and bundling,0.083543435,-0.5377847,-0.32186845,0.083543435,-0.12294922,-0.67356884
5934-RMPOV,0.5510584,Billing and payment,Service quality,0.35820988,0.3088197,0.35820988,0.14058279,0.056808606,-0.11518636
1207-BLKSA,-1.4595087,Protection and support,Engagement and bundling,0.085504144,-0.541998,-0.3070145,0.085504144,-0.09488688,-0.6898546
4088-YLDSU,-0.5227635,Price and plan fit,Billing and payment,0.44644776,0.22609594,0.3131046,-0.0464978,0.30576655,0.44644776
8316-BBQAY,-1.4935778,Engagement and bundling,Service quality,0.19431025,-0.16135311,-0.24358003,-0.34581608,0.19431025,-0.33528268
1166-PQLGG,-1.4657098,Protection and support,Billing and payment,0.09246429,-0.4971876,-0.23037572,0.09246429,-0.24179488,-0.57856864
3146-JTQHR,-0.7365622,Protection and support,Billing and payment,0.06645118,-0.5736885,-0.24479109,0.06645118,-0.3121025,-0.3502842
4291-YZODP,-0.6938547,Protection and support,Engagement and bundling,0.061832994,-0.64415544,-0.32924366,0.061832994,-0.30046305,-0.52469206
4395-PZMSN,0.6046637,Service quality,Billing and payment,0.30867413,0.30867413,0.3081038,0.10188079,-0.07911487,0.052861042
6427-FEFIG,-1.5468892,Engagement and bundling,Protection and support,0.19152072,-0.25979894,-0.30327615,-0.13621745,0.19152072,-0.23139866
0017-IUDMW,-1.5407134,Service quality,Price and plan fit,0.16867878,0.16867878,-0.07818075,-0.41757354,0.053191878,0.13960958
8706-HRADD,0.48634967,Engagement and bundling,Billing and payment,0.045862462,-0.35486737,-0.18461908,-0.38673994,0.045862462,-0.22708172
9955-QOPOY,-0.4623698,Engagement and bundling,Billing and payment,0.27836084,-0.18046528,-0.0904572,-0.21517333,0.27836084,-0.2909389
4385-ZKVNW,0.48833847,No actionable lever,Billing and payment,-0.0771019,-0.3104597,-0.11774538,-0.0771019,-0.18950821,-0.19991463
5446-DKWYW,-0.7315837,Billing and payment,Protection and support,0.38837895,-0.1821924,0.38837895,0.14595883,-0.056525227,-0.16850927
2034-CGRHZ,0.46210712,Service quality,Price and plan fit,0.3186497,0.3186497,-0.10602991,0.088105835,0.20444125,0.2847505
5797-APWZC,0.60928357,Price and plan fit,Service quality,0.3723874,0.29620174,-0.038324423,0.14082271,0.04094719,0.3723874
3683-QKIUE,0.53430575,No actionable lever,Protection and support,-0.018735804,-0.32086715,-0.08604407,-0.05257722,-0.15800004,-0.018735804
4228-ZGYUW,0.608573,Service quality,Billing and payment,0.3147627,0.3147627,0.30401915,0.10295768,0.10126246,0.21758267
9031-ZVQPT,-1.4352565,Price and plan fit,Billing and payment,0.34903812,0.18624778,0.33194733,-0.12765776,0.14945695,0.34903812
2990-IAJSV,-1.5399046,Engagement and bundling,Price and plan fit,0.10424432,-0.16165358,-0.25459495,-0.37403974,0.10424432,-0.1332
8107-KNCIM,0.5919814,Billing and payment,Service quality,0.34837452,0.3290267,0.34837452,0.12881558,-0.06882219,-0.0055809394
9027-YFHQJ,0.50589633,Protection and support,Engagement and bundling,0.0901286,-0.91845787,-0.08671417,0.0901286,-0.074683554,-0.23921435
5176-LDKUH,-0.8205001,Service quality,Protection and support,0.24294652,0.24294652,0.09323792,0.107711345,-0.3381467,-0.29577613
4644-OBGFZ,-0.6575251,Protection and support,Engagement and bundling,0.06994542,-0.5273917,-0.34170762,0.06994542,-0.3177845,-0.43079478
7926-IJOOU,0.60310435,Protection and support,Engagement and bundling,0.07507675,-0.66170883,-0.34014407,0.07507675,-0.1664689,-0.26252848
6480-YAGIY,-0.5033668,Price and plan fit,Service quality,0.43360347,0.20639482,-0.1996055,-0.2567427,0.18415658,0.43360347
4029-HPFVY,0.6457989,Service quality,Protection and support,0.3059426,0.3059426,-0.10682086,0.15142989,-0.22012143,-0.097920924
7602-DBTOU,-1.4663231,Protection and support,Engagement and bundling,0.09637112,-0.510034,-0.322459,0.09637112,-0.2443242,-0.68121505
5345-BMKWB,0.5111694,Protection and support,Engagement and bundling,0.07452933,-0.8825349,-0.35800704,0.07452933,-0.18306318,-0.21475255
3519-ZKXGG,0.635031,Billing and payment,Service quality,0.33246195,0.3012008,0.33246195,0.13732441,-0.008302469,0.13597186
5457-COLHT,-1.4941261,Engagement and bundling,Service quality,0.07510792,-0.18022907,-0.22567946,-0.3065856,0.07510792,-0.20281753
6416-TVAIH,0.6518899,Billing and payment,Service quality,0.31345356,0.28888053,0.31345356,0.14564805,-0.14491543,0.21799469
5451-YHYPW,-1.5229375,Price and plan fit,Service quality,0.22866997,0.15659302,-0.087704405,-0.38938758,0.084570736,0.22866997
5108-ADXWO,0.5975912,Billing and payment,Service quality,0.3646028,0.33389914,0.3646028,-0.14694075,-0.17076491,0.016553093
7998-WNZEM,-1.5136366,Engagement and bundling,Service quality,0.066898786,-0.15696326,-0.25386718,-0.3486971,0.066898786,-0.24023399
3066-RRJIO,0.6664729,Service quality,Price and plan fit,0.29450238,0.29450238,-0.11263803,0.14277521,-0.15730058,0.2160072
4664-NJCMS,-1.5394057,Engagement and bundling,Service quality,0.21695262,-0.17666471,-0.24849163,-0.32457334,0.21695262,-0.32169187
0307-BCOPK,-0.74935675,Protection and support,Billing and payment,0.06668129,-0.5902095,-0.3316237,0.06668129,-0.35082585,-1.0413368
7629-WFGLW,-0.7324195,Service quality,Billing and payment,0.19301686,0.19301686,0.15014112,-0.3251187,-0.17411612,-0.067867525
2542-HYGIQ,0.6061374,Protection and support,Price and plan fit,0.08182501,-0.6609572,-0.32158178,0.08182501,-0.16629866,0.047479197
6715-OFDBP,0.53400046,Billing and payment,Protection and support,0.32179046,-0.32543123,0.32179046,0.14569224,0.052627906,0.027381755
5016-LIPDW,-0.6575251,Protection and support,Engagement and bundling,0.07330452,-0.5273917,-0.34102234,0.07330452,-0.3177845,-0.3958853
6481-LXPWL,-0.7532951,Protection and support,Billing and payment,0.16176815,-0.17818967,-0.0886934,0.16176815,-0.12210111,-0.21889116
1567-DSCIC,0.5911142,Service quality,Billing and payment,0.36695123,0.36695123,0.3383291,0.086368725,0.108592436,0.26683465
2150-UWTFY,0.48165306,No actionable lever,Protection and support,-0.20326167,-0.34609187,-0.36460638,-0.2146247,-0.20326167,-0.29340807
6124-ACRHJ,0.60732704,Protection and support,Price and plan fit,0.085552186,-0.6557077,-0.32075897,0.085552186,-0.16759537,0.059054635
9362-MWODR,0.4755467,No actionable lever,Billing and payment,-0.048989587,-0.3947266,-0.10978164,-0.34354976,-0.048989587,-0.14373742
9975-GPKZU,-1.3394973,Protection and support,Engagement and bundling,0.067576095,-0.5189115,-0.29274562,0.067576095,-0.19867304,-0.5178607
9625-RZFUK,-1.45644,Protection and support,Engagement and bundling,0.069993414,-0.52415764,-0.31331518,0.069993414,-0.27811378,-0.7621024
5153-LXKDT,-1.3308537,Price and plan fit,Billing and payment,0.4780287,0.19822793,0.27853358,-0.20760776,0.099735126,0.4780287
5161-UBZXI,-1.3872128,Price and plan fit,Service quality,0.44668275,0.19222154,-0.05670321,-0.3410885,0.06060136,0.44668275
1020-JPQOW,0.5114187,Service quality,Billing and payment,0.27498317,0.27498317,0.026238777,-0.15799862,-0.08251133,-0.17998947
7919-ZODZZ,-0.5591092,Price and plan fit,Protection and support,0.1062726,-0.2343096,-0.080509886,0.10517059,0.08609235,0.1062726
0565-JUPYD,-0.67897254,Price and plan fit,Service quality,0.4557275,0.19442418,-0.22917613,-0.29292506,-0.08471083,0.4557275
6867-ACCZI,-1.5617359,Engagement and bundling,Price and plan fit,0.055514462,-0.17467923,-0.12772734,-0.38160786,0.055514462,-0.09316831
5939-XAIXZ,0.5026533,Protection and support,Price and plan fit,0.12737897,-0.34513706,-0.15991093,0.12737897,-0.08290121,-0.04688802
9054-FOWNV,0.5693903,Billing and payment,Service quality,0.37693167,0.3127298,0.37693167,0.15271197,0.050106794,-0.033541474
2683-BPJSO,0.5508953,Billing and payment,Service quality,0.34699416,0.31382015,0.34699416,-0.20438097,-0.10207501,-0.032484822
2157-MXBJS,-0.5501132,Engagement and bundling,Protection and support,0.32340235,-0.23764142,-0.09749924,0.13552949,0.32340235,-0.083504006
8207-VVMYB,-1.4275155,Protection and support,Billing and payment,0.098111674,-0.48528612,-0.08630889,0.098111674,-0.13280949,-0.41717413
9732-EQMWY,0.46938264,Service quality,Protection and support,0.3003646,0.3003646,-0.04818022,0.08094218,0.05586586,0.03811823
9360-AHGNL,-0.5302246,Price and plan fit,Engagement and bundling,0.44241306,0.21082102,-0.10897708,-0.25823206,0.3139722,0.44241306
1087-UDSIH,0.5759334,Protection and support,Billing and payment,0.08597507,-0.87856066,-0.117384344,0.08597507,-0.20412603,-0.45595697
5269-NRGDP,-0.50745845,Engagement and bundling,Billing and payment,0.1636944,-0.2226375,0.064409025,-0.08515349,0.1636944,-0.061038643
6195-MELTI,-0.68804884,No actionable lever,Billing and payment,-0.10312867,-0.18673107,-0.14683166,-0.10312867,-0.30777535,-0.1593214
5485-WUYWF,0.56295764,No actionable lever,Engagement and bundling,-0.030287929,-0.28888366,-0.31047606,-0.182964,-0.059595592,-0.030287929
2121-JAFOM,-1.5236969,Price and plan fit,Service quality,0.22619066,0.16593204,-0.08955748,-0.38118145,0.07216322,0.22619066
8818-DOPVL,0.42608362,Billing and payment,Service quality,0.29674602,0.29415643,0.29674602,0.090337485,0.19545466,0.20081776
2632-UCGVD,0.44303328,Service quality,Engagement and bundling,0.27619866,0.27619866,-0.098175265,-0.066402085,0.25836015,0.2307673
5445-PZWGX,-0.53061604,Price and plan fit,Service quality,0.27326646,0.19709148,0.06422271,-0.3337956,0.13338992,0.27326646
1227-UDMZR,-1.5634418,Engagement and bundling,Billing and payment,0.09342308,-0.17241612,-0.13670427,-0.4330227,0.09342308,-0.27719975
5198-HQAEN,-0.84072554,Billing and payment,Service quality,0.36872488,0.23804969,0.36872488,-0.17617323,-0.13148041,-0.06040702
9170-CCKOU,0.560382,Service quality,Engagement and bundling,0.3010685,0.3010685,-0.4055586,-0.20345464,-0.107398346,-0.18632212
2167-FQSTQ,-1.5395596,Billing and payment,Engagement and bundling,0.37630028,-0.18422809,0.37630028,-0.43348643,0.07382725,-0.19012336
2819-GWENI,-0.7354675,Protection and support,Engagement and bundling,0.072394066,-0.531916,-0.31201345,0.072394066,-0.3078392,-0.44074795
1043-YCUTE,-1.4123362,Protection and support,Billing and payment,0.08641861,-0.5207117,-0.06349454,0.08641861,-0.14877039,-0.40368724
3814-MLAXC,0.5639466,Service quality,Protection and support,0.3148513,0.3148513,-0.1088968,-0.07822654,-0.08199308,-0.102081165
3572-UUHRS,-0.71508163,Protection and support,Billing and payment,0.059217602,-0.5497047,-0.23155208,0.059217602,-0.3605014,-1.0408989
2692-PFYTJ,0.61101484,Protection and support,Price and plan fit,0.10318172,-0.74560976,-0.09869005,0.10318172,-0.062460966,0.003843464
1226-UDFZR,0.5942336,Protection and support,Price and plan fit,0.11243907,-0.23152387,-0.10639572,0.11243907,-0.19201694,-0.052468777
5955-EPOAZ,0.49730128,Protection and support,Billing and payment,0.08341287,-0.9568963,-0.12742233,0.08341287,-0.18791093,-0.470263
6821-JPCDC,-0.62556565,Billing and payment,Service quality,0.31948876,0.23450723,0.31948876,0.09877767,0.15613942,0.10007905
8815-LMFLX,0.4811501,Protection and support,Engagement and bundling,0.09532047,-0.81624603,-0.10672518,0.09532047,-0.08485945,-0.28573704
9135-HSWOC,-1.4811909,Protection and support,Billing and payment,0.08313427,-0.49317294,-0.09369265,0.08313427,-0.24837291,-0.6234751
8582-KRHPJ,0.4971855,No actionable lever,Protection and support,-0.0022468418,-0.2905394,-0.20234407,-0.16629794,-0.0022468418,-0.29927656
5811-IWXYM,-0.5218259,Engagement and bundling,Price and plan fit,0.33292916,0.22221771,-0.2924943,0.15456238,0.33292916,0.25681704
7044-YAACC,0.62765485,Billing and payment,Service quality,0.31046265,0.30016506,0.31046265,0.13254713,-0.17439452,0.08815931
8189-XRIKE,0.5149214,Service quality,Protection and support,0.31084436,0.31084436,-0.006260791,0.13314202,0.08836592,0.056262985
1506-YJTYT,-1.465136,No actionable lever,Service quality,-0.0018819831,-0.18790033,-0.23614155,-0.31276566,-0.0018819831,-0.2767837
4123-DVHPH,0.58693004,Service quality,Billing and payment,0.33728904,0.33728904,0.32010955,-0.1681149,0.058064338,0.15324354
6425-YQLLO,-0.5430141,Price and plan fit,Engagement and bundling,0.37361723,0.20378016,-0.068524174,-0.033074077,0.3193087,0.37361723
5442-UTCVD,0.58685386,Service quality,Protection and support,0.2922479,0.2922479,-0.12190891,0.14628078,0.054494347,-0.0026088431
2228-BZDEE,-1.4509093,Protection and support,Engagement and bundling,0.069530234,-0.4944274,-0.30166942,0.069530234,-0.22289793,-0.40362358
7734-DBOAI,0.57605034,Price and plan fit,Engagement and bundling,0.095591046,-0.22452596,0.020122297,-0.20534976,0.046412148,0.095591046
2789-CZANW,-1.2845907,Price and plan fit,Service quality,0.53903896,0.18093398,-0.22700085,-0.30504873,0.15988968,0.53903896
2091-RFFBA,0.5517604,Billing and payment,Service quality,0.33733767,0.30706847,0.33733767,0.13825513,-0.09893027,-0.15654711
2114-MGINA,0.5641368,Service quality,Protection and support,0.3447834,0.3447834,-0.11357632,0.13603252,0.079251625,0.039932676
7596-LDUXP,-0.9283327,Service quality,Price and plan fit,0.24187545,0.24187545,-0.07391153,-0.1418167,-0.17775008,-0.034770288
3740-RLMVT,-0.68002033,No actionable lever,Service quality,-0.12018164,-0.17576337,-0.12018164,-0.334478,-0.32716548,-0.23963875
4489-SNOJF,0.4609637,Billing and payment,Engagement and bundling,0.08655934,-0.3328094,0.08655934,-0.2686143,0.0524764,-0.103424944
2192-OZITF,-1.5113409,Engagement and bundling,Service quality,0.08019617,-0.17547803,-0.29394427,-0.28581676,0.08019617,-0.33324155
5651-CPDND,0.5121565,Protection and support,Price and plan fit,0.12307676,-0.33852252,-0.38722542,0.12307676,-0.23812288,-0.18736574
2186-QZEYA,0.48445016,No actionable lever,Billing and payment,-0.10962685,-0.37721115,-0.1271946,-0.19848798,-0.10962685,-0.25488853
1131-ALZWV,-0.7375354,Protection and support,Engagement and bundling,0.07775856,-0.5898764,-0.2651359,0.07775856,-0.19753245,-0.44499773
7729-XBTWX,-1.4907291,Protection and support,Billing and payment,0.07860056,-0.5427632,-0.16396755,0.07860056,-0.2744512,-0.8198409
9134-WYRVP,-0.8233056,Service quality,Protection and support,0.21120863,0.21120863,-0.35564056,-0.14851627,-0.1629363,-0.17863545
3284-SVCRO,-1.4763006,Protection and support,Engagement and bundling,0.07509188,-0.5148714,-0.29965115,0.07509188,-0.13714062,-0.36618963
9732-OUYRN,-0.7027755,Protection and support,Billing and payment,0.053483624,-0.5114463,-0.27806655,0.053483624,-0.3185679,-0.850508
0559-CKHUS,-1.4142917,Protection and support,Billing and payment,0.07844389,-0.54568046,-0.12857038,0.07844389,-0.2244251,-0.5203927
2931-SVLTV,0.40524048,Service quality,Price and plan fit,0.29445633,0.29445633,-0.093199156,-0.37292632,0.13636255,0.20523575
6899-PPEEA,0.49023142,Billing and payment,Service quality,0.32096547,0.31023514,0.32096547,0.15617324,0.1844193,0.090081155
7504-UWHNB,0.5407931,Service quality,Protection and support,0.31911987,0.31911987,0.011905796,0.11728916,-0.19853233,-0.12654091
2582-FFFZR,0.47845614,Billing and payment,Engagement and bundling,0.36235934,-0.3315742,0.36235934,0.16047482,0.27768436,0.03196008
8908-NMQTX,-1.5339502,Engagement and bundling,Service quality,0.16409647,-0.14948504,-0.15643594,-0.49172077,0.16409647,-0.31164747
2187-LZGPL,0.5023519,Protection and support,Engagement and bundling,0.1352528,-0.32988644,-0.097011425,0.1352528,0.12573883,-0.12811983
1431-AIDJQ,-1.5616536,Engagement and bundling,Protection and support,0.059707955,-0.19131422,-0.27178946,-0.102157965,0.059707955,-0.2205925
6288-LBEAR,0.5684633,Service quality,Protection and support,0.32479483,0.32479483,-0.1665619,-0.11413384,-0.18092515,-0.16388342
4597-NUCQV,0.48916924,Service quality,Billing and payment,0.3252851,0.3252851,0.3191967,0.0791488,0.18453093,0.29560533
9019-QVLZD,0.63016415,Service quality,Price and plan fit,0.29223517,0.29223517,-0.005555623,0.13279295,-0.050347146,0.255609
8413-YNHNV,-1.5233814,Engagement and bundling,Service quality,0.14139286,-0.17897731,-0.29398125,-0.34381905,0.14139286,-0.2577103
5808-TOTXO,-0.8342313,Protection and support,Billing and payment,0.07685974,-0.61573076,-0.035359867,0.07685974,-0.28739515,-0.3945366
4369-NYSCF,-0.46136805,Engagement and bundling,Billing and payment,0.21462542,-0.20138395,-0.07436989,-0.14140514,0.21462542,-0.26099476
6333-YDVLT,-0.501002,Price and plan fit,Engagement and bundling,0.40671164,0.20582333,-0.089018956,-0.26281056,0.28086188,0.40671164
5324-KTGCG,-0.7313409,Billing and payment,Protection and support,0.15816215,-0.5919765,0.15816215,0.09273247,-0.34947845,-0.59505296
5599-HVLTW,0.60448694,Service quality,Protection and support,0.33659005,0.33659005,-0.0868501,0.12749444,-0.07401919,0.020914953
7394-LWLYN,0.6308608,Billing and payment,Service quality,0.33812904,0.28328967,0.33812904,0.1355385,-0.16346034,-0.013105392
3707-LRWZD,-0.83359396,Service quality,Protection and support,0.2576725,0.2576725,0.10560039,0.13144358,0.0042030234,-0.04534662
6873-UDNLD,0.4393738,Billing and payment,Engagement and bundling,0.033616234,-0.31984717,0.033616234,-0.13756928,-0.079720184,-0.12340876
2700-LUEVA,0.6081933,Protection and support,Price and plan fit,0.08348453,-0.66752243,-0.30707386,0.08348453,-0.1686452,0.030257389
1455-ESIQH,0.6259103,Price and plan fit,Billing and payment,0.3266077,0.29813215,0.30306613,0.15701467,0.035609562,0.3266077
0958-YHXGP,0.6338694,Service quality,Protection and support,0.36593154,0.36593154,-0.11962799,0.12834391,-0.20435305,-0.05148285
1101-SSWAG,0.5035175,Billing and payment,Protection and support,0.42578688,-0.29828352,0.42578688,0.11983685,-0.073149614,-0.058503024
2979-SXESE,0.51707745,Service quality,Price and plan fit,0.2984149,0.2984149,0.03803832,-0.10226276,0.057855573,0.23618594
4013-TLDHQ,0.57464117,Billing and payment,Service quality,0.37717146,0.31420285,0.37717146,0.095404305,-0.19167763,0.005450599
5743-KHMNA,-1.4567337,Protection and support,Engagement and bundling,0.10522098,-0.48682338,-0.2500674,0.10522098,-0.14434637,-0.4546886
4194-FJARJ,-1.4278705,No actionable lever,Service quality,-0.10274652,-0.17081723,-0.2465307,-0.2839916,-0.10274652,-0.29737702
5325-UWTWJ,0.54597175,Service quality,Engagement and bundling,0.31132248,0.31132248,-0.11639695,-0.42662206,-0.07231966,-0.13091855
3969-GYXEL,0.58183235,Service quality,Price and plan fit,0.32959518,0.32959518,0.026368968,-0.13076097,-0.17944878,0.03676745
9208-OLGAQ,0.54388607,Billing and payment,Service quality,0.3533001,0.30999684,0.3533001,0.13953303,-0.091132164,-0.081573084
3244-CQPHU,-1.4456164,Price and plan fit,Engagement and bundling,0.30118805,0.14886507,-0.10081233,-0.39586505,0.15320742,0.30118805
2674-MLXMN,0.4946199,Service quality,Engagement and bundling,0.26311976,0.26311976,-0.11760157,0.13925469,0.17238434,-0.031953827
9708-HPXWZ,0.5470241,Engagement and bundling,Price and plan fit,0.054172933,-0.30355924,-0.34408152,-0.114369154,0.054172933,-0.060255386
6992-TKNYO,-0.48787293,Engagement and bundling,Protection and support,0.17831631,-0.26894423,-0.25715712,-0.07430997,0.17831631,-0.1684831
4468-YDOVK,0.5559475,No actionable lever,Protection and support,-0.012398936,-0.2643856,-0.09697797,-0.061007705,-0.14836048,-0.012398936
3754-DXMRT,0.5799431,Billing and payment,Protection and support,0.31528604,-0.23100886,0.31528604,0.14728032,-0.22443235,-0.11676645
5792-JALQC,-1.4256675,No actionable lever,Service quality,-0.14498033,-0.15064447,-0.2557005,-0.14498033,-0.15155181,-0.16159101
7130-VTEWQ,0.6205069,Service quality,Billing and payment,0.35351372,0.35351372,0.32741123,0.12919267,-0.06538713,0.08337776
2200-DSAAL,-1.5257125,Billing and payment,Engagement and bundling,0.37842274,-0.19110255,0.37842274,0.10474229,0.17698228,-0.24482983
4302-ZYFEL,-0.7529647,Protection and support,Billing and payment,0.07331968,-0.5233885,-0.087309234,0.07331968,-0.3351482,-0.5885994
9351-LZYGF,0.47895652,No actionable lever,Billing and payment,-0.09983072,-0.31808984,-0.12757803,-0.37196517,-0.09983072,-0.1614264
4366-CTOUZ,-1.5575542,Service quality,Price and plan fit,0.21191335,0.21191335,-0.12146222,-0.13718584,0.13075493,0.18516147
6121-VZNQB,0.60731393,Protection and support,Billing and payment,0.087923676,-0.6560085,-0.1056551,0.087923676,-0.16107391,-0.41694146
7903-CMPEY,0.637198,Billing and payment,Service quality,0.30453238,0.27613837,0.30453238,-0.16189228,-0.045302194,0.2446548
1518-OMDIK,0.49630734,Protection and support,Billing and payment,0.112404,-0.31379694,-0.124122135,0.112404,-0.19938427,-0.12821874
6671-NGWON,0.5115862,Protection and support,Engagement and bundling,0.08192193,-0.9397012,-0.35439384,0.08192193,-0.22875582,-0.5467942
0595-ITUDF,0.5277984,Billing and payment,Service quality,0.37156242,0.26471686,0.37156242,-0.20619127,-0.09356718,-0.16994041
6996-KNSML,0.651912,Billing and payment,Service quality,0.32061213,0.2925036,0.32061213,0.14350903,-0.16162667,0.2188484
1955-IBMMB,-1.46906,Protection and support,Billing and payment,0.08200057,-0.50488013,-0.0884807,0.08200057,-0.22931749,-0.36906308
0096-BXERS,0.5119667,Protection and support,Billing and payment,0.121921495,-0.32257968,0.0042076297,0.121921495,-0.02603652,-0.06928886
3806-YAZOV,0.5352906,Protection and support,Engagement and bundling,0.066496365,-0.84697044,-0.4074199,0.066496365,-0.18232869,-0.7910763
7998-ZLXWN,0.4946683,Protection and support,Engagement and bundling,0.0788954,-0.831206,-0.32948062,0.0788954,-0.22716175,-0.5351232
6253-WRFHY,-0.6011754,Billing and payment,Protection and support,0.3007605,-0.23835202,0.3007605,0.14037775,0.11969587,-0.16445951
9133-AYJZG,0.4957262,Service quality,Engagement and bundling,0.3362057,0.3362057,-0.10351764,0.09188087,0.19030155,0.15132067
2675-OTVVJ,0.5288198,Service quality,Engagement and bundling,0.30400133,0.30400133,0.054141436,-0.13392033,0.056472775,-0.047263864
8680-CGLTP,-0.7146323,Billing and payment,Price and plan fit,0.33791858,-0.2953877,0.33791858,-0.325731,-0.26160112,-0.13334402
8430-TWCBX,-0.73541886,Protection and support,Billing and payment,0.064531334,-0.5620564,-0.2380589,0.064531334,-0.3485882,-0.65945506
5018-GWURO,0.5540139,Service quality,Protection and support,0.29474342,0.29474342,-0.1385674,0.159222,0.04694231,-0.2055362
6741-QRLUP,-1.5043918,Engagement and bundling,Billing and payment,0.04421667,-0.16986361,-0.0961054,-0.33562788,0.04421667,-0.2169957
4737-HOBAX,-1.4874723,Engagement and bundling,Protection and support,0.22550967,-0.1696065,-0.27341908,-0.07572557,0.22550967,-0.14734372
0537-QYZZN,0.55295324,Billing and payment,Service quality,0.35491186,0.3042802,0.35491186,-0.15261762,-0.05833282,-0.13249367
3340-QBBFM,-0.71219826,No actionable lever,Billing and payment,-0.07133871,-0.25508922,-0.24171557,-0.07133871,-0.33743763,-0.28735453
1704-NRWYE,0.6175541,Service quality,Billing and payment,0.35021046,0.35021046,0.31337994,0.13176478,-0.08763734,0.012825146
2592-SEIFQ,0.5708037,Protection and support,Engagement and bundling,0.1390586,-0.22776128,-0.014906266,0.1390586,0.0436759,-0.07412645
8200-KLNYW,-0.47771424,Engagement and bundling,Price and plan fit,0.21892521,-0.19372573,-0.30130196,-0.2623597,0.21892521,-0.117607534
3372-CDXFJ,-0.7578357,Protection and support,Engagement and bundling,0.08741897,-0.57750857,-0.25082168,0.08741897,-0.16182709,-0.31388187
4781-ZXYGU,0.619819,Protection and support,Price and plan fit,0.09717769,-0.6594247,-0.07562038,0.09717769,-0.15475757,0.039940536
7632-YUTXB,-0.7353074,Protection and support,Billing and payment,0.06859726,-0.604403,-0.31206957,0.06859726,-0.36600247,-0.7149508
2718-YSKCS,-1.4873838,Protection and support,Billing and payment,0.11422291,-0.46432596,-0.11463163,0.11422291,-0.2303716,-0.5279344
9896-UYMIE,-0.50203,Price and plan fit,Engagement and bundling,0.34033903,0.20571175,-0.07880763,-0.33828273,0.2571618,0.34033903
0853-NWIFK,-0.5706839,Billing and payment,Price and plan fit,0.3163973,0.21734865,0.3163973,-0.192027,0.16000463,0.22593856
8212-CRQXP,0.57863975,Service quality,Protection and support,0.31695408,0.31695408,-0.12450071,0.12860563,-0.060941875,-0.11637185
6980-CDGFC,-0.72980994,Protection and support,Billing and payment,0.077436924,-0.5372693,-0.081836745,0.077436924,-0.34474444,-0.4222736
7691-XVTZH,-1.640046,Service quality,Protection and support,0.2096735,0.2096735,-0.120215885,0.15443583,0.0073274393,-0.26059014
2520-SGTTA,-1.7564229,Protection and support,Engagement and bundling,0.064064644,-0.5144709,-0.2881414,0.064064644,-0.22405188,-0.68712527
7481-ATQQS,0.518879,Service quality,Protection and support,0.28627416,0.28627416,-0.10764832,0.1626568,0.0737676,-0.13329346
2277-VWCNI,0.5509496,Protection and support,Price and plan fit,0.115782864,-0.2398526,-0.37699616,0.115782864,-0.07613325,-0.066018745
1088-CNNKB,-0.45723403,Engagement and bundling,Price and plan fit,0.16057962,-0.17901446,-0.22084382,-0.30298203,0.16057962,-0.06118648
8642-GVWRF,0.64613366,Service quality,Protection and support,0.29195237,0.29195237,-0.33096388,0.10322846,-0.21007407,0.040768344
1930-BZLHI,-0.7640999,Protection and support,Billing and payment,0.07853898,-0.5679132,-0.1352955,0.07853898,-0.33016074,-0.39105958
3400-ESFUW,-1.4110903,No actionable lever,Engagement and bundling,-0.17613813,-0.17613813,-0.26002005,-0.31094056,-0.17975987,-0.18769954
5868-YTYKS,0.62100863,Protection and support,Price and plan fit,0.09914543,-0.66639555,-0.0910215,0.09914543,-0.15482147,0.013639331
3525-DVKFN,-1.4884765,Protection and support,Engagement and bundling,0.07911442,-0.53893435,-0.32360435,0.07911442,-0.2539121,-0.7018123
1482-OXZSY,0.46026772,Service quality,Engagement and bundling,0.31436175,0.31436175,-0.11374301,-0.18329403,0.17736405,0.10730779
0377-JBKKT,0.48524362,No actionable lever,Engagement and bundling,-0.072753415,-0.3477137,-0.17993058,-0.3472169,-0.16131796,-0.072753415
5778-BVOFB,0.5205636,No actionable lever,Engagement and bundling,-0.01137732,-0.368173,-0.11371007,-0.07875982,-0.05658608,-0.01137732
3373-YZZYM,0.5958921,Protection and support,Engagement and bundling,0.08016009,-0.65387446,-0.3523337,0.08016009,-0.1511643,-0.45503366
2057-ZBLPD,0.55091536,Billing and payment,Service quality,0.36304992,0.30892783,0.36304992,0.13974537,0.043031275,-0.032031123
0228-MAUWC,0.47277483,Billing and payment,Engagement and bundling,0.030285288,-0.34400725,0.030285288,-0.071815625,-0.0512043,-0.06597667
5502-RLUYV,0.42930958,Billing and payment,Service quality,0.30432647,0.29251018,0.30432647,0.111811824,0.22570181,0.20097418
0023-HGHWL,0.63305336,Billing and payment,Protection and support,0.3233137,-0.23345275,0.3233137,0.15078346,0.042354286,0.030642822
7663-YJHSN,-1.4669528,Price and plan fit,Service quality,0.29305774,0.16883437,-0.15111583,-0.40798217,-0.04720825,0.29305774
4915-BFSXL,-1.4590645,No actionable lever,Protection and support,-0.019275501,-0.17387041,-0.2728365,-0.11919697,-0.019275501,-0.24636582
3086-RUCRN,0.43395466,Service quality,Engagement and bundling,0.26355547,0.26355547,-0.11791541,-0.41688243,-0.0043263296,-0.04034789
5215-LNLDJ,0.54893094,Billing and payment,Protection and support,0.3813292,-0.33192772,0.3813292,0.13873628,0.043421432,-0.12080777
7576-JMYWV,0.41632894,Service quality,Billing and payment,0.27279693,0.27279693,0.2525147,-0.42783707,0.11353984,0.09602295
9039-RBEEE,0.47896057,Engagement and bundling,Price and plan fit,0.06094936,-0.30315703,-0.1409067,-0.42996308,0.06094936,-0.11954213
0257-KXZGU,0.48450443,Protection and support,Engagement and bundling,0.10152261,-0.37432954,-0.33366883,0.10152261,-0.074128635,-0.20751208
1307-ATKGB,0.5445796,Billing and payment,Service quality,0.33477312,0.3321399,0.33477312,0.10309941,-0.10023412,-0.057622306
8417-FMLZI,0.5982735,Service quality,Protection and support,0.350248,0.350248,-0.03794924,0.113854416,-0.037636712,0.019216541
3714-XPXBW,0.48267984,Engagement and bundling,Price and plan fit,0.0013162494,-0.3293303,-0.14889705,-0.3675796,0.0013162494,-0.12130782
1850-AKQEP,0.5097481,Protection and support,Engagement and bundling,0.084526196,-0.9181254,-0.34546825,0.084526196,-0.21360984,-0.5250116
2824-DXNKN,-1.4972105,No actionable lever,Billing and payment,-0.034464892,-0.16189076,-0.15207921,-0.1936843,-0.034464892,-0.32882336
5227-JSCFE,-1.4278718,No actionable lever,Engagement and bundling,-0.12393225,-0.12393225,-0.24246024,-0.38654754,-0.13205267,-0.34184068
0848-ZGQIJ,0.51727784,Service quality,Protection and support,0.31800696,0.31800696,-0.105578646,0.10084405,0.073339835,0.075418174
3621-CHYVB,0.43319556,Engagement and bundling,Billing and payment,0.07330768,-0.2751177,-0.13870493,-0.4546938,0.07330768,-0.13937932
8042-RNLKO,-0.72608167,Protection and support,Billing and payment,0.07496608,-0.5517751,-0.24311268,0.07496608,-0.28676796,-0.6139124
1792-UXAFY,0.57512814,Billing and payment,Service quality,0.35128716,0.30656296,0.35128716,0.08785483,-0.037820145,0.022554312
5372-FBKBN,0.49053997,Protection and support,Engagement and bundling,0.07186909,-0.8488619,-0.37802023,0.07186909,-0.22981916,-0.5877872
0420-TXVSG,-1.4562856,No actionable lever,Engagement and bundling,-0.0983831,-0.17041689,-0.0983831,-0.16785935,-0.13596134,-0.30837068
6217-TOWGS,0.46088126,Engagement and bundling,Protection and support,0.22135969,-0.33990538,-0.12404131,0.10493016,0.22135969,-0.18478541
0515-YPMCW,0.6664508,Service quality,Price and plan fit,0.2925759,0.2925759,-0.10985826,0.14558917,-0.14796823,0.2201573
0378-XSZPU,-0.68462235,No actionable lever,Service quality,-0.15637158,-0.18501943,-0.2528575,-0.15637158,-0.34035784,-0.28112358
1045-LTCYT,0.4690575,Protection and support,Engagement and bundling,0.069672436,-0.9197934,-0.3595979,0.069672436,-0.17240366,-0.45890337
1544-JJMYL,-0.6822121,No actionable lever,Protection and support,-0.18348543,-0.28877598,-0.264852,-0.2481384,-0.18348543,-0.2752797
4636-JGAAI,0.51615417,Service quality,Protection and support,0.3161629,0.3161629,-0.37330276,0.10493577,0.038712867,-0.014392257
6874-SGLHU,-0.58375996,Service quality,Price and plan fit,0.25424534,0.25424534,-0.045925003,0.106623866,0.20437813,0.22513162
5951-AOFIH,0.4901579,Protection and support,Engagement and bundling,0.11049147,-0.38529456,-0.10925787,0.11049147,-0.09187837,-0.19804557
4729-XKASR,0.6159029,Protection and support,Engagement and bundling,0.14198625,-0.2311112,0.011779598,0.14198625,0.036918923,0.014552113
3059-NGMXB,0.45964515,Engagement and bundling,Price and plan fit,0.043150567,-0.36888486,-0.38393763,-0.2017972,0.043150567,-0.055110145
8652-YHIYU,-0.89292663,Service quality,Protection and support,0.22802863,0.22802863,-0.08066838,-0.06364421,-0.19026047,-0.08760365
5278-PNYOX,-1.5156666,Price and plan fit,Service quality,0.23533285,0.20197827,-0.28038275,-0.05620648,0.13444127,0.23533285
5449-FIBXJ,0.42707735,Service quality,Price and plan fit,0.31141493,0.31141493,-0.0295217,-0.04453874,0.24038163,0.31069016
3486-HOOGQ,-1.4650806,No actionable lever,Service quality,-0.031246137,-0.18043397,-0.2567251,-0.325186,-0.031246137,-0.31278887
5061-PBXFW,0.46790415,No actionable lever,Price and plan fit,-0.15177517,-0.38015115,-0.32804272,-0.32923064,-0.15177517,-0.2713755
8630-FJLIB,0.57267445,Billing and payment,Service quality,0.38296396,0.31119496,0.38296396,0.1264989,-0.18905856,-0.12482451
3891-NLXJB,-1.4782758,No actionable lever,Billing and payment,-0.08033694,-0.17487788,-0.15730798,-0.35953167,-0.08033694,-0.23616841
4749-OJKQU,0.63174856,Billing and payment,Service quality,0.34123236,0.3053891,0.34123236,0.13408814,-0.055923313,0.040405042
0577-WHMEV,0.5491096,Service quality,Billing and payment,0.29523486,0.29523486,-0.033934675,-0.20514345,-0.0883833,-0.18812016
5453-AXEPF,0.58384585,Service quality,Protection and support,0.31272396,0.31272396,-0.11429911,0.10800312,-0.081069835,-0.11462021
3639-XJHKQ,0.4862459,Billing and payment,Engagement and bundling,0.35012665,-0.3515385,0.35012665,-0.21300049,-0.19227801,-0.26018286
3716-LRGXK,-1.5268271,Price and plan fit,Engagement and bundling,0.31076974,0.19412073,-0.31434685,0.14934841,0.23308554,0.31076974
2263-SFSQZ,-1.4632589,Protection and support,Engagement and bundling,0.08944299,-0.50985664,-0.14289944,0.08944299,-0.13428687,-0.48737928
9950-MTGYX,-1.4045713,Protection and support,Billing and payment,0.0768886,-0.54461956,-0.08714078,0.0768886,-0.20864087,-0.60244644
3397-AVTKU,-1.5493333,Billing and payment,Protection and support,0.32878587,-0.265912,0.32878587,0.09480383,-0.06420536,-0.12995407
4825-FUREZ,-1.393696,Billing and payment,Protection and support,0.19423501,-0.54040194,0.19423501,0.0628952,-0.1877052,-0.47346768
9837-BMCLM,0.6334245,Billing and payment,Service quality,0.33887768,0.29949552,0.33887768,0.1418937,-0.09670368,-0.032663174
2672-OJQZP,0.5996593,Protection and support,Price and plan fit,0.12310557,-0.22829825,-0.34148687,0.12310557,-0.16753793,0.109130934
0137-UDEUO,0.5581399,Protection and support,Engagement and bundling,0.08423958,-0.85362697,-0.3452987,0.08423958,-0.22289044,-0.53828007
3134-DSHVC,-1.5162088,Service quality,Price and plan fit,0.18502057,0.18502057,-0.29446462,-0.17160271,0.010082316,0.049967565
6161-UUUTA,0.6323801,Billing and payment,Service quality,0.3003886,0.30026576,0.3003886,0.15609623,-0.09131593,0.025838647
7821-DPRQE,0.39811042,Billing and payment,Price and plan fit,0.29724908,0.2705168,0.29724908,-0.43018556,0.13407817,0.29473454
6543-XRMYR,0.4938761,Service quality,Billing and payment,0.31415367,0.31415367,0.31364876,0.08312344,0.16797397,0.15973352
2001-EWBQU,-1.3038046,Price and plan fit,Service quality,0.5223391,0.20150772,0.098905064,0.08095369,0.1908552,0.5223391
4925-LMHOK,0.5072848,No actionable lever,Protection and support,-0.020976182,-0.35719138,-0.10694396,-0.079639696,-0.020976182,-0.12051534
1608-GMEWB,0.48562557,Service quality,Engagement and bundling,0.2894537,0.2894537,-0.121544056,0.15927528,0.21155208,0.023118116
6695-AMZUF,-1.5103185,Engagement and bundling,Service quality,0.07043757,-0.18068518,-0.23011826,-0.28919208,0.07043757,-0.18763182
1455-UGQVH,0.55367416,Price and plan fit,Service quality,0.40651852,0.36325133,0.33275348,0.16683629,0.25731108,0.40651852
8410-BGQXN,0.5433743,Protection and support,Engagement and bundling,0.07092372,-0.8721,-0.3462292,0.07092372,-0.21673693,-0.44596916
8280-MQRQN,0.6083421,Protection and support,Price and plan fit,0.13715263,-0.23202455,-0.11738059,0.13715263,-0.162087,0.12607338
1619-YWUBB,-1.4459661,Protection and support,Billing and payment,0.08144853,-0.49449012,-0.069823705,0.08144853,-0.1609647,-0.49048507
7611-YKYTC,0.5537679,Service quality,Protection and support,0.2977383,0.2977383,-0.41228533,-0.15307893,-0.1630613,-0.23012069
2037-SGXHH,0.5180292,Billing and payment,Service quality,0.36798096,0.30788097,0.36798096,0.09763883,0.05546666,-0.035888314
3178-FESZO,0.5670977,Price and plan fit,Service quality,0.54812586,0.30065712,-0.068924785,0.10229329,0.15538654,0.54812586
0365-GXEZS,0.54888153,Service quality,Billing and payment,0.31343722,0.31343722,0.018591587,-0.060359683,-0.23607525,-0.20722952
0082-OQIQY,0.4992069,Billing and payment,Service quality,0.34551117,0.32599768,0.34551117,-0.10615452,0.08086145,0.03149607
6087-MVHJH,0.5625338,Billing and payment,Service quality,0.35461968,0.31030226,0.35461968,0.14128403,0.048945427,-0.002614379
4603-JANFB,0.6502722,Billing and payment,Service quality,0.3195507,0.29167905,0.3195507,0.14507166,-0.16069894,0.20845407
3018-TFTSU,0.59454846,Service quality,Price and plan fit,0.33711106,0.33711106,-0.36300048,-0.1702448,-0.18443404,-0.038311712
3606-SBKRY,-0.5670912,Engagement and bundling,Billing and payment,0.39730245,-0.27529466,0.3150305,0.16993904,0.39730245,-0.12344348
4806-KEXQR,0.61167336,Service quality,Billing and payment,0.31122375,0.31122375,0.30456406,0.14641523,-0.08465543,0.032591775
0667-NSRGI,-0.5014712,Engagement and bundling,Protection and support,0.20860854,-0.19445178,-0.10507916,-0.07346369,0.20860854,-0.26386803
7083-YNSKY,0.51418567,Protection and support,Engagement and bundling,0.10049074,-0.8434808,-0.09293974,0.10049074,-0.042764217,-0.22848317
6893-ODYYE,-0.81349474,Service quality,Billing and payment,0.21112522,0.21112522,-0.09326747,-0.35119778,-0.3257257,-0.17334181
8242-JSVBO,0.53258395,Protection and support,Billing and payment,0.12448311,-0.34312138,-0.10830701,0.12448311,-0.2309495,-0.14790393
2479-BRAMR,0.55098873,Service quality,Billing and payment,0.28658247,0.28658247,-0.11590394,-0.19546564,-0.122065306,-0.122733176
9541-ZPSEA,-1.5868623,Service quality,Protection and support,0.18251288,0.18251288,-0.28601325,-0.12156834,-0.24940333,-0.2399216
2665-NPTGL,0.49759108,Service quality,Engagement and bundling,0.32926095,0.32926095,-0.1168383,0.15069433,0.19877127,0.18468937
1139-WUOAH,-1.494776,Engagement and bundling,Protection and support,0.2117759,-0.16320154,-0.26182094,-0.16308603,0.2117759,-0.2520314
4693-VWVBO,0.5380959,Protection and support,Billing and payment,0.07387842,-0.9311986,-0.03527452,0.07387842,-0.23035413,-0.5478657
7434-SHXLS,0.6098604,Price and plan fit,Protection and support,0.10181804,-0.6615213,-0.31410944,0.08909514,-0.16759537,0.10181804
6937-GCDGQ,-0.71371794,No actionable lever,Price and plan fit,-0.113302395,-0.19126871,-0.113302395,-0.15063724,-0.35034966,-0.14924228
0988-JRWWP,0.5658587,Billing and payment,Protection and support,0.36318564,-0.2336585,0.36318564,0.13078135,-0.048900537,-0.031177845
5075-JSDKI,-1.3690275,Billing and payment,Protection and support,0.1855683,-0.58363223,0.1855683,0.07677527,-0.08463801,-0.6727838
7908-QCBCA,0.6664729,Service quality,Price and plan fit,0.2944549,0.2944549,-0.11263803,0.1427229,-0.15835187,0.21526656
8644-XYTSV,0.49282953,Engagement and bundling,Protection and support,0.17899288,-0.30031508,-0.18337974,-0.15626019,0.17899288,-0.16878577
6711-FLDFB,0.6238951,Service quality,Billing and payment,0.3659019,0.3659019,0.3506254,0.13263701,-0.016240515,-0.025444947
3873-WOSBC,-1.4409866,Protection and support,Engagement and bundling,0.07413209,-0.5007798,-0.23601216,0.07413209,-0.13920976,-0.56916654
7465-ZZRVX,0.6502722,Billing and payment,Service quality,0.3195507,0.2925036,0.3195507,0.14507166,-0.16069894,0.20680496
7975-JMZNT,-1.5083541,Engagement and bundling,Price and plan fit,0.12509018,-0.18164761,-0.24595557,-0.32608607,0.12509018,-0.14711937
7251-XFOIL,0.5085498,Service quality,Protection and support,0.27416903,0.27416903,-0.3974062,0.15086779,0.06155299,-0.18855722
4116-IQRFR,-0.75074255,Protection and support,Engagement and bundling,0.075753175,-0.6202885,-0.28720686,0.075753175,-0.19971153,-0.4466213
3714-JTVOV,0.5488068,Service quality,Billing and payment,0.29233012,0.29233012,-0.12101304,-0.17638983,-0.22919796,-0.21492639
8259-DZLIZ,-0.72239083,Protection and support,Billing and payment,0.118482865,-0.17296664,-0.11267013,0.118482865,-0.24254839,-0.2044372
0442-ZXKVS,-0.50314647,Price and plan fit,Engagement and bundling,0.3463086,0.20413256,-0.08284598,-0.3492368,0.2542392,0.3463086
7853-WNZSY,0.61820126,Protection and support,Price and plan fit,0.093755804,-0.6620096,-0.09645574,0.093755804,-0.16759504,0.024940401
3120-FAZKD,-1.4496627,Protection and support,Billing and payment,0.08816024,-0.52257764,-0.06864572,0.08816024,-0.13210772,-0.49399585
8606-OEGQZ,-1.4886776,Protection and support,Engagement and bundling,0.07170697,-0.52108085,-0.2719021,0.07170697,-0.10075131,-0.34865397
0225-ZORZP,0.5835136,Service quality,Protection and support,0.28948128,0.28948128,-0.11961218,0.09643703,-0.08265549,-0.028889209
4702-IOQDC,0.651912,Billing and payment,Service quality,0.31706858,0.29167905,0.31706858,0.14280373,-0.1583524,0.21209624
9489-JMTTN,-1.5624907,Engagement and bundling,Service quality,0.08532326,-0.16570179,-0.23146892,-0.3788874,0.08532326,-0.17979592
0575-CUQOV,-0.61365944,Billing and payment,Service quality,0.33907378,0.20608778,0.33907378,0.09513369,0.18419744,0.07762487
0967-BMLBD,-0.7239564,Protection and support,Billing and payment,0.0679048,-0.6251935,-0.11514986,0.0679048,-0.30767787,-0.528937
6178-KFNHS,0.60254514,Billing and payment,Service quality,0.36832833,0.33374357,0.36832833,-0.15396902,-0.04065515,0.014442537
2830-LEWOA,-0.49884215,Price and plan fit,Service quality,0.27036622,0.20816165,-0.23624498,-0.12342018,0.17553677,0.27036622
5006-MXVRN,-1.440323,Protection and support,Engagement and bundling,0.061974004,-0.51569927,-0.2843787,0.061974004,-0.20678927,-0.52371806
1264-BYWMS,0.47980776,Billing and payment,Service quality,0.36422378,0.28949928,0.36422378,0.16865462,0.21494815,0.028571889
9658-WYUFB,0.5340172,Billing and payment,Service quality,0.3801694,0.30394125,0.3801694,-0.1892633,0.06554639,0.0874285
8327-WKMIE,-0.7331877,Protection and support,Billing and payment,0.06804564,-0.5661746,-0.25449523,0.06804564,-0.36887813,-0.74038565
6917-FIJHC,-1.4761658,Protection and support,Engagement and bundling,0.12720345,-0.507722,-0.17663492,0.12720345,-0.16608143,-0.53953487
5329-KRDTM,-1.4449949,No actionable lever,Protection and support,-0.009896034,-0.1325725,-0.28351873,-0.07782388,-0.009896034,-0.35126778
7797-EJMDP,0.4640209,No actionable lever,Price and plan fit,-0.07215774,-0.41295058,-0.27894163,-0.32137528,-0.07215774,-0.2493883
3530-VWVGU,0.44692072,Protection and support,Engagement and bundling,0.07183798,-0.8341676,-0.44175604,0.07183798,-0.18448915,-0.5694723
2013-SGDXK,0.6308534,Price and plan fit,Service quality,0.33060902,0.2931396,-0.017677285,0.090237476,-0.051017366,0.33060902
6368-NWMCE,0.44175088,Engagement and bundling,Protection and support,0.08982186,-0.3790152,-0.296653,-0.10697148,0.08982186,-0.10765006
3633-CDBUW,-0.5384686,Engagement and bundling,Billing and payment,0.0822515,-0.18272522,0.0676291,-0.12348067,0.0822515,-0.15100408
0707-HOVVN,-1.4400091,No actionable lever,Protection and support,-0.007589251,-0.16146712,-0.122341454,-0.117625624,-0.007589251,-0.3094296
8580-QVLOC,-1.5267171,Engagement and bundling,Service quality,0.09279181,-0.14074759,-0.24399765,-0.37596688,0.09279181,-0.28434086
3956-MGXOG,0.53817534,Billing and payment,Service quality,0.33043158,0.32292047,0.33043158,0.13807806,-0.08050158,-0.036051318
9274-UARKJ,0.59747034,Service quality,Protection and support,0.33215046,0.33215046,-0.088623725,0.104838334,-0.054429192,0.05840233
4077-HWUYD,-1.5663111,Engagement and bundling,Billing and payment,0.09423225,-0.17233104,-0.1273456,-0.44495556,0.09423225,-0.1310705
2012-NWRPA,0.552549,Price and plan fit,Service quality,0.42634997,0.35531014,0.31286085,0.1477334,0.24816044,0.42634997
8808-ELEHO,0.61483747,Service quality,Billing and payment,0.3566305,0.3566305,0.33975214,0.13093686,-0.064460315,0.0192285
0103-CSITQ,-0.50089157,Price and plan fit,Engagement and bundling,0.4459561,0.22097479,-0.075448304,-0.10047416,0.26986083,0.4459561
3506-LCJDC,0.60727763,Protection and support,Price and plan fit,0.08665243,-0.65912396,-0.30257806,0.08665243,-0.15580772,0.047773898
8671-KKKOS,0.46675926,Engagement and bundling,Billing and payment,0.23250502,-0.30241638,0.08999867,-0.1284059,0.23250502,-0.07080895
7305-ZWMAJ,-0.7100419,Protection and support,Billing and payment,0.072550505,-0.5422186,-0.30616888,0.072550505,-0.3195821,-0.476014
9518-XXBXE,0.5829344,Service quality,Billing and payment,0.3258605,0.3258605,-0.0073481286,-0.1321157,-0.16969804,-0.10309245
3934-HXCFZ,0.5232663,Billing and payment,Service quality,0.42828655,0.30655155,0.42828655,-0.19624375,0.07012502,0.11193724
6578-KRMAW,0.48225918,Service quality,Price and plan fit,0.2931905,0.2931905,-0.1061648,-0.1988621,-0.0499037,0.10530625
4860-IJUDE,0.6052844,Service quality,Price and plan fit,0.33829823,0.33829823,-0.116265945,-0.15992862,-0.17805506,0.059998263
7666-WKRON,-1.6215959,Billing and payment,Service quality,0.41561592,0.23211308,0.41561592,-0.07757942,-0.20547447,-0.24365696
9688-YGXVR,0.56383073,Service quality,Protection and support,0.30648956,0.30648956,-0.11427303,0.11803466,-0.08713277,-0.1976883
0423-UDIJQ,0.51312345,No actionable lever,Protection and support,-0.055994213,-0.3122753,-0.31181416,-0.058145378,-0.19283205,-0.055994213
1945-XISKS,-1.4505762,Protection and support,Engagement and bundling,0.06641373,-0.52360404,-0.31502834,0.06641373,-0.25967473,-0.69936097
4910-AQFFX,0.6195366,Service quality,Protection and support,0.3449412,0.3449412,-0.08042436,0.13083716,-0.061357923,-0.025179002
2154-KVJFF,0.5898802,Billing and payment,Service quality,0.39005393,0.32326537,0.39005393,0.088866286,-0.061086528,0.018016316
5360-LJCNJ,-1.369362,Price and plan fit,Engagement and bundling,0.63439155,0.19633758,-0.07425272,0.13220307,0.22351824,0.63439155
2607-FBDFF,0.5855687,Price and plan fit,Protection and support,0.12684615,-0.23261221,-0.2898492,-0.14425413,-0.15576276,0.12684615
9647-ERGBE,0.48037013,Service quality,Billing and payment,0.33229676,0.33229676,0.3231462,0.170404,0.19691232,0.26802307
3428-XZMAZ,0.6502722,Billing and payment,Service quality,0.3195507,0.29167905,0.3195507,0.14507166,-0.16069894,0.20845407
1100-DDVRV,0.4625019,Engagement and bundling,Protection and support,0.28206724,-0.32682404,-0.15601714,0.121245116,0.28206724,0.030877821
0378-TOVMS,0.5918217,Service quality,Price and plan fit,0.29681888,0.29681888,-0.070980564,-0.056378447,-0.10884969,0.1371788
4355-HBJHH,-1.4945436,Billing and payment,Engagement and bundling,0.38564166,-0.19810745,0.38564166,-0.11256215,0.18578526,-0.15260375
6728-WYQBC,0.6081933,Protection and support,Price and plan fit,0.08883922,-0.66752243,-0.30459437,0.08883922,-0.16958769,0.08282648
9058-CBREO,0.5980911,Price and plan fit,Protection and support,0.14094882,-0.22540945,-0.3092815,0.12446799,-0.0630236,0.14094882
9029-FEGVJ,0.55882466,Service quality,Protection and support,0.30990738,0.30990738,-0.3442598,0.12497861,-0.10780294,-0.117439434
7216-KAOID,-0.7333237,Protection and support,Billing and payment,0.061004132,-0.5154131,-0.2392246,0.061004132,-0.3120586,-0.38215062
0318-QUUOB,0.648413,Billing and payment,Service quality,0.3240443,0.2941181,0.3240443,0.1489326,-0.058944028,0.22977334
6145-NNPNO,0.5984697,Protection and support,Price and plan fit,0.12119013,-0.22796413,-0.32448626,0.12119013,-0.1671837,0.10549916
5520-FVEWJ,0.608148,Billing and payment,Service quality,0.364878,0.3474954,0.364878,0.09024946,-0.04549375,0.019636441
5339-TJFEK,0.44285452,Billing and payment,Service quality,0.31991416,0.26693678,0.31991416,-0.24017335,0.17365012,0.10911058
5572-ZDXHY,0.53975666,Service quality,Protection and support,0.31422532,0.31422532,-0.1317277,0.11097663,-0.04816608,0.07863465
2074-GUHPQ,0.5781727,Service quality,Price and plan fit,0.3069817,0.3069817,-0.11101969,-0.11329697,-0.055405725,0.0040657446
4625-XMOYM,-1.4665092,Protection and support,Billing and payment,0.12533288,-0.48617232,-0.09859035,0.12533288,-0.114563674,-0.3174472
5827-MWCZK,0.50348544,Service quality,Price and plan fit,0.28509605,0.28509605,-0.10313723,-0.17379622,0.03088975,0.065147415
1385-TQOZW,0.48422378,Protection and support,Billing and payment,0.07292559,-0.92072546,-0.103537,0.07292559,-0.18718942,-0.568242
5914-XRFQB,-1.5206149,Price and plan fit,Service quality,0.24226637,0.16883437,-0.10274541,-0.4064664,0.10067927,0.24226637
4329-YPDDQ,0.4146051,Price and plan fit,Service quality,0.31796587,0.30427304,-0.123163596,-0.33073983,0.020781413,0.31796587
4804-NCPET,-1.5002635,Protection and support,Engagement and bundling,0.07302544,-0.53170747,-0.32809243,0.07302544,-0.21685942,-0.55836654
3750-CKVKH,0.6261364,Billing and payment,Service quality,0.34076962,0.29100865,0.34076962,0.14089839,-0.16580687,-0.005346693
5944-UGLLK,-0.4594443,Engagement and bundling,Protection and support,0.3102426,-0.18434957,-0.25353318,-0.15063506,0.3102426,-0.21160464
8063-GBATB,0.5361445,Billing and payment,Service quality,0.31552842,0.31137943,0.31552842,0.14311124,0.031500723,0.00044056028
7787-BNTZM,0.5167793,Protection and support,Engagement and bundling,0.08434973,-0.9039086,-0.27681133,0.08434973,-0.22617498,-0.47968367
2252-ISRNH,-0.9834437,Billing and payment,Service quality,0.3903624,0.24888325,0.3903624,0.14433956,-0.03407578,0.0123139545
9415-TPKRV,0.50319546,Price and plan fit,Protection and support,0.08226453,-0.39562982,-0.029065646,0.07314667,-0.051117178,0.08226453
5322-TEUJK,-1.4886587,Price and plan fit,Service quality,0.28610742,0.16618079,-0.21577764,-0.34991816,0.08195685,0.28610742
4547-KQRTM,0.631708,Service quality,Protection and support,0.36304492,0.36304492,-0.10071333,0.10991406,-0.030764766,0.049150277
4877-EVATK,0.60684955,Protection and support,Price and plan fit,0.0874657,-0.6549561,-0.32259062,0.0874657,-0.1699419,0.0653135
1866-DIOQZ,-0.45952126,Engagement and bundling,Service quality,0.26543123,-0.16558535,-0.25116533,-0.41279647,0.26543123,-0.19581008
8375-KVTHK,-0.55432385,Billing and payment,Service quality,0.30062625,0.21995337,0.30062625,-0.16199788,0.1780534,0.12174933
2697-NQBPF,0.44246078,Billing and payment,Service quality,0.32514924,0.2989263,0.32514924,-0.15780193,0.18910493,0.16461936
3709-OIJEA,-0.8836215,Billing and payment,Service quality,0.36715743,0.25549543,0.36715743,-0.14360341,-0.28513077,-0.06374293
7639-SUPCW,0.4917358,Price and plan fit,Billing and payment,0.054047175,-0.3168534,-0.13908884,-0.1627244,-0.19086859,0.054047175
1386-ZIKUV,0.5046792,Protection and support,Billing and payment,0.07422987,-0.9202008,-0.1457463,0.07422987,-0.18440123,-0.78996575
0599-XNYDO,0.5768724,Service quality,Protection and support,0.3225724,0.3225724,-0.12649162,0.14248595,-0.23615776,-0.28602818
6377-WHAOX,0.41883397,Billing and payment,Service quality,0.3523352,0.28461996,0.3523352,0.09984713,0.18621424,0.15245631
6855-VLGOS,-1.3839579,Billing and payment,Protection and support,0.2542549,-0.498394,0.2542549,0.11598923,-0.17785892,-0.56215554
8999-XXGNS,-0.64995027,Price and plan fit,Engagement and bundling,0.29153526,0.18647592,-0.08801459,0.12962262,0.28327122,0.29153526
8746-OQQRW,0.54704446,Protection and support,Engagement and bundling,0.08527348,-0.87775135,-0.34996232,0.08527348,-0.081814945,-0.22324139
3181-MIZBN,0.47975075,Protection and support,Billing and payment,0.073936746,-0.853922,0.009126551,0.073936746,-0.16883029,-0.16272238
0471-ARVMX,-0.5511502,Billing and payment,Engagement and bundling,0.33968556,0.19464332,0.33968556,-0.14870721,0.25593582,0.19975525
7766-CLTIC,0.48211306,No actionable lever,Protection and support,-0.07150558,-0.3896258,-0.13917851,-0.07387161,-0.07150558,-0.15908611
5650-YLIBA,0.5583781,Billing and payment,Service quality,0.3459943,0.32535616,0.3459943,0.12941541,-0.05013863,-0.071216315
0825-CPPQH,-1.4319535,Protection and support,Engagement and bundling,0.08603024,-0.49571282,-0.26969138,0.08603024,-0.22354388,-0.99762666
9084-OAYKL,-1.4492446,Protection and support,Engagement and bundling,0.07664402,-0.4981444,-0.3067324,0.07664402,-0.23984106,-0.40293562
6122-LJADA,-1.5240902,Engagement and bundling,Billing and payment,0.0913456,-0.18786913,-0.09728401,-0.362465,0.0913456,-0.182485
2400-XIWIO,-1.4904723,Billing and payment,Engagement and bundling,0.22020812,-0.18110265,0.22020812,-0.37330383,0.07265285,-0.18523833
7524-VRLPL,-1.4342086,Engagement and bundling,Service quality,0.071940176,-0.14982605,-0.236998,-0.24648578,0.071940176,-0.2533217
1069-XAIEM,0.62866914,Price and plan fit,Service quality,0.33038872,0.29158497,0.28383154,0.15312435,0.05995082,0.33038872
7569-NMZYQ,-1.5407134,Price and plan fit,Service quality,0.23753427,0.1735519,-0.08668269,-0.4165444,0.07298568,0.23753427
5201-USSQZ,0.52245253,Service quality,Price and plan fit,0.3246191,0.3246191,-0.32907006,-0.075353645,-0.046214733,-0.014475305
2105-PHWON,0.4847239,Service quality,Engagement and bundling,0.31703538,0.31703538,-0.07950551,-0.07864888,0.05567107,-0.010319516
1494-EJZDW,-1.5435494,Protection and support,Engagement and bundling,0.076881446,-0.5715209,-0.30758062,0.076881446,-0.23819251,-0.69263864
4884-TVUQF,-1.478677,Price and plan fit,Service quality,0.31553248,0.16433004,-0.24628447,-0.244655,0.07444342,0.31553248
8003-EWNDZ,0.5139506,Billing and payment,Protection and support,0.32809964,-0.9958117,0.32809964,0.09446775,-0.23193286,-0.46633196
1897-RCFUM,-0.7586896,Protection and support,Billing and payment,0.07748234,-0.5484781,-0.12323252,0.07748234,-0.22510049,-0.3992727
9256-JTBNZ,0.5024372,Protection and support,Engagement and bundling,0.08074913,-0.8658018,-0.28291914,0.08074913,-0.22883451,-0.48178932
4658-HCOHW,0.4794976,Billing and payment,Service quality,0.35328555,0.3024994,0.35328555,-0.17180634,-0.0094162,0.21085903
2211-RMNHO,-1.5108962,Engagement and bundling,Protection and support,0.1701073,-0.17588434,-0.28590202,-0.10432839,0.1701073,-0.3575554
2432-TFSMK,-0.8769764,Service quality,Protection and support,0.24669725,0.24669725,-0.100062035,0.13134389,-0.08276812,-0.09370688
3440-JPSCL,0.53849345,Service quality,Price and plan fit,0.35577354,0.35577354,-0.0844833,-0.061939266,0.075819544,0.3398926
4929-ROART,0.4819365,No actionable lever,Price and plan fit,-0.08688432,-0.3515085,-0.4491272,-0.16204998,-0.08688432,-0.12992802
1834-ABKHQ,-0.7271173,Protection and support,Price and plan fit,0.11998717,-0.19137955,-0.09245784,0.11998717,-0.30081806,-0.06388883
1741-WTPON,-1.3120655,Price and plan fit,Service quality,0.52077234,0.19489285,-0.25697023,-0.3256621,0.116493545,0.52077234
3932-IJWDZ,0.4137499,Service quality,Price and plan fit,0.30149987,0.30149987,-0.1080633,-0.055869088,0.23898523,0.2952472
1240-HCBOH,-1.4897237,Protection and support,Billing and payment,0.08678359,-0.52892053,-0.17373241,0.08678359,-0.17669226,-0.63468343
3594-KADLU,0.5687524,No actionable lever,Price and plan fit,-0.03500972,-0.23758022,-0.38705373,-0.35361412,-0.03500972,-0.07511624
8065-BVEPF,0.4762394,Service quality,Engagement and bundling,0.27961233,0.27961233,-0.10795455,0.11383362,0.11566361,-0.047255665
3796-ENZGF,-1.4771025,Engagement and bundling,Protection and support,0.07174933,-0.15421952,-0.3222323,-0.11080168,0.07174933,-0.18890512
1734-ZMNTZ,-1.5077839,Protection and support,Engagement and bundling,0.08976961,-0.53897476,-0.3133036,0.08976961,-0.05065951,-0.2978635
2853-CWQFQ,0.5570356,Price and plan fit,Engagement and bundling,0.12756109,-0.29436538,-0.11073689,-0.1900372,-0.024771903,0.12756109
0813-TAXXS,-1.53609,Engagement and bundling,Protection and support,0.23127869,-0.17976744,-0.09070102,0.16095307,0.23127869,-0.24634361
2519-TWKFS,-0.7170364,No actionable lever,Billing and payment,-0.062390115,-0.29070356,-0.12459393,-0.062390115,-0.16905911,-0.25921625
2889-FPWRM,-0.561676,Price and plan fit,Engagement and bundling,0.47259632,0.18866967,-0.10110182,-0.3898153,0.24041767,0.47259632
0626-QXNGV,-1.4930992,Protection and support,Billing and payment,0.11171549,-0.513335,-0.11088423,0.11171549,-0.14194503,-0.61364955
6723-CEGQI,-1.4746448,No actionable lever,Price and plan fit,-0.017281216,-0.16004764,-0.31343943,-0.1635916,-0.017281216,-0.15666586
6987-XQSJT,0.5446988,Billing and payment,Service quality,0.3337881,0.28041044,0.3337881,0.11780776,-0.06592558,-0.18989669
4732-RRJZC,0.51323056,Protection and support,Engagement and bundling,0.074805975,-0.93528533,-0.35493597,0.074805975,-0.19537038,-0.48265693
9499-XPZXM,-1.4398377,No actionable lever,Service quality,-0.09327606,-0.15223034,-0.27271858,-0.33833858,-0.09327606,-0.16163996
4338-EYCER,0.48689872,Protection and support,Price and plan fit,0.11208588,-0.34766376,-0.39001653,0.11208588,-0.057755895,0.038537376
3007-FDPEA,0.5771881,Protection and support,Billing and payment,0.08577352,-0.8170694,-0.07604555,0.08577352,-0.16988945,-0.20862037
6350-XFYGW,0.55047697,Price and plan fit,Service quality,0.3433625,0.3152788,0.27127504,0.13994896,0.04328167,0.3433625
4290-BSXUX,0.647732,Service quality,Price and plan fit,0.30142164,0.30142164,-0.08565089,-0.05593648,-0.009471534,0.11071934
8513-OLYGY,-1.5100324,Price and plan fit,Service quality,0.35225672,0.16044047,-0.2228286,-0.33933476,0.095969446,0.35225672
0311-QYWSS,0.5198885,Billing and payment,Engagement and bundling,0.33982998,-0.34103176,0.33982998,-0.24016112,-0.21576706,-0.27516365
8705-DWKTI,0.5169153,Service quality,Protection and support,0.2879772,0.2879772,-0.10257818,0.15187354,-0.058715824,-0.11134817
8755-IWJHN,0.47420704,Service quality,Protection and support,0.26689067,0.26689067,-0.10391472,0.124154635,0.028489936,-0.14365125
0325-XBFAC,0.5683786,Service quality,Billing and payment,0.36175665,0.36175665,0.32516572,0.14251374,0.062390752,0.2551213
4480-QQRHC,0.63157123,Service quality,Protection and support,0.36142632,0.36142632,-0.10469519,0.125833,-0.19657671,-0.061647095
0929-PECLO,0.51362485,Service quality,Protection and support,0.26123074,0.26123074,-0.12731726,0.16553985,0.041980654,-0.20380181
3680-CTHUH,-0.500519,Price and plan fit,Engagement and bundling,0.30554816,0.20449312,-0.076647334,-0.3491836,0.23184861,0.30554816
1202-KKGFU,0.49566528,No actionable lever,Price and plan fit,-0.21379998,-0.39910963,-0.30772468,-0.305347,-0.21379998,-0.2599073
6112-KTHFQ,0.51683575,Protection and support,Billing and payment,0.0672168,-0.890123,-0.14583188,0.0672168,-0.21886276,-0.7558571
1852-XEMDW,0.48159698,No actionable lever,Engagement and bundling,-0.09000161,-0.34100625,-0.3949257,-0.16995062,-0.10998026,-0.09000161
2462-XIIJB,0.6314445,Billing and payment,Service quality,0.34803265,0.31592688,0.34803265,0.14135605,0.071021035,0.1639925
4760-XOHVN,0.6089448,Protection and support,Price and plan fit,0.08665435,-0.65387446,-0.32090178,0.08665435,-0.1538154,0.046060994
1820-DJFPH,-1.4921427,Protection and support,Billing and payment,0.12429693,-0.4681663,-0.12649855,0.12429693,-0.15825155,-0.52177536
9426-SXNHE,0.56503445,Protection and support,Engagement and bundling,0.058430623,-0.803497,-0.28231254,0.058430623,-0.20122035,-0.7116126
9068-FHQHD,-1.4428848,Protection and support,Engagement and bundling,0.06184609,-0.49343264,-0.20635128,0.06184609,-0.19500235,-0.34369218
1269-FOYWN,-0.7344189,Protection and support,Billing and payment,0.068630055,-0.5158707,-0.23203544,0.068630055,-0.31397215,-0.43239605
9470-YFUYI,-0.6935457,No actionable lever,Service quality,-0.14865494,-0.17582388,-0.14865494,-0.3573682,-0.18532884,-0.20645767
7817-BOQPW,0.63960975,Billing and payment,Service quality,0.3337053,0.2919543,0.3337053,0.15688701,-0.003477525,0.07861784
7402-EYFXX,0.5077396,Billing and payment,Service quality,0.3409315,0.32490936,0.3409315,0.15080066,0.19024634,0.07804093
1853-UDXBW,0.6518899,Billing and payment,Service quality,0.31345356,0.28888053,0.31345356,0.14564805,-0.14491543,0.21799469
9895-VFOXH,0.6366014,Protection and support,Price and plan fit,0.13429314,-0.22863556,-0.34516773,0.13429314,0.017624125,0.028855916
5458-CQJTA,-1.4746791,Engagement and bundling,Billing and payment,0.13622226,-0.18674672,-0.10650393,-0.2980696,0.13622226,-0.21477105
1230-QAJDW,0.57256097,Engagement and bundling,Protection and support,0.07455823,-0.3027147,-0.12179616,-0.059617124,0.07455823,-0.090958826
5701-ZIKJE,0.50636744,No actionable lever,Protection and support,-0.03711613,-0.34057143,-0.15125123,-0.06351482,-0.17097802,-0.03711613
5219-YIPTK,0.45465383,Billing and payment,Service quality,0.33757362,0.30352688,0.33757362,0.07962254,0.17375153,0.13785423
5032-MIYKT,0.6664729,Service quality,Price and plan fit,0.29532695,0.29532695,-0.11263803,0.14277521,-0.15730058,0.21435809
7396-VJUZB,0.5515322,Protection and support,Price and plan fit,0.120045215,-0.24270374,-0.38461316,0.120045215,-0.16471082,-0.064814106
9717-QEBGU,0.63760316,Billing and payment,Service quality,0.3265952,0.2887209,0.3265952,0.13784751,-0.21560168,-0.066789724
5172-RKOCB,-1.4498398,Price and plan fit,Service quality,0.42112184,0.16665098,-0.09942257,-0.38477838,0.1491304,0.42112184
6509-TSGWN,0.46948642,Protection and support,Engagement and bundling,0.07267741,-0.8003162,-0.38274267,0.07267741,-0.09648898,-0.30479595
3540-RZJYU,0.5595457,Service quality,Billing and payment,0.30325362,0.30325362,0.015435836,-0.12098576,-0.021132916,0.012129389
3178-CIFOT,-0.7644591,Protection and support,Billing and payment,0.08552293,-0.5994779,-0.090448685,0.08552293,-0.37838387,-0.75600845
2091-MJTFX,0.44505876,Engagement and bundling,Protection and support,0.15829583,-0.36398068,-0.29922223,-0.15605277,0.15829583,-0.20246127
4530-NDRKU,-0.7285286,Billing and payment,Protection and support,0.37717435,-0.5894095,0.37717435,0.0599546,-0.26578116,-0.8843542
5985-TBABQ,-0.47662348,Engagement and bundling,Protection and support,0.266526,-0.2805296,-0.3498627,-0.1579696,0.266526,-0.2240057
9800-ONTFE,0.57453406,Service quality,Protection and support,0.31284094,0.31284094,-0.12694277,0.1310709,-0.082385406,-0.21772705
6743-HHQPF,0.53796345,Protection and support,Engagement and bundling,0.12966786,-0.2989197,-0.13020141,0.12966786,-0.005732313,-0.27259946
8455-HIRAQ,0.5232842,Protection and support,Price and plan fit,0.10985961,-0.336124,-0.3704633,0.10985961,-0.23386261,-0.14491057
6616-AALSR,-1.459322,Price and plan fit,Engagement and bundling,0.3530976,0.19385846,-0.06321102,-0.13027227,0.21710475,0.3530976
0883-EIBTI,0.54016954,Protection and support,Engagement and bundling,0.077750966,-0.79724944,-0.39651176,0.077750966,-0.17807242,-0.37754047
9415-ZNBSX,-1.541038,Engagement and bundling,Billing and payment,0.08498521,-0.18653145,-0.10985501,-0.38699558,0.08498521,-0.24299106
4018-KJYUY,0.48756093,Protection and support,Engagement and bundling,0.07560873,-0.78408146,-0.34720454,0.07560873,-0.17433853,-0.2729216
0722-TROQR,0.6290492,Billing and payment,Service quality,0.3112874,0.30977735,0.3112874,0.15118456,-0.007503461,-0.024979688
7571-YXDAD,0.6404268,Service quality,Protection and support,0.28104943,0.28104943,-0.35278255,0.11984617,-0.06580766,0.038268395
3884-UEBXB,-1.4859258,No actionable lever,Protection and support,-0.030097485,-0.15744334,-0.25341424,-0.108464465,-0.030097485,-0.21136937
8780-RSYYU,0.49780783,Protection and support,Billing and payment,0.08528818,-0.81073856,-0.1144739,0.08528818,-0.23650208,-0.98545194
5537-UXXVS,0.4673782,Protection and support,Engagement and bundling,0.06521829,-0.7789692,-0.3740503,0.06521829,-0.18458822,-0.6928066
1791-PQHBB,0.54506516,No actionable lever,Price and plan fit,-0.055119537,-0.28795156,-0.07053497,-0.1864564,-0.055119537,-0.060870223
8701-DGLVH,-1.4523172,Protection and support,Engagement and bundling,0.07311898,-0.5043875,-0.29991412,0.07311898,-0.22346573,-0.4054744
8741-LQOBK,0.49048498,Engagement and bundling,Protection and support,0.016977206,-0.2894218,-0.2858515,-0.13308755,0.016977206,-0.15793142
3393-FMZPV,0.48995054,Billing and payment,Service quality,0.37818938,0.33338872,0.37818938,0.08792001,0.17020431,0.15906692
8082-GHXOP,0.50433075,Protection and support,Price and plan fit,0.100573845,-0.3407297,-0.40324485,0.100573845,-0.21370152,-0.15269789
6402-ZFPPI,0.4311597,Price and plan fit,Service quality,0.4135757,0.31492987,-0.12708646,-0.20803529,0.22701305,0.4135757
0980-FEXWF,-0.7091742,Protection and support,Price and plan fit,0.1092543,-0.21010126,-0.35678136,0.1092543,-0.3199371,-0.13142087
7486-KSRVI,-0.5710896,Billing and payment,Engagement and bundling,0.34462464,0.23019673,0.34462464,-0.053369217,0.29409724,0.1889841
3011-WQKSZ,0.49739802,Billing and payment,Protection and support,0.36329046,-0.8647573,0.36329046,0.08388708,-0.17586587,-0.21426949
8443-WVPSS,0.5525323,Price and plan fit,Service quality,0.35535735,0.34813946,0.3179677,-0.1649814,0.063075736,0.35535735
3006-XIMLN,0.5810926,Price and plan fit,Service quality,0.3562791,0.296423,-0.059627455,0.1639072,0.22895151,0.3562791
8218-FFJDS,-1.5404453,Engagement and bundling,Billing and payment,0.14231536,-0.16736786,-0.14077905,-0.4147833,0.14231536,-0.30264848
1986-PHGZF,0.47699735,No actionable lever,Engagement and bundling,-0.060572784,-0.3466436,-0.115397945,-0.21857753,-0.09123884,-0.060572784
9965-YOKZB,0.595167,Service quality,Billing and payment,0.3484472,0.3484472,0.2936559,0.16040279,0.11417879,0.10807721
0504-HHAPI,0.52419955,Service quality,Protection and support,0.31563836,0.31563836,-0.31204343,0.1338289,0.10032746,0.01809642
9360-OMDZZ,0.50785834,Billing and payment,Service quality,0.36379343,0.33775288,0.36379343,0.15674949,0.2500558,0.09462415
6305-YLBMM,-0.48963344,Price and plan fit,Service quality,0.30919656,0.2203426,-0.06773604,-0.11951456,0.19583477,0.30919656
0345-XMMUG,-1.3274171,Price and plan fit,Service quality,0.634738,0.2084275,-0.06292182,-0.102018364,0.18156523,0.634738
8024-XNAFQ,-1.396774,Price and plan fit,Service quality,0.44947842,0.14148718,-0.0988291,-0.39314863,0.021577284,0.44947842
3647-GMGDH,0.5006289,Service quality,Protection and support,0.3198804,0.3198804,-0.09215003,0.14112358,0.08652535,-0.0095290765
2988-GBIVW,0.5023463,Billing and payment,Service quality,0.3269136,0.25891408,0.3269136,-0.16483253,0.024181934,-0.20773457
2832-SCUCO,0.51560825,Protection and support,Billing and payment,0.06604057,-0.87689435,-0.048125282,0.06604057,-0.21232909,-0.32809538
7036-ZZKBD,0.4459219,No actionable lever,Protection and support,-0.033492632,-0.3819746,-0.09484626,-0.09061944,-0.033492632,-0.1888283
3791-LGQCY,0.45695022,Service quality,Engagement and bundling,0.28271726,0.28271726,-0.102042004,0.17813888,0.22143775,0.10464227
0265-PSUAE,0.47639632,Service quality,Engagement and bundling,0.30643472,0.30643472,-0.40145093,-0.15414052,0.08839115,0.042239
0463-TXOAK,-1.4481097,Protection and support,Engagement and bundling,0.07615358,-0.503387,-0.23476231,0.07615358,-0.13026145,-0.41873163
0594-UFTUL,0.5188341,Protection and support,Billing and payment,0.08623211,-0.8530092,-0.15012684,0.08623211,-0.16980422,-0.26267028
9509-MPYOD,-0.71069664,Protection and support,Billing and payment,0.06360324,-0.5279233,-0.27328527,0.06360324,-0.3176404,-0.35345408
9128-CPXKI,-1.5207901,Service quality,Price and plan fit,0.20801459,0.20801459,0.113560386,0.14696766,0.08516334,0.17066324
0129-KPTWJ,0.50973296,Billing and payment,Service quality,0.39668107,0.26859984,0.39668107,0.2043759,0.08956951,-0.099549726
8166-ZZTFS,-1.5177681,Engagement and bundling,Protection and support,0.21762903,-0.15771277,-0.08850862,0.108198695,0.21762903,-0.21460693
5855-EIBDE,-1.2762539,Price and plan fit,Service quality,0.6680138,0.18460461,-0.20885994,-0.29072413,0.052264653,0.6680138
5365-LLFYV,0.59467655,Protection and support,Price and plan fit,0.1250244,-0.23141229,-0.11063758,0.1250244,-0.20845725,-0.047714643
5956-YHHRX,0.44728747,Service quality,Billing and payment,0.31861767,0.31861767,0.31728452,0.08875666,0.24127223,0.30602387
6008-NAIXK,-0.56318694,Engagement and bundling,Billing and payment,0.40593743,-0.18384598,0.30577835,0.1333566,0.40593743,-0.019090135
2956-GGUCQ,0.54112047,Billing and payment,Service quality,0.3861438,0.30755258,0.3861438,-0.16645463,-0.082315095,-0.19241577
1928-BXYIV,0.5658742,Price and plan fit,Billing and payment,0.15068103,-0.30643323,0.008275515,-0.18930836,-0.057505585,0.15068103
5760-FXFVO,0.6160141,Service quality,Billing and payment,0.34505874,0.34505874,0.3160628,-0.26008347,-0.22002773,-0.14242473
6595-COKXZ,0.6097572,Protection and support,Price and plan fit,0.13702959,-0.23202455,-0.114763014,0.13702959,-0.16648778,0.10120406
0961-ZWLVI,-0.5365046,Price and plan fit,Engagement and bundling,0.387184,0.21289735,-0.06369525,-0.19727598,0.25284684,0.387184
5181-OABFK,-1.4583162,No actionable lever,Service quality,-0.08630277,-0.17517132,-0.08630277,-0.18861516,-0.18946056,-0.27716812
4007-NHVHI,0.47074574,Billing and payment,Service quality,0.33122402,0.25546432,0.33122402,-0.24341902,0.0030849613,-0.046236277
7816-VGHTO,-1.6039376,No actionable lever,Engagement and bundling,-0.08095232,-0.19016825,-0.32572,-0.106940895,-0.091748126,-0.08095232
5871-DGTXZ,-0.6739734,Protection and support,Engagement and bundling,0.071087666,-0.52236325,-0.35529467,0.071087666,-0.31946445,-0.5039981
7550-WIQVA,-0.57554007,Price and plan fit,Billing and payment,0.4019847,0.21972494,0.26906875,-0.19861121,0.20740691,0.4019847
7544-ZVIKX,-0.4867361,Price and plan fit,Engagement and bundling,0.3528704,0.2185368,-0.06175246,-0.05266005,0.33714637,0.3528704
0016-QLJIS,-1.5456432,Engagement and bundling,Billing and payment,0.09697856,-0.18451633,-0.15895157,-0.38424605,0.09697856,-0.29108995
7508-DQAKK,-1.5240424,Engagement and bundling,Billing and payment,0.13639154,-0.18054095,-0.104352266,-0.3596087,0.13639154,-0.18561268
5176-OLSKT,-1.435105,No actionable lever,Protection and support,-0.15287848,-0.16509844,-0.2887009,-0.1548917,-0.15287848,-0.23705536
9356-AXGMP,-0.5412081,Price and plan fit,Engagement and bundling,0.3032629,0.22690624,0.28422636,-0.29091278,0.28861615,0.3032629
3556-BVQGL,-0.764594,Protection and support,Billing and payment,0.079461165,-0.6244448,-0.13001052,0.079461165,-0.37449652,-0.72294503
0362-ZBZWJ,0.5312968,Billing and payment,Service quality,0.33603597,0.3216643,0.33603597,0.15339698,0.031640302,0.034657355
8979-CAMGB,-0.5184266,Engagement and bundling,Price and plan fit,0.3427784,0.20262632,0.05370081,-0.025934346,0.3427784,0.26059407
4211-MMAZN,0.60684955,Protection and support,Price and plan fit,0.0874657,-0.66759884,-0.32259062,0.0874657,-0.1699419,0.026804373
7581-EBBOU,-0.6894538,No actionable lever,Protection and support,-0.09377078,-0.19331263,-0.09377078,-0.12122872,-0.1649038,-0.14069024
4274-OWWYO,0.6514891,Billing and payment,Service quality,0.31291032,0.2918635,0.31291032,0.11099787,-0.15477929,0.2175833
5073-RZGBK,-0.47310552,Engagement and bundling,Billing and payment,0.16902842,-0.20054875,-0.089230865,-0.37006092,0.16902842,-0.18215379
1541-ETJZO,0.588599,Price and plan fit,Engagement and bundling,0.12883152,-0.2943989,-0.32242587,-0.16249686,-0.050904706,0.12883152
2192-CKRLV,-1.531812,Billing and payment,Engagement and bundling,0.41539472,-0.14820653,0.41539472,-0.18771881,0.14001237,-0.2668553
3154-HMWUU,-1.4697077,Protection and support,Billing and payment,0.07999317,-0.48762345,-0.10962298,0.07999317,-0.24775425,-0.4999763
6119-SPUDB,-1.4760807,No actionable lever,Service quality,-0.118686765,-0.16647479,-0.29864955,-0.3374217,-0.118686765,-0.24353456
6522-OIQSX,-1.5387471,Engagement and bundling,Protection and support,0.2909401,-0.15977985,-0.08445615,0.13809174,0.2909401,-0.22531402
7813-ZGGAW,0.5219311,Service quality,Price and plan fit,0.31070518,0.31070518,-0.12425928,-0.09388355,0.03851142,0.05260948
8748-HFWBO,-0.67789507,Protection and support,Engagement and bundling,0.069951795,-0.5737606,-0.37529144,0.069951795,-0.30159178,-0.4820285
1052-QJIBV,-1.4543066,Protection and support,Engagement and bundling,0.10028875,-0.45845926,-0.26827583,0.10028875,-0.20512533,-0.5342087
1319-YLZJG,0.596213,Billing and payment,Service quality,0.3745172,0.3363284,0.3745172,-0.20047827,-0.18081449,0.013419177
4106-HADHQ,-0.467623,Engagement and bundling,Price and plan fit,0.18464972,-0.20910947,-0.22542219,-0.25962138,0.18464972,-0.11336887
0723-FDLAY,-0.49554467,Engagement and bundling,Billing and payment,0.2838477,-0.20657556,-0.08127027,-0.11687099,0.2838477,-0.15148532
3050-RLLXC,-1.4686759,No actionable lever,Service quality,-0.03193133,-0.18281803,-0.22358961,-0.3161629,-0.03193133,-0.26031926
9298-WGMRW,-1.5236969,Price and plan fit,Service quality,0.29972905,0.16593204,-0.102510266,-0.39318994,0.07484188,0.29972905
2369-UAPKZ,0.4845987,Price and plan fit,Service quality,0.5176749,0.32434723,-0.3635626,0.0921016,0.24654059,0.5176749
3088-LHEFH,0.6099349,Service quality,Price and plan fit,0.3455621,0.3455621,-0.13046421,-0.24360776,-0.042258862,-0.00170549
2778-OCLGR,0.4538357,Engagement and bundling,Protection and support,0.16420992,-0.30894786,-0.30680996,-0.1341522,0.16420992,-0.15021615
6583-KQJLK,0.53185207,Billing and payment,Service quality,0.3291524,0.31469572,0.3291524,0.08833583,0.05051738,0.043882914
8544-JNBOX,-1.5040479,Protection and support,Billing and payment,0.120384224,-0.5264709,-0.17932616,0.120384224,-0.25196356,-0.65809745
6681-ZSEXG,-1.448529,Protection and support,Engagement and bundling,0.12157106,-0.1603241,-0.2575002,0.12157106,-0.13238892,-0.33112708
6139-ZZRBQ,-1.3594589,Protection and support,Billing and payment,0.07689092,-0.48839855,-0.09576026,0.07689092,-0.24144147,-0.4116044
6116-RFVHN,0.47430393,Billing and payment,Service quality,0.3650338,0.3040993,0.3650338,0.15711159,0.18186739,0.17675626
0637-KVDLV,0.6371483,Billing and payment,Service quality,0.3366909,0.29271,0.3366909,0.15752824,-0.0074111912,-0.0030331463
8884-FEEWR,-0.7338098,Protection and support,Billing and payment,0.07036434,-0.5668665,-0.21946386,0.07036434,-0.37434077,-0.68965006
3125-RAHBV,-0.73722863,Protection and support,Billing and payment,0.074887134,-0.5962221,-0.28269583,0.074887134,-0.3752913,-0.72654474
6633-MPWBS,0.5413096,Billing and payment,Price and plan fit,0.34655625,-0.26566777,0.34655625,-0.06294909,-0.16829549,-0.026772179
0373-AIVNJ,-0.76058775,No actionable lever,Protection and support,-0.16228555,-0.21720535,-0.29812074,-0.1854598,-0.16228555,-0.26320174
8785-EPNCG,0.4957003,Protection and support,Engagement and bundling,0.07885473,-0.8450031,-0.3028235,0.07885473,-0.08668447,-0.10373281
1682-VCOIO,-0.73511934,Protection and support,Billing and payment,0.0692692,-0.60115075,-0.3238915,0.0692692,-0.37545303,-0.7197238
5729-KLZAR,0.5852143,Service quality,Protection and support,0.3033085,0.3033085,-0.112490214,0.1277284,-0.061189726,-0.059367523
2072-ZVJJX,-1.437826,Protection and support,Engagement and bundling,0.07542799,-0.51181316,-0.24798158,0.07542799,-0.18356842,-0.62236154
8849-AYPTR,0.51368433,Service quality,Protection and support,0.3226683,0.3226683,-0.018868871,0.13436133,0.08976148,0.013919082
9518-IMLHK,0.47703487,No actionable lever,Billing and payment,-0.06849247,-0.32528657,-0.1352037,-0.37762564,-0.06849247,-0.17147872
1582-RAFML,0.5867853,Price and plan fit,Engagement and bundling,0.13429247,-0.29451048,-0.31216764,-0.18932603,-0.045767933,0.13429247
3646-ITDGM,-1.3789077,Protection and support,Engagement and bundling,0.067628264,-0.48082432,-0.28142324,0.067628264,-0.21244505,-0.41615248
8740-CRYFY,0.64761955,Billing and payment,Service quality,0.33072817,0.29416558,0.33072817,0.14898491,-0.057892743,0.2248742
3569-VLDHH,-0.67409754,Billing and payment,Engagement and bundling,0.34963018,-0.21558565,0.34963018,-0.3641889,-0.20899613,-0.2929507
8224-KDLKN,-1.4327887,Protection and support,Engagement and bundling,0.11573195,-0.4574314,-0.25208667,0.11573195,-0.15760355,-0.4110656
7594-LZNWR,0.552271,Service quality,Protection and support,0.30044433,0.30044433,-0.3229916,0.11881581,-0.18378058,-0.10396244
4001-TSBTV,0.5377229,Billing and payment,Service quality,0.3451614,0.29606968,0.3451614,0.11471253,-0.109873176,-0.24122515
2962-XPMCQ,0.5802243,Billing and payment,Protection and support,0.33670872,-0.23686996,0.33670872,0.1484155,-0.22204559,-0.12446259
8727-XDPUD,-1.5191579,Engagement and bundling,Protection and support,0.13349158,-0.17448436,-0.28659442,0.12582721,0.13349158,-0.20471282
1043-UXOVO,-1.4882709,Price and plan fit,Service quality,0.32371867,0.17187545,-0.07600614,-0.37096158,0.083305985,0.32371867
1064-FBXNK,-0.9504198,Protection and support,Price and plan fit,0.07831535,-0.4931688,-0.27736995,0.07831535,-0.2861925,-0.1621013
3996-ZNWYK,-1.4317371,Protection and support,Engagement and bundling,0.101073034,-0.43356842,-0.26183215,0.101073034,-0.2162309,-0.51731575
2878-DHMIN,-0.6874768,Billing and payment,Protection and support,0.088887356,-0.56647366,0.088887356,0.061263025,-0.26311657,-0.48563033
7762-ONLJY,-0.7125221,Protection and support,Engagement and bundling,0.06729012,-0.6391225,-0.32606426,0.06729012,-0.29947832,-0.46410546
1678-FYZOW,0.6358578,Billing and payment,Service quality,0.32971162,0.30171216,0.32971162,0.13962579,-0.09463914,-0.018191345
5795-BKOYE,-0.67508394,No actionable lever,Service quality,-0.098057725,-0.1782152,-0.2662896,-0.098057725,-0.32220474,-0.26029837
8627-EHGIP,-0.49970365,Engagement and bundling,Protection and support,0.41979152,-0.18657821,-0.10370219,0.14624335,0.41979152,0.042084757
7402-PWYJJ,-0.65357643,Billing and payment,Service quality,0.32206255,0.22578482,0.32206255,-0.088170566,0.12249545,-0.16132437
5480-TBGPH,0.49719766,Service quality,Price and plan fit,0.32709932,0.32709932,-0.091528185,0.09094747,0.09150821,0.27413577
0018-NYROU,0.6314432,Billing and payment,Service quality,0.32767296,0.31309414,0.32767296,0.13288489,-0.20222026,-0.060473368
7501-VTYLJ,0.58327425,Protection and support,Price and plan fit,0.09751911,-0.22313169,-0.34824163,0.09751911,-0.19266517,-0.041992575
7608-RGIRO,-1.4266896,Protection and support,Billing and payment,0.090175495,-0.51723707,-0.154586,0.090175495,-0.16810815,-0.47877836
0480-BIXDE,0.51751804,Billing and payment,Service quality,0.39036697,0.31790334,0.39036697,0.1418414,0.06095232,0.04948111
5895-QSXOD,0.613461,Service quality,Protection and support,0.34781942,0.34781942,-0.3680637,0.12703751,-0.23157366,-0.11240431
9814-AOUDH,-1.4421453,Protection and support,Engagement and bundling,0.06966151,-0.5193408,-0.24690133,0.06966151,-0.24596886,-0.63647085
6175-IRFIT,0.590681,Service quality,Protection and support,0.31775448,0.31775448,-0.35561383,0.14363854,-0.06399155,0.08131536
8760-ZRHKE,-0.70360804,Billing and payment,Engagement and bundling,0.18745744,-0.18291418,0.18745744,-0.193932,-0.06086701,-0.22274184
1622-HSHSF,0.6198684,Protection and support,Price and plan fit,0.096077465,-0.6560085,-0.09855548,0.096077465,-0.16654523,0.03581567
8854-CCVSQ,0.5760565,Billing and payment,Service quality,0.37572342,0.31180885,0.37572342,0.09315587,-0.06904193,0.040472362
6749-UTDVX,-1.4122388,Price and plan fit,Billing and payment,0.6328213,0.19604973,0.34520015,0.12918614,0.22030483,0.6328213
5542-DHSXL,0.5439272,No actionable lever,Price and plan fit,-0.2017218,-0.32713383,-0.32461107,-0.23804432,-0.2017218,-0.20237553
9102-OXKFY,-1.4554842,Protection and support,Engagement and bundling,0.11242587,-0.1614758,-0.27510577,0.11242587,-0.15453984,-0.2713988
0511-JTEOY,0.656375,Service quality,Price and plan fit,0.29339653,0.29339653,-0.33686078,0.12885118,-0.15835072,0.23541522
5216-WASFJ,0.5329832,Service quality,Billing and payment,0.30974537,0.30974537,0.3078651,0.14897734,0.028078396,0.08880501
7808-DVWEP,0.51987576,Protection and support,Engagement and bundling,0.074650906,-0.8601632,-0.3508518,0.074650906,-0.18971965,-0.4806041
7067-KSAZT,-0.6073322,Billing and payment,Engagement and bundling,0.28540826,0.21652885,0.28540826,0.08782771,0.28180408,0.23272064
2284-VFLKH,-0.55017805,Engagement and bundling,Service quality,0.23563166,0.22615492,-0.06682578,-0.075817294,0.23563166,0.12511328
0366-NQSHS,0.5658626,Protection and support,Engagement and bundling,0.07203806,-0.8405379,-0.36051115,0.07203806,-0.21228561,-0.52188814
6532-YLWSI,-0.68104875,Protection and support,Billing and payment,0.06659298,-0.5362632,-0.28791073,0.06659298,-0.31947982,-0.33864322
3807-BPOMJ,-0.59040284,Billing and payment,Service quality,0.33610043,0.22064207,0.33610043,-0.124450505,0.18011144,-0.016832791
3892-NXAZG,-1.5365523,Price and plan fit,Service quality,0.19530115,0.16867878,-0.078705184,-0.41622683,0.0706246,0.19530115
4948-WBBKL,0.5616097,Service quality,Protection and support,0.30762798,0.30762798,-0.12386627,0.13462648,-0.11717221,-0.093961224
4182-BGSIQ,0.5219987,Protection and support,Billing and payment,0.081099905,-0.8665313,-0.08922979,0.081099905,-0.17233512,-0.19949037
9300-AGZNL,0.59216195,Price and plan fit,Service quality,0.42847943,0.29514807,0.29321516,0.15864685,0.16773093,0.42847943
0988-AADSA,-1.5311368,Engagement and bundling,Service quality,0.06862366,-0.14997621,-0.25035203,-0.35599905,0.06862366,-0.1600654
9972-NKTFD,0.48011017,No actionable lever,Price and plan fit,-0.08332593,-0.38956147,-0.31722307,-0.08332593,-0.16974345,-0.108450465
3717-LNXKW,0.5469903,Service quality,Engagement and bundling,0.30416805,0.30416805,-0.3420707,-0.14075486,0.04176954,-0.05840212
5734-EJKXG,-0.54587734,Billing and payment,Price and plan fit,0.27605292,0.21023147,0.27605292,-0.3605347,0.20405601,0.25309855
2207-RYYRL,-1.4636337,Protection and support,Engagement and bundling,0.08716366,-0.5445523,-0.30786768,0.08716366,-0.10147273,-0.69195014
6729-FZWSY,-0.6796179,Protection and support,Billing and payment,0.07707712,-0.56323147,-0.1409765,0.07707712,-0.35635877,-0.4998206
9695-IDRZR,-1.360317,Price and plan fit,Service quality,0.6092304,0.20238845,-0.046686225,-0.32047158,0.069070116,0.6092304
8144-DGHXP,-1.4555993,Billing and payment,Engagement and bundling,0.17326449,-0.19876891,0.17326449,-0.24107441,0.044916898,-0.16505474
7814-LEEVE,0.6186788,Protection and support,Price and plan fit,0.09436371,-0.6735715,-0.07840015,0.09436371,-0.1672423,0.010986388
1112-CUNAO,0.5413117,Service quality,Protection and support,0.31596518,0.31596518,-0.041748863,0.099368736,0.08938111,-0.0009790137
5175-AOBHI,0.5688166,Protection and support,Billing and payment,0.14164777,-0.25567168,-0.11747136,0.14164777,-0.22330627,-0.13402024
5174-RNGBH,0.5098963,No actionable lever,Protection and support,-0.08435104,-0.36846024,-0.32828593,-0.09109428,-0.08435104,-0.1343715
8631-WUXGY,0.4900417,Billing and payment,Service quality,0.34968635,0.29996994,0.34968635,0.09993181,0.04578968,0.00023561716
7270-BDIOA,0.56634665,Billing and payment,Service quality,0.37950057,0.3152842,0.37950057,-0.10005979,0.07265673,-0.061254747
9565-JSNFM,-0.8537941,Service quality,Protection and support,0.24176845,0.24176845,-0.08078453,0.12972736,-0.3147089,-0.12008539
5906-DVAPM,-0.6673286,No actionable lever,Billing and payment,-0.07453661,-0.2067793,-0.09424223,-0.35151613,-0.07453661,-0.22088835
6654-QGBZZ,0.60732704,Protection and support,Price and plan fit,0.08580619,-0.6549561,-0.32075897,0.08580619,-0.16759537,0.0695368
8348-JLBUG,-0.8306057,Service quality,Protection and support,0.17828816,0.17828816,-0.29161847,-0.14713052,-0.36105758,-0.27080306
0607-DAAHE,-1.4507427,Protection and support,Billing and payment,0.07594404,-0.48378405,-0.21400318,0.07594404,-0.21530686,-0.43007445
5641-DMBFJ,-1.4929649,Billing and payment,Engagement and bundling,0.36149168,-0.20446332,0.36149168,-0.31639782,0.14511989,-0.22143668
9200-NLNPD,-0.47070903,Engagement and bundling,Billing and payment,0.31358346,-0.18623132,-0.082112715,-0.16502835,0.31358346,-0.13299337
2664-XJZNO,-1.5097382,Price and plan fit,Service quality,0.3817228,0.16588804,-0.10235234,-0.31987363,0.05436914,0.3817228
9732-KPKBW,0.5728198,Billing and payment,Price and plan fit,0.30183625,-0.31032556,0.30183625,-0.41799107,-0.15533127,0.1118389
3339-EAQNV,-0.6299791,Engagement and bundling,Service quality,0.32104522,0.19346474,-0.09302852,0.15778707,0.32104522,0.051442012
0921-OHLVP,0.52901924,Service quality,Protection and support,0.30450505,0.30450505,-0.012987622,0.12712963,0.034649976,-0.0800518
3389-YGYAI,0.5245257,Price and plan fit,Service quality,0.4284182,0.35872108,0.2877283,0.069148734,0.17307742,0.4284182
9560-ARGQJ,0.58380115,Billing and payment,Service quality,0.35891697,0.31754488,0.35891697,0.134779,-0.058742467,-0.09932354
8350-NYMVI,0.4904197,No actionable lever,Price and plan fit,-0.06874827,-0.28433347,-0.302405,-0.14624168,-0.06874827,-0.13790633
1600-DILPE,0.5243723,Protection and support,Price and plan fit,0.11660858,-0.34000263,-0.1212298,0.11660858,-0.18543027,-0.051041864
0536-ESJEP,-1.4988304,Engagement and bundling,Billing and payment,0.096901596,-0.19097973,-0.098177604,-0.19501652,0.096901596,-0.33009255
4654-GGUII,-0.73801845,No actionable lever,Billing and payment,-0.012576606,-0.22320385,-0.14926122,-0.33796903,-0.20950803,-0.012576606
6478-HRRCZ,-0.46949837,Engagement and bundling,Price and plan fit,0.06818587,-0.19969326,-0.28906783,-0.2988965,0.06818587,-0.16321248
8510-BBWMU,-0.7576033,Protection and support,Billing and payment,0.069586344,-0.53657013,-0.13423197,0.069586344,-0.3303485,-0.42750552
6857-TKDJV,-1.4368695,Protection and support,Engagement and bundling,0.0725398,-0.49544445,-0.25711524,0.0725398,-0.17034435,-0.54847276
2360-RDGRO,0.43987715,Billing and payment,Service quality,0.32955837,0.27592248,0.32955837,-0.15459202,0.19701022,0.14010364
0584-BJQGZ,0.47749376,No actionable lever,Billing and payment,-0.0018226914,-0.34171027,-0.15738483,-0.3769572,-0.0018226914,-0.19505006
5134-IKDAY,0.6535297,Billing and payment,Service quality,0.3109714,0.28888053,0.3109714,0.14338012,-0.14256889,0.22099614
1360-XFJMR,-0.52047735,Price and plan fit,Engagement and bundling,0.3310446,0.21553999,-0.069969505,-0.090769865,0.2663807,0.3310446
3070-DVEYC,0.6211898,Service quality,Protection and support,0.36246315,0.36246315,-0.34412038,0.13251102,-0.03446324,-0.05590633
5730-RIITO,0.4944117,Engagement and bundling,Billing and payment,0.00011231005,-0.29140136,-0.14513364,-0.2070964,0.00011231005,-0.38698816
9058-MJLZC,0.5027679,Billing and payment,Service quality,0.351169,0.32563052,0.351169,-0.1228961,0.079710886,0.13921557
5707-ORNDZ,0.49084464,Billing and payment,Price and plan fit,0.06513453,-0.32407868,0.06513453,-0.13862433,-0.08449942,-0.034971736
0902-XKXPN,-1.4373479,Protection and support,Engagement and bundling,0.06618051,-0.4777485,-0.24323994,0.06618051,-0.23433715,-0.53993344
5177-RVZNU,-0.7343388,Protection and support,Billing and payment,0.064983524,-0.54692113,-0.22525159,0.064983524,-0.31614277,-0.5197272
0056-EPFBG,-1.5390301,No actionable lever,Engagement and bundling,-0.10200049,-0.19887121,-0.10200049,-0.35274008,-0.1389171,-0.3562888
8993-IZEUX,0.61904156,Service quality,Protection and support,0.35600412,0.35600412,-0.35295573,0.11907407,-0.19320564,-0.003137678
8696-JKZNU,0.5527014,Billing and payment,Service quality,0.33919305,0.31164587,0.33919305,0.14288126,-0.09661874,-0.11745278
5380-AFSSK,0.57061183,Price and plan fit,Service quality,0.33591485,0.3293854,-0.09116615,0.15457705,0.25173005,0.33591485
8190-ZTQFB,-0.5659144,Engagement and bundling,Billing and payment,0.40070084,-0.2737622,0.3150305,0.16993904,0.40070084,-0.11819281
0931-MHTEM,-0.51951104,Service quality,Engagement and bundling,0.211285,0.211285,-0.07505385,-0.21147686,0.209961,0.1432918
2055-PDADH,0.63143075,Billing and payment,Service quality,0.31510305,0.28682235,0.31510305,0.1346737,-0.16682605,0.018041179
7515-LODFU,-1.4134388,Protection and support,Engagement and bundling,0.0672481,-0.458832,-0.24843481,0.0672481,-0.23387003,-0.5769087
0440-UEDAI,-0.5608915,Service quality,Engagement and bundling,0.2165924,0.2165924,-0.059758298,-0.12404632,0.07462745,0.005855292
1337-BOZWO,-0.71770966,Protection and support,Engagement and bundling,0.11615394,-0.21429089,-0.3130265,0.11615394,-0.020959005,-0.04376009
0868-VJRDR,-1.441055,Price and plan fit,Service quality,0.36329705,0.18658115,-0.07822656,-0.33547547,0.092050694,0.36329705
8714-EUHJO,0.5295751,Service quality,Billing and payment,0.3275751,0.3275751,0.3111391,0.12002883,0.09636001,0.00842974
6344-SFJVH,0.5300721,Protection and support,Engagement and bundling,0.12195299,-0.28665516,-0.38144565,0.12195299,-0.035161093,-0.2720577
3950-VPYJB,-0.6587809,No actionable lever,Billing and payment,-0.18556234,-0.18556234,-0.29477146,-0.30837473,-0.33952022,-0.30324847
8041-TMEID,-1.2540331,Price and plan fit,Engagement and bundling,0.6224485,0.16858052,-0.23596846,-0.18721409,0.20581889,0.6224485
7321-ZNSLA,-1.5492725,No actionable lever,Price and plan fit,-0.12196742,-0.20780554,-0.2970429,-0.24984418,-0.12196742,-0.1799427
6941-KXRRV,-0.5162139,Protection and support,Engagement and bundling,0.12539858,-0.18097548,-0.069019295,0.12539858,0.078597724,-0.05609547
3721-CNEYS,0.6384141,Billing and payment,Service quality,0.33280864,0.28017288,0.33280864,0.1359037,-0.16248961,0.00062122196
8727-JQFHV,-1.4261862,Protection and support,Engagement and bundling,0.072626315,-0.51366633,-0.34469318,0.072626315,-0.21275978,-0.43612355
9475-NNDGC,-0.54307914,Price and plan fit,Engagement and bundling,0.35824466,0.19804743,-0.07913425,-0.07167173,0.28090796,0.35824466
1355-KUSBG,0.5044128,Protection and support,Billing and payment,0.11701965,-0.33618593,0.007284764,0.11701965,-0.019464057,-0.046160385
3688-FTHLT,0.47051615,Protection and support,Engagement and bundling,0.1533041,-0.33891234,-0.09946808,0.1533041,0.12609716,-0.10038862
0899-LIIBW,0.44919232,Service quality,Engagement and bundling,0.30375203,0.30375203,-0.033812787,0.14572471,0.24892586,0.15443121
2568-OIADY,0.4928026,Billing and payment,Service quality,0.35367173,0.30993393,0.35367173,0.15633714,0.22825348,0.103909716
1384-RCUXW,0.59289914,Service quality,Protection and support,0.31282786,0.31282786,-0.14428417,0.10792917,-0.084029555,-0.11340909
5825-XJOCM,-0.7032818,No actionable lever,Billing and payment,-0.08502783,-0.20238054,-0.10376374,-0.18717119,-0.24293998,-0.08502783
6848-YLDFR,-0.46219426,Engagement and bundling,Billing and payment,0.19301863,-0.20071356,-0.05967912,-0.13364704,0.19301863,-0.1676805
8125-QPFJD,-1.5384554,Engagement and bundling,Billing and payment,0.14787892,-0.16725627,-0.15358566,-0.36788806,0.14787892,-0.23807299
2320-YKQBO,0.5061832,Protection and support,Engagement and bundling,0.073586024,-0.91265047,-0.36932433,0.073586024,-0.22456703,-0.81904775
1193-RTSLK,0.5568861,Service quality,Price and plan fit,0.28790948,0.28790948,-0.11596613,-0.1954035,-0.19820601,-0.0910619
2302-ANTDP,0.39870736,Service quality,Price and plan fit,0.26746097,0.26746097,0.060352802,-0.3374112,0.14110377,0.1484182
5923-GXUOC,0.4830585,Price and plan fit,Service quality,0.41979432,0.35184708,0.3022696,-0.19548401,0.0033035986,0.41979432
4973-RLZVI,-0.672214,No actionable lever,Engagement and bundling,-0.16636878,-0.21304086,-0.23240174,-0.27481568,-0.18433806,-0.16636878
7869-ZYDST,0.49026632,Protection and support,Engagement and bundling,0.14362493,-0.38523042,-0.11758121,0.14362493,0.036363516,-0.24203944
4501-UYKBC,-0.512843,Engagement and bundling,Billing and payment,0.19650364,-0.1825913,-0.07434281,-0.077036686,0.19650364,-0.22019902
1215-EXRMO,-1.4542091,Protection and support,Engagement and bundling,0.06787553,-0.5487033,-0.3111433,0.06787553,-0.27438873,-0.7488455
2305-MRGLV,0.5458408,Service quality,Protection and support,0.31431413,0.31431413,-0.31737968,-0.07705162,-0.17197154,-0.18127856
8404-VIOMB,-1.4997706,Engagement and bundling,Billing and payment,0.12918554,-0.17027733,-0.12057756,-0.41869023,0.12918554,-0.20973659
5233-GEEAX,0.5246337,Billing and payment,Protection and support,0.3708431,-0.32598907,0.3708431,0.14610001,0.03954321,-0.022226706
2359-KLTEK,0.48287934,Service quality,Protection and support,0.3045032,0.3045032,-0.10470463,0.149904,0.07541039,-0.049045652
5304-EFJLP,-1.5130353,Price and plan fit,Engagement and bundling,0.22772038,0.16174993,-0.08688789,-0.08792388,0.17229679,0.22772038
2673-ZALNP,-0.7655298,Protection and support,Billing and payment,0.057823516,-0.63399446,-0.29496014,0.057823516,-0.34777048,-0.5665204
9184-GALIL,0.48698387,Protection and support,Engagement and bundling,0.0700623,-0.77019763,-0.34037754,0.0700623,-0.18684983,-0.39803582
4393-RYCRE,-0.54871875,Price and plan fit,Billing and payment,0.3156995,0.2178928,0.27904174,-0.20317657,0.13798095,0.3156995
9746-MDMBK,-0.52248937,Price and plan fit,Engagement and bundling,0.35993478,0.2116833,-0.06829752,-0.33768028,0.21944326,0.35993478
3162-ZJZFU,0.5303821,Billing and payment,Service quality,0.33521035,0.29063264,0.33521035,-0.1962446,-0.055739213,-0.14639795
8404-GFGCZ,0.5314603,Protection and support,Engagement and bundling,0.13116771,-0.3147325,-0.062198497,0.13116771,0.044865966,-0.13359356
8875-AKBYH,0.5683398,Billing and payment,Service quality,0.36846673,0.31728894,0.36846673,0.14398298,0.10082769,-0.10021777
4432-ADRLB,0.57725716,Protection and support,Price and plan fit,0.12254215,-0.21501891,-0.3854238,0.12254215,-0.17528883,-0.004017733
0533-UCAAU,-0.7249887,Protection and support,Billing and payment,0.112495385,-0.18380147,-0.09063513,0.112495385,-0.10266715,-0.26305774
1394-SUIUH,0.533063,Billing and payment,Service quality,0.31192678,0.26383105,0.31192678,-0.40108934,-0.178847,-0.16584691
3521-MNKLV,0.49849486,Protection and support,Price and plan fit,0.12638244,-0.32687542,-0.17044161,0.12638244,-0.19890244,-0.0024132058
2533-TIBIX,0.52049315,No actionable lever,Billing and payment,-0.033789635,-0.3100108,-0.12718102,-0.1638716,-0.033789635,-0.20557603
8993-PHFWD,0.57128125,Protection and support,Engagement and bundling,0.13225332,-0.22873257,-0.015029334,0.13225332,0.041748717,-0.09018601
1565-RHDJD,0.63851607,Service quality,Price and plan fit,0.3055017,0.3055017,-0.334089,0.10260849,-0.052124787,0.16957888
7137-RYLPP,0.54506606,Billing and payment,Service quality,0.3417793,0.30777067,0.3417793,0.14801165,0.051304843,0.043593064
3765-JXVKY,0.65312886,Billing and payment,Service quality,0.3104282,0.2918635,0.3104282,0.10872996,-0.15243274,0.22122546
5092-STPKP,0.47836396,No actionable lever,Protection and support,-0.2092116,-0.39817092,-0.3149253,-0.268719,-0.2092116,-0.286777
7330-WZLNC,0.63419205,Billing and payment,Service quality,0.33075458,0.31761527,0.33075458,0.09327065,0.0642191,0.29604155
0114-PEGZZ,0.40528485,Service quality,Engagement and bundling,0.30322713,0.30322713,-0.035968643,0.07194868,0.22246765,0.15142825
3359-DSRKA,-1.4941118,Protection and support,Billing and payment,0.08218052,-0.5164437,-0.15220697,0.08218052,-0.21429035,-0.5229367
8639-NHQEI,-1.6035566,Service quality,Price and plan fit,0.16965997,0.16965997,-0.13617979,-0.22308922,-0.014230525,-0.010314234
7161-DFHUF,-1.4623369,Protection and support,Engagement and bundling,0.108307146,-0.47100183,-0.34028214,0.108307146,-0.17410329,-0.5081116
3957-LXOLK,0.4276372,Billing and payment,Service quality,0.30969656,0.30240947,0.30969656,0.10307381,0.21520853,0.21845493
3720-DBRWL,-1.5285776,Engagement and bundling,Billing and payment,0.033381566,-0.19360808,-0.09427699,-0.36470455,0.033381566,-0.23211986
6635-MYYYZ,-0.4773734,Engagement and bundling,Price and plan fit,0.17396097,-0.21160755,-0.22722627,-0.2814404,0.17396097,-0.012385702
8565-WUXZU,-1.6149721,Service quality,Billing and payment,0.14619628,0.14619628,-0.12986399,-0.389592,-0.20781186,-0.2915011
5281-BUZGT,0.5338044,Billing and payment,Service quality,0.3419879,0.29449764,0.3419879,-0.17418367,0.056682315,-0.117478825
4994-OBRSZ,-1.5824339,No actionable lever,Price and plan fit,-0.015326899,-0.20297979,-0.25087798,-0.26495606,-0.015326899,-0.07109145
0562-FGDCR,-1.4742961,No actionable lever,Service quality,-0.008503663,-0.16264896,-0.32033026,-0.35697675,-0.008503663,-0.3432154
2436-QBZFP,0.48913598,Engagement and bundling,Protection and support,0.14225021,-0.28729466,0.03721168,0.086376384,0.14225021,0.008779341
3420-YJLQT,0.6169304,Service quality,Protection and support,0.27725187,0.27725187,-0.09594952,0.088686146,-0.04600539,-0.035456695
6040-CGACY,0.49920955,Protection and support,Engagement and bundling,0.071808115,-0.8510233,-0.38462874,0.071808115,-0.21109338,-0.41928297
6582-PLFUU,-1.443923,Protection and support,Billing and payment,0.07506175,-0.5065306,-0.23182139,0.07506175,-0.24767792,-0.69493186
8242-PDSGJ,-1.4757015,No actionable lever,Engagement and bundling,-0.11702817,-0.16513193,-0.11702817,-0.3584213,-0.12462941,-0.23534325
0264-CNITK,-1.4543066,Protection and support,Engagement and bundling,0.10433471,-0.45845926,-0.25839546,0.10433471,-0.20937902,-0.5494478
0089-IIQKO,0.4582044,Service quality,Engagement and bundling,0.2998551,0.2998551,-0.11586201,-0.074154265,0.19644524,0.038486645
7839-NUIAA,0.45542207,Billing and payment,Engagement and bundling,0.079356484,-0.27906483,0.079356484,-0.16719005,-0.09304333,-0.15029469
6075-QMNRR,0.4816671,No actionable lever,Billing and payment,-0.10087984,-0.3033881,-0.14607988,-0.19664168,-0.1726209,-0.10087984
5378-IKEEG,0.6058349,Billing and payment,Protection and support,0.34493458,-0.22465448,0.34493458,0.1588597,0.15217218,0.09389269
5966-EMAZU,-0.5064592,Price and plan fit,Engagement and bundling,0.4400211,0.20094234,-0.15584643,-0.28014433,0.2975137,0.4400211
0440-EKDCF,-1.4586173,No actionable lever,Protection and support,-0.09092532,-0.15978327,-0.09092532,-0.12330244,-0.21605293,-0.3397846
4774-HHGGS,-1.4455098,Protection and support,Engagement and bundling,0.053445503,-0.52634186,-0.31467143,0.053445503,-0.25174293,-1.0558754
2718-GAXQD,0.5376786,Protection and support,Price and plan fit,0.113551214,-0.24820814,0.0011268025,0.113551214,-0.16305137,0.047033288
2055-BFOCC,-0.4741978,Engagement and bundling,Billing and payment,0.15526965,-0.18309882,-0.1260009,-0.36675033,0.15526965,-0.1947039
8180-AKMJV,0.60856754,Protection and support,Price and plan fit,0.13304842,-0.23169042,-0.0946524,0.13304842,-0.16519107,0.09978606
4298-OYIFC,0.48650515,Billing and payment,Service quality,0.33910072,0.3156295,0.33910072,-0.05849569,0.20143522,0.2771156
5566-SOEZD,-0.8494363,Service quality,Billing and payment,0.24071066,0.24071066,-0.06898345,-0.15603827,-0.32353044,-0.12847859
9842-EFSYY,0.51981634,Engagement and bundling,Price and plan fit,0.18704425,-0.31140542,-0.12011725,-0.20625056,0.18704425,-0.016029712
2272-WUSPA,-1.490464,Billing and payment,Price and plan fit,0.33650002,0.17193843,0.33650002,-0.2707167,0.10706419,0.19220641
4584-LBNMK,-0.7473881,Protection and support,Billing and payment,0.08046472,-0.54983324,-0.21067616,0.08046472,-0.2134358,-0.45528054
3898-GUYTS,0.49995273,Billing and payment,Service quality,0.32147774,0.2748499,0.32147774,-0.40855667,0.07562267,0.10823298
0930-EHUZA,-0.67520326,No actionable lever,Price and plan fit,-0.13235202,-0.21378648,-0.13235202,-0.3352952,-0.17072742,-0.16090065
6413-XKKPU,0.56632435,Billing and payment,Service quality,0.37246528,0.3095028,0.37246528,-0.12684537,-0.04740546,-0.014193833
9975-SKRNR,0.5894697,Protection and support,Engagement and bundling,0.077690184,-0.6557077,-0.37496564,0.077690184,-0.1631807,-0.46587557
3703-KBKZP,0.5847636,Service quality,Protection and support,0.3151523,0.3151523,-0.12540753,0.14459988,-0.04854571,-0.23537722
1449-XQEMT,0.5751433,Protection and support,Billing and payment,0.09024323,-0.83248746,-0.11998964,0.09024323,-0.18125804,-0.20407361
2626-URJFX,0.5574342,Billing and payment,Protection and support,0.33707106,-0.2638827,0.33707106,0.15489458,0.0005896073,-0.10942487
4973-MGTON,-1.5451235,Engagement and bundling,Billing and payment,0.026848983,-0.17431733,-0.12011359,-0.38599738,0.026848983,-0.22148436
3682-YEUWS,0.52381706,Protection and support,Engagement and bundling,0.09807936,-0.93922687,-0.1481598,0.09807936,-0.032116383,-0.37539184
1223-UNPKS,-1.4907095,Protection and support,Engagement and bundling,0.073506154,-0.50805914,-0.33035615,0.073506154,-0.20759352,-0.39061293
2612-RRIDN,0.63303614,Billing and payment,Service quality,0.31934035,0.31909144,0.31934035,0.15512963,-0.09332845,0.036284056
4735-ASGMA,0.5074069,Billing and payment,Service quality,0.3718007,0.3367808,0.3718007,0.15420365,0.19516236,0.16080877
3446-QDSZF,0.55442625,Protection and support,Price and plan fit,0.12074992,-0.3110308,-0.33381748,0.12074992,-0.09319588,-0.07278717
3669-LVWZB,0.5210819,Engagement and bundling,Protection and support,0.2023227,-0.3140083,-0.110308066,0.11281245,0.2023227,-0.14507985
6892-EZDTG,0.6352701,Billing and payment,Service quality,0.32822025,0.31060806,0.32822025,0.08904591,0.05644304,0.23430665
5117-IFGPS,0.53165436,Service quality,Billing and payment,0.31100154,0.31100154,0.30369514,0.1460933,0.021301508,-0.06535011
7379-FNIUJ,0.53578496,Price and plan fit,Service quality,0.37002307,0.27081892,-0.0629883,-0.19367985,0.05651642,0.37002307
1627-AFWVJ,-1.4431677,Protection and support,Engagement and bundling,0.07413041,-0.49704528,-0.3322008,0.07413041,-0.22163668,-0.49910462
9725-SCPZG,0.627528,Price and plan fit,Service quality,0.3612578,0.2953811,0.29196638,0.16016304,0.03389266,0.3612578
5884-GCYMI,0.6547352,Service quality,Price and plan fit,0.29257196,0.29257196,-0.33869243,0.1305107,-0.16069725,0.23342216
3217-FZDMN,0.5613554,Service quality,Price and plan fit,0.36245093,0.36245093,-0.09018076,0.13435347,0.079037026,0.32681867
4486-EFAEB,0.5010565,Billing and payment,Protection and support,0.38011506,-0.9400772,0.38011506,0.08555656,-0.1811965,-0.29405776
0060-FUALY,0.49841756,Billing and payment,Service quality,0.36086726,0.27777904,0.36086726,-0.21044892,0.04108311,0.07351504
7853-GVUDZ,0.6202965,Protection and support,Price and plan fit,0.09345243,-0.6594247,-0.09001267,0.09345243,-0.15146858,0.03217943
7480-QNVZJ,0.48749438,Billing and payment,Service quality,0.3360163,0.2931128,0.3360163,0.17513388,0.20857175,0.039099835
6954-OOYZZ,0.5001796,Protection and support,Price and plan fit,0.12034632,-0.30667996,-0.13556062,0.12034632,-0.19606557,-0.03897485
7088-FBAWU,0.4456653,Engagement and bundling,Protection and support,0.0727822,-0.34482315,-0.40164846,-0.1922478,0.0727822,-0.20835195
8313-AFGBW,-1.4744651,Billing and payment,Protection and support,0.11401047,-0.19180286,0.11401047,0.09456207,0.064079225,-0.28963402
3943-KDREE,0.5623725,Service quality,Protection and support,0.33657134,0.33657134,-0.105276294,0.13525605,-0.101745434,-0.22344637
9239-ZBZZV,0.51492274,Billing and payment,Engagement and bundling,0.3198104,-0.3713662,0.3198104,0.169155,0.22638254,-0.16995369
3097-IDVPU,0.48652023,Protection and support,Engagement and bundling,0.11136278,-0.30117992,-0.42474782,0.11136278,-0.074541315,-0.12648323
4398-HSCJH,0.5579755,Billing and payment,Engagement and bundling,0.34221888,-0.2975034,0.34221888,-0.04732218,0.059806243,-0.03348615
2197-OMWGI,-1.5070546,Billing and payment,Engagement and bundling,0.3534081,-0.1507814,0.3534081,0.12820154,0.25403082,-0.29682297
2303-PJYHN,0.56758994,Protection and support,Engagement and bundling,0.06650453,-0.8261596,-0.26558188,0.06650453,-0.20923565,-0.40825877
9795-VOWON,-0.8652962,Protection and support,Billing and payment,0.1281258,-0.1807045,-0.08251015,0.1281258,-0.113657504,-0.18714653
1237-WIYYZ,0.50147384,Protection and support,Billing and payment,0.09409369,-0.8353874,-0.16384163,0.09409369,-0.23636305,-0.55201674
1987-AUELQ,-1.4579453,Protection and support,Engagement and bundling,0.09953853,-0.50948584,-0.24755087,0.09953853,-0.122066066,-0.5490987
7852-LECYP,0.52532095,Service quality,Engagement and bundling,0.3354907,0.3354907,-0.30879295,-0.19254069,0.0858323,0.053722076
4430-UZIPO,0.5911163,Price and plan fit,Engagement and bundling,0.05999932,-0.23038316,-0.1317936,-0.15825988,-0.04198271,0.05999932
4822-LPTYJ,-1.5401696,Price and plan fit,Engagement and bundling,0.28449184,0.1826662,-0.09853888,0.14055733,0.21479806,0.28449184
8165-CBKXO,-1.534586,Engagement and bundling,Protection and support,0.30557215,-0.15977985,-0.08491558,0.14193992,0.30557215,-0.23673517
6527-PZFPV,-0.73793244,Protection and support,Billing and payment,0.08278376,-0.5767324,-0.058241315,0.08278376,-0.31313854,-0.32275727
4855-SNKMY,0.5975352,Billing and payment,Protection and support,0.32941556,-0.23600428,0.32941556,0.13705812,-0.16753961,0.09729309
9593-CVZKR,-1.4937748,Protection and support,Engagement and bundling,0.08737478,-0.5531517,-0.16469721,0.08737478,-0.14282075,-0.7242719
8595-SIZNC,-0.7551503,Protection and support,Engagement and bundling,0.07292757,-0.5587061,-0.26590762,0.07292757,-0.22479238,-0.34030682
8008-HAWED,0.4898562,Billing and payment,Engagement and bundling,0.36863893,-0.35170692,0.36863893,0.15717813,0.27270517,0.05541429
7124-UGSUR,-0.5222006,Engagement and bundling,Price and plan fit,0.30606642,0.2062518,-0.07109189,0.103490666,0.30606642,0.26869094
1862-SKORY,0.49819228,Billing and payment,Engagement and bundling,0.33443013,-0.2912452,0.33443013,0.13660304,0.17953393,-0.28517956
5236-XMZJY,0.47764638,No actionable lever,Protection and support,-0.13367997,-0.30970123,-0.3186592,-0.17283675,-0.18871066,-0.13367997
4827-DPADN,-1.5537934,Engagement and bundling,Billing and payment,0.13090308,-0.16583353,-0.14936933,-0.38583612,0.13090308,-0.27030686
2694-CIUMO,0.6209052,Service quality,Price and plan fit,0.3473668,0.3473668,-0.111823305,-0.07947744,-0.0520581,0.11344646
5846-ABOBJ,-1.4500651,Protection and support,Engagement and bundling,0.10821045,-0.47624025,-0.2773352,0.10821045,-0.18413292,-0.52623105
1439-LCGVL,-0.6589385,Protection and support,Engagement and bundling,0.057399366,-0.5799987,-0.37323824,0.057399366,-0.32757697,-0.9462124
0909-SDHNU,0.52801746,Engagement and bundling,Price and plan fit,0.020701699,-0.33167928,-0.3706212,-0.13992955,0.020701699,-0.055869408
4647-XXZAM,0.5330306,Protection and support,Price and plan fit,0.12846188,-0.31731945,-0.36460838,0.12846188,-0.21375336,-0.14283994
1502-XFCVR,-0.55490917,Price and plan fit,Billing and payment,0.40931204,0.21475893,0.28649622,-0.18953027,0.1304859,0.40931204
7740-KKCXF,0.506199,Protection and support,Engagement and bundling,0.15746018,-0.28959578,-0.13306561,0.15746018,0.042850703,-0.15111661
5360-XGYAZ,-1.5365015,Engagement and bundling,Billing and payment,0.088801965,-0.14944744,-0.137825,-0.48752344,0.088801965,-0.25348035
9692-TUSXH,0.5065888,Billing and payment,Service quality,0.3645277,0.3085463,0.3645277,-0.12735833,0.08090587,0.15415972
7912-SYRQT,0.6322249,Service quality,Protection and support,0.3678786,0.3678786,-0.09948981,0.14715639,-0.02534114,-0.05046054
3557-HTYWR,-1.4968723,Engagement and bundling,Service quality,0.07374709,-0.17882565,-0.28183192,-0.31514668,0.07374709,-0.29130396
4816-JBHOV,0.5799431,Billing and payment,Protection and support,0.31528604,-0.23100886,0.31528604,0.1475333,-0.22714177,-0.11431
8920-NAVAY,-0.5197254,Engagement and bundling,Price and plan fit,0.33237606,0.2026752,-0.08067868,-0.09732027,0.33237606,0.3240483
1699-TLDLZ,-1.4566525,Protection and support,Engagement and bundling,0.070200324,-0.5093054,-0.3793932,0.070200324,-0.18472096,-0.4340988
5600-PDUJF,0.5352053,No actionable lever,Billing and payment,-0.04250188,-0.32946205,-0.102693245,-0.04250188,-0.20966373,-0.14780226
8292-TYSPY,0.49401385,Price and plan fit,Protection and support,0.106842205,-0.35356382,-0.12674083,-0.09155699,-0.17243886,0.106842205
0567-XRHCU,-1.5331261,Engagement and bundling,Billing and payment,0.16026849,-0.16311526,-0.10013523,-0.13937609,0.16026849,-0.25791964
1867-BDVFH,0.61123276,Billing and payment,Service quality,0.3624223,0.35085338,0.3624223,0.12910834,-0.033285264,-0.026519075
2067-QYTCF,0.41564387,Billing and payment,Service quality,0.31320712,0.2753945,0.31320712,-0.15291658,0.14605908,0.09408493
2359-QWQUL,-0.51876974,Price and plan fit,Service quality,0.45909944,0.22065043,-0.07577852,-0.24271317,0.18736193,0.45909944
9103-TCIHJ,0.50305897,No actionable lever,Billing and payment,-0.046472996,-0.36133528,-0.16176291,-0.23906195,-0.046472996,-0.19286303
7407-SUJIZ,0.48685575,Protection and support,Engagement and bundling,0.08537894,-0.83790374,-0.3746443,0.08537894,-0.25211754,-0.60902035
9150-KPBJQ,-1.5681967,Protection and support,Engagement and bundling,0.06680788,-0.5551746,-0.27266517,0.06680788,-0.20357971,-0.3627479
0052-DCKON,-0.47438905,Price and plan fit,Engagement and bundling,0.42493317,0.20592037,-0.22390376,-0.30732173,0.2948364,0.42493317
3654-ARMGP,-1.5147765,Engagement and bundling,Protection and support,0.19066136,-0.16919594,-0.25638002,-0.102859914,0.19066136,-0.19343036
9699-UBQFS,0.50796,Billing and payment,Service quality,0.34421846,0.28455946,0.34421846,-0.20295149,0.08892945,-0.02753342
9367-TCUYN,0.46263924,Protection and support,Engagement and bundling,0.06715804,-0.89393514,-0.45140663,0.06715804,-0.18513727,-0.5134057
1261-FWTTE,0.46517235,Engagement and bundling,Protection and support,0.18293667,-0.30279183,-0.15229426,0.15377067,0.18293667,-0.02018653
3528-HFRIQ,0.45697135,Engagement and bundling,Protection and support,0.3086113,-0.23964569,-0.15104543,0.17311437,0.3086113,-0.24536976
0708-SJDIS,0.4788515,Engagement and bundling,Protection and support,0.022487996,-0.38452566,-0.36889333,-0.07727601,0.022487996,-0.1750815
4140-WJAWW,0.5370343,Protection and support,Engagement and bundling,0.080624476,-0.86401284,-0.31191286,0.080624476,-0.22019324,-0.48275882
2073-QBVBI,-0.71435034,No actionable lever,Engagement and bundling,-0.104239196,-0.18637751,-0.3236796,-0.104239196,-0.17383112,-0.25126106
6928-ONTRW,-1.4234426,Protection and support,Engagement and bundling,0.10832117,-0.44664162,-0.28059173,0.10832117,-0.19346195,-0.5921354
3320-VEOYC,0.5382808,Billing and payment,Service quality,0.3607548,0.3312504,0.3607548,0.14270778,0.18499473,0.049272478
5231-FIQPA,-1.5095356,Protection and support,Billing and payment,0.07131011,-0.5097215,-0.14864933,0.07131011,-0.22653162,-0.47584832
6617-WLBQC,-0.8371842,Service quality,Protection and support,0.23906669,0.23906669,-0.33171266,-0.1437801,-0.2025989,-0.20869932
2599-CIPQE,-1.3838005,Price and plan fit,Service quality,0.52854604,0.16689973,-0.20636153,-0.3387747,0.008224175,0.52854604
6653-CBBOM,0.651912,Billing and payment,Service quality,0.31706858,0.29167905,0.31706858,0.14280373,-0.1583524,0.21209624
8774-GSBUN,-1.4651505,Protection and support,Engagement and bundling,0.114512704,-0.47582665,-0.34689793,0.114512704,-0.18398416,-0.55313504
7326-RIGQZ,0.61881787,Billing and payment,Service quality,0.3488821,0.3476055,0.3488821,0.13644634,-0.15428688,-0.007226791
1401-FTHFQ,-0.76447856,Protection and support,Billing and payment,0.079410836,-0.5548801,-0.09491544,0.079410836,-0.31445238,-0.45284876
3247-ZVOUO,0.5759266,Service quality,Price and plan fit,0.33930138,0.33930138,-0.020539828,0.1279589,0.044889342,0.17319131
0254-FNMCI,-1.3763382,Price and plan fit,Billing and payment,0.47695404,0.1704606,0.318816,-0.4185792,0.006523283,0.47695404
1848-LBZHY,0.52145743,No actionable lever,Billing and payment,-0.049474094,-0.34957606,-0.12975927,-0.18524133,-0.18695804,-0.049474094
6101-IMRMM,0.5594012,Service quality,Price and plan fit,0.3579896,0.3579896,-0.35065725,0.14330874,0.08688465,0.29870743
8118-TJAFG,0.53076744,Price and plan fit,Service quality,0.41058463,0.3391585,0.28533944,-0.18144272,0.054784313,0.41058463
5429-LWCMV,0.591916,Service quality,Billing and payment,0.34679836,0.34679836,0.32963255,0.08872581,0.044052586,0.15810373
7298-IZWLY,0.6198684,Protection and support,Price and plan fit,0.09943656,-0.6560085,-0.09855548,0.09943656,-0.16654523,0.03500077
9758-MFWGD,-0.75247055,Protection and support,Engagement and bundling,0.13574657,-0.16538152,-0.2335686,0.13574657,-0.11294709,-0.20847076
3955-JBZZM,0.54787743,Service quality,Protection and support,0.31838754,0.31838754,0.02145033,0.124696046,-0.07896865,-0.1977422
1268-ASBGA,0.55355394,Service quality,Protection and support,0.3112684,0.3112684,-0.10271946,0.1380515,0.07471355,-0.014638536
8943-URTMR,0.6560158,Service quality,Protection and support,0.2886682,0.2886682,-0.09299393,0.13748357,-0.06301821,0.016183697
4815-TUMEQ,-0.73625326,Protection and support,Billing and payment,0.06439259,-0.6143283,-0.103295885,0.06439259,-0.31863225,-0.78204465
4713-LZDRV,0.6137511,Service quality,Billing and payment,0.2920945,0.2920945,0.27274758,0.14015459,-0.094423115,0.18711555
9909-IDLEK,0.52476203,Service quality,Engagement and bundling,0.31387937,0.31387937,-0.43880063,-0.1184114,0.048366748,-0.041855223
4092-OFQZS,-0.7370661,Protection and support,Billing and payment,0.07120597,-0.6061002,-0.3290371,0.07120597,-0.3452146,-0.6340987
1561-BWHIN,-0.6578167,Protection and support,Engagement and bundling,0.06887888,-0.5858041,-0.36754048,0.06887888,-0.31428733,-0.5355428
4325-NFSKC,0.55520153,Billing and payment,Service quality,0.35984442,0.29604137,0.35984442,-0.16033027,0.06779639,-0.07951242
9927-DSWDF,0.4537449,Billing and payment,Service quality,0.37365943,0.29765967,0.37365943,-0.38338974,0.031407166,0.15415889
9500-LTVBP,0.55642486,Service quality,Protection and support,0.31513616,0.31513616,-0.32663023,-0.07656522,-0.08431438,-0.11336017
7252-NTGSS,0.5996593,Protection and support,Price and plan fit,0.12310557,-0.22829825,-0.34148687,0.12310557,-0.16716368,0.11555138
8149-AIQCG,0.55792034,Service quality,Protection and support,0.31678602,0.31678602,-0.08786045,0.13808693,-0.11138514,-0.17243934
1360-JYXKQ,-0.5897896,Billing and payment,Service quality,0.30711168,0.21914876,0.30711168,-0.07585505,0.16384128,0.1236192
2955-PSXOE,0.6186788,Protection and support,Price and plan fit,0.094416015,-0.6686227,-0.07840015,0.094416015,-0.16619101,0.022804677
7762-URZQH,-1.2385709,Price and plan fit,Engagement and bundling,0.754942,0.19401406,-0.068349764,-0.12465372,0.22709163,0.754942
0899-WZRSD,0.41133273,Service quality,Price and plan fit,0.2757672,0.2757672,-0.18478018,-0.34601328,0.21808794,0.23418981
3255-GRXMG,0.49590307,Protection and support,Price and plan fit,0.122445434,-0.3034306,-0.11829616,0.122445434,-0.17705628,-0.037488908
4828-FAZPK,0.5939877,Service quality,Protection and support,0.3116623,0.3116623,-0.0959329,0.09856194,-0.06714163,-0.053587742
6094-ZIVKX,-0.7020465,No actionable lever,Protection and support,-0.10112859,-0.1873012,-0.10112859,-0.14738937,-0.32727423,-0.18410608
6925-BAYGL,-1.3933088,Protection and support,Engagement and bundling,0.07245413,-0.4709928,-0.25518936,0.07245413,-0.135545,-0.48799026
3262-EIDHV,-1.5286436,Engagement and bundling,Service quality,0.13997144,-0.16054195,-0.2425427,-0.33171389,0.13997144,-0.24736613
7354-OIJLX,0.61534524,Service quality,Billing and payment,0.3486938,0.3486938,0.34527168,0.1476769,-0.02253157,-0.08609607
1376-HHBDV,0.48310405,No actionable lever,Engagement and bundling,-0.16940542,-0.3222545,-0.16940542,-0.237866,-0.22827505,-0.35850668
6907-NZZIJ,0.49263343,Billing and payment,Service quality,0.35601652,0.30934134,0.35601652,0.0881694,0.19073296,0.06085293
6133-OZILE,0.50488293,Billing and payment,Price and plan fit,0.41533762,-0.2958696,0.41533762,-0.13784659,-0.05660878,-0.051532738
4135-FRWKJ,-0.6632728,Billing and payment,Engagement and bundling,0.17888382,-0.19840984,0.17888382,-0.23676604,-0.031229379,-0.15989465
2911-UREFD,0.4434101,Engagement and bundling,Billing and payment,0.32890612,-0.30783904,0.06347243,-0.091163315,0.32890612,0.042877384
3744-ZRRDZ,0.57339954,Billing and payment,Service quality,0.3751403,0.31518665,0.3751403,0.12256117,-0.029643832,-0.12040901
5673-TIYIB,0.597774,Price and plan fit,Engagement and bundling,0.03900203,-0.2754282,-0.05897609,-0.14531964,-0.031739533,0.03900203
6551-ZCOTS,-0.767961,Protection and support,Billing and payment,0.08946236,-0.5704883,-0.06532962,0.08946236,-0.2023073,-0.49840957
7191-ADRGF,-1.5441667,Engagement and bundling,Protection and support,0.33592218,-0.16591662,-0.2781021,0.13156813,0.33592218,-0.026179042
5018-LXQQG,0.43616834,No actionable lever,Price and plan fit,-0.024521092,-0.38315636,-0.28316933,-0.29324415,-0.024521092,-0.18969387
6892-BOGQE,-1.4901743,Protection and support,Billing and payment,0.119260386,-0.49301702,-0.11537294,0.119260386,-0.23124933,-0.5846224
1602-IJQQE,0.60818934,Service quality,Price and plan fit,0.30964416,0.30964416,-0.0349507,0.12031447,-0.012272044,0.15159288
4628-WQCQQ,-0.8583331,Billing and payment,Service quality,0.38451362,0.26099464,0.38451362,0.15472746,-0.15128794,-0.059401013
1746-TGTWV,0.65354556,Service quality,Price and plan fit,0.29368317,0.29368317,-0.32118976,0.12660027,-0.16102402,0.23254466
5995-SNNEW,0.4652993,Billing and payment,Service quality,0.36197722,0.31221408,0.36197722,0.08933424,0.18020616,0.1742902
8050-WYBND,-0.5169331,Engagement and bundling,Protection and support,0.33809757,-0.21417418,-0.048820645,0.15441956,0.33809757,-0.017270409
2821-WARNZ,-0.70073354,Protection and support,Billing and payment,0.067954876,-0.5116905,-0.23377821,0.067954876,-0.30257916,-0.4275579
4879-GZLFH,0.52301234,Billing and payment,Service quality,0.34816897,0.30692405,0.34816897,0.15533566,0.049283963,-0.014579222
1644-IRKSF,-0.6269333,Billing and payment,Service quality,0.31275275,0.25393867,0.31275275,0.16806921,0.17254788,0.14061773
8314-HTWVE,-1.5667295,Protection and support,Engagement and bundling,0.06750782,-0.60147935,-0.30137804,0.06750782,-0.23906857,-0.7064238
9402-ROUMJ,-0.5111173,Service quality,Engagement and bundling,0.1969793,0.1969793,-0.08599524,-0.3098823,0.16290493,0.14622718
2507-QZPQS,0.5051914,Service quality,Engagement and bundling,0.31228378,0.31228378,-0.053775486,-0.13722123,0.053457938,0.050478645
7159-NOKYQ,-1.6502687,Billing and payment,Service quality,0.3819323,0.21071512,0.3819323,0.10663076,0.047807712,-0.24962823
5707-ZMDJP,-1.4637334,No actionable lever,Billing and payment,-0.08375975,-0.19028595,-0.16262753,-0.3635602,-0.08375975,-0.3079354
8779-YIQQA,-0.6578167,Protection and support,Engagement and bundling,0.07032647,-0.5858041,-0.3485173,0.07032647,-0.31463853,-0.49637994
7136-IHZJA,0.4420554,No actionable lever,Price and plan fit,-0.007119933,-0.32042634,-0.16204207,-0.37195405,-0.007119933,-0.015435077
8966-OIQHG,-0.7402937,Protection and support,Billing and payment,0.0666888,-0.5535184,-0.26860338,0.0666888,-0.31575623,-0.43591398
7074-STDCN,0.4651341,Billing and payment,Engagement and bundling,0.34946993,-0.3044882,0.34946993,-0.16922769,0.06054473,-0.17108922
3705-PSNGL,-0.77149224,Billing and payment,Protection and support,0.33018827,-0.6302115,0.33018827,0.08238156,-0.3173617,-0.7311134
8739-QOTTN,0.5710829,Protection and support,Engagement and bundling,0.07340885,-0.86190474,-0.3458772,0.07340885,-0.22421236,-0.5262021
1399-OUPJN,-1.4386482,Protection and support,Billing and payment,0.05822024,-0.4997801,-0.20132807,0.05822024,-0.24207439,-0.6634297
0277-BKSQP,0.52127844,Billing and payment,Protection and support,0.34735388,-0.3519491,0.34735388,0.15191518,-0.09285039,-0.21056947
6502-HCJTI,0.5543382,Service quality,Price and plan fit,0.35392797,0.35392797,-0.0822818,-0.20380701,0.080067426,0.28947723
2606-RMDHZ,0.55478,Protection and support,Engagement and bundling,0.10906375,-0.31765288,-0.10717573,0.10906375,-0.049829803,-0.20051315
5774-XZTQC,0.51320386,Protection and support,Engagement and bundling,0.08302408,-0.93928695,-0.35107616,0.08302408,-0.21275064,-0.5658345
2676-SSLTO,-1.4670726,No actionable lever,Protection and support,-0.022367036,-0.18562548,-0.119779676,-0.08505559,-0.022367036,-0.2153235
6266-QHOJZ,-0.802645,Billing and payment,Service quality,0.3885594,0.20521303,0.3885594,-0.36057863,-0.19559129,-0.07146078
7269-JISCY,-0.713853,Protection and support,Price and plan fit,0.106131926,-0.18327913,-0.28655195,0.106131926,-0.32385072,-0.07212347
0363-SVHYR,-1.552675,Engagement and bundling,Service quality,0.10343829,-0.17201148,-0.2539648,-0.38574538,0.10343829,-0.26101062
8547-NSBBO,0.51605046,Service quality,Price and plan fit,0.2846198,0.2846198,-0.16576204,-0.384087,-0.09880034,-0.046856195
8258-GSTJK,0.63041997,Billing and payment,Service quality,0.32289684,0.2953704,0.32289684,0.14156105,-0.01457195,0.023825467
6861-OKBCE,0.5072099,Protection and support,Price and plan fit,0.07203741,-0.8374639,-0.33079872,0.07203741,-0.16463111,-0.13672876
9940-RHLFB,0.6315669,Service quality,Price and plan fit,0.29057318,0.29057318,-0.013036885,0.12958503,-0.16267681,0.23958483
6591-QGOYB,0.47303718,Service quality,Price and plan fit,0.29866976,0.29866976,-0.1371819,-0.36001846,0.011628937,0.13362631
9070-BCKQP,-1.4827914,Price and plan fit,Service quality,0.30106574,0.16604364,-0.103255995,-0.2951764,0.15287426,0.30106574
6421-SZVEM,-0.6346432,Service quality,Price and plan fit,0.23606712,0.23606712,-0.06594524,-0.14633162,0.0736593,0.078273565
1328-EUZHC,-1.492878,Protection and support,Engagement and bundling,0.0665825,-0.5590092,-0.33119848,0.0665825,-0.26090074,-0.67782146
2995-UPRYS,-0.5730269,Service quality,Engagement and bundling,0.21791178,0.21791178,-0.051612955,-0.12250068,0.18288583,0.1790126
8878-RYUKI,0.45952958,Billing and payment,Protection and support,0.33032435,-0.30624458,0.33032435,0.1436471,-0.06795165,-0.066655636
9633-DENPU,0.49039745,Protection and support,Engagement and bundling,0.12598075,-0.31123537,-0.13500413,0.12598075,-0.055428676,-0.05777566
7811-JIVPF,0.48576176,Protection and support,Price and plan fit,0.110633306,-0.3232484,-0.4139167,0.110633306,-0.19227079,-0.07186423
7113-HIPFI,-1.3785238,No actionable lever,Engagement and bundling,-0.16245942,-0.16245942,-0.36519825,-0.29917917,-0.20073344,-0.34367847
8541-QVFKM,0.62261665,Service quality,Billing and payment,0.36282837,0.36282837,0.34228605,0.14704962,-0.018172521,-0.08413596
6686-YPGHK,0.51184523,Service quality,Engagement and bundling,0.26749802,0.26749802,-0.29671615,-0.15535471,-0.055899266,-0.07754782
1383-EZRWL,0.50873876,Protection and support,Engagement and bundling,0.0644645,-0.9188717,-0.35372534,0.0644645,-0.21824327,-0.46914056
9258-CNWAC,-1.4965,Price and plan fit,Service quality,0.28403112,0.17395625,-0.21182127,-0.35684174,0.08187058,0.28403112
5371-VYLSX,0.536717,Billing and payment,Service quality,0.33726978,0.26589134,0.33726978,-0.2145379,-0.09533598,-0.10001707
6374-AFWOX,-1.4500865,No actionable lever,Engagement and bundling,-0.1793764,-0.1793764,-0.2891392,-0.3060526,-0.19947866,-0.21702012
4759-TRPLW,0.6299271,Service quality,Price and plan fit,0.29057318,0.29057318,-0.014098295,0.13114764,-0.16174908,0.22744319
5317-FLPJF,-1.4979873,Engagement and bundling,Billing and payment,0.18925902,-0.1691539,-0.12377296,-0.3757215,0.18925902,-0.3482381
7621-VPNET,0.560894,Service quality,Engagement and bundling,0.3132044,0.3132044,-0.112195544,-0.07879987,-0.039294638,-0.15289071
6034-YMTOB,0.63731784,Service quality,Protection and support,0.3188564,0.3188564,-0.11795005,-0.052803144,-0.20655182,-0.08912957
8563-IIOXK,-0.7731433,Billing and payment,Price and plan fit,0.407016,-0.1923425,0.407016,-0.12990011,-0.23680884,-0.03926724
4903-CNOZC,-0.48489055,Engagement and bundling,Protection and support,0.13897456,-0.2696457,-0.3122933,0.10595607,0.13897456,-0.27682492
4353-HYOJD,0.48571098,Protection and support,Price and plan fit,0.090655096,-0.31202078,-0.37415344,0.090655096,-0.17552707,-0.12507233
8020-BWHYL,0.5988977,Service quality,Protection and support,0.32426235,0.32426235,-0.10300891,0.102201894,-0.19844991,-0.07398853
7267-FRMJW,-1.4880098,Protection and support,Engagement and bundling,0.072736315,-0.50586873,-0.32423472,0.072736315,-0.20893331,-0.4743939
2982-VPSGI,0.5561741,Service quality,Billing and payment,0.36077774,0.36077774,0.3367684,0.16349265,0.24593008,0.2770963
4188-FRABG,0.44989383,Billing and payment,Service quality,0.32732996,0.278135,0.32732996,-0.44198272,0.012657515,0.10161166
8199-ZLLSA,-0.49005896,Price and plan fit,Engagement and bundling,0.44099513,0.20571175,-0.077508666,-0.32529724,0.26126012,0.44099513
4128-ETESU,0.47423372,Service quality,Engagement and bundling,0.2884995,0.2884995,-0.019393902,0.15177852,0.20974095,0.09795134
0620-DLSLK,0.6213706,Service quality,Protection and support,0.35224533,0.35224533,-0.15289538,0.12748593,-0.05340477,0.052485593
4625-EWPTF,0.5143926,Billing and payment,Engagement and bundling,0.3973559,-0.34002912,0.3973559,-0.1506937,0.055823617,-0.040959343
5980-NOPLP,0.4903528,Billing and payment,Service quality,0.35291946,0.30754533,0.35291946,0.16924544,0.24346095,0.02778937
3850-OKINF,-0.70662445,Billing and payment,Engagement and bundling,0.4290897,-0.1974589,0.4290897,-0.1399073,-0.076258406,-0.12517533
6892-XPFPU,0.46905097,Billing and payment,Service quality,0.33986935,0.3090973,0.33986935,0.08157846,0.17686144,0.22349024
8010-EZLOU,0.5890011,Billing and payment,Service quality,0.34390938,0.3151534,0.34390938,0.09243203,-0.060152754,-0.123179026
1156-ZFYDO,0.5831533,Protection and support,Price and plan fit,0.08341786,-0.7184994,-0.03204547,0.08341786,-0.16864718,0.06749789
3295-YVUSR,0.65171117,Service quality,Protection and support,0.29436678,0.29436678,-0.10948288,0.15505305,-0.020975957,-0.0472003
8016-NCFVO,0.4005933,Billing and payment,Service quality,0.27612594,0.26173368,0.27612594,-0.41324392,0.104066126,0.124513
4119-ZYPZY,-1.3256973,Price and plan fit,Billing and payment,0.51319814,0.17289335,0.31447446,-0.12326344,0.19885112,0.51319814
5549-ZGHFB,-1.4623766,Protection and support,Engagement and bundling,0.07823727,-0.5464071,-0.31283918,0.07823727,-0.13173702,-0.6832385
7577-SWIFR,0.6259103,Price and plan fit,Billing and payment,0.3266077,0.29813215,0.30306613,0.15701467,0.035609562,0.3266077
0303-WMMRN,0.51518977,Protection and support,Billing and payment,0.07784566,-0.90704477,-0.12926851,0.07784566,-0.18705332,-0.9012738
6408-OTUBZ,-0.70310766,Price and plan fit,Service quality,0.2807835,0.20571175,-0.12019692,-0.33682546,-0.110045254,0.2807835
5204-HMGYF,-0.4687978,Engagement and bundling,Billing and payment,0.09592452,-0.20921096,-0.1137881,-0.36586553,0.09592452,-0.18339126
1078-TDCRN,0.57922614,Billing and payment,Protection and support,0.33798423,-0.22855964,0.33798423,0.115376696,0.05380088,0.04201489
3727-OVPRY,-0.7492918,Protection and support,Billing and payment,0.08210432,-0.5619834,-0.077873684,0.08210432,-0.26083034,-0.6541531
3797-FKOGQ,0.56280637,Service quality,Protection and support,0.3431887,0.3431887,-0.08174623,0.12481709,0.059530817,-0.0721219
7622-NXQZR,0.5020313,No actionable lever,Price and plan fit,-0.042909384,-0.31027997,-0.11407813,-0.13790706,-0.042909384,-0.052751668
6196-HBOBZ,-1.4752597,Billing and payment,Service quality,0.45086238,0.1978394,0.45086238,-0.18639225,0.05302442,0.07545785
3970-XGJDU,-1.3638263,Protection and support,Billing and payment,0.06941394,-0.5255048,-0.08562359,0.06941394,-0.2243497,-0.81065917
7017-VFULY,0.5667908,Protection and support,Engagement and bundling,0.08375225,-0.82940257,-0.26881033,0.08375225,-0.2177357,-0.49484092
5562-YJQGT,0.53016436,Protection and support,Engagement and bundling,0.06936455,-0.85271287,-0.36501607,0.06936455,-0.17537522,-0.52352095
8807-OPMBM,-1.4731609,Protection and support,Billing and payment,0.08228943,-0.5112405,-0.07401208,0.08228943,-0.13790761,-0.544359
5439-WIKXB,0.49009642,Billing and payment,Service quality,0.32611203,0.29158774,0.32611203,0.08855081,0.06937847,-0.029691353
9874-QLCLH,0.47348997,Billing and payment,Service quality,0.34617588,0.300345,0.34617588,-0.120370775,0.16764964,0.25978726
8294-UIMBA,-0.59003407,Service quality,Engagement and bundling,0.2455022,0.2455022,-0.043099746,-0.06422803,0.21327893,0.076863475
8109-YUOHE,-0.7019936,Price and plan fit,Protection and support,0.021090737,-0.21571308,-0.34873408,-0.1458938,-0.3052548,0.021090737
5840-NVDCG,-1.5699433,No actionable lever,Price and plan fit,-0.01524128,-0.18670753,-0.2526504,-0.2686662,-0.01524128,-0.1505109
8092-NLTGF,-1.4540904,Protection and support,Engagement and bundling,0.11446071,-0.46961996,-0.28219584,0.11446071,-0.17702515,-0.5199275
5928-QLDHB,0.6151366,Billing and payment,Service quality,0.35288346,0.33887005,0.35288346,0.12902588,-0.07132846,-0.0050398223
9840-EFJQB,0.6312783,Service quality,Price and plan fit,0.2899331,0.2899331,-0.02238255,0.0956442,-0.1534829,0.24186368
0696-UKTOX,0.4709369,Billing and payment,Protection and support,0.008520607,-0.39204925,0.008520607,-0.12520394,-0.20746592,-0.2881875
4801-KFYKL,0.5119101,Protection and support,Engagement and bundling,0.073041275,-0.9089711,-0.28257582,0.073041275,-0.20767592,-0.43782064
3472-OAOOR,0.494367,Engagement and bundling,Price and plan fit,0.014420956,-0.30019227,-0.17206384,-0.19219661,0.014420956,-0.08319553
6135-OZQVA,0.5099604,Billing and payment,Engagement and bundling,0.35318288,-0.36142626,0.35318288,-0.23637144,-0.024368947,-0.22012101
8062-YBDOE,0.6478676,Billing and payment,Service quality,0.30131918,0.28921586,0.30131918,0.14372678,-0.16069894,0.22863866
2252-JHJGE,-0.5140848,Price and plan fit,Engagement and bundling,0.43562698,0.20346466,0.094494306,-0.121810645,0.2766671,0.43562698
4188-PCPIG,-1.4445164,No actionable lever,Billing and payment,-0.09408208,-0.1891613,-0.09991077,-0.33426085,-0.09408208,-0.3597591
6000-APYLU,0.59587234,Service quality,Billing and payment,0.33887005,0.33887005,0.32295102,0.13385525,-0.08474171,0.032402653
7105-BENQF,-0.5091567,Engagement and bundling,Price and plan fit,0.05243901,-0.21741435,-0.34343588,-0.15553863,0.05243901,-0.048516877
7721-DVEKZ,0.60732704,Protection and support,Price and plan fit,0.085552186,-0.6557077,-0.32075897,0.085552186,-0.16759537,0.059054635
3566-VVORZ,0.5035514,Protection and support,Price and plan fit,0.10285632,-0.3315184,-0.4021587,0.10285632,-0.18704718,-0.08964777
9507-HSMMZ,-1.4510293,Protection and support,Engagement and bundling,0.0780847,-0.5457214,-0.30873588,0.0780847,-0.2686155,-0.73907954
2480-SQIOB,0.53499925,Protection and support,Billing and payment,0.12109676,-0.24798009,-0.058993064,0.12109676,-0.15999025,-0.10703884
0947-IDHRQ,0.63212174,Service quality,Protection and support,0.3648756,0.3648756,-0.10015169,0.12661394,-0.052070238,0.017577104
7813-TKCVO,-0.7141154,Protection and support,Price and plan fit,0.071805134,-0.55337715,-0.3027499,0.071805134,-0.31660026,-0.24208216
0128-MKWSG,0.4461817,Engagement and bundling,Price and plan fit,0.066831544,-0.39376396,-0.33989894,-0.34373403,0.066831544,0.04743048
3672-YITQD,0.527832,Billing and payment,Service quality,0.313331,0.3073514,0.313331,0.14950529,0.022571858,-0.00746854
4350-ZTLPI,-0.51048213,Price and plan fit,Engagement and bundling,0.41585162,0.22013205,-0.06925078,-0.1059875,0.28896385,0.41585162
9048-JVYVF,0.5366326,Billing and payment,Engagement and bundling,0.32558268,-0.2975034,0.32558268,-0.086006515,0.041985452,-0.036026705
0361-HJRDX,-1.4996095,Engagement and bundling,Service quality,0.14853314,-0.16263625,-0.22708867,-0.362864,0.14853314,-0.3232088
5727-MYATE,-1.5534171,Engagement and bundling,Billing and payment,0.09771375,-0.16728279,-0.12686136,-0.43795934,0.09771375,-0.27656227
3823-KYNQY,-0.7381786,Protection and support,Engagement and bundling,0.07395338,-0.5987221,-0.31627932,0.07395338,-0.21315253,-0.30517942
8988-ECPJR,0.57192796,Service quality,Protection and support,0.31066978,0.31066978,-0.11838439,0.11552722,-0.08809687,-0.021251814
7570-WELNY,-1.6115595,Service quality,Billing and payment,0.18837884,0.18837884,-0.12880217,-0.17946382,-0.16452895,-0.23698097
3021-VLNRJ,-0.6737604,No actionable lever,Price and plan fit,-0.1024933,-0.2066791,-0.1024933,-0.29961464,-0.162326,-0.145054
3776-EKTKM,0.60181445,Billing and payment,Protection and support,0.32670307,-0.22176565,0.32670307,0.15751481,0.15217218,0.114077255
2080-CAZNM,0.4522004,Billing and payment,Service quality,0.3019578,0.29170293,0.3019578,0.08721344,0.17442688,0.12706888
1028-FFNJK,0.4655168,Billing and payment,Service quality,0.3316924,0.3100982,0.3316924,-0.07795177,0.18459998,0.10698364
6907-FLBER,0.57389593,Price and plan fit,Protection and support,0.11890416,-0.23291808,-0.007974588,0.09083045,-0.055528585,0.11890416
3001-UNBTL,0.46629518,Service quality,Billing and payment,0.31863895,0.31863895,0.29779193,0.16211516,0.1716724,0.26352715
5982-PSMKW,-1.5963206,Engagement and bundling,Billing and payment,0.117913604,-0.21022065,-0.10080499,-0.38814238,0.117913604,-0.19062532
3507-GASNP,-1.4484079,Protection and support,Engagement and bundling,0.07214927,-0.47950476,-0.31330442,0.07214927,-0.23491168,-0.37426317
7096-ZNBZI,-1.4641469,Protection and support,Engagement and bundling,0.11451892,-0.45795092,-0.26721483,0.11451892,-0.1557487,-0.5040978
1902-XBTFB,0.57377887,Billing and payment,Service quality,0.36018613,0.32039383,0.36018613,0.09424215,-0.07726618,-0.046683747
1676-MQAOA,-1.4776933,No actionable lever,Service quality,-0.119646564,-0.16694935,-0.16870242,-0.38812652,-0.119646564,-0.26412535
0786-IVLAW,-0.5545454,Engagement and bundling,Price and plan fit,0.3160811,0.20609114,-0.27560395,0.09439995,0.3160811,0.29399577
7566-DSRLQ,-1.5392886,Billing and payment,Service quality,0.33123663,0.18624778,0.33123663,-0.11584222,0.13725209,0.12360264
0643-OKLRP,0.5232643,Service quality,Billing and payment,0.28446323,0.28446323,0.051698733,-0.14936675,-0.08674192,-0.20183107
7245-JMTTQ,-0.557476,Price and plan fit,Billing and payment,0.3693716,0.22827843,0.26432782,-0.12977564,0.24376342,0.3693716
6050-IJRHS,-0.6121803,Billing and payment,Engagement and bundling,0.28285536,0.2236673,0.28285536,0.08738093,0.2661591,0.25526488
6202-JVYEU,-0.7612786,Billing and payment,Protection and support,0.37419876,-0.6880702,0.37419876,0.07301043,-0.28932145,-0.52958316
8591-TKMZH,-1.2972748,Price and plan fit,Service quality,0.6225261,0.19622482,-0.1109317,-0.3667141,0.14764273,0.6225261
0734-OXWBT,0.527912,Engagement and bundling,Protection and support,0.04646146,-0.2998822,-0.31715125,-0.05704993,0.04646146,-0.10685848
4282-ACRXS,0.52869624,Billing and payment,Protection and support,0.33773524,-0.29467022,0.33773524,0.13506311,0.028161258,-0.31827447
0365-TRTPY,0.54843783,Service quality,Price and plan fit,0.28060064,0.28060064,-0.33741498,-0.1853498,-0.1151399,-0.025979355
7349-ALMUX,-1.4510729,No actionable lever,Service quality,-0.17905259,-0.18487567,-0.29597044,-0.28472772,-0.17905259,-0.24480876
9381-NDKME,0.4664424,Engagement and bundling,Protection and support,0.1779846,-0.29945526,-0.11867906,0.15319228,0.1779846,-0.025072165
6502-KUGLL,0.48276198,No actionable lever,Price and plan fit,-0.14920126,-0.36910215,-0.37020266,-0.31130788,-0.14920126,-0.15055665
1841-YSJGV,-1.4063977,Price and plan fit,Service quality,0.4826303,0.16593204,-0.09691144,-0.38403034,0.15755096,0.4826303
2794-XIMMO,-0.52234995,Billing and payment,Engagement and bundling,0.28628522,-0.198948,0.28628522,-0.26178914,0.25820434,-0.08677513
8382-SHQEH,0.6005372,Service quality,Billing and payment,0.36760083,0.36760083,0.3128159,0.13802911,0.109607324,0.24194768
3511-BFTJW,-1.4982107,No actionable lever,Protection and support,-0.013562143,-0.13665105,-0.26540974,-0.13609461,-0.013562143,-0.17709519
7668-XCFYV,0.5446384,Billing and payment,Service quality,0.34137222,0.31167373,0.34137222,0.14607722,0.23909554,-0.0065544993
2983-ZANRP,0.65270597,Service quality,Protection and support,0.28572905,0.28572905,-0.06504054,0.11230606,-0.14459126,0.04554309
7845-URHJN,0.5104573,Protection and support,Engagement and bundling,0.070954375,-0.8753072,-0.3028501,0.070954375,-0.17896193,-0.22599109
3034-ZBEQN,-0.723335,Protection and support,Engagement and bundling,0.151734,-0.17682666,-0.27738816,0.151734,-0.10232736,-0.12121308
5018-HEKFO,0.50129193,Protection and support,Engagement and bundling,0.103533454,-0.8933956,-0.14799866,0.103533454,-0.04053004,-0.21155705
2923-ARZLG,-0.9330958,Protection and support,Billing and payment,0.07923162,-0.5337302,-0.071591996,0.07923162,-0.33186507,-0.61555064
3976-NLDEZ,0.6093829,Protection and support,Price and plan fit,0.0874657,-0.6615213,-0.31864235,0.0874657,-0.1699419,0.039923683
2282-YGNOR,-0.69175595,No actionable lever,Billing and payment,-0.24928804,-0.27929235,-0.2524966,-0.24928804,-0.33590737,-0.28521353
5336-UFNZP,-0.6142066,Engagement and bundling,Billing and payment,0.27070746,0.21637325,0.26862007,0.095030785,0.27070746,0.17048423
6854-EXGSF,0.51687884,No actionable lever,Billing and payment,-0.040865257,-0.41454008,-0.1141435,-0.2705274,-0.040865257,-0.21341494
1241-EZFMJ,-1.4358506,Protection and support,Engagement and bundling,0.073734425,-0.490336,-0.27783826,0.073734425,-0.1898861,-0.5297693
9233-PSYHO,-0.5540907,Engagement and bundling,Price and plan fit,0.31942075,0.21373643,-0.07776949,0.15763481,0.31942075,0.2302087
5376-PCKNB,-0.6234853,Engagement and bundling,Service quality,0.3033965,0.19579773,-0.074503,0.13700546,0.3033965,0.18802771
8044-BGWPI,0.5125362,Billing and payment,Protection and support,0.3258299,-0.95824873,0.3258299,0.07932656,-0.20336665,-0.41083488
4060-LDNLU,0.54884076,Service quality,Engagement and bundling,0.35987917,0.35987917,-0.09966306,0.13176283,0.18663397,0.14761998
3589-PPVKW,0.5240871,Protection and support,Price and plan fit,0.1253549,-0.31277433,-0.13853867,0.1253549,-0.18417312,-0.05548758
8327-LZKAS,-0.5841181,Price and plan fit,Billing and payment,0.3910074,0.21834551,0.30203566,-0.026926458,0.28417635,0.3910074
5887-IKKYO,-1.5361505,Service quality,Engagement and bundling,0.19398338,0.19398338,-0.2723075,-0.07362209,0.14291658,-0.07979565
1075-BGWOH,0.51835227,Billing and payment,Service quality,0.34693655,0.3067406,0.34693655,0.15271501,0.2007999,0.1555799
1755-RMCXH,0.57118034,Protection and support,Engagement and bundling,0.07875198,-0.80898416,-0.3477835,0.07875198,-0.16941665,-0.21358696
0302-JOIVN,0.5051816,Price and plan fit,Service quality,0.36911893,0.36599976,-0.091573164,0.07177114,0.037833605,0.36911893
3858-XHYJO,-0.53831136,Price and plan fit,Engagement and bundling,0.53915656,0.21192907,-0.29234314,-0.12700304,0.29738772,0.53915656
4299-SIMNS,0.6057005,Service quality,Billing and payment,0.33529893,0.33529893,0.3259154,-0.23438655,-0.029764961,0.0029022247
7025-IWFHT,-0.8416947,Billing and payment,Service quality,0.37855676,0.23951004,0.37855676,-0.16216931,-0.14405496,-0.22398424
6261-LHRTG,0.49812287,Protection and support,Billing and payment,0.10029313,-0.4005239,-0.11530006,0.10029313,-0.19101973,-0.1445693
7841-FCRQD,-0.7148051,No actionable lever,Protection and support,-0.062191177,-0.27398488,-0.062191177,-0.082957745,-0.3370582,-0.31300932
2056-EVGZL,-0.5001338,Price and plan fit,Service quality,0.2993297,0.21395767,-0.22340935,-0.12366596,0.17553677,0.2993297
8777-MBMTS,-1.421886,Price and plan fit,Service quality,0.27882212,0.18513842,-0.060070947,-0.12124663,0.07653014,0.27882212
7753-USQYQ,-0.52499235,Billing and payment,Engagement and bundling,0.2799565,-0.20005548,0.2799565,-0.15560108,-0.011669446,-0.32397828
5366-IJEQJ,0.5698174,Billing and payment,Service quality,0.39742714,0.3129329,0.39742714,0.13963188,0.06296702,-0.03658976
7661-CPURM,-0.65490854,Service quality,Engagement and bundling,0.24302815,0.24302815,-0.062379915,-0.08150969,0.03566976,-0.15925324
6233-HXJMX,0.52038854,Service quality,Protection and support,0.29939562,0.29939562,-0.10012108,0.17392808,0.10850482,-0.109064475
5902-WBLSE,-1.4812685,Protection and support,Billing and payment,0.07534073,-0.48848337,-0.10108248,0.07534073,-0.2061803,-0.47746423
1981-INRFU,0.63915896,Billing and payment,Service quality,0.32672536,0.2966898,0.32672536,0.13995431,-0.09976579,0.002670586
4971-PUYQO,0.49487823,Service quality,Engagement and bundling,0.33889368,0.33889368,-0.10708809,0.17056051,0.25137812,0.21504521
3239-TPHPZ,-1.5232546,Billing and payment,Protection and support,0.3853295,-0.63154846,0.3853295,0.086686105,-0.22743106,-0.73697186
5115-GZDEL,-1.5243561,Engagement and bundling,Service quality,0.10610384,-0.14277074,-0.22585435,-0.44804093,0.10610384,-0.24633864
3338-CVVEH,0.5312238,Service quality,Price and plan fit,0.35338542,0.35338542,-0.03762762,0.13736014,0.2502728,0.26801786
8485-GJCDN,0.6340933,Service quality,Protection and support,0.31208053,0.31208053,-0.09427358,0.12941901,-0.16673595,0.0061607584
2615-YVMYX,0.4404717,Billing and payment,Service quality,0.30983192,0.25062254,0.30983192,-0.26498735,0.13194424,0.15685263
2851-STERV,-0.55445355,Billing and payment,Engagement and bundling,0.29101133,-0.21194285,0.29101133,-0.083620876,0.16567852,-0.11917678
4393-GEADV,-1.3784437,Price and plan fit,Service quality,0.39635247,0.18672997,-0.20364907,-0.31229573,0.12145769,0.39635247
8486-AYEQH,0.55126584,Billing and payment,Service quality,0.38180977,0.3220567,0.38180977,0.14022887,-0.098491505,-0.20570657
1527-SXDPN,-1.5608033,Service quality,Engagement and bundling,0.19863643,0.19863643,-0.074155115,-0.07065155,0.12248118,0.06580476
6029-WTIPC,0.47127634,Billing and payment,Service quality,0.33048493,0.2922753,0.33048493,0.15781757,0.19812532,0.20035665
8634-CILSZ,-0.4954249,Price and plan fit,Engagement and bundling,0.4354331,0.21558748,-0.06604016,-0.11246196,0.3194844,0.4354331
5419-JKZNQ,0.55718493,Service quality,Protection and support,0.30865008,0.30865008,-0.3457603,0.128052,-0.11761094,-0.06545001
2495-KZNFB,0.5207307,Billing and payment,Service quality,0.32947597,0.3083718,0.32947597,-0.17402093,0.003193982,0.07772721
1409-PHXTF,-1.308948,Price and plan fit,Billing and payment,0.55466324,0.19837114,0.2769203,-0.14260745,0.17746986,0.55466324
4560-WQAQW,-0.46011448,Engagement and bundling,Service quality,0.1548446,-0.1885422,-0.2525639,-0.29460686,0.1548446,-0.20775242
9591-YVTEB,0.47572637,Billing and payment,Engagement and bundling,0.34322348,-0.28047493,0.34322348,-0.15094027,0.1878804,-0.06874017
9309-BZGNT,-0.76511776,Protection and support,Billing and payment,0.13663645,-0.16258377,-0.10666596,0.13663645,-0.16523312,-0.37470603
4274-DRSQT,-0.8394126,Service quality,Protection and support,0.2281955,0.2281955,-0.11394653,0.12216463,-0.06975798,-0.19277233
2027-DNKIV,-0.68951356,No actionable lever,Price and plan fit,-0.12660614,-0.27534273,-0.12660614,-0.30747885,-0.30157322,-0.16416061
8075-GXIUB,-0.7850491,Protection and support,Billing and payment,0.0630188,-0.6148218,-0.24621102,0.0630188,-0.35956535,-0.6291303
2885-HIJDH,-1.5111946,Engagement and bundling,Service quality,0.20229107,-0.18096216,-0.2509797,-0.3005066,0.20229107,-0.25909
5424-RLQLC,0.52363825,Protection and support,Engagement and bundling,0.11924613,-0.39026073,-0.1437191,0.11924613,-0.09420167,-0.19282897
6682-QJDGB,0.48422524,No actionable lever,Price and plan fit,-0.1671531,-0.31462324,-0.1671531,-0.20036906,-0.17152335,-0.17105289
6507-DTJZV,0.46286416,Protection and support,Engagement and bundling,0.12804835,-0.38297004,-0.33594584,0.12804835,0.07010719,0.024573809
8780-IXSTS,0.6299938,Service quality,Billing and payment,0.3506437,0.3506437,0.3240795,0.10032314,0.063704625,0.13539626
7673-BQGKU,-1.4147067,Protection and support,Engagement and bundling,0.06603386,-0.4777485,-0.24985701,0.06603386,-0.21926217,-0.45659024
6723-WSNTY,-0.5278788,Price and plan fit,Engagement and bundling,0.28256345,0.20824595,-0.07194152,-0.119996056,0.27500245,0.28256345
9530-EHPOH,0.4922234,Protection and support,Billing and payment,0.12178047,-0.3310065,0.036621843,0.12178047,-0.039511066,-0.07910961
2725-IWWBA,-0.6870433,No actionable lever,Service quality,-0.109109476,-0.19625002,-0.3072241,-0.29469758,-0.2898092,-0.109109476
0345-HKJVM,0.5804064,Service quality,Price and plan fit,0.35556296,0.35556296,-0.06074282,0.14742322,0.0451754,0.15257227
1061-PNTHC,0.38481572,Service quality,Price and plan fit,0.2755641,0.2755641,-0.17322047,-0.35979825,0.13288489,0.16140719
0394-YONDK,-1.448081,Protection and support,Engagement and bundling,0.07305865,-0.52303445,-0.23661685,0.07305865,-0.14338246,-0.67955405
6574-MCOEH,-0.5585754,Billing and payment,Engagement and bundling,0.31476644,-0.22576028,0.31476644,-0.05905208,0.24618268,-0.103707135
7399-QHBJS,-1.440403,No actionable lever,Service quality,-0.100055404,-0.14659214,-0.24713275,-0.3165386,-0.100055404,-0.24145734
3049-SOLAY,0.575341,Price and plan fit,Billing and payment,0.34760216,0.3035658,0.3227985,0.15934667,0.23124307,0.34760216
0997-YTLNY,0.48917484,No actionable lever,Price and plan fit,-0.04894768,-0.30439818,-0.38403916,-0.04894768,-0.21308787,-0.099515215
3317-HRTNN,0.50864434,Engagement and bundling,Protection and support,0.27291477,-0.24136618,0.0003191894,0.14698927,0.27291477,-0.0012991428
9479-HYNYL,-1.5559734,Engagement and bundling,Billing and payment,0.07281794,-0.16548361,-0.11153316,-0.11583116,0.07281794,-0.26515272
3235-ETOOB,0.61078954,Service quality,Billing and payment,0.34984958,0.34984958,0.3378743,-0.1632481,-0.22423321,-0.0942426
9708-KFDBY,0.6081933,Protection and support,Price and plan fit,0.08348453,-0.66752243,-0.30707386,0.08348453,-0.1686452,0.030257389
8058-INTPH,0.6500528,Billing and payment,Service quality,0.32156214,0.29416558,0.32156214,0.14671698,-0.05582821,0.23497078
3642-GKTCT,-0.50422585,Price and plan fit,Engagement and bundling,0.32253206,0.20087823,-0.13992675,-0.3336253,0.22329539,0.32253206
0774-RMNUW,-1.5179982,Engagement and bundling,Service quality,0.122137286,-0.14976768,-0.25502065,-0.42783496,0.122137286,-0.33925074
1334-PDUKM,-0.82925254,Service quality,Protection and support,0.20857033,0.20857033,-0.30485952,0.115087755,-0.25384897,-0.22931868
0756-MPZRL,-0.7276188,No actionable lever,Service quality,-0.14149617,-0.18337065,-0.25125533,-0.14149617,-0.22506797,-0.18823573
2242-MFOTG,-0.8401179,Service quality,Price and plan fit,0.22817929,0.22817929,-0.31330752,-0.14663003,-0.24779122,-0.06458727
2927-CVULT,-1.4426303,Price and plan fit,Service quality,0.31966925,0.19161911,-0.07784884,-0.3748084,0.06352637,0.31966925
2144-BFDSO,0.39285916,Service quality,Price and plan fit,0.27056178,0.27056178,-0.2611611,-0.1944026,0.1562958,0.22485454
8745-PVESG,-0.692127,No actionable lever,Price and plan fit,-0.12071699,-0.18434575,-0.12071699,-0.38250256,-0.21908191,-0.16897681
7647-GYYKX,-1.4766897,Protection and support,Billing and payment,0.077862054,-0.5097406,-0.07507666,0.077862054,-0.2093128,-0.46488538
5647-FXOTP,0.4184534,Billing and payment,Service quality,0.33590472,0.27274853,0.33590472,0.096567206,0.18621424,0.10886243
5569-OUICF,0.46743506,Service quality,Price and plan fit,0.3146383,0.3146383,-0.09803284,-0.07881971,0.19264066,0.25141352
8821-XNHVZ,0.66958207,Service quality,Price and plan fit,0.2941904,0.2941904,-0.10971893,0.15031031,-0.06879326,0.24979737
2082-OJVTK,0.5348933,Service quality,Billing and payment,0.33219576,0.33219576,0.32810816,0.17856908,0.09880958,0.0026797093
9700-ISPUP,0.48670945,Billing and payment,Engagement and bundling,0.32914972,-0.3806152,0.32914972,-0.13797837,-0.05496944,-0.066079386
9839-ETQOE,0.48834708,Billing and payment,Engagement and bundling,0.3440524,-0.30943844,0.3440524,-0.21334828,-0.008007601,-0.39926374
6078-VESFR,0.5955648,Service quality,Protection and support,0.3394136,0.3394136,-0.39356273,0.112856805,-0.18027422,-0.071338706
9027-TMATR,-1.5215988,Billing and payment,Engagement and bundling,0.35604778,-0.2095562,0.35604778,-0.27839485,0.011576183,-0.30282912
5940-NFXKV,0.5450705,Billing and payment,Service quality,0.37744585,0.31536263,0.37744585,0.14035057,0.058405608,-0.10534373
1941-HOSAM,0.627528,Price and plan fit,Service quality,0.339007,0.29533362,0.29196638,0.16011076,0.026493544,0.339007
9110-HSGTV,-1.5032492,Engagement and bundling,Billing and payment,0.08955465,-0.18678431,-0.10867406,-0.31391767,0.08955465,-0.31780687
0704-VCUMB,-1.4379944,Protection and support,Billing and payment,0.06465109,-0.51602376,-0.2486943,0.06465109,-0.27272123,-0.7968052
6171-ZTVYB,0.47211507,No actionable lever,Price and plan fit,-0.08910584,-0.3121203,-0.3020581,-0.31727704,-0.08910584,-0.19917528
8053-WWDRO,0.5172568,Protection and support,Engagement and bundling,0.06510744,-0.90311134,-0.2797339,0.06510744,-0.21626481,-0.42056066
9564-KCLHR,0.58857906,Price and plan fit,Protection and support,0.13345575,-0.23294634,-0.31764627,-0.15282743,-0.15303291,0.13345575
1935-IMVBB,0.5035787,Service quality,Protection and support,0.2847689,0.2847689,-0.3920462,0.14352742,0.11110994,-0.11746634
2535-PBCGC,-1.4992809,Engagement and bundling,Service quality,0.16361587,-0.16284986,-0.2407495,-0.3713625,0.16361587,-0.21885315
2082-CEFLT,0.5958954,Billing and payment,Protection and support,0.32952744,-0.23600428,0.32952744,0.13932604,-0.16951191,0.10318942
1470-PSXNM,-0.80735606,Billing and payment,Service quality,0.38868105,0.2294155,0.38868105,0.095805004,-0.0377466,0.070386894
1213-NGCUN,0.53112936,Price and plan fit,Protection and support,0.008592926,-0.32086715,-0.09491938,-0.041354313,-0.15800004,0.008592926
2498-XLDZR,-1.5396817,No actionable lever,Price and plan fit,-0.0037962403,-0.18725964,-0.27977294,-0.28052002,-0.0037962403,-0.09376196
9866-OCCKE,-1.452115,Price and plan fit,Engagement and bundling,0.38573584,0.15874663,-0.14437732,-0.31192303,0.1864465,0.38573584
5338-YHWYT,-1.4697299,No actionable lever,Price and plan fit,-0.17726494,-0.2553723,-0.22497658,-0.28199932,-0.17726494,-0.20230764
7718-UPSKJ,-0.48268154,Price and plan fit,Service quality,0.36585832,0.20566426,-0.07238292,-0.31648007,0.18900022,0.36585832
8731-WBBMB,0.4424945,Engagement and bundling,Protection and support,0.060604647,-0.33416495,-0.32428968,-0.11072809,0.060604647,-0.12425485
1448-CYWKC,-0.54252,Price and plan fit,Engagement and bundling,0.37484396,0.22698216,-0.044160362,0.103901915,0.32269496,0.37484396
7901-IIDQV,-0.69329923,No actionable lever,Engagement and bundling,-0.048831616,-0.27255875,-0.34870282,-0.048831616,-0.2145528,-0.24304499
2690-DVRVK,-0.8148024,Billing and payment,Protection and support,0.07950085,-0.63856626,0.07950085,0.07503857,-0.25838387,-0.39663061
5688-KZTSN,0.49580646,Billing and payment,Protection and support,0.38928014,-0.8835439,0.38928014,0.08371305,-0.16047975,-0.25907227
1270-XKUCC,-1.4873518,Protection and support,Engagement and bundling,0.07424231,-0.5392031,-0.3138592,0.07424231,-0.22813533,-0.6686449
0334-ZFJSR,-0.6664814,No actionable lever,Service quality,-0.071674496,-0.19251432,-0.071674496,-0.35393825,-0.22200745,-0.24428388
2894-QOJRX,0.51268744,Protection and support,Engagement and bundling,0.14924592,-0.32408696,-0.15718149,0.14924592,0.14286736,0.021068256
5747-PMBSQ,0.61940515,Service quality,Price and plan fit,0.35362446,0.35362446,-0.121253,-0.12686294,-0.0538053,0.22845504
5583-EJXRD,-1.552742,Engagement and bundling,Billing and payment,0.03290328,-0.17414051,-0.08191644,-0.421004,0.03290328,-0.14270107
4565-EVZMJ,-0.6942399,No actionable lever,Price and plan fit,-0.13254733,-0.2026086,-0.13254733,-0.3437016,-0.3092692,-0.17207946
3143-JQEGI,0.561187,Service quality,Protection and support,0.35141185,0.35141185,-0.05647878,0.14378221,0.043519866,-0.022933338
6386-SZZKH,-1.2708734,Price and plan fit,Service quality,0.7486155,0.20791315,-0.051806115,-0.13562031,0.15894732,0.7486155
3327-YBAKM,-0.52635366,Engagement and bundling,Service quality,0.22690077,0.20623286,-0.14883675,-0.31998032,0.22690077,-0.033316225
9441-QHEVC,0.5894697,Protection and support,Engagement and bundling,0.079057924,-0.6557077,-0.36815536,0.079057924,-0.16447058,-0.4470423
6705-LNMDD,0.48474655,Price and plan fit,Protection and support,0.070325494,-0.3077193,-0.39714217,-0.06993229,-0.1817386,0.070325494
2580-ASVVY,-1.4017389,Billing and payment,Engagement and bundling,0.17057583,-0.2596373,0.17057583,-0.32471293,0.099866785,-0.31368837
3370-GQEAL,0.5354886,Service quality,Protection and support,0.3200907,0.3200907,-0.005788767,0.13619848,0.046789333,-0.030959586
5032-USPKF,-0.47965384,Engagement and bundling,Price and plan fit,0.27115485,-0.20707364,-0.25803876,-0.17331944,0.27115485,-0.033332303
2982-IHMFT,0.66593367,Service quality,Price and plan fit,0.2928638,0.2928638,-0.111807875,0.14413762,-0.052508276,0.21902442
3521-SYVOR,0.46358484,Billing and payment,Protection and support,0.33237058,-0.3958603,0.33237058,0.14976373,0.07354517,-0.07817387
4254-QPEDE,-1.4990805,Engagement and bundling,Service quality,0.17168525,-0.16857764,-0.20493881,-0.39484057,0.17168525,-0.23294014
6283-GITPX,-1.4857732,No actionable lever,Engagement and bundling,-0.12521125,-0.17822221,-0.12521125,-0.39415827,-0.16742402,-0.39746594
9526-JAWYF,0.5431275,Service quality,Price and plan fit,0.33219132,0.33219132,0.011716492,0.08549178,-0.038868703,0.13858652
0771-CHWSK,-1.4957343,Engagement and bundling,Billing and payment,0.042348403,-0.17506428,-0.09065132,-0.19914588,0.042348403,-0.32323408
9788-HNGUT,-1.5206149,Price and plan fit,Service quality,0.36624652,0.1737075,-0.08697276,-0.39409652,0.10908111,0.36624652
9495-REDIY,-0.73015463,No actionable lever,Price and plan fit,-0.006311044,-0.21439545,-0.10454392,-0.11560526,-0.006311044,-0.08952777
5375-XLDOF,-1.306554,Price and plan fit,Service quality,0.565041,0.19222154,-0.052631754,-0.35953838,0.11675972,0.565041
1172-VIYBP,-1.4929929,Engagement and bundling,Service quality,0.078493014,-0.17074117,-0.24688573,-0.1745422,0.078493014,-0.21260446
5649-VUKMC,-0.6606036,Price and plan fit,Service quality,0.2974926,0.24667163,-0.33679247,0.12220197,0.1999321,0.2974926
6559-PDZLR,0.5010708,Billing and payment,Service quality,0.36951494,0.31656688,0.36951494,-0.09874226,0.08638336,0.19207387
8992-OBVDG,0.44606096,Protection and support,Engagement and bundling,0.13845612,-0.33873492,-0.3857239,0.13845612,-0.06404011,-0.28511623
4273-MBHYA,0.6291678,Price and plan fit,Service quality,0.3507269,0.2953811,0.28948423,0.15789512,0.026324546,0.3507269
4724-WXVWF,0.47447288,Billing and payment,Service quality,0.33547238,0.27687058,0.33547238,-0.3560812,0.018140048,-0.07929
5701-GUXDC,-0.7254169,No actionable lever,Engagement and bundling,-0.16640803,-0.2046785,-0.2957832,-0.16640803,-0.18939489,-0.31383952
1460-UZPRJ,-1.4471884,Protection and support,Engagement and bundling,0.07711239,-0.52893746,-0.31315783,0.07711239,-0.29281306,-0.81349635
6082-GLJIX,0.45260695,Protection and support,Engagement and bundling,0.06656921,-0.81783867,-0.47113964,0.06656921,-0.19644499,-0.9147025
5143-EGQFK,0.5272194,Billing and payment,Price and plan fit,0.35666263,-0.32222706,0.35666263,-0.12396261,-0.051546507,0.032814495
4919-IKATY,0.62132144,Billing and payment,Service quality,0.31807268,0.307101,0.31807268,-0.24033195,-0.011150545,0.09431741
2495-TTHBQ,-0.85501266,Protection and support,Billing and payment,0.07522758,-0.65940344,-0.09060317,0.07522758,-0.34262696,-0.7421725
0485-ZBSLN,-1.449584,Protection and support,Engagement and bundling,0.08223951,-0.5229708,-0.23118477,0.08223951,-0.11725036,-0.66590214
3810-PJUHR,-1.4495871,Protection and support,Engagement and bundling,0.07643546,-0.5019803,-0.3015835,0.07643546,-0.1693266,-0.50371057
9050-QLROH,0.5385549,Service quality,Protection and support,0.31337443,0.31337443,-0.10469428,0.14275672,0.054214206,-0.0922216
0847-HGRML,-1.4469018,Protection and support,Engagement and bundling,0.07411725,-0.48763546,-0.24443397,0.07411725,-0.24281773,-0.608977
8232-CTLKO,-1.4214362,Billing and payment,Engagement and bundling,0.42670092,-0.19233306,0.42670092,-0.11370868,-0.046468362,-0.30124825
9227-YBAXE,-1.5082226,Engagement and bundling,Billing and payment,0.15156105,-0.18685831,-0.101303294,-0.36366713,0.15156105,-0.26407412
6168-WFVVF,0.6312519,Billing and payment,Service quality,0.30319363,0.29656848,0.30319363,0.12846372,-0.21137924,-0.07544949
9860-LISIZ,0.48505354,Protection and support,Engagement and bundling,0.06842579,-0.7610335,-0.3483977,0.06842579,-0.19161111,-0.2996988
0112-QAWRZ,0.59095484,Service quality,Protection and support,0.31848383,0.31848383,-0.11661847,0.13888277,0.036096185,0.029738054
0877-SDMBN,-0.5061619,Price and plan fit,Engagement and bundling,0.40242457,0.21433471,-0.083534114,-0.15199323,0.319946,0.40242457
2786-GCDPI,0.43488625,Billing and payment,Service quality,0.30664542,0.28395504,0.30664542,-0.06634588,0.2087098,0.19336836
4043-MKDTV,-1.4854565,Billing and payment,Price and plan fit,0.35951412,0.18924138,0.35951412,-0.12737851,0.045193806,0.25356475
8065-YKXKD,0.61614573,Billing and payment,Service quality,0.3602994,0.3545468,0.3602994,0.14519925,-0.018842425,-0.05519113
9637-EIHEQ,0.5867937,Billing and payment,Price and plan fit,0.31097987,-0.24065235,0.31097987,-0.16783783,-0.1533666,0.11995688
9229-RQABD,-0.7373293,Protection and support,Engagement and bundling,0.07663688,-0.56046855,-0.3377132,0.07663688,-0.22926599,-0.28103614
8313-KTIHG,0.54829144,Billing and payment,Engagement and bundling,0.3151245,-0.32207242,0.3151245,-0.09090026,-0.07001831,-0.08734699
5320-BRKGK,-1.4500107,No actionable lever,Service quality,-0.00043413974,-0.1835294,-0.3256649,-0.27987453,-0.00043413974,-0.30332676
6284-KMNUF,-0.584028,Billing and payment,Engagement and bundling,0.36967662,0.21480742,0.36967662,-0.1596219,0.25571984,0.03509242
9689-PTNPG,0.63095903,Billing and payment,Service quality,0.34502286,0.287665,0.34502286,0.14148843,-0.059587397,0.020175148
9465-RWMXL,0.55548346,Billing and payment,Service quality,0.37151235,0.31889242,0.37151235,0.14119728,-0.10062734,-0.11995664
6229-UOLQL,-0.66871977,No actionable lever,Engagement and bundling,-0.071430594,-0.19070143,-0.16432925,-0.43815967,-0.10995399,-0.071430594
2362-IBOOY,0.5302366,Billing and payment,Service quality,0.33593965,0.3192703,0.33593965,0.15150802,0.02721794,0.04612134
3137-LUPIX,0.5606077,Engagement and bundling,Price and plan fit,0.03813111,-0.3172159,-0.13419253,-0.07604408,0.03813111,-0.027000576
0843-WTBXE,0.5467596,Service quality,Protection and support,0.30541778,0.30541778,-0.35309908,0.14055759,0.03588514,-0.06674573
6143-JQKEA,0.5246228,Protection and support,Price and plan fit,0.11896831,-0.33752903,-0.105544604,0.11896831,-0.18421143,-0.03731112
8676-OOQEJ,0.5428085,Billing and payment,Price and plan fit,0.0078027463,-0.24612518,0.0078027463,-0.12434288,-0.032903917,0.0034392178
5515-IDEJJ,0.6084672,Protection and support,Price and plan fit,0.08856787,-0.6531229,-0.3179792,0.08856787,-0.15616193,0.058487773
9701-CDXHR,0.5486498,Service quality,Protection and support,0.2940765,0.2940765,-0.3794251,0.11980389,-0.24131668,-0.3063829
7450-NWRTR,0.5473362,Service quality,Billing and payment,0.34407908,0.34407908,0.32893643,0.15222172,0.20334047,0.31915072
8124-NZVGJ,-0.5753437,Engagement and bundling,Price and plan fit,0.2985947,-0.22325706,-0.06999342,-0.095937595,0.2985947,-0.020390667
2162-FRZAA,-1.4527848,No actionable lever,Engagement and bundling,-0.13954864,-0.14708747,-0.23419513,-0.13954864,-0.1419264,-0.15428187
5376-DEQCP,0.651912,Billing and payment,Service quality,0.31706858,0.2925036,0.31706858,0.14280373,-0.1583524,0.21044713
5118-MUEYH,0.4080217,Service quality,Engagement and bundling,0.30116305,0.30116305,-0.09882261,-0.1397575,0.20606081,0.20061314
9095-HFAFX,0.6447734,Service quality,Protection and support,0.3143802,0.3143802,-0.08659931,0.1313234,-0.066327274,0.021710444
5627-TVBPP,-0.68828505,Protection and support,Billing and payment,0.062300272,-0.57554567,-0.08195968,0.062300272,-0.30890298,-0.5768954
2379-ENZGV,0.6302972,Service quality,Billing and payment,0.35647836,0.35647836,0.32265788,0.096196204,-0.09588104,0.06811743
3936-QQFLL,0.5705419,Protection and support,Price and plan fit,0.07767741,-0.8038385,-0.3496463,0.07767741,-0.18207353,-0.17047887
2589-AYCRP,-0.7356282,Protection and support,Billing and payment,0.068072535,-0.5145917,-0.2341249,0.068072535,-0.3240869,-0.29861242
4067-HLYQI,0.5627285,Service quality,Protection and support,0.32524708,0.32524708,-0.11316673,0.13494736,-0.22918901,-0.18870205
5124-EOGYE,-1.4775426,Protection and support,Engagement and bundling,0.0743798,-0.5241207,-0.32040486,0.0743798,-0.2292033,-0.6370193
5057-RKGLH,-1.5617046,Protection and support,Engagement and bundling,0.07734412,-0.59586674,-0.2973693,0.07734412,-0.23988411,-0.7240423
0292-WEGCH,0.45243907,Billing and payment,Engagement and bundling,0.30973327,-0.31473768,0.30973327,-0.17793863,0.113949195,-0.11217065
8910-ICHIU,-0.78193223,Service quality,Price and plan fit,0.21778941,0.21778941,-0.08470798,-0.22479504,-0.1907479,0.074863926
4097-YODCF,-0.563456,Price and plan fit,Billing and payment,0.31884885,0.221682,0.30340266,-0.20077007,0.2529,0.31884885
9715-WZCLW,-1.5946152,Billing and payment,Service quality,0.40695268,0.17849366,0.40695268,-0.14430922,0.1712821,0.13449839
9786-YWNHU,-1.4232093,No actionable lever,Engagement and bundling,-0.15969594,-0.15969594,-0.3197909,-0.28668857,-0.18590784,-0.19378062
6407-GSJNL,-1.443931,Protection and support,Engagement and bundling,0.07669248,-0.53261256,-0.22527596,0.07669248,-0.13915819,-0.6444813
6005-OBZPH,0.5647279,Billing and payment,Service quality,0.35289848,0.32236814,0.35289848,0.091794364,0.063084446,0.0070154816
4049-ZPALD,-1.5710504,Service quality,Engagement and bundling,0.19057626,0.19057626,-0.11870623,-0.14168622,0.13878724,0.06514323
7932-WPTDS,0.63353086,Billing and payment,Protection and support,0.3208316,-0.23350024,0.3208316,0.14701785,0.045805857,0.034240596
3733-UOCWF,-0.8273642,Service quality,Protection and support,0.19786033,0.19786033,-0.124500394,-0.11764539,-0.25261945,-0.22444177
6833-JMZYP,0.5226318,Service quality,Protection and support,0.3334006,0.3334006,-0.08153433,0.15398015,0.078982025,0.0884148
2722-VOJQL,-0.5219528,Price and plan fit,Engagement and bundling,0.39181453,0.2145466,-0.061856586,-0.11016398,0.3439423,0.39181453
1310-QRITU,0.4995702,Billing and payment,Protection and support,0.40880966,-0.30410388,0.40880966,0.12675215,-0.07499181,-0.045855414
8961-QDZZJ,-0.5999751,Billing and payment,Service quality,0.305316,0.23247507,0.305316,0.090672344,0.13789125,-0.049877003
9715-SBVSU,-1.5791975,No actionable lever,Billing and payment,-0.009226937,-0.19885056,-0.03800101,-0.18711886,-0.009226937,-0.15347408
8490-BXHEO,0.58155423,Service quality,Protection and support,0.31116754,0.31116754,-0.11738154,0.10562254,-0.08254252,-0.107664414
7173-TETGO,-1.6053804,Service quality,Engagement and bundling,0.13910893,0.13910893,-0.3181179,-0.15261197,-0.15199192,-0.27465373
7929-SKFGK,-1.4103068,Price and plan fit,Service quality,0.4256173,0.19095819,-0.2108831,-0.30429202,0.1571862,0.4256173
2300-RQGOI,-1.4752464,Protection and support,Engagement and bundling,0.06431129,-0.50038284,-0.30691203,0.06431129,-0.21521962,-0.48487526
3563-SVYLG,-1.4173304,No actionable lever,Billing and payment,-0.1652279,-0.1652279,-0.22595972,-0.27953786,-0.22667241,-0.35348085
5228-EXCET,0.58636993,Billing and payment,Service quality,0.36879063,0.34522182,0.36879063,0.13383192,-0.08125358,-0.004401952
6435-VWCCY,-1.5861838,Service quality,Engagement and bundling,0.18042812,0.18042812,-0.11045302,-0.16761264,0.00364325,-0.16578868
4998-IKFSE,0.45560214,Service quality,Engagement and bundling,0.321077,0.321077,-0.06065048,0.1445719,0.23656903,0.19336873
8630-QSGXK,-1.509129,Engagement and bundling,Billing and payment,0.23737523,-0.18774626,-0.091736674,-0.09272576,0.23737523,-0.35130772
2455-USLMV,0.5597557,Service quality,Price and plan fit,0.30650926,0.30650926,-0.11686591,-0.18241753,-0.115913436,-0.004049007
7394-FKDNK,0.5728816,Service quality,Price and plan fit,0.3499526,0.3499526,-0.046543013,0.14265494,0.046954725,0.1481867
9488-FVZCC,-1.5379276,Engagement and bundling,Billing and payment,0.0580391,-0.15660545,-0.1335284,-0.40108234,0.0580391,-0.25066087
6331-LWDTQ,0.48806298,Engagement and bundling,Protection and support,0.24142635,-0.3955752,-0.11785095,0.15926568,0.24142635,-0.09094679
5995-WWKKG,-0.7390914,Billing and payment,Protection and support,0.37673685,-0.5973871,0.37673685,0.06847987,-0.2823214,-0.46955267
1597-FZREH,0.53412014,Engagement and bundling,Billing and payment,0.014703829,-0.29080147,-0.035490613,-0.057265434,0.014703829,-0.078407146
7879-CGSFV,-0.50331956,Price and plan fit,Engagement and bundling,0.38130718,0.21069624,-0.11885811,-0.1909781,0.23168667,0.38130718
9921-EZKBY,0.4727779,Service quality,Engagement and bundling,0.30490437,0.30490437,-0.110666975,-0.208825,0.09607782,-0.08365062
7432-FFVAR,-0.6146544,Service quality,Engagement and bundling,0.21619812,0.21619812,-0.26398307,-0.08000494,0.053621683,-0.1839253
7246-ZGQDF,0.561375,Price and plan fit,Billing and payment,0.1317648,-0.30666065,0.024005465,-0.36952654,-0.13634124,0.1317648
7000-WCEVQ,0.4561422,Protection and support,Engagement and bundling,0.13712822,-0.33452323,-0.11969024,0.13712822,0.061879918,-0.05929047
0727-IWKVK,0.62040734,Service quality,Billing and payment,0.35032406,0.35032406,0.32264787,0.09582061,-0.2334224,-0.03851325
5959-BELXA,0.48771614,Service quality,Engagement and bundling,0.31535327,0.31535327,-0.10101642,0.15029825,0.19074488,0.103971794
4456-RHSNB,0.50317633,Protection and support,Price and plan fit,0.12111527,-0.30725458,-0.13720275,0.12111527,-0.211389,-0.1336677
3512-IZIKN,-1.4052281,No actionable lever,Service quality,-0.0936773,-0.16634604,-0.23720436,-0.2771681,-0.0936773,-0.30630434
2481-SBOYW,-1.4739028,Protection and support,Billing and payment,0.08350567,-0.501315,-0.08334995,0.08350567,-0.15430503,-0.5443585
7109-MFBYV,0.47172996,Protection and support,Billing and payment,0.12693262,-0.32343534,0.038345385,0.12693262,-0.25812334,-0.29253715
1833-TCXKK,0.4102487,Service quality,Price and plan fit,0.3058111,0.3058111,-0.09690195,0.1107304,0.20745008,0.23210546
1832-PEUTS,-1.6384361,Service quality,Protection and support,0.20372188,0.20372188,-0.09840826,0.16258205,-0.0024309792,-0.2525496
6141-OOXUQ,0.60684955,Protection and support,Price and plan fit,0.087211706,-0.6557077,-0.32259062,0.087211706,-0.1699419,0.054831333
8660-BUETV,0.56825894,Protection and support,Price and plan fit,0.12752345,-0.23135695,-0.36686352,0.12752345,-0.2227181,-0.13827361
0580-PIQHM,-0.5205044,Service quality,Engagement and bundling,0.21162927,0.21162927,-0.04768636,-0.21276267,0.15826468,0.12482844
5696-CEIQJ,-1.496295,Price and plan fit,Service quality,0.25120747,0.19591542,-0.24754053,-0.12335873,0.07251148,0.25120747
7503-ZGUZJ,0.6673517,Price and plan fit,Service quality,0.3110395,0.29853347,-0.11761518,0.15295012,0.035258666,0.3110395
1696-HXOWK,-0.7958679,Service quality,Price and plan fit,0.18614458,0.18614458,-0.34762624,-0.19656788,-0.09038658,0.048370063
3026-ATZYV,-0.47117656,Engagement and bundling,Protection and support,0.19798997,-0.20967358,-0.2910156,-0.17845352,0.19798997,-0.18642698
4012-YCFAI,-1.4444497,No actionable lever,Billing and payment,-0.16317421,-0.16317421,-0.18316178,-0.33812326,-0.24819104,-0.39113832
2506-TNFCO,0.6495074,Billing and payment,Service quality,0.29883707,0.2891684,0.29883707,0.14140655,-0.1594037,0.23154017
9970-QBCDA,0.5172568,Protection and support,Engagement and bundling,0.080652066,-0.89904046,-0.31663474,0.080652066,-0.22288595,-0.51537853
8718-PTMEZ,0.53994286,Billing and payment,Protection and support,0.4080156,-0.324396,0.4080156,0.11055068,0.05069007,-0.044535972
9496-IVVRP,0.50615853,No actionable lever,Price and plan fit,-0.16568239,-0.34945765,-0.33580142,-0.16568239,-0.20976472,-0.18093367
2207-OBZNX,0.52086306,Price and plan fit,Billing and payment,0.00957356,-0.3479333,-0.16073067,-0.17951235,-0.17960253,0.00957356
2657-VPXTA,0.59394133,Service quality,Billing and payment,0.36361662,0.36361662,0.31160358,0.15989274,0.028548902,0.12730101
6551-VLJMV,-1.4629747,Protection and support,Engagement and bundling,0.058464404,-0.4935177,-0.25875205,0.058464404,-0.22063126,-0.47774398
1221-GHZEP,-1.4760407,No actionable lever,Billing and payment,-0.021488454,-0.16540545,-0.15687917,-0.32006407,-0.021488454,-0.34969658
9289-LBQVU,-0.47394398,Engagement and bundling,Protection and support,0.15484096,-0.17589106,-0.13545506,-0.115413375,0.15484096,-0.18834937
6142-VSJQO,0.6101852,Protection and support,Price and plan fit,0.13621631,-0.23023385,-0.09315094,0.13621631,-0.1523536,0.08409627
3458-IDMFK,-1.4989724,Protection and support,Billing and payment,0.082095265,-0.5211817,-0.1606773,0.082095265,-0.22655909,-0.4665991
6933-FHBZC,-0.73130834,Protection and support,Billing and payment,0.121304266,-0.2851197,-0.11532724,0.121304266,-0.35836148,-0.30668655
0221-NAUXK,-0.79590976,Protection and support,Billing and payment,0.087104686,-0.6205685,-0.043528967,0.087104686,-0.34619564,-0.64442563
9770-KXGQU,-0.7669914,Service quality,Price and plan fit,0.21259058,0.21259058,-0.35251394,-0.18433915,-0.071622245,0.12197903
6437-UKHMV,0.6263588,Service quality,Billing and payment,0.36967927,0.36967927,0.33463013,0.14825867,-0.088006265,0.013459418
6538-POCHL,0.56304693,Service quality,Protection and support,0.31938782,0.31938782,-0.1044727,0.113123424,-0.1870689,-0.045174092
6726-NNFWD,-1.6771827,Service quality,Protection and support,0.1689955,0.1689955,-0.2922741,0.12767616,-0.0437517,-0.28298968
3002-WQZWT,0.5497705,Billing and payment,Service quality,0.38391924,0.32332388,0.38391924,0.13516073,-0.10094214,-0.21262965
4277-UDIEF,0.44487804,Engagement and bundling,Price and plan fit,0.18346143,-0.40199474,-0.32053357,-0.27705672,0.18346143,-0.058522888
1208-NBVFH,0.4953078,Billing and payment,Protection and support,0.42906463,-0.3003167,0.42906463,0.13545638,-0.16860661,-0.04704368
4912-PIGUY,0.65107995,Billing and payment,Price and plan fit,0.32544956,0.29571012,0.32544956,0.15016958,0.06064166,0.30084512
1114-CENIM,0.4898435,Protection and support,Engagement and bundling,0.13858128,-0.2859195,-0.11169558,0.13858128,-0.07201161,-0.18004163
6060-DRTNL,0.64644,Service quality,Protection and support,0.3150961,0.3150961,-0.110751174,0.13785233,-0.05962877,0.10471235
2725-TTRIQ,-1.5410067,Engagement and bundling,Billing and payment,0.13763237,-0.1671712,-0.14582334,-0.36024228,0.13763237,-0.21943447
3374-TTZTK,-1.3056116,Price and plan fit,Billing and payment,0.6397904,0.20145026,0.29178822,-0.35454285,0.0051606623,0.6397904
8990-ZXLSU,0.5950793,Service quality,Protection and support,0.34369949,0.34369949,-0.025305074,0.12619546,-0.23505288,-0.12925354
2275-RBYQS,0.6097572,Protection and support,Price and plan fit,0.13702959,-0.23202455,-0.114763014,0.13702959,-0.16611356,0.108938165
8473-VUVJN,0.647917,Billing and payment,Service quality,0.31264484,0.29004043,0.31264484,0.14613853,-0.045625564,0.21675296
6289-CPNLD,-0.4860922,Engagement and bundling,Price and plan fit,0.22430354,-0.21191171,-0.10653285,-0.08544466,0.22430354,-0.04869624
5536-SLHPM,0.5402604,Billing and payment,Service quality,0.36400467,0.28772756,0.36400467,0.15646042,-0.058847774,-0.19630936
4419-UJMUS,-1.5558391,Billing and payment,Engagement and bundling,0.35848647,0.20715076,0.35848647,-0.07453858,0.20912366,0.14873819
7794-JASDG,0.5958687,Price and plan fit,Billing and payment,0.11085312,-0.24477741,-0.13611543,-0.18421872,-0.15972443,0.11085312
7609-YBPXG,-1.5100491,Engagement and bundling,Service quality,0.18816635,-0.18491623,-0.24567565,-0.301383,0.18816635,-0.23001686
5519-TEEUH,-0.7558624,Protection and support,Billing and payment,0.08164223,-0.59418863,-0.121995516,0.08164223,-0.3598854,-0.7307776
7856-GANIL,-0.7919988,Service quality,Price and plan fit,0.21453066,0.21453066,-0.102758095,-0.10375767,-0.065343186,0.1666975
0804-XBFBV,0.50486183,Protection and support,Billing and payment,0.10614371,-0.32800752,0.031210188,0.10614371,-0.0534371,-0.24324419
2676-OXPPQ,0.5311665,No actionable lever,Billing and payment,-0.009191129,-0.3891902,-0.105590485,-0.20097922,-0.17049336,-0.009191129
3703-TTEPD,0.48049495,No actionable lever,Protection and support,-0.08216176,-0.35190997,-0.36285985,-0.14108464,-0.08216176,-0.24665168
2799-TSLAG,-1.4467369,Protection and support,Billing and payment,0.099266134,-0.5066918,-0.077871524,0.099266134,-0.115572065,-0.4746445
0196-VULGZ,0.59863335,Service quality,Billing and payment,0.34801126,0.34801126,0.3240515,0.14141458,0.054375924,0.010554593
8837-VVWLQ,0.596963,Service quality,Price and plan fit,0.343637,0.343637,0.018558033,-0.12450187,-0.026597332,0.16261101
2696-NARTR,0.6046412,Service quality,Billing and payment,0.35108662,0.35108662,0.3384921,-0.058475878,-0.21458223,0.03445524
2208-NKVVH,-1.4856722,Protection and support,Engagement and bundling,0.07156972,-0.555717,-0.30628246,0.07156972,-0.086316295,-0.52944195
7614-QVWQL,-0.50105476,Engagement and bundling,Protection and support,0.384104,-0.18896857,-0.067855164,0.14334203,0.384104,0.035087515
1976-CFOCS,0.57517153,Price and plan fit,Protection and support,0.14765844,-0.22943667,0.0054587936,0.121736936,-0.1692668,0.14765844
4631-OACRM,0.56911606,Billing and payment,Service quality,0.3283274,0.31521982,0.3283274,0.13427806,-0.08944073,0.032200206
7139-JZFVG,-1.4426172,No actionable lever,Service quality,-0.14879785,-0.1569766,-0.29479063,-0.14879785,-0.2363117,-0.35261554
4987-GQWPO,0.51201046,Protection and support,Engagement and bundling,0.13120472,-0.27914202,-0.40746826,0.13120472,0.01675956,-0.106955744
3755-JBMNH,0.5880984,Service quality,Protection and support,0.31528935,0.31528935,-0.11756634,0.12530005,-0.20886369,-0.06795503
1757-TCATG,-0.73272204,Protection and support,Billing and payment,0.069351904,-0.5657604,-0.2135587,0.069351904,-0.35361362,-0.6734507
6345-ULYRW,-0.63347185,Service quality,Engagement and bundling,0.22569083,0.22569083,-0.27206033,0.1196361,0.16452375,-0.1275374
4776-XSKYQ,-0.7649891,No actionable lever,Price and plan fit,-0.1011139,-0.18689384,-0.28625774,-0.1011139,-0.24520054,-0.14163657
8048-DSDFQ,0.60684955,Protection and support,Price and plan fit,0.0874657,-0.66232085,-0.32259062,0.0874657,-0.1699419,0.037128612
5753-QQWPW,-0.7187934,Billing and payment,Price and plan fit,0.34227794,-0.2953877,0.34227794,-0.3081123,-0.26014528,-0.14066069
6010-DDPPW,-1.3836756,Protection and support,Engagement and bundling,0.08628216,-0.47455123,-0.23140162,0.08628216,-0.14166138,-0.39237428
1809-DMJHQ,0.5510282,Protection and support,Price and plan fit,0.11695849,-0.25336012,-0.3469973,0.11695849,-0.16141625,0.048189286
6693-FRIRW,0.46714473,Service quality,Price and plan fit,0.31465125,0.31465125,-0.37426746,0.07420956,0.09403747,0.1532115
6586-MYGKD,-1.4742174,Engagement and bundling,Billing and payment,0.21420881,-0.18683179,-0.108527854,-0.29748267,0.21420881,-0.3026125
3173-NVMPX,0.53190815,Protection and support,Price and plan fit,0.109154835,-0.3611713,-0.11406773,0.109154835,-0.0601635,-0.029776473
0248-PGHBZ,-1.5736301,Service quality,Engagement and bundling,0.17895028,0.17895028,-0.13537385,-0.3330601,-0.058358565,-0.1963558
0623-GDISB,0.59449816,Price and plan fit,Billing and payment,0.10606621,-0.24444328,-0.117283136,-0.18779367,-0.16105022,0.10606621
2892-GESUL,-1.3692021,Protection and support,Engagement and bundling,0.07023945,-0.54126304,-0.35590175,0.07023945,-0.2037504,-0.50161296
6923-EFPNL,0.5542634,Protection and support,Price and plan fit,0.11910577,-0.24682063,-0.34937775,0.11910577,-0.07337629,-0.026670642
7472-EQOAV,-0.8562681,Service quality,Price and plan fit,0.17148376,0.17148376,-0.13914317,-0.19707765,-0.32845357,-0.09345198
9574-RKJIF,0.51601124,Billing and payment,Service quality,0.33703893,0.31535307,0.33703893,-0.20706062,0.03869476,0.2137392
2043-WVTQJ,0.59008336,Price and plan fit,Engagement and bundling,0.13296942,-0.30186087,-0.32571185,-0.16379915,-0.16232003,0.13296942
8034-RYTVV,-0.829147,Service quality,Billing and payment,0.20486583,0.20486583,-0.09646903,-0.1660458,-0.24297604,-0.1321611
3863-QSTYI,0.46399927,Billing and payment,Engagement and bundling,0.3579433,-0.30182016,0.3579433,-0.12421871,-0.053161465,-0.23991254
2619-WFQWU,0.6664729,Service quality,Price and plan fit,0.29450238,0.29450238,-0.11263803,0.14277521,-0.15730058,0.2160072
5044-LRQAQ,0.6318509,Service quality,Protection and support,0.35637352,0.35637352,-0.09579033,0.12404108,-0.17947231,0.025364826
1716-LSAMB,-1.4711759,No actionable lever,Engagement and bundling,-0.18131375,-0.18131375,-0.23473553,-0.27256542,-0.2206297,-0.26305628
1333-PBMXB,-0.7542923,Protection and support,Billing and payment,0.08649011,-0.54310435,-0.07233002,0.08649011,-0.24554998,-0.53089565
6546-OPBBH,-0.75508624,Protection and support,Billing and payment,0.086338,-0.53670526,-0.14562307,0.086338,-0.24867699,-0.4613495
5985-BEHZK,-0.6143454,Engagement and bundling,Price and plan fit,0.28218836,0.18029405,-0.29138842,0.1189983,0.28218836,0.26239163
9127-QRZMH,-0.69038135,No actionable lever,Billing and payment,-0.07284849,-0.20403841,-0.10378225,-0.33237866,-0.29671955,-0.07284849
5919-VCZYM,0.57035035,Protection and support,Engagement and bundling,0.0858991,-0.86554366,-0.34444895,0.0858991,-0.22078565,-0.5713297
9644-KVCNC,-0.83281237,Service quality,Protection and support,0.22361745,0.22361745,-0.120919295,0.14813396,-0.08211513,-0.10263382
2137-DQMEV,-0.69422805,Engagement and bundling,Protection and support,0.012849361,-0.17861189,-0.3272894,-0.124111846,0.012849361,-0.1534962
8174-LNWMW,-1.4661404,Protection and support,Billing and payment,0.07892126,-0.5380475,-0.24957815,0.07892126,-0.2594218,-0.65078884
9279-CJEOJ,0.4996441,Service quality,Engagement and bundling,0.3183271,0.3183271,-0.11948295,0.15086244,0.21829912,0.07729928
7964-VEXDG,0.54637194,Service quality,Billing and payment,0.30364203,0.30364203,0.03650679,-0.1500287,-0.037797183,-0.09145496
2404-JIBFC,-1.513753,Engagement and bundling,Billing and payment,0.14638503,-0.19064647,-0.111674935,-0.31508106,0.14638503,-0.17074607
0778-NELLA,0.5372706,Protection and support,Engagement and bundling,0.14694765,-0.30577105,-0.11238525,0.14694765,0.1357019,-0.032356523
8029-XYPWT,-1.4822713,Price and plan fit,Service quality,0.29809433,0.15471353,-0.08230701,-0.37085956,0.12927213,0.29809433
4614-NUVZD,0.6300466,Billing and payment,Service quality,0.2961481,0.2925036,0.2961481,0.15101664,-0.074453995,0.24301606
4632-PAOYU,-0.7372702,Protection and support,Engagement and bundling,0.07125626,-0.55260015,-0.32585213,0.07125626,-0.31250292,-0.35978422
3803-KMQFW,0.6114781,Protection and support,Price and plan fit,0.08690835,-0.659688,-0.31219926,0.08690835,-0.1538154,0.03668055
6804-GDMOI,-1.2895514,Price and plan fit,Billing and payment,0.6216844,0.20162554,0.35971916,-0.013220551,0.20980182,0.6216844
2990-OGYTD,-1.5215173,Engagement and bundling,Protection and support,0.21090128,-0.17465861,-0.25451308,-0.11983279,0.21090128,-0.30934528
6646-JPPHA,0.5645946,Service quality,Billing and payment,0.31592426,0.31592426,-0.027969323,-0.19156162,-0.176732,-0.069145076
9572-MTILT,0.41432565,Billing and payment,Service quality,0.32154763,0.2735576,0.32154763,-0.41357586,0.013574177,0.24859118
7658-UYUQS,0.5694059,Service quality,Protection and support,0.31200045,0.31200045,-0.3500299,0.121086635,-0.084398784,-0.1250577
7880-XSOJX,0.54392296,No actionable lever,Price and plan fit,-0.041459247,-0.30520412,-0.3601628,-0.38477817,-0.041459247,-0.08116145
9611-CTWIH,0.6065592,Billing and payment,Service quality,0.33088136,0.29677767,0.33088136,0.14652607,0.039337147,0.0030169114
4589-IUAJB,-1.4394836,Protection and support,Engagement and bundling,0.073969916,-0.5231195,-0.24191317,0.073969916,-0.17032984,-0.6629207
0329-GTIAJ,0.56586546,Price and plan fit,Service quality,0.3532859,0.29934192,0.27180207,-0.13723674,0.01620904,0.3532859
8746-BFOAJ,-0.7538719,Protection and support,Billing and payment,0.06619898,-0.5478634,-0.25253278,0.06619898,-0.32597244,-0.38415664
8457-XIGKN,0.46160656,Protection and support,Billing and payment,0.084743015,-0.8433555,-0.13339405,0.084743015,-0.19896443,-0.53225875
6072-NUQCB,-0.7302157,Protection and support,Billing and payment,0.07759235,-0.5743171,-0.23667979,0.07759235,-0.35731733,-0.6432019
6629-CZTTH,0.56474423,Protection and support,Price and plan fit,0.15206979,-0.23202455,-0.10864129,0.15206979,-0.039065808,0.11633291
8838-GPHZP,-1.4826958,Protection and support,Billing and payment,0.082061544,-0.4961617,-0.16671413,0.082061544,-0.23941167,-0.48722887
8750-QWZAJ,-1.4402171,Protection and support,Engagement and bundling,0.06468022,-0.47288036,-0.23846628,0.06468022,-0.22472152,-0.48038512
5364-EVNIB,0.60567856,Billing and payment,Service quality,0.384754,0.3476985,0.384754,0.10033129,-0.17944397,0.0187689
6918-UMQCG,0.60920256,Service quality,Protection and support,0.30622843,0.30622843,-0.06741952,0.12200555,-0.048874155,-0.0658776
0675-NCDYU,-1.5407134,Price and plan fit,Service quality,0.27616292,0.1735519,-0.07279307,-0.40823475,0.06901854,0.27616292
6339-DKLMK,0.52668124,Billing and payment,Protection and support,0.41830546,-0.32430083,0.41830546,0.11361187,0.03984019,-0.038746722
1346-PJWTK,0.4587743,Service quality,Engagement and bundling,0.26213613,0.26213613,-0.30797952,-0.13660021,-0.0552942,-0.056569457
5088-QZLRL,0.58520925,Protection and support,Price and plan fit,0.08593978,-0.724313,-0.025615066,0.08593978,-0.17099372,0.04836698
8023-QHAIO,0.5362875,Service quality,Engagement and bundling,0.2650416,0.2650416,-0.15092592,-0.10567253,-0.09778277,-0.23354757
4397-FRLTA,0.5466993,Protection and support,Engagement and bundling,0.08358792,-0.8971058,-0.33918008,0.08358792,-0.22761239,-0.56671256
3057-VJJQE,-1.4772036,No actionable lever,Engagement and bundling,-0.13795426,-0.18227626,-0.33046368,-0.13795426,-0.14954022,-0.22476858
5087-SUURX,0.5095007,Billing and payment,Engagement and bundling,0.4418158,-0.2921546,0.4418158,0.15139148,0.18095298,-0.02431221
2302-OUZXB,-1.5449024,Engagement and bundling,Protection and support,0.20229506,-0.14879337,-0.31846684,0.14217101,0.20229506,-0.30102113
8133-ANHHJ,-0.5042607,Price and plan fit,Service quality,0.36102453,0.19082296,-0.22318386,-0.3097832,0.19053128,0.36102453
2270-CHBFN,0.51292086,Service quality,Price and plan fit,0.27727103,0.27727103,-0.12753008,-0.39660114,-0.0945184,-0.07825074
0013-EXCHZ,0.6466821,Service quality,Price and plan fit,0.30508447,0.30508447,-0.09916405,-0.06648702,-0.09252251,0.10275324
5982-FPVQN,0.49233177,Billing and payment,Service quality,0.34063596,0.29760075,0.34063596,0.096602544,0.045646016,0.028080449
9107-UKCKY,-0.55915517,Billing and payment,Engagement and bundling,0.33598378,-0.20078947,0.33598378,0.10814402,0.28162026,-0.16500309
4654-ULTTN,-1.4764459,Engagement and bundling,Billing and payment,0.1067268,-0.17521471,-0.10212402,-0.3163244,0.1067268,-0.36761066
5550-VFRLC,0.6495074,Billing and payment,Service quality,0.29883707,0.28921586,0.29883707,0.14145885,-0.1583524,0.23228085
5546-BYZSM,0.43798327,Protection and support,Billing and payment,0.06105545,-0.82726955,-0.0038884212,0.06105545,-0.18467529,-0.47600234
1492-KGETH,-0.4488034,Engagement and bundling,Price and plan fit,0.18436138,-0.18565537,-0.22898318,-0.30627254,0.18436138,-0.15815295
4929-BSTRX,0.6048677,Protection and support,Price and plan fit,0.14125217,-0.23412248,-0.124584496,0.14125217,-0.0631735,0.13057178
4163-HFTUK,-0.7311721,Billing and payment,Protection and support,0.10562751,-0.60518575,0.10562751,0.06356778,-0.3386659,-1.050516
8215-NGSPE,-1.4777979,Protection and support,Engagement and bundling,0.06194052,-0.49996856,-0.30298766,0.06194052,-0.20789334,-0.47097936
2225-ZRGSG,-1.4887259,Service quality,Price and plan fit,0.17808902,0.17808902,-0.2661246,-0.30718014,-0.10838553,0.12472316
8859-YSTWS,-0.7343874,Protection and support,Billing and payment,0.07619683,-0.56176406,-0.20982562,0.07619683,-0.37931225,-0.69203556
5271-YNWVR,-1.4037397,Price and plan fit,Billing and payment,0.30368108,0.2008622,0.25208285,-0.37858993,0.07660935,0.30368108
7601-DHFWZ,-1.4436166,Protection and support,Engagement and bundling,0.0737917,-0.53387094,-0.23447222,0.0737917,-0.098192744,-0.5168242
2657-ALMWY,0.5233741,Service quality,Protection and support,0.31235662,0.31235662,-0.01682327,0.0832583,-0.09624727,0.00506201
6330-JKLPC,0.62441885,Service quality,Protection and support,0.3564335,0.3564335,-0.10347229,0.106960446,-0.06400148,0.02616544
4667-OHGKG,0.6182486,Protection and support,Billing and payment,0.089583196,-0.6560085,-0.09471275,0.089583196,-0.16671546,-0.23065338
1998-VHJHK,-0.6897686,Protection and support,Engagement and bundling,0.061797973,-0.5470301,-0.338333,0.061797973,-0.31637457,-0.9123873
1707-HABPF,-0.86690295,Service quality,Protection and support,0.21774358,0.21774358,-0.10504073,0.11017024,-0.18158296,-0.09959035
1660-HSOOQ,0.60474694,Protection and support,Price and plan fit,0.13881214,-0.23202455,-0.11921224,0.13881214,-0.16443354,0.11374207
7253-UVNDW,-1.4583466,No actionable lever,Price and plan fit,-0.04768755,-0.17680171,-0.24518068,-0.04768755,-0.19187179,-0.120964676
0487-VVUVK,0.48579943,Protection and support,Billing and payment,0.07827654,-0.7892992,-0.16755746,0.07827654,-0.18726379,-0.7914048
7228-OMTPN,0.60599184,Service quality,Billing and payment,0.32105386,0.32105386,0.3025918,0.16438158,0.030605681,0.13081372
5063-IUOKK,-1.5274886,Protection and support,Engagement and bundling,0.06824264,-0.5810975,-0.33287504,0.06824264,-0.2612662,-0.7058985
4508-OEBEY,-0.47217643,Engagement and bundling,Billing and payment,0.026967881,-0.21247342,-0.07454437,-0.32780993,0.026967881,-0.2131599
0027-KWYKW,0.5666661,Billing and payment,Service quality,0.39747697,0.32948363,0.39747697,0.13783258,0.05564817,-0.1680335
2308-STERM,0.54100287,Protection and support,Engagement and bundling,0.07077266,-0.8172635,-0.34347463,0.07077266,-0.20958735,-0.34584156
5982-XMDEX,-1.4408666,Protection and support,Engagement and bundling,0.07143004,-0.49536607,-0.25959948,0.07143004,-0.17660606,-0.5065187
6284-AHOOQ,0.5696039,Service quality,Engagement and bundling,0.30711502,0.30711502,-0.12890066,-0.09144956,0.04710259,-0.11789407
6051-PTVNS,-0.66184944,Protection and support,Engagement and bundling,0.057554048,-0.54201615,-0.30426478,0.057554048,-0.29949832,-0.9495361
2344-JMOGN,0.58286256,Service quality,Price and plan fit,0.35378626,0.35378626,-0.10717677,-0.10044837,-0.08266976,0.20652288
3799-ISUZQ,0.63165,Service quality,Protection and support,0.3647032,0.3647032,-0.09085137,0.14363335,-0.20961754,-0.14722581
2877-VDUER,-0.7100007,No actionable lever,Price and plan fit,-0.07939081,-0.19004095,-0.2659862,-0.11933991,-0.07939081,-0.09901637
9152-AMKAK,-1.7036213,Engagement and bundling,Billing and payment,0.05534849,-0.21624885,-0.110557675,-0.28788078,0.05534849,-0.14658757
1794-HBQTJ,0.59449816,Price and plan fit,Billing and payment,0.10950123,-0.24444328,-0.10588114,-0.18156737,-0.16010773,0.10950123
9432-VOFYX,0.5722813,Billing and payment,Service quality,0.37778187,0.31166732,0.37778187,0.12808402,-0.183816,0.060917597
8049-WJCLQ,0.5084151,Protection and support,Engagement and bundling,0.12722996,-0.37646466,-0.43323076,0.12722996,-0.060775533,-0.13054271
6586-PSJOX,-0.7264857,No actionable lever,Price and plan fit,-0.046390884,-0.21892408,-0.2881881,-0.046390884,-0.3322046,-0.15274219
2460-FPSYH,0.44877544,Billing and payment,Engagement and bundling,0.344129,-0.29527295,0.344129,-0.19530614,0.31680554,-0.123009875
9705-ZJBCG,-0.729852,Price and plan fit,Protection and support,0.036615513,-0.24066788,-0.29358876,-0.22087757,-0.2876616,0.036615513
4818-DRBQT,0.57039917,Service quality,Protection and support,0.3233209,0.3233209,-0.102389775,0.11610415,-0.100146644,-0.09725095
1320-HTRDR,0.63388467,Billing and payment,Service quality,0.34835488,0.29199892,0.34835488,0.13843033,-0.05175267,-0.013987921
6847-KJLTS,0.44274294,Service quality,Engagement and bundling,0.2734918,0.2734918,-0.11950764,-0.09219637,0.21158838,0.032425255
9670-BPNXF,-0.69454247,No actionable lever,Billing and payment,-0.059985194,-0.20399094,-0.087007195,-0.3219025,-0.287366,-0.059985194
3913-FCUUW,-1.4810417,No actionable lever,Billing and payment,-0.096212104,-0.16101393,-0.1489005,-0.39545417,-0.096212104,-0.30211246
3301-VKTGC,-0.8263661,Service quality,Billing and payment,0.20151034,0.20151034,-0.114947826,-0.19943167,-0.26627478,-0.23511824
1493-AMTIE,0.61820126,Protection and support,Price and plan fit,0.09607553,-0.6686227,-0.0802318,0.09607553,-0.16853754,0.018581375
9555-SAHUZ,0.46251532,Billing and payment,Price and plan fit,0.016079701,-0.39557815,0.016079701,-0.1763791,-0.15217556,-0.0006504357
0816-TSPHQ,0.5728837,Protection and support,Engagement and bundling,0.0858991,-0.8662355,-0.3457427,0.0858991,-0.22078565,-0.5585589
9932-WBWIK,0.4965714,Protection and support,Engagement and bundling,0.07358621,-0.84477675,-0.38334545,0.07358621,-0.1846035,-0.23737538
4619-EVPHY,-0.6609332,Service quality,Engagement and bundling,0.24108088,0.24108088,-0.0762915,0.13396382,0.20293346,-0.09335202
5286-YHCVC,-1.5336862,Price and plan fit,Engagement and bundling,0.31885478,0.1826662,-0.096162654,0.13953085,0.21910647,0.31885478
6424-ELEYH,0.6468026,Service quality,Protection and support,0.299864,0.299864,-0.086885415,0.1364249,-0.03369132,0.015350312
4391-RESHN,0.41920328,Price and plan fit,Service quality,0.42288417,0.32881027,-0.14850533,-0.064874776,0.25993383,0.42288417
9115-YQHGA,0.48183882,Billing and payment,Protection and support,0.34139866,-0.32320765,0.34139866,-0.081221625,-0.20814893,-0.25125587
4462-CYWMH,0.5114671,Service quality,Protection and support,0.26627842,0.26627842,-0.124996506,0.1337667,0.0731145,-0.22690995
8963-MQVYN,0.49893242,Billing and payment,Protection and support,0.33484915,-0.9230019,0.33484915,0.08455206,-0.2247553,-0.6241444
2458-EOMRE,0.46176097,No actionable lever,Price and plan fit,-0.074831024,-0.39586475,-0.31235224,-0.17420861,-0.074831024,-0.16615458
9334-GWGOW,0.6117179,Service quality,Billing and payment,0.35386965,0.35386965,0.35097313,0.13017926,-0.06516743,-0.03584114
6821-BUXUX,0.5644524,Billing and payment,Service quality,0.37252566,0.332776,0.37252566,-0.18938862,0.06738751,0.17264846
5028-HTLJB,0.6066471,Protection and support,Price and plan fit,0.08526681,-0.6520673,-0.29006046,0.08526681,-0.1699419,0.084061496
9801-GDWGV,0.45465383,Billing and payment,Service quality,0.3386696,0.30357435,0.3386696,0.079383135,0.1806748,0.12770511
6542-LWGXJ,0.6109426,Protection and support,Engagement and bundling,0.13840228,-0.22390145,-0.37285072,0.13840228,-0.020442024,-0.27213943
5567-GZKQY,-1.4125854,Protection and support,Engagement and bundling,0.07004078,-0.48638433,-0.28022715,0.07004078,-0.21541086,-0.41462106
1222-LRYKO,0.49179488,Protection and support,Engagement and bundling,0.07906013,-0.8969152,-0.3488114,0.07906013,-0.020473454,-0.16910084
2320-JRSDE,0.60755974,Billing and payment,Protection and support,0.2982413,-0.7162154,0.2982413,0.0947735,-0.14942212,0.06393912
2087-QAREY,0.50113165,Protection and support,Price and plan fit,0.10763945,-0.33581653,-0.15165325,0.10763945,-0.18432164,0.01661162
0601-WZHJF,0.47022963,Engagement and bundling,Protection and support,0.28316814,-0.34535918,-0.009182792,0.14204267,0.28316814,-0.08859555
4423-JWZJN,-0.6134708,Service quality,Engagement and bundling,0.20273033,0.20273033,-0.3095917,0.14240788,0.14945012,-0.24816796
5143-WMWOG,0.5826758,Protection and support,Price and plan fit,0.08593978,-0.7177478,-0.029563338,0.08593978,-0.17099372,0.0737568
6490-FGZAT,0.47896975,Protection and support,Engagement and bundling,0.0755043,-0.94268954,-0.4071586,0.0755043,-0.19088061,-0.6235315
5393-RXQSZ,0.60968375,Service quality,Price and plan fit,0.29057318,0.29057318,-0.03582976,0.13936055,-0.076137826,0.25774664
7452-FOLON,-0.7111387,Protection and support,Engagement and bundling,0.0711541,-0.53983885,-0.22838396,0.0711541,-0.2250693,-0.2536954
2320-TZRRH,-0.7379049,Protection and support,Billing and payment,0.068867646,-0.5989367,-0.32734278,0.068867646,-0.37166238,-0.6333623
0231-LXVAP,0.64094585,Billing and payment,Service quality,0.30625337,0.28785554,0.30625337,-0.19481172,-0.15350945,0.19009845
9444-JTXHZ,0.6299271,Service quality,Price and plan fit,0.2905257,0.2905257,-0.009223857,0.13180065,-0.16607462,0.24635047
4942-VZZOM,-0.68747973,No actionable lever,Billing and payment,-0.086970046,-0.19273335,-0.11361138,-0.16304186,-0.086970046,-0.22804259
5510-BOIUJ,0.5958921,Protection and support,Engagement and bundling,0.08021239,-0.65420365,-0.3523337,0.08021239,-0.15214139,-0.38471904
7502-BNYGS,0.45055327,Protection and support,Engagement and bundling,0.11455971,-0.30347854,-0.1091964,0.11455971,0.0905904,-0.03865365
4291-HYEBC,-0.61591554,Billing and payment,Engagement and bundling,0.272002,-0.19150962,0.272002,0.10069846,0.23334628,0.07075131
6147-CBCRA,0.48536617,Protection and support,Engagement and bundling,0.075324416,-0.8134503,-0.35944724,0.075324416,-0.21667334,-0.52195483
6047-SUHPR,-0.69050235,Billing and payment,Price and plan fit,0.102443,-0.28716862,0.102443,-0.14508387,-0.25158948,-0.04554013
4471-KXAUH,0.546622,Billing and payment,Service quality,0.34603864,0.3127319,0.34603864,-0.08730494,-0.058919698,-0.1969009
9752-ZNQUT,0.59551626,Billing and payment,Price and plan fit,0.3171963,-0.23664436,0.3171963,0.10298434,-0.15797146,0.11974216
7638-QVMVY,0.62258893,Billing and payment,Service quality,0.37597668,0.3607557,0.37597668,0.13044596,-0.046192937,-0.0016629174
1576-PFZIW,-1.2809005,Price and plan fit,Service quality,0.6360534,0.17437652,-0.22690378,-0.16582926,0.103379115,0.6360534
5666-MBJPT,-1.4752758,Protection and support,Billing and payment,0.09855376,-0.5111283,-0.08431459,0.09855376,-0.14721932,-0.58955544
7312-XSBAT,0.56418747,Price and plan fit,Billing and payment,0.114889175,-0.24434054,0.029363595,-0.1513662,-0.16182639,0.114889175
3096-GKWEB,0.514669,Billing and payment,Service quality,0.37279415,0.31478652,0.37279415,0.14469707,0.19605044,0.0691638
2371-JQHZZ,0.5382956,Billing and payment,Service quality,0.3624762,0.33703452,0.3624762,0.14978631,0.202661,-0.004747115
0674-GCDXG,-1.4757534,Engagement and bundling,Billing and payment,0.07280147,-0.16975203,-0.12199152,-0.3106757,0.07280147,-0.26792884
1121-QSIVB,-0.5040339,Engagement and bundling,Protection and support,0.30986157,-0.20093529,-0.08717625,0.11452574,0.30986157,-0.17892817
4396-KLSEH,0.51741004,Billing and payment,Protection and support,0.3479934,-0.95897263,0.3479934,0.08291656,-0.19043484,-0.4812767
3244-DCJWY,0.651912,Billing and payment,Service quality,0.31706858,0.29167905,0.31706858,0.14280373,-0.1583524,0.21209624
2824-MYYBN,0.48901072,Billing and payment,Service quality,0.3529834,0.32262632,0.3529834,0.15716486,0.16499099,-0.09211761
0875-CABNR,0.5917663,Service quality,Protection and support,0.3534973,0.3534973,-0.08911971,0.13207036,-0.06335382,0.102073394
6345-HOVES,0.536837,Protection and support,Engagement and bundling,0.13257481,-0.3021155,-0.1418942,0.13257481,0.0229211,-0.07315406
8318-LCNBW,-0.47956097,Engagement and bundling,Protection and support,0.42897272,-0.19358088,-0.27207476,-0.10416577,0.42897272,-0.2348031
6469-QJKZW,0.5209604,Protection and support,Billing and payment,0.064479806,-0.9314018,-0.03402269,0.064479806,-0.21818341,-0.4987869
0147-ESWWR,0.46662933,Billing and payment,Service quality,0.31824648,0.28757977,0.31824648,-0.0643414,0.19238897,0.21915653
1217-VASWC,-0.54635143,Price and plan fit,Service quality,0.22398472,0.2169585,-0.07088155,0.094894424,0.2116745,0.22398472
7812-FZHPE,0.49234498,Protection and support,Price and plan fit,0.08421393,-0.7996956,-0.3820363,0.08421393,-0.07228251,-0.04128337
6370-ZVHDV,-1.4390378,Protection and support,Engagement and bundling,0.075958334,-0.50508726,-0.261772,0.075958334,-0.17000702,-0.61295474
5915-DGNVC,-0.5159374,Engagement and bundling,Billing and payment,0.06716184,-0.20526105,0.061550625,-0.1741375,0.06716184,-0.17706977
6260-XLACS,-0.7382471,Protection and support,Billing and payment,0.064055,-0.58286244,-0.28469697,0.064055,-0.34372777,-0.30749837
3566-CAAYU,-1.4612864,Billing and payment,Engagement and bundling,0.14454488,-0.15309362,0.14454488,-0.22011441,0.028977603,-0.17722778
4983-CCWMC,0.6454742,Service quality,Protection and support,0.29340547,0.29340547,-0.11465531,0.13582855,-0.17615339,0.05778496
9103-CXVOK,0.5842936,Protection and support,Price and plan fit,0.08626216,-0.7166661,-0.035660505,0.08626216,-0.15281878,0.067167245
2896-TBNBE,-0.8238503,Service quality,Protection and support,0.2395542,0.2395542,0.09046931,0.092590235,-0.29064965,-0.11916618
4797-AXPXK,0.5772648,Billing and payment,Price and plan fit,0.27586168,-0.3094616,0.27586168,-0.48561865,-0.1247554,0.14483988
5229-PRWKT,0.59477186,Service quality,Billing and payment,0.35909373,0.35909373,0.35311556,0.13779216,0.047675546,0.0042685866
6982-UQZLY,0.62019736,Price and plan fit,Protection and support,0.10543123,-0.658604,-0.086829595,0.097369194,-0.16759652,0.10543123
2522-WLNSF,-0.7006972,No actionable lever,Price and plan fit,-0.065177254,-0.26167372,-0.23398815,-0.065177254,-0.16677646,-0.10984887
3841-CONLJ,0.564152,Protection and support,Engagement and bundling,0.14918302,-0.21990612,-0.013589346,0.14918302,0.1479676,0.10561594
5057-LCOUI,0.46886566,Billing and payment,Engagement and bundling,0.33677763,-0.37290466,0.33677763,0.17574985,0.30179685,-0.18673319
0193-ESZXP,-0.4892243,Price and plan fit,Service quality,0.401236,0.20158878,-0.07326824,-0.33665335,0.17450528,0.401236
4475-NVTLU,-1.3803155,Billing and payment,Protection and support,0.16945715,-0.574878,0.16945715,0.06953594,-0.21170123,-1.1490018
4369-HTUIF,0.63170165,Service quality,Price and plan fit,0.338956,0.338956,-0.115742505,-0.16481118,-0.05164507,0.18362656
9386-LDCZR,-0.8300618,Service quality,Billing and payment,0.21085142,0.21085142,-0.0936021,-0.3072304,-0.3164677,-0.16117407
9585-KKMFD,-1.5170953,Protection and support,Billing and payment,0.082006834,-0.5439787,-0.1457857,0.082006834,-0.25200465,-0.770435
5399-ZIMKF,0.63077104,Billing and payment,Service quality,0.32342613,0.31475532,0.32342613,0.10039244,-0.21939312,-0.06382399
0336-KXKFK,-1.5228248,Engagement and bundling,Billing and payment,0.18102986,-0.14937344,-0.14366332,-0.4275599,0.18102986,-0.26437205
5619-XZZKR,-0.7484666,Protection and support,Engagement and bundling,0.06938248,-0.63251764,-0.32682028,0.06938248,-0.31689113,-0.5573648
3948-FVVRP,0.5043184,No actionable lever,Protection and support,-0.06961652,-0.35891056,-0.38292098,-0.074952066,-0.1488408,-0.06961652
5327-XOKKY,-1.5297673,Engagement and bundling,Protection and support,0.2100764,-0.13326037,-0.124263555,0.19944923,0.2100764,-0.29513985
0983-TATYJ,-0.7152577,No actionable lever,Billing and payment,-0.0595327,-0.20209333,-0.12771809,-0.0595327,-0.34541515,-0.2637754
1813-JYWTO,-1.6258166,Service quality,Engagement and bundling,0.15622336,0.15622336,-0.32716885,-0.16216888,-0.15199192,-0.26999325
0156-FVPTA,0.4813492,Billing and payment,Price and plan fit,0.35641697,-0.35557815,0.35641697,-0.306903,-0.18011469,0.022638809
1984-FCOWB,-0.56546724,Price and plan fit,Billing and payment,0.4299496,0.22241504,0.26777273,-0.123001695,0.23454325,0.4299496
0654-HMSHN,0.45907035,Service quality,Price and plan fit,0.30958828,0.30958828,-0.05590319,0.060933366,0.17503448,0.22003683
6719-OXYBR,0.56314886,Service quality,Protection and support,0.31501502,0.31501502,-0.04893645,0.12121426,-0.03531164,-0.14050584
3312-ZWLGF,0.55187994,Billing and payment,Service quality,0.3246237,0.31340986,0.3246237,-0.067874886,-0.034359932,-0.11924636
6476-YHMGA,0.45290565,Engagement and bundling,Price and plan fit,0.025729807,-0.35423696,-0.31947762,-0.1253045,0.025729807,-0.013621919
5287-QWLKY,0.44191405,Service quality,Price and plan fit,0.25642806,0.25642806,-0.099342294,-0.24622926,0.18034342,0.22540933
0795-XCCTE,-1.4327327,Protection and support,Engagement and bundling,0.11358548,-0.4495973,-0.27532125,0.11358548,-0.18206246,-0.51828074
0168-XZKBB,0.5696352,Billing and payment,Service quality,0.41792238,0.3160022,0.41792238,0.13588987,0.06714165,-0.11786078
3785-NRHYR,0.60684955,Protection and support,Price and plan fit,0.087211706,-0.6557077,-0.32259062,0.087211706,-0.1699419,0.054831333
5196-SGOAK,0.65312886,Billing and payment,Service quality,0.3104282,0.2918635,0.3104282,0.10872996,-0.15243274,0.22132368
4537-DKTAL,0.5558371,Protection and support,Price and plan fit,0.11644629,-0.22096735,-0.05503019,0.11644629,-0.17186823,-0.02884698
7072-MBHEV,0.6232519,Service quality,Protection and support,0.3484263,0.3484263,-0.119606085,0.12889609,-0.060302284,0.048057385
5602-BVFMK,-0.7316551,Protection and support,Engagement and bundling,0.058459174,-0.5717752,-0.33987898,0.058459174,-0.31393275,-0.64647967
6297-NOOPG,-1.4026849,Price and plan fit,Billing and payment,0.42328107,0.20745286,0.27354917,-0.12950069,0.13729829,0.42328107
1891-UAWWU,0.5436469,Service quality,Protection and support,0.3121197,0.3121197,0.023700539,0.14049862,0.10611864,-0.068669364
8204-TIFGJ,0.5003275,Protection and support,Billing and payment,0.08560904,-0.8147152,-0.098117135,0.08560904,-0.21626078,-0.4093872
8050-DVOJX,-1.4766613,Engagement and bundling,Service quality,0.08093637,-0.15662925,-0.1995634,-0.31461722,0.08093637,-0.26717147
6108-OQZDQ,0.57645476,Price and plan fit,Service quality,0.31085357,0.30986607,0.30261382,0.07207554,0.14875652,0.31085357
0363-QJVFX,0.39412722,Service quality,Price and plan fit,0.28990427,0.28990427,-0.10923047,-0.35740125,0.14411616,0.2669181
8903-XEBGX,0.55885303,Billing and payment,Protection and support,0.322505,-0.22941397,0.322505,0.14043894,-0.054477654,0.034476444
8169-SAEJD,-1.4750217,Engagement and bundling,Protection and support,0.33668002,-0.1395848,-0.25670892,-0.11427132,0.33668002,-0.3144707
9840-DVNDC,0.63989186,Service quality,Protection and support,0.35222462,0.35222462,-0.07635901,0.1325916,-0.06302454,0.008115396
1089-XZWHH,-1.5333443,Protection and support,Billing and payment,0.091130175,-0.5704327,-0.13547117,0.091130175,-0.26396844,-0.7902165
2325-WINES,-0.55426145,Price and plan fit,Engagement and bundling,0.43701702,0.23370022,-0.053234044,0.0957108,0.34631076,0.43701702
6064-ZATLR,-1.4649832,No actionable lever,Engagement and bundling,-0.18443067,-0.25896555,-0.26964355,-0.18443067,-0.23714055,-0.41815227
3096-JRDSO,0.4098359,Price and plan fit,Service quality,0.40447488,0.2937852,-0.121927604,-0.2806557,0.20927629,0.40447488
7824-PANSQ,0.5340274,Service quality,Engagement and bundling,0.27586415,0.27586415,-0.32364404,-0.08878238,-0.068445265,-0.17867188
8042-JVNFH,0.66483307,Service quality,Price and plan fit,0.29532695,0.29532695,-0.11446968,0.14443472,-0.15964712,0.21071595
9648-BCHKM,-1.5325865,Protection and support,Engagement and bundling,0.094250314,-0.5660574,-0.07085194,0.094250314,-0.056873947,-0.57072985
2888-ADFAO,-1.4878006,Protection and support,Billing and payment,0.08497883,-0.54814506,-0.059462525,0.08497883,-0.2517014,-0.60503477
8707-HOEDG,-1.3457017,Price and plan fit,Billing and payment,0.46959844,0.20657834,0.26692393,-0.14033237,0.12023181,0.46959844
3374-LXDEV,0.586828,Service quality,Price and plan fit,0.337156,0.337156,-0.03048753,-0.107668646,-0.047354147,0.10190045
4072-IPYLT,0.47967374,No actionable lever,Protection and support,-0.12139689,-0.30889234,-0.2998436,-0.1563796,-0.17278373,-0.12139689
7167-PCEYD,-1.4801457,Protection and support,Billing and payment,0.07944273,-0.49056542,-0.16939308,0.07944273,-0.25910488,-0.52412844
4936-YPJNK,0.52203107,Protection and support,Billing and payment,0.083051406,-0.88116586,-0.15185766,0.083051406,-0.18380599,-0.15318151
1580-BMCMR,0.5356761,Billing and payment,Service quality,0.33155748,0.29208383,0.33155748,-0.1493186,-0.093708366,-0.006328881
4817-KEQSP,-1.3495041,Protection and support,Engagement and bundling,0.10111497,-0.48834863,-0.29988343,0.10111497,-0.20816383,-0.5581732
6408-WHTEF,-1.5596799,Engagement and bundling,Service quality,0.078815624,-0.1663203,-0.18867831,-0.4355804,0.078815624,-0.22799844
9251-AWQGT,-1.4565716,Protection and support,Engagement and bundling,0.06959402,-0.49555793,-0.29390147,0.06959402,-0.20141155,-0.4874639
8749-CLJXC,0.60684955,Protection and support,Price and plan fit,0.0874657,-0.6549561,-0.32259062,0.0874657,-0.1699419,0.0653135
7989-VCQOH,0.43834317,Billing and payment,Engagement and bundling,0.07516071,-0.3171363,0.07516071,-0.31086496,0.0016593635,-0.16126886
5049-GLYVG,0.6093829,Protection and support,Price and plan fit,0.0874657,-0.6615213,-0.31864235,0.0874657,-0.1699419,0.039923683
4199-QHJNM,-1.4705788,Price and plan fit,Engagement and bundling,0.2706093,0.18203664,-0.26977617,-0.11238436,0.2494221,0.2706093
8882-TLVRW,-1.470506,No actionable lever,Engagement and bundling,-0.1562095,-0.1562095,-0.31652138,-0.32436574,-0.15962589,-0.32085523
5883-GTGVD,0.4960986,Billing and payment,Service quality,0.35139388,0.32002854,0.35139388,0.077603236,0.21341646,0.20392182
5135-GRQJV,-1.5250392,Price and plan fit,Service quality,0.1888354,0.1526824,-0.13499315,-0.40283334,0.10745777,0.1888354
2384-OVPSA,-1.4300358,Protection and support,Engagement and bundling,0.06296868,-0.48036015,-0.2985345,0.06296868,-0.21172167,-0.46847153
1371-WEPDS,-0.5422835,Protection and support,Billing and payment,0.11835951,-0.19120145,0.057736117,0.11835951,-0.010079905,-0.19641645
3580-GICBM,-1.4849628,Protection and support,Engagement and bundling,0.0877853,-0.49574745,-0.17057334,0.0877853,-0.16336147,-0.5353002
4817-QRJSX,0.63195723,Service quality,Protection and support,0.35877687,0.35877687,-0.10033833,0.10801374,-0.06335976,0.0726962
9730-DRTMJ,-0.6869127,No actionable lever,Billing and payment,-0.015723407,-0.2902546,-0.10115446,-0.2877247,-0.105249815,-0.015723407
4686-UXDML,0.4985291,Service quality,Engagement and bundling,0.32223833,0.32223833,-0.079646334,0.100191556,0.18039234,0.09747286
3349-ANQNH,-0.6111479,Billing and payment,Engagement and bundling,0.339311,0.21800615,0.339311,0.1735857,0.28568718,0.17255501
2398-YPMUR,0.6081711,Billing and payment,Service quality,0.3457497,0.34199944,0.3457497,0.12811293,-0.18760584,0.014312662
0932-YIXYU,-1.4377449,Protection and support,Billing and payment,0.07271696,-0.5121461,-0.23404555,0.07271696,-0.25709724,-0.69060576
7480-SPLEF,-1.4794093,Protection and support,Billing and payment,0.08463426,-0.5065324,-0.10195864,0.08463426,-0.16542082,-0.46442622
7636-XUHWW,0.5475409,Protection and support,Billing and payment,0.08446106,-0.86622775,-0.095389664,0.08446106,-0.17906584,-0.52774614
1431-CYWMH,0.4834232,Protection and support,Engagement and bundling,0.07444762,-0.8064451,-0.30911946,0.07444762,-0.21793452,-0.9369069
5937-EORGB,0.54117244,Billing and payment,Service quality,0.3677443,0.30377594,0.3677443,-0.15100257,0.071940124,0.06912103
6349-JDHQP,-1.4398493,Protection and support,Engagement and bundling,0.06554906,-0.4830234,-0.2487289,0.06554906,-0.2176783,-0.40178132
5539-HIVAK,0.48705292,Protection and support,Engagement and bundling,0.077836186,-0.8073379,-0.32325014,0.077836186,-0.0935224,-0.34279048
5847-MXBEO,-0.7360389,Protection and support,Billing and payment,0.07692523,-0.6105434,-0.32232425,0.07692523,-0.3732665,-0.72302306
9985-MWVIX,0.6664729,Service quality,Price and plan fit,0.29450238,0.29450238,-0.11263803,0.14277521,-0.15730058,0.2160072
4583-PARNH,0.54838824,Service quality,Billing and payment,0.3099551,0.3099551,0.30268896,-0.07011643,-0.1151972,-0.12557612
1116-FRYVH,-1.4796064,No actionable lever,Service quality,-0.12834275,-0.16612896,-0.2577082,-0.34993455,-0.12834275,-0.43552667
1421-HCERK,0.44130182,Price and plan fit,Service quality,0.37764108,0.28037935,-0.14358124,-0.3513385,-0.0090234745,0.37764108
9633-XQABV,0.63365644,Billing and payment,Service quality,0.32511982,0.29885033,0.32511982,0.15012516,-0.21987928,-0.12467366
0716-BQNDX,-1.4488748,Service quality,Billing and payment,0.17366593,0.17366593,0.15026483,-0.31097347,0.0777968,-0.1252066
1265-XTECC,-0.5743992,Service quality,Price and plan fit,0.18907122,0.18907122,-0.06588399,-0.19328862,0.12518127,0.14633325
1183-CANVH,-0.6921683,No actionable lever,Engagement and bundling,-0.065408796,-0.2829672,-0.3061863,-0.065408796,-0.17418215,-0.1962322
1972-XMUWV,-1.4599459,No actionable lever,Protection and support,-0.064792715,-0.17804164,-0.1072842,-0.078134514,-0.064792715,-0.31338915
8679-LZBMD,-0.63319844,Service quality,Engagement and bundling,0.24524494,0.24524494,-0.07114979,0.14645286,0.21792638,-0.13494587
3407-JMJQQ,-1.3332462,Price and plan fit,Service quality,0.6082128,0.17319769,-0.07869356,-0.2515055,0.12732095,0.6082128
6252-DFGTK,-0.6985816,No actionable lever,Engagement and bundling,-0.07998977,-0.27243665,-0.26061308,-0.24781737,-0.23643897,-0.07998977
1539-LNKHM,0.50190765,Protection and support,Engagement and bundling,0.08118416,-0.880123,-0.37001115,0.08118416,-0.23058924,-0.55491596
8645-KOMJQ,-1.5292891,Engagement and bundling,Billing and payment,0.16771087,-0.18145224,-0.091262564,-0.13964947,0.16771087,-0.22520526
0289-IVARM,0.4510157,No actionable lever,Engagement and bundling,-0.018657781,-0.38968274,-0.018657781,-0.19824275,-0.17420769,-0.25242114
9761-XUJWD,0.51252526,No actionable lever,Billing and payment,-0.06484613,-0.329156,-0.072555184,-0.10848515,-0.06484613,-0.12878561
4057-FKCZK,-1.6289897,Service quality,Protection and support,0.20927913,0.20927913,-0.30435073,0.13147317,0.0090000145,-0.20907626
4291-TPNFG,-1.534723,Engagement and bundling,Billing and payment,0.047786098,-0.15572388,-0.14024393,-0.42560166,0.047786098,-0.283942
6087-YPWHO,-1.4527006,No actionable lever,Service quality,-0.1441246,-0.14571472,-0.3443482,-0.35755065,-0.1441246,-0.34044263
3090-QFUVD,0.6061374,Protection and support,Price and plan fit,0.08182501,-0.67359996,-0.32158178,0.08182501,-0.16629866,0.008970067
2237-ZFSMY,-0.7607308,Billing and payment,Service quality,0.41166025,0.22040823,0.41166025,-0.25043428,-0.106826425,0.08475356
1722-LDZJS,-0.73250765,Protection and support,Billing and payment,0.065950766,-0.51432586,-0.25083768,0.065950766,-0.3178779,-0.39642712
1818-ESQMW,0.53325784,Billing and payment,Service quality,0.31888807,0.31860277,0.31888807,-0.09567924,-0.07181422,-0.0017459337
4871-JTKJF,0.6495074,Billing and payment,Service quality,0.29883707,0.28921586,0.29883707,0.14145885,-0.1583524,0.23228085
1415-YFWLT,0.6251455,Price and plan fit,Service quality,0.35240686,0.29566896,0.2823525,0.15340187,0.035150234,0.35240686
7401-RUBNK,0.5390044,Service quality,Billing and payment,0.3034256,0.3034256,0.037788335,-0.18951987,-0.22977935,-0.2894722
0506-YLVKJ,-1.4896489,Protection and support,Billing and payment,0.08007033,-0.5097648,-0.14408058,0.08007033,-0.21713349,-0.5146449
8661-BOYNW,-1.534332,Engagement and bundling,Billing and payment,0.1363128,-0.16810198,-0.14248534,-0.36687374,0.1363128,-0.16608354
6711-VTNRE,0.52646905,Billing and payment,Service quality,0.34133804,0.29905638,0.34133804,-0.083695754,-0.07248469,-0.06382919
4815-GBTCD,0.6006569,Billing and payment,Protection and support,0.35755903,-0.25725198,0.35755903,0.14024307,0.03905408,-0.051210284
2805-AUFQN,-1.415656,Protection and support,Engagement and bundling,0.065279126,-0.49487898,-0.32049754,0.065279126,-0.21327959,-0.5469083
0980-PVMRC,0.46948275,Billing and payment,Engagement and bundling,0.31708422,-0.37674317,0.31708422,0.11311305,0.26474544,-0.014219921
7233-DRTRF,0.46194214,Billing and payment,Service quality,0.356582,0.27997488,0.356582,0.0997808,0.19042727,0.08042893
3500-RMZLT,0.51158154,Service quality,Price and plan fit,0.30285588,0.30285588,-0.13685386,-0.2869242,-0.041487306,0.19067803
3873-NFTGI,0.51479214,Protection and support,Price and plan fit,0.10066989,-0.36351353,-0.10287223,0.10066989,-0.0820897,-0.010918517
1162-ECVII,-1.4772184,Price and plan fit,Engagement and bundling,0.3357187,0.16246887,-0.09647585,-0.095938616,0.17217389,0.3357187
7048-GXDAY,0.4374181,Billing and payment,Service quality,0.33580783,0.29118782,0.33580783,-0.22885393,0.16625483,0.15272468
8571-ZCMCX,-1.5401235,Engagement and bundling,Price and plan fit,0.239422,-0.17945307,-0.08647493,-0.14884864,0.239422,-0.07807338
1169-WCVAK,0.56454647,Service quality,Price and plan fit,0.29952112,0.29952112,-0.123486176,-0.34306532,-0.07922356,-0.048536964
4548-SDBKE,0.6289471,Billing and payment,Service quality,0.33345574,0.32289416,0.33345574,0.13634235,0.10907136,0.24485025
8066-POXGX,0.5067048,Billing and payment,Protection and support,0.3869515,-0.32677752,0.3869515,0.15006001,0.14214745,-0.024196051
7129-CAKJW,0.57465816,Service quality,Protection and support,0.30841276,0.30841276,-0.37968296,0.113146886,-0.09261779,-0.06809169
8695-ARGXZ,0.5429479,Billing and payment,Service quality,0.3583672,0.31013778,0.3583672,0.14242329,-0.1054953,-0.17350505
3570-YUEKJ,0.4895724,Billing and payment,Protection and support,0.35125655,-0.31961948,0.35125655,0.09744449,-0.17581847,-0.11112854
4143-OOBWZ,0.6360343,Billing and payment,Service quality,0.32831395,0.31692445,0.32831395,0.101747304,-0.0180592,0.10629209
1555-HAPSU,-1.4538282,Protection and support,Engagement and bundling,0.109366596,-0.4643809,-0.2571976,0.109366596,-0.14414349,-0.5207521
1697-NVVGY,0.48054165,No actionable lever,Protection and support,-0.073833026,-0.34056854,-0.3344649,-0.13753049,-0.073833026,-0.21710888
7854-EKTJL,0.54342383,Billing and payment,Protection and support,0.34520596,-0.92257327,0.34520596,0.08275143,-0.15906486,-0.39356703
8464-EETCQ,-1.3817472,Protection and support,Engagement and bundling,0.05911228,-0.5171417,-0.25340343,0.05911228,-0.25117868,-1.0232217
2419-FSORS,-1.3665838,Price and plan fit,Billing and payment,0.5435079,0.18334547,0.33465776,-0.11971696,0.15048037,0.5435079
8132-YPVBX,0.6041965,Service quality,Price and plan fit,0.35363013,0.35363013,-0.09238254,0.11178892,-0.047002584,0.20960847
9102-IAYHT,0.5575571,Billing and payment,Service quality,0.35316885,0.30861127,0.35316885,0.14045079,0.05829414,0.0939558
6754-LZUKA,-1.5160868,Engagement and bundling,Protection and support,0.2144863,-0.16507055,-0.30398402,0.107192345,0.2144863,-0.13670045
3422-LYEPQ,0.6518899,Billing and payment,Service quality,0.31345356,0.2897051,0.31345356,0.14564805,-0.14491543,0.21634558
8099-MZPUJ,-1.3253832,Price and plan fit,Service quality,0.58127475,0.19598468,-0.1977804,-0.30942413,0.12518655,0.58127475
0787-LHDYT,0.50925684,Protection and support,Billing and payment,0.080465995,-0.8172125,-0.114983484,0.080465995,-0.18167377,-0.20596518
2642-DTVCO,0.5935171,Service quality,Billing and payment,0.33862346,0.33862346,0.30936134,0.1376548,0.046811398,0.04706601
0374-IOEGQ,0.54563457,Protection and support,Price and plan fit,0.116217405,-0.22614563,-0.055004857,0.116217405,-0.17669378,-0.047374524
4361-JEIVL,0.59751314,Billing and payment,Protection and support,0.32580054,-0.23450021,0.32580054,0.13995473,-0.15142089,0.082396194
3197-NNYNB,-1.4567752,Price and plan fit,Engagement and bundling,0.27469262,0.19992033,-0.28831327,0.10029264,0.21968105,0.27469262
3396-DKDEL,-1.4522604,Price and plan fit,Service quality,0.30487716,0.19530162,-0.046150364,-0.3601893,0.10164134,0.30487716
1752-OZXFY,-0.68640286,No actionable lever,Engagement and bundling,-0.15443157,-0.18996651,-0.18375887,-0.15443157,-0.1721021,-0.17242184
9066-QRSDU,-0.7663047,Billing and payment,Protection and support,0.35921606,-0.57930535,0.35921606,0.08037659,-0.24110807,-0.52752995
9112-WSNPU,0.5339263,Service quality,Protection and support,0.29988483,0.29988483,0.0053967005,0.12096884,-0.17706098,-0.07066678
9867-NNXLC,0.5019774,Protection and support,Billing and payment,0.09431212,-0.8617463,-0.16012502,0.09431212,-0.2403426,-0.6187914
5321-NTRKC,-1.5179219,Engagement and bundling,Protection and support,0.22259879,-0.17171146,-0.28155035,0.10076909,0.22259879,-0.19115885
1363-TXLSL,0.6478676,Billing and payment,Service quality,0.30131918,0.2891684,0.30131918,0.14367448,-0.16175023,0.227898
9507-EXLTT,0.6626305,Service quality,Price and plan fit,0.29727557,0.29727557,-0.11147713,0.14472072,-0.069441766,0.2182357
3161-GETRM,0.52567995,Service quality,Protection and support,0.3172482,0.3172482,-0.092104554,0.15449883,0.076654434,-0.07849793
0402-OAMEN,-1.4578536,Protection and support,Engagement and bundling,0.11407243,-0.4574314,-0.2778144,0.11407243,-0.15018931,-0.53610903
6933-VLYFX,-0.49666482,Engagement and bundling,Billing and payment,0.23394638,-0.20650914,0.10809855,-0.32988676,0.23394638,-0.09240373
6754-WKSHP,-0.7111387,Protection and support,Engagement and bundling,0.07963253,-0.54922503,-0.3067683,0.07963253,-0.22318733,-0.37777174
9846-GKXAS,0.58978057,Service quality,Price and plan fit,0.34832808,0.34832808,-0.08717481,0.1368238,0.083249435,0.21206528
6017-PPLPX,0.5729771,Billing and payment,Service quality,0.37039268,0.3220696,0.37039268,0.14709774,-0.21976703,-0.24883467
4976-LNFVV,0.5030953,Protection and support,Engagement and bundling,0.13053773,-0.28434727,-0.13679428,0.13053773,0.039464563,-0.0267383
5055-MGMGF,0.4169666,Billing and payment,Service quality,0.32580885,0.27936313,0.32580885,-0.1565461,0.19597836,0.1941786
4641-FROLU,-1.4618661,Protection and support,Engagement and bundling,0.06508556,-0.5403478,-0.31390098,0.06508556,-0.25089464,-0.97803843
2862-JVEOY,-0.78554094,Protection and support,Billing and payment,0.070017576,-0.6308615,-0.30921128,0.070017576,-0.3504929,-1.0896542
2969-QWUBZ,0.5339064,Engagement and bundling,Protection and support,0.2538603,-0.27171028,-0.08670477,0.107656024,0.2538603,-0.037753887
9822-BIIGN,0.4275763,Engagement and bundling,Billing and payment,0.05626568,-0.3058112,0.055026464,-0.33450863,0.05626568,-0.19990258
2077-MPJQO,0.6200999,Service quality,Billing and payment,0.35804364,0.35804364,0.33151597,0.13449003,-0.054956052,-0.029458463
1534-OULXE,-0.70443636,No actionable lever,Price and plan fit,-0.13280821,-0.18660834,-0.13280821,-0.17593567,-0.2961603,-0.151484
7136-RVDTZ,-0.56558126,Engagement and bundling,Billing and payment,0.4027488,-0.17519434,0.32455707,0.17007273,0.4027488,-0.19010913
2971-SGAFL,0.48823494,Billing and payment,Engagement and bundling,0.37235546,-0.39665794,0.37235546,-0.16572009,0.15740414,-0.02250081
1480-IVEVR,-0.87768835,Service quality,Protection and support,0.23256293,0.23256293,-0.09189646,0.13050395,-0.24434263,-0.07080448
2905-KFQUV,0.65219694,Service quality,Protection and support,0.29176816,0.29176816,-0.0775686,0.14675462,-0.20833822,-0.10534014
4581-SSPWD,0.6337058,Billing and payment,Service quality,0.33669156,0.30106696,0.33669156,0.15688701,-0.007928845,0.005775042
3370-HXOPH,0.61044145,Service quality,Price and plan fit,0.29625398,0.29625398,-0.047747266,0.12094089,-0.012272044,0.1511722
9391-YZEJW,-0.5781476,Engagement and bundling,Service quality,0.32572883,0.21363722,-0.10329258,0.16189381,0.32572883,0.0132677555
9958-MEKUC,-1.503376,Price and plan fit,Service quality,0.2727847,0.15290698,-0.23388715,-0.36453155,0.045851532,0.2727847
0281-CNTZX,-1.4690857,Protection and support,Billing and payment,0.07801294,-0.48184246,-0.111517124,0.07801294,-0.26112068,-0.54131657
6927-WTFIV,0.56568915,Service quality,Protection and support,0.3040955,0.3040955,-0.34920037,0.113087445,-0.18693073,-0.14044383
4118-CEVPF,-0.5233547,Price and plan fit,Engagement and bundling,0.35859004,0.20395976,-0.081745945,-0.2959984,0.22226822,0.35859004
3398-ZOUAA,0.56945896,Billing and payment,Service quality,0.35404444,0.30995387,0.35404444,0.13371384,-0.21346888,-0.19192655
9114-VEPUF,-0.5720837,Service quality,Billing and payment,0.19631949,0.19631949,0.085671656,-0.18435752,0.07731299,0.041697606
7876-BEUTG,0.5163258,Protection and support,Price and plan fit,0.1208809,-0.30355173,-0.1631934,0.1208809,-0.09211604,-0.009293705
2338-BQEZT,0.48116666,No actionable lever,Price and plan fit,-0.12721671,-0.29548785,-0.12721671,-0.18737254,-0.1986672,-0.1769278
9873-MNDKV,0.52155364,Protection and support,Price and plan fit,0.118056655,-0.33904016,-0.1575173,0.118056655,-0.18712044,-0.059268422
0378-NHQXU,0.5560771,Service quality,Protection and support,0.30809855,0.30809855,0.003787688,0.13547939,0.05713991,-0.03792873
8241-JUIQO,-0.72210014,Protection and support,Billing and payment,0.058584165,-0.5187588,-0.23364997,0.058584165,-0.37631178,-0.6062217
2194-IIQOF,-1.5482388,Engagement and bundling,Service quality,0.09952532,-0.16699019,-0.25147465,-0.37895736,0.09952532,-0.259674
4512-ZUIYL,0.63785464,Service quality,Protection and support,0.28682134,0.28682134,-0.340626,0.13243686,-0.20927957,-0.09001771
9631-RXVJM,-1.454233,Protection and support,Engagement and bundling,0.058505464,-0.5117984,-0.30874625,0.058505464,-0.22453485,-0.8878082
9584-EXCDZ,0.5704985,Service quality,Protection and support,0.30934903,0.30934903,-0.38214764,0.11144275,-0.17821151,-0.014097486
7969-AULMZ,0.5137463,Billing and payment,Service quality,0.3550675,0.32475895,0.3550675,0.15436941,0.24812499,0.21617906
5093-FEGLU,-1.4436765,Protection and support,Engagement and bundling,0.0647307,-0.48423898,-0.22786504,0.0647307,-0.21934679,-0.42325723
2621-UDNLU,0.5584091,Protection and support,Engagement and bundling,0.07114937,-0.8602109,-0.3456094,0.07114937,-0.21544169,-0.36507508
7526-IVLYU,0.5744482,Protection and support,Billing and payment,0.081716,-0.8691869,-0.11793395,0.081716,-0.2156868,-0.5025128
2428-HYUNX,-1.4483495,Protection and support,Billing and payment,0.077605374,-0.47842315,-0.11287148,0.077605374,-0.22873688,-0.49934182
9214-EKVXR,0.6097572,Protection and support,Price and plan fit,0.13702959,-0.23202455,-0.114763014,0.13702959,-0.16648778,0.10120406
3410-MHHUM,-0.60364646,Service quality,Engagement and bundling,0.22232276,0.22232276,0.022028077,0.096844405,0.17324038,0.059222266
0568-ONFPC,0.5337386,Protection and support,Engagement and bundling,0.09945147,-0.8730333,-0.055091552,0.09945147,-0.022044186,-0.1850706
0733-VUNUW,0.4840439,No actionable lever,Billing and payment,-0.08116576,-0.40571594,-0.14925988,-0.23116928,-0.08116576,-0.37480658
4550-EVXNY,0.6535297,Billing and payment,Service quality,0.3109714,0.288928,0.3109714,0.14343242,-0.14227857,0.22173682
2122-YWVYA,0.56235766,Billing and payment,Service quality,0.37591743,0.3069609,0.37591743,-0.15142924,-0.21420167,-0.21543652
2968-SSGAA,0.5133272,Price and plan fit,Service quality,0.47320437,0.36329883,0.32834536,0.16338289,0.2519373,0.47320437
2296-DKZFP,-1.4793997,No actionable lever,Service quality,-0.034444258,-0.16198166,-0.30415446,-0.16967353,-0.034444258,-0.35233662
4844-JJWUY,0.62845075,Price and plan fit,Service quality,0.35345095,0.29094487,0.26586553,0.10639558,-0.07425574,0.35345095
6777-TGHTM,-0.5393505,Price and plan fit,Engagement and bundling,0.4287843,0.21669586,-0.070264496,-0.16019371,0.34157243,0.4287843
8909-BOLNL,-0.7813971,Protection and support,Engagement and bundling,0.07421871,-0.62771285,-0.33278638,0.07421871,-0.31689113,-0.41415146
6603-YRDCJ,-1.4851594,No actionable lever,Billing and payment,-0.14259683,-0.26107234,-0.14690201,-0.32298607,-0.19084504,-0.14259683
3538-WZPHD,0.59687847,Billing and payment,Protection and support,0.3593842,-0.23128355,0.3593842,0.12109291,0.061199203,-0.035361834
3229-USWAR,-0.48301452,Engagement and bundling,Price and plan fit,0.18255535,-0.22057037,-0.104494885,-0.2917375,0.18255535,-0.008471071
2138-VFAPZ,-1.5184009,Protection and support,Billing and payment,0.07820612,-0.5351372,-0.11897519,0.07820612,-0.19073951,-0.40526378
6131-JLWZM,0.5184816,Protection and support,Billing and payment,0.0930534,-0.9158206,-0.1492157,0.0930534,-0.23426104,-0.5763812
4785-QRJHC,-0.4949573,Engagement and bundling,Billing and payment,0.28888583,-0.17860097,-0.08579751,-0.20647822,0.28888583,-0.22192985
0269-XFESX,-0.7126653,Protection and support,Engagement and bundling,0.08099156,-0.5546633,-0.3361998,0.08099156,-0.21453054,-0.31818974
1709-EJDOX,-1.4661255,Protection and support,Engagement and bundling,0.06630518,-0.5347925,-0.2901454,0.06630518,-0.23747823,-0.7206113
4316-XCSLJ,0.49349254,Price and plan fit,Protection and support,0.0013053901,-0.30610555,-0.1902376,-0.16550964,-0.1706726,0.0013053901
8610-WFCJF,0.4921397,Billing and payment,Service quality,0.34103134,0.30603844,0.34103134,0.17585787,0.22062552,-0.0014794767
9693-XMUOB,0.45574704,Billing and payment,Engagement and bundling,0.32587907,-0.26869345,0.32587907,0.14990349,0.32568014,-0.12705076
0383-CLDDA,-1.5043389,Engagement and bundling,Billing and payment,0.16648436,-0.18800107,-0.11337344,-0.31521285,0.16648436,-0.14260495
4905-JEFDW,-0.807413,Billing and payment,Protection and support,0.4146703,-0.18416022,0.4146703,0.14252909,0.026008219,-0.18228759
2709-UQGNP,0.51750594,No actionable lever,Billing and payment,-0.10246457,-0.3469596,-0.17869157,-0.18246274,-0.2106228,-0.10246457
3549-ZTMNH,-1.5118692,Protection and support,Billing and payment,0.08435655,-0.5656523,-0.05642239,0.08435655,-0.09135713,-0.29300088
7881-INRLC,0.43882477,Service quality,Price and plan fit,0.30686,0.30686,-0.08722592,0.120748684,0.24871036,0.2614274
8033-ATFAS,0.49374005,Protection and support,Price and plan fit,0.14353178,-0.38633937,-0.13886967,0.14353178,-0.05886667,0.018609095
1635-NZATJ,-1.4287074,Protection and support,Engagement and bundling,0.10526948,-0.45621756,-0.25396517,0.10526948,-0.17469066,-0.51466066
0562-HKHML,-1.4287634,Protection and support,Engagement and bundling,0.11013138,-0.4643809,-0.28824207,0.11013138,-0.14893277,-0.5411543
8277-RVRSV,-0.73491156,Protection and support,Engagement and bundling,0.07822841,-0.54232585,-0.26621577,0.07822841,-0.22362044,-0.3919427
9943-VSZUV,0.54727495,Service quality,Protection and support,0.26765883,0.26765883,-0.18717204,0.14263682,-0.14841911,-0.26016816
0117-LFRMW,0.48950797,Engagement and bundling,Protection and support,0.035608485,-0.29257518,-0.31273526,-0.14582181,0.035608485,-0.16424268
6172-FECYY,0.5285286,Service quality,Protection and support,0.31535918,0.31535918,0.004242528,0.15041794,0.11112032,-0.087728076
7054-ENNGU,0.51712644,Protection and support,Price and plan fit,0.09109307,-0.31067502,-0.36163515,0.09109307,-0.20488396,-0.0985727
1455-HFBXA,-1.5977612,Service quality,Billing and payment,0.19208023,0.19208023,-0.113546014,-0.3367862,-0.14171433,-0.27977392
9402-CXWPL,-0.57776386,Engagement and bundling,Service quality,0.265791,0.21762082,0.047883324,0.08158073,0.265791,0.06626539
1628-BIZYP,0.6292155,Price and plan fit,Service quality,0.32671398,0.29340804,0.28657916,0.11075928,-0.07407841,0.32671398
1965-AKTSX,0.6003224,Billing and payment,Service quality,0.34861273,0.3284341,0.34861273,0.08636447,-0.062899396,0.06934898
0082-LDZUE,0.6081174,Protection and support,Price and plan fit,0.1386891,-0.23202455,-0.116594665,0.1386891,-0.16883433,0.0975619
4786-UKSNZ,0.60684955,Protection and support,Price and plan fit,0.0874657,-0.66232085,-0.32259062,0.0874657,-0.1699419,0.037128612
5343-SGUBI,-0.8545181,Service quality,Protection and support,0.24099544,0.24099544,-0.1282993,0.12569346,-0.18967654,-0.18437997
0856-NAOES,0.5252192,Protection and support,Engagement and bundling,0.116546206,-0.37962896,-0.35457295,0.116546206,-0.087915234,-0.11404554
1976-AZZPJ,0.51792616,No actionable lever,Protection and support,-0.044065252,-0.33663487,-0.35801184,-0.22370683,-0.044065252,-0.30444026
7248-VZQLC,0.5633775,Service quality,Protection and support,0.2812223,0.2812223,-0.12121095,0.1226897,-0.09770248,-0.12762345
6156-UZDLF,-0.85178334,Service quality,Price and plan fit,0.24711347,0.24711347,-0.09801531,-0.2835346,-0.31221634,0.0111869015
3099-OONVS,0.45921052,Billing and payment,Engagement and bundling,0.012975357,-0.40225852,0.012975357,-0.26833254,-0.17135923,-0.21495503
9500-WBGRP,-1.4044993,Protection and support,Billing and payment,0.0707535,-0.5101334,-0.18465047,0.0707535,-0.25206423,-0.92411804
5183-KLYEM,-1.524776,Price and plan fit,Service quality,0.21320085,0.16888186,-0.09183597,-0.39855888,0.08140992,0.21320085
5144-PQCDZ,0.52196,Protection and support,Billing and payment,0.084442474,-0.909078,-0.1264357,0.084442474,-0.19078353,-0.5366755
8514-VZHEB,-1.4500498,Protection and support,Engagement and bundling,0.07066757,-0.48694593,-0.3062382,0.07066757,-0.22176336,-0.3542713
6625-IUTTT,-1.4754221,No actionable lever,Protection and support,-0.025576202,-0.16493937,-0.27762312,-0.13104343,-0.025576202,-0.22747865
9355-NPPFS,0.54151875,Billing and payment,Service quality,0.33370608,0.31718406,0.33370608,0.13944691,-0.09831834,-0.14244165
0068-FIGTF,-0.46988413,Engagement and bundling,Protection and support,0.21120383,-0.21122077,-0.27800807,-0.1041892,0.21120383,-0.11553761
5965-GGPRW,-1.3699577,Price and plan fit,Engagement and bundling,0.60431546,0.16264074,-0.28728393,-0.15267088,0.20603375,0.60431546
8035-PWSEV,0.5954784,Service quality,Billing and payment,0.3458739,0.3458739,0.32096723,-0.05348329,-0.075239286,0.050542094
2236-HILPA,-1.414117,Protection and support,Engagement and bundling,0.069296084,-0.4714663,-0.27812663,0.069296084,-0.22104786,-0.53960496
1840-BIUOG,-0.7449542,Billing and payment,Engagement and bundling,0.3721282,-0.23288357,0.3721282,-0.14263512,-0.0010599364,-0.23457867
1356-MKYSK,0.48137823,Engagement and bundling,Price and plan fit,0.039916437,-0.39104733,-0.28322545,-0.28382826,0.039916437,-0.04231079
6080-LNESI,-1.4502712,Protection and support,Engagement and bundling,0.07966308,-0.5115584,-0.3189003,0.07966308,-0.15162292,-0.5181247
1830-IPXVJ,-1.4393902,Protection and support,Billing and payment,0.07392444,-0.4881723,-0.23405355,0.07392444,-0.25059047,-0.7354513
5828-DWPIL,0.52808195,Billing and payment,Service quality,0.35856026,0.252478,0.35856026,-0.21211271,-0.113372505,-0.23168796
8398-TBIYD,-1.635274,Service quality,Engagement and bundling,0.16834292,0.16834292,-0.16827707,-0.37252998,-0.11632921,-0.28953266
0011-IGKFF,0.5459543,Service quality,Billing and payment,0.33802477,0.33802477,0.32411027,0.082625344,0.06538449,0.13486212
4192-GORJT,0.57472277,Service quality,Billing and payment,0.32511675,0.32511675,0.30892175,0.16553418,0.04843664,0.19801179
6496-SLWHQ,0.5330854,Price and plan fit,Billing and payment,0.3386294,0.29785982,0.32106578,0.09303069,0.16780707,0.3386294
9912-GVSEQ,0.51571274,Billing and payment,Service quality,0.3254838,0.31872806,0.3254838,0.09636536,0.01991213,0.028573263
2931-FSOHN,0.5086496,Billing and payment,Protection and support,0.34201413,-0.37660155,0.34201413,0.08965148,-0.061228625,-0.092246816
9418-RUKPH,-1.5120869,Protection and support,Billing and payment,0.070760354,-0.5141754,-0.14403793,0.070760354,-0.21170416,-0.5047688
5383-MMTWC,0.59373885,Service quality,Billing and payment,0.35658303,0.35658303,0.32322305,0.13217394,0.046446927,0.01905005
9971-ZWPBF,0.41916537,Service quality,Billing and payment,0.28685176,0.28685176,0.27946013,-0.16877499,0.123382695,0.1121119
4712-AUQZO,0.48479933,Engagement and bundling,Price and plan fit,0.01514025,-0.29401305,-0.43556997,-0.15874098,0.01514025,-0.09108094
9711-FJTBX,-0.81811774,Service quality,Protection and support,0.21479806,0.21479806,-0.1485432,-0.11816186,-0.3271373,-0.1439758
2908-ZTPNF,0.5044837,No actionable lever,Billing and payment,-0.0629282,-0.3003964,-0.117014095,-0.14199792,-0.0629282,-0.20181383
7240-ETPTR,0.5038736,Billing and payment,Engagement and bundling,0.3326664,-0.35507125,0.3326664,0.1593148,0.2820035,-0.010644458
2202-CUYXZ,0.64939076,Billing and payment,Price and plan fit,0.3221771,0.29571012,0.3221771,0.14950706,-0.05862007,0.31660765
5995-OIGLP,0.49572897,Price and plan fit,Engagement and bundling,0.010977399,-0.39189693,-0.34830686,-0.2699872,-0.17242569,0.010977399
8421-WZOOW,0.50331503,Service quality,Engagement and bundling,0.27797973,0.27797973,-0.10047397,-0.17175062,-0.09694208,-0.1982915
6261-RCVNS,-0.4634935,Engagement and bundling,Price and plan fit,0.06865747,-0.19858131,-0.21396089,-0.28212672,0.06865747,-0.1612932
7951-QKZPL,-1.4507279,Protection and support,Engagement and bundling,0.08883212,-0.54278994,-0.116277926,0.08883212,-0.114941254,-0.3124555
1414-YADCW,-1.5526838,Service quality,Engagement and bundling,0.18136194,0.18136194,-0.25289682,-0.2989225,-0.23962331,-0.27907094
8756-RDDLT,0.43812257,Engagement and bundling,Billing and payment,0.044968847,-0.27200842,0.039857678,-0.22365159,0.044968847,-0.124440975
2862-PFNIK,0.6386915,Billing and payment,Protection and support,0.3354481,-0.23483749,0.3354481,0.15430158,0.036268726,-0.001479961
5816-QVHRX,0.45129395,Service quality,Engagement and bundling,0.2938763,0.2938763,-0.3809831,-0.062308814,0.19377226,-0.05738385
4430-YHXGG,0.54331505,Protection and support,Engagement and bundling,0.09222187,-0.883005,-0.1062715,0.09222187,-0.058761537,-0.25014368
6888-SBYAI,0.5958687,Price and plan fit,Billing and payment,0.11085312,-0.24477741,-0.13611543,-0.18421872,-0.15972443,0.11085312
7395-XWZOY,0.4830786,Engagement and bundling,Billing and payment,0.025291994,-0.35010648,-0.14552693,-0.4363101,0.025291994,-0.21275553
7169-YWAMK,-1.449089,No actionable lever,Service quality,-0.0816325,-0.15689844,-0.27506012,-0.3305035,-0.0816325,-0.21760917
3640-PHQXK,0.5365666,Billing and payment,Service quality,0.3324454,0.3262697,0.3324454,0.15534893,0.03687279,0.0046133734
6877-LGWXO,0.53180754,Service quality,Protection and support,0.30693972,0.30693972,0.004002682,0.12776797,-0.07843894,-0.036759406
6859-RKMZJ,0.51786596,Protection and support,Price and plan fit,0.13210215,-0.38907802,-0.1285944,0.13210215,-0.07632119,-0.041571137
2729-VNVAP,-1.4667377,Protection and support,Engagement and bundling,0.06727902,-0.48856452,-0.26963803,0.06727902,-0.20043272,-0.45700717
2957-JIRMN,-0.807586,Service quality,Protection and support,0.20695476,0.20695476,0.12308987,0.13957237,-0.026118567,-0.25983468
2049-BAFNW,0.6009644,Price and plan fit,Engagement and bundling,0.11151308,-0.2199049,-0.3239013,-0.19074318,-0.03647708,0.11151308
3842-QTGDL,0.5740487,Service quality,Price and plan fit,0.3018008,0.3018008,-0.34561813,-0.17346185,-0.22010571,-0.14514783
7163-OCEQI,-0.49675274,Engagement and bundling,Protection and support,0.29902917,-0.2270259,-0.11366491,-0.079078175,0.29902917,-0.19225158
9782-LGXMC,0.46872702,Price and plan fit,Engagement and bundling,0.031552155,-0.30666655,-0.2933213,-0.3229247,-0.15217385,0.031552155
5975-BAICR,-0.4770168,Engagement and bundling,Billing and payment,0.07070364,-0.27519974,-0.039240226,-0.17022397,0.07070364,-0.14862418
8019-ENHXU,0.4867679,Billing and payment,Service quality,0.34283006,0.29071426,0.34283006,-0.15281247,0.039624803,0.023088336
5167-GBFRE,0.60820657,Protection and support,Engagement and bundling,0.13562708,-0.24614787,-0.09800545,0.13562708,-0.021682948,-0.18348059
9033-EOXWV,-0.5198654,Engagement and bundling,Price and plan fit,0.29825348,-0.23876879,-0.3214898,-0.059659906,0.29825348,-0.031048022
4673-KKSLS,0.5273267,Service quality,Price and plan fit,0.3021922,0.3021922,0.044131853,-0.2752267,-0.17143375,0.0806112
4853-OITSN,0.5881104,Billing and payment,Service quality,0.34996688,0.30182457,0.34996688,-0.20950815,0.034431048,0.012306929
9800-OUIGR,-1.4447258,Protection and support,Billing and payment,0.066413544,-0.5219728,-0.24056187,0.066413544,-0.2594279,-0.8336395
1324-NLTJE,0.49036446,No actionable lever,Price and plan fit,-0.031253066,-0.33568177,-0.3661657,-0.031253066,-0.069267265,-0.05747232
2324-EFHVG,-1.467262,Price and plan fit,Engagement and bundling,0.4579009,0.20102511,-0.08511155,0.10272391,0.22944227,0.4579009
7094-MSZAO,0.5218054,Protection and support,Billing and payment,0.09311539,-0.8989605,-0.1108692,0.09311539,-0.21318322,-0.5675102
1522-VVDMG,0.61961555,Service quality,Billing and payment,0.35436428,0.35436428,0.30682707,-0.15895195,-0.061819818,0.12793922
6907-CQGPN,0.47817552,Billing and payment,Engagement and bundling,0.011608577,-0.317475,0.011608577,-0.19762884,-0.04957281,-0.101780854
0780-XNZFN,-1.4132075,Protection and support,Engagement and bundling,0.07062794,-0.48638433,-0.2759041,0.07062794,-0.22512081,-0.40478846
0239-OXEXL,0.54869556,Service quality,Engagement and bundling,0.27468044,0.27468044,-0.35913712,-0.19122395,-0.112547666,-0.124326065
2675-IJRGJ,-1.333835,Protection and support,Engagement and bundling,0.06921232,-0.5237518,-0.2765617,0.06921232,-0.22401819,-0.58902264
7049-GKVZY,-0.47704268,Engagement and bundling,Price and plan fit,0.18665995,-0.22377348,-0.23933333,-0.26613608,0.18665995,-0.16434541
8577-QSOCG,-1.5120869,Protection and support,Billing and payment,0.072581366,-0.5141754,-0.1426873,0.072581366,-0.20539749,-0.5225292
3721-CNZHX,-0.75657195,Protection and support,Billing and payment,0.067507006,-0.61036336,-0.3287173,0.067507006,-0.36246008,-0.60274416
0212-ISBBF,0.47935253,Billing and payment,Engagement and bundling,0.3636815,-0.3322143,0.3636815,0.10698848,0.28054357,0.078601815
9185-TQCVP,0.5752871,Billing and payment,Service quality,0.38124096,0.3345956,0.38124096,0.13619137,0.047296382,0.009544183
3585-YNADK,-0.6696247,No actionable lever,Protection and support,-0.057196304,-0.19551936,-0.28021505,-0.09582466,-0.057196304,-0.19794217
5271-DBYSJ,0.5752914,Service quality,Protection and support,0.34716877,0.34716877,-0.083205335,0.12719099,-0.044159427,-0.002616141
1099-GODLO,-1.8070042,Protection and support,Engagement and bundling,0.081185564,-0.48073637,-0.2800788,0.081185564,-0.18244246,-0.21804428
6828-HMKWP,-1.5316166,Protection and support,Billing and payment,0.072414055,-0.5713196,-0.23562753,0.072414055,-0.24127111,-0.57791996
5567-WSELE,0.5781294,Billing and payment,Service quality,0.30506033,0.29526797,0.30506033,0.15057263,0.18025748,0.28575477
1472-TNCWL,0.49183285,Billing and payment,Service quality,0.33133924,0.31017828,0.33133924,0.08580441,0.03445158,-0.12879455
8063-RJYNF,0.5163585,Billing and payment,Service quality,0.35887402,0.3029019,0.35887402,-0.1271347,0.07417689,0.13008878
0687-ZVTHB,-0.47475734,Engagement and bundling,Protection and support,0.14111513,-0.18413004,-0.25287494,-0.1616057,0.14111513,-0.1669014
2080-GKCWQ,0.6150689,Service quality,Protection and support,0.2830865,0.2830865,-0.053069275,0.093285814,-0.18312462,7.794052e-05
9661-ACXBS,0.44185305,Billing and payment,Service quality,0.33861133,0.29182792,0.33861133,-0.14585795,0.17960712,0.22389513
2193-SFWQW,-1.5133296,Price and plan fit,Service quality,0.23940276,0.16028488,-0.21375996,-0.34085307,0.024052126,0.23940276
5656-JAMLX,-1.4383044,Protection and support,Billing and payment,0.06982642,-0.5102507,-0.24040624,0.06982642,-0.27187732,-0.729772
3462-BJQQA,0.62768054,Service quality,Billing and payment,0.35890037,0.35890037,0.33174747,0.096304454,0.10339834,0.2169475
0442-TDYUO,-1.4872718,Protection and support,Billing and payment,0.08866207,-0.5396531,-0.15027411,0.08866207,-0.27280098,-0.73810875
6733-LRIZX,-1.2542849,Price and plan fit,Billing and payment,0.6500662,0.21199155,0.3060243,-0.2774341,0.19783352,0.6500662
9503-XJUME,-0.6530542,Protection and support,Billing and payment,0.06836007,-0.5505153,-0.28033876,0.06836007,-0.3145883,-0.5435588
4367-NHWMM,0.64914274,Protection and support,Engagement and bundling,0.14660846,-0.23236185,-0.13092549,0.14660846,0.016973913,0.012404926
3727-RJMEO,0.6212444,Billing and payment,Service quality,0.37421918,0.35213646,0.37421918,0.139799,0.065048665,-0.004749786
3779-OSWCF,-1.5431272,Engagement and bundling,Service quality,0.12186988,-0.1678048,-0.25185263,-0.3504727,0.12186988,-0.20992672
6736-DHUQI,-0.8193561,Service quality,Protection and support,0.19601879,0.19601879,-0.3022882,-0.14634462,-0.33826026,-0.17009278
3915-ODIYG,-0.541436,Billing and payment,Engagement and bundling,0.31622207,-0.18321061,0.31622207,-0.18942097,0.11344914,-0.22137809
1360-RCYRT,0.50869805,No actionable lever,Engagement and bundling,-0.05807189,-0.31764507,-0.1429777,-0.15201831,-0.063981086,-0.05807189
2724-FJDYW,-0.4774047,Engagement and bundling,Protection and support,0.26639926,-0.19008318,-0.25882888,-0.16137965,0.26639926,-0.18176414
4451-RWASJ,-0.7161329,Protection and support,Billing and payment,0.077327326,-0.6054756,-0.11942787,0.077327326,-0.30922645,-0.46829265
6646-VRFOL,0.4415137,Billing and payment,Service quality,0.30933785,0.2830462,0.30933785,0.09219396,0.19913289,0.16975161
3460-TJBWI,-1.49523,Protection and support,Engagement and bundling,0.091085985,-0.5648328,-0.32550886,0.091085985,-0.073314056,-0.5851314
5917-HBSDW,0.44047257,Protection and support,Billing and payment,0.066059336,-0.8228538,-0.019808032,0.066059336,-0.17367777,-0.5264523
5685-IIXLY,0.6119848,Service quality,Billing and payment,0.30871758,0.30871758,0.29577422,0.0942561,-0.06276407,0.03931851
5671-UUNXD,-0.56027347,Engagement and bundling,Price and plan fit,0.34091294,0.22136512,0.29830188,-0.034755398,0.34091294,0.32001227
0956-ACVZC,-0.5822137,Service quality,Engagement and bundling,0.22402528,0.22402528,-0.07290065,0.1477946,0.21579042,0.05535166
2325-NBPZG,0.6200539,Billing and payment,Service quality,0.317684,0.28773746,0.317684,-0.23315108,-0.21565413,-0.178004
4250-ZBWLV,-0.5146727,Price and plan fit,Engagement and bundling,0.33860838,0.21388668,0.059413426,-0.11452301,0.28864965,0.33860838
4482-FTFFX,0.52636915,No actionable lever,Protection and support,-0.023589786,-0.32911956,-0.023589786,-0.069081895,-0.21553633,-0.13992569
8859-DZTGQ,-1.4760208,Protection and support,Engagement and bundling,0.07078042,-0.55193967,-0.3198146,0.07078042,-0.27142268,-0.7610393
0440-MOGPM,-0.56564623,Billing and payment,Engagement and bundling,0.31958407,-0.21962753,0.31958407,0.0853319,0.2359976,-0.08497922
0020-JDNXP,-0.4606219,Engagement and bundling,Service quality,0.26438168,-0.19266056,-0.3151348,-0.3579736,0.26438168,-0.28238156
3752-CQSJI,0.5096947,Protection and support,Billing and payment,0.08410522,-0.85856926,-0.13152926,0.08410522,-0.1670189,-0.30625618
5025-GOOKI,0.46094173,Protection and support,Billing and payment,0.07218447,-0.84667003,-0.121575855,0.07218447,-0.1900916,-0.90582204
4698-KVLLG,-1.3855056,Protection and support,Engagement and bundling,0.06663323,-0.46490428,-0.24630496,0.06663323,-0.20925577,-0.5108284
5095-AESKG,0.60253006,Service quality,Protection and support,0.2981141,0.2981141,-0.049854226,0.1163791,0.062465943,0.003397666
2887-JPYLU,0.48817915,Protection and support,Price and plan fit,0.10341076,-0.30161828,-0.33179334,0.10341076,-0.18381934,-0.13518001
4770-QAZXN,0.45962387,Protection and support,Engagement and bundling,0.06861833,-0.88253117,-0.41534492,0.06861833,-0.18950815,-0.55570674
4896-CPRPF,-1.404167,Protection and support,Engagement and bundling,0.069611765,-0.5220472,-0.26911047,0.069611765,-0.11672434,-0.31873208
1871-MOWRM,0.59060746,Service quality,Price and plan fit,0.334692,0.334692,-0.34167814,-0.28247038,-0.17393704,-0.04258055
9714-EDSUC,0.5546205,Service quality,Price and plan fit,0.30123633,0.30123633,-0.08547021,-0.38581014,-0.04462437,0.17557344
2027-OAQQC,0.4563017,Engagement and bundling,Protection and support,0.31804356,-0.29235077,-0.13500099,0.15730537,0.31804356,-0.098347634
0282-NVSJS,0.5318201,No actionable lever,Protection and support,-0.09637675,-0.32690173,-0.15786503,-0.109408185,-0.09637675,-0.144734
9090-SGQXL,0.4234254,Billing and payment,Service quality,0.31104362,0.27980182,0.31104362,0.09416275,0.22233726,0.17812937
6595-YGXIT,0.5640152,Billing and payment,Service quality,0.3514449,0.3354475,0.3514449,0.09799455,0.0967605,-0.012936078
7353-YOWFP,-0.6933411,Protection and support,Engagement and bundling,0.060678534,-0.6356684,-0.35287824,0.060678534,-0.3149424,-0.55584216
9835-ZIITK,-0.5595858,Price and plan fit,Engagement and bundling,0.3048049,0.2139843,0.2459549,-0.13198027,0.2913086,0.3048049
8008-ESFLK,-0.5048681,Price and plan fit,Service quality,0.35283253,0.20924582,0.062190972,-0.2860792,0.12052806,0.35283253
7537-CBQUZ,0.40055418,Service quality,Price and plan fit,0.2611116,0.2611116,-0.13604817,-0.23382641,0.1576883,0.17303683
1555-DJEQW,-1.3225889,Price and plan fit,Service quality,0.5565075,0.19222154,-0.06588577,-0.3576899,0.1005877,0.5565075
5649-TJHOV,0.45745325,Engagement and bundling,Protection and support,0.17086115,-0.28452468,-0.29426947,0.15118939,0.17086115,-0.11960782
0519-XUZJU,0.656375,Service quality,Price and plan fit,0.29339653,0.29339653,-0.33686078,0.12885118,-0.15835072,0.23541522
3363-EWLGO,0.538224,Protection and support,Engagement and bundling,0.08312524,-0.8832021,-0.34339628,0.08312524,-0.22289044,-0.48237768
4750-UKWJK,-0.7490344,Protection and support,Billing and payment,0.060966354,-0.51099527,-0.25490934,0.060966354,-0.32912275,-0.34700733
6338-AVWCY,0.5923438,Protection and support,Engagement and bundling,0.15698133,-0.22542202,-0.12590826,0.15698133,0.061335593,-0.18545245
1689-YQBYY,0.61084473,Billing and payment,Service quality,0.36771438,0.3450662,0.36771438,0.12509108,-0.048818436,-0.06494659
4487-ZYJZK,-0.7343388,Protection and support,Billing and payment,0.057706203,-0.5537009,-0.25282094,0.057706203,-0.35014918,-0.6564998
2959-FENLU,0.59315354,Service quality,Price and plan fit,0.34899923,0.34899923,-0.07427376,0.13331832,-0.058356807,0.13680908
0708-LGSMF,0.4763506,Billing and payment,Engagement and bundling,0.34227687,-0.3963467,0.34227687,-0.22914371,0.084037475,-0.19603477
9253-QXKBE,0.50522065,Billing and payment,Service quality,0.3229586,0.31872687,0.3229586,0.15644906,0.1722339,0.022859227
7634-HLQJR,-1.4463422,Protection and support,Billing and payment,0.072167195,-0.51104,-0.22943413,0.072167195,-0.24109206,-0.7315389
0487-RPVUM,0.49410546,Service quality,Engagement and bundling,0.25988472,0.25988472,-0.3603639,-0.33271015,0.034253668,-0.05262071
4079-ULGFR,0.45431355,Protection and support,Engagement and bundling,0.073827535,-0.8491215,-0.43073967,0.073827535,-0.1941051,-0.567953
2516-XSJKX,-1.5029483,Billing and payment,Engagement and bundling,0.14363207,-0.20587228,0.14363207,-0.31663328,0.016064078,-0.14997147
0057-QBUQH,-1.4599459,Billing and payment,Protection and support,0.39077228,-0.5733895,0.39077228,0.075981155,-0.082940474,-0.38950905
9445-SZLCH,0.5266333,Service quality,Protection and support,0.3043916,0.3043916,-0.11168801,0.101237945,0.032380663,0.040339783
6599-SFQVE,0.5116795,Billing and payment,Protection and support,0.33413905,-0.3279471,0.33413905,0.14267986,-0.10190414,-0.120850004
8331-ZXFOE,-0.67266905,No actionable lever,Engagement and bundling,-0.09569333,-0.1984811,-0.09569333,-0.38875854,-0.18638818,-0.31636322
4003-FUSHP,0.4855789,No actionable lever,Engagement and bundling,-0.039549142,-0.35230675,-0.111836806,-0.08551353,-0.06486833,-0.039549142
0356-ERHVT,0.5197799,Protection and support,Billing and payment,0.12027159,-0.34542704,-0.1274776,0.12027159,-0.24109127,-0.17522813
7325-ENZFI,-0.72800505,No actionable lever,Service quality,-0.11547867,-0.19496167,-0.11547867,-0.34088382,-0.22900538,-0.31509832
4884-ZTHVF,0.6251553,Service quality,Billing and payment,0.36500895,0.36500895,0.29952082,0.08809753,-0.08307916,0.09862886
3920-HIHMQ,0.5001403,Protection and support,Engagement and bundling,0.12727386,-0.32972798,-0.17149368,0.12727386,-0.089125186,-0.16058213
3055-OYMSE,0.55247134,Service quality,Protection and support,0.28041893,0.28041893,-0.122495994,0.12796925,-0.22125158,-0.32882908
0613-WUXUM,-1.4804597,Protection and support,Billing and payment,0.08003327,-0.53468287,-0.15800567,0.08003327,-0.2575547,-1.0958078
7568-PODML,0.5684428,Engagement and bundling,Protection and support,0.25131837,-0.22067475,-0.12229563,0.16888365,0.25131837,0.10295607
4458-KVRBJ,-1.4550133,Protection and support,Engagement and bundling,0.078163594,-0.5423385,-0.3251801,0.078163594,-0.14668737,-0.68677914
5349-IECLD,0.5576318,Service quality,Protection and support,0.2867885,0.2867885,-0.11087542,0.13727869,0.049368232,0.13691804
1397-XKKWR,-0.7616801,No actionable lever,Protection and support,-0.18526338,-0.18526338,-0.31454885,-0.1868724,-0.20497078,-0.3150782
3945-GFWQL,0.51151556,Billing and payment,Protection and support,0.3970142,-0.33363938,0.3970142,0.117101416,-0.16549234,-0.059516937
8097-OMULG,-0.43828878,Engagement and bundling,Protection and support,0.15700047,-0.1975908,-0.22161429,-0.12639725,0.15700047,-0.1576408
6013-BHCAW,-1.5247824,Engagement and bundling,Protection and support,0.24396686,-0.17364803,-0.11201897,-0.090436324,0.24396686,-0.27517596
0401-WDBXM,-1.5230348,Price and plan fit,Engagement and bundling,0.31551442,0.16741337,-0.10395322,-0.1835342,0.21497223,0.31551442
3387-PLKUI,0.50224656,Protection and support,Engagement and bundling,0.063645996,-0.88487566,-0.3925871,0.063645996,-0.21179691,-0.8681269
6096-EGVTU,-0.7272687,Protection and support,Engagement and bundling,0.07557498,-0.5249191,-0.31418487,0.07557498,-0.26077983,-0.37392327
3797-VTIDR,0.63707376,Billing and payment,Protection and support,0.34154525,-0.23802167,0.34154525,0.15207604,0.050523892,-0.00035445392
5081-NWSUP,-0.52811694,Engagement and bundling,Protection and support,0.035168633,-0.23657224,-0.28170764,-0.0650307,0.035168633,-0.15351203
2580-ATZSQ,-0.69035167,No actionable lever,Service quality,-0.16008566,-0.18074597,-0.28814247,-0.16008566,-0.31806272,-0.27437034
8085-MSNLK,-1.3041769,Price and plan fit,Service quality,0.5098971,0.18205208,-0.28936058,-0.3033411,0.14218512,0.5098971
9691-HKOVS,-0.5133744,Billing and payment,Engagement and bundling,0.29504085,-0.2206301,0.29504085,-0.3683304,0.18908851,-0.11410584
9881-VCZEP,0.4736682,Protection and support,Billing and payment,0.08467208,-0.3906617,0.008832309,0.08467208,-0.07836221,-0.23927656
9526-BIHHD,0.6013168,Price and plan fit,Engagement and bundling,0.072628334,-0.2339206,-0.33096084,-0.1511601,0.030405477,0.072628334
8757-TFHHJ,0.59272367,Price and plan fit,Billing and payment,0.101967216,-0.24444328,-0.107712775,-0.17990786,-0.15842772,0.101967216
4523-WXCEF,0.44527206,Service quality,Engagement and bundling,0.2884645,0.2884645,-0.036016803,0.08537714,0.19442521,0.10238917
1468-DEFNC,-1.445051,Protection and support,Billing and payment,0.08481068,-0.47943068,-0.11641609,0.08481068,-0.17594449,-0.5327821
5119-KEPFY,0.4814039,Service quality,Engagement and bundling,0.324802,0.324802,-0.105629794,0.16133222,0.21237306,-0.035850286
8364-TRMMK,0.5833792,Protection and support,Price and plan fit,0.13238192,-0.22940099,-0.12654169,0.13238192,-0.07447082,0.028744515
0916-KNFAJ,-1.5092773,Engagement and bundling,Protection and support,0.04877696,-0.16392761,-0.16884156,-0.15849745,0.04877696,-0.24808908
8319-QBEHW,-0.7566053,Protection and support,Engagement and bundling,0.11606573,-0.20825782,-0.10642871,0.11606573,-0.020598352,-0.047817722
3063-QFSZL,0.5726102,Billing and payment,Protection and support,0.30826923,-0.23600428,0.30826923,0.15043883,-0.069394685,0.12064955
8775-LHDJH,0.6498923,Price and plan fit,Billing and payment,0.37000102,0.29498136,0.29939657,0.10125717,0.056138847,0.37000102
9625-QNLUX,-1.5202054,Price and plan fit,Service quality,0.2538937,0.1966492,-0.065067925,-0.18331881,0.056096084,0.2538937
3097-NQYSN,0.64892185,Service quality,Protection and support,0.2892743,0.2892743,-0.09942027,0.14216161,0.036058284,0.05847148
4024-CSNBY,-1.5669913,Service quality,Price and plan fit,0.16019341,0.16019341,-0.14819805,-0.41362315,-0.12504266,-0.07931581
7110-BDTWG,-1.5341915,Billing and payment,Engagement and bundling,0.4100142,-0.15048751,0.4100142,-0.12315367,0.029522702,-0.23938614
7493-GVFIO,-1.4294612,Protection and support,Billing and payment,0.075583935,-0.50440127,-0.22167742,0.075583935,-0.26813418,-0.8154974
0690-SRQID,0.52196,Protection and support,Billing and payment,0.086487375,-0.90420985,-0.1264357,0.086487375,-0.19078353,-0.53618276
9605-WGJVW,0.6495074,Billing and payment,Service quality,0.29883707,0.28921586,0.29883707,0.14145885,-0.1583524,0.23228085
9114-DPSIA,-1.5202134,Engagement and bundling,Service quality,0.072328866,-0.14997621,-0.24310672,-0.34582162,0.072328866,-0.23657878
4700-UBQMV,-0.4883995,Engagement and bundling,Billing and payment,0.27278754,-0.23360954,-0.08821547,-0.15223362,0.27278754,-0.22080798
7711-GQBZC,-1.4618603,Protection and support,Engagement and bundling,0.094457716,-0.5106091,-0.24899438,0.094457716,-0.11822212,-0.5353052
3565-UNOCC,0.49265105,Service quality,Price and plan fit,0.3240415,0.3240415,-0.084667444,0.15630057,0.24398275,0.27737218
4627-MIHJH,-1.2576144,Price and plan fit,Engagement and bundling,0.6389417,0.1699302,-0.21622716,-0.19818237,0.19527748,0.6389417
9795-NREXC,-1.5142117,Engagement and bundling,Billing and payment,0.17775275,-0.17913917,-0.115861595,-0.33714157,0.17775275,-0.2749207
8573-CGOCC,0.45557442,Protection and support,Engagement and bundling,0.073369816,-0.83771753,-0.42257276,0.073369816,-0.19105674,-0.57499576
7356-AYNJP,-0.8233485,Protection and support,Billing and payment,0.074231096,-0.6929551,0.07122907,0.074231096,-0.1539577,-0.42979288
9249-FXSCK,-0.48860225,Price and plan fit,Engagement and bundling,0.39015737,0.21505894,-0.06953542,-0.33353874,0.3036527,0.39015737
5493-SDRDQ,0.5841839,No actionable lever,Billing and payment,-0.060713425,-0.29525855,-0.12238708,-0.18896456,-0.21154632,-0.060713425
6286-SUUWT,0.60684955,Protection and support,Price and plan fit,0.0874657,-0.6549561,-0.32259062,0.0874657,-0.1699419,0.0653135
4819-HJPIW,0.53107923,Protection and support,Engagement and bundling,0.12823603,-0.29255253,-0.41130635,0.12823603,-0.060314417,-0.2856457
8654-DHAOW,0.57435757,Protection and support,Price and plan fit,0.10363261,-0.2158026,-0.40814227,0.10363261,-0.06568472,-0.047148548
5438-QMDDL,0.45972314,Protection and support,Price and plan fit,0.10586439,-0.3452961,-0.14420725,0.10586439,-0.04644446,0.029756812
9812-GHVRI,0.5166648,Service quality,Protection and support,0.31332844,0.31332844,-0.33248574,0.14996773,0.10723043,-0.13614516
5553-AOINX,-0.5898252,Billing and payment,Engagement and bundling,0.2713732,0.21179587,0.2713732,0.082353406,0.26618114,0.1768675
1228-ZLNBX,0.5623098,Service quality,Protection and support,0.30953622,0.30953622,-0.42786747,0.118610516,-0.10888811,-0.17421469
4226-KKDON,0.51528597,Billing and payment,Price and plan fit,0.32133794,-0.40275645,0.32133794,-0.14499177,-0.04394777,-0.029182188
3831-YCPUO,-1.4271231,Price and plan fit,Service quality,0.3858754,0.16577645,-0.07805353,-0.39591593,-0.006999898,0.3858754
7445-WMRBW,-0.70909035,No actionable lever,Billing and payment,-0.10175441,-0.20683733,-0.10670826,-0.1185328,-0.10175441,-0.2645423
3308-DGHKL,-1.4567753,Protection and support,Billing and payment,0.08134486,-0.5060475,-0.07643767,0.08134486,-0.28325605,-0.9739331
9924-JPRMC,-1.5385766,Billing and payment,Service quality,0.31394693,0.17117953,0.31394693,-0.42262962,0.06535961,0.14891884
0080-EMYVY,-0.73877424,Protection and support,Price and plan fit,0.090843104,-0.18003221,-0.3060584,0.090843104,-0.319241,-0.033842552
6218-KNUBD,0.5079215,Price and plan fit,Protection and support,0.0931178,-0.38117203,-0.017059304,0.08355888,-0.054414533,0.0931178
7337-CINUD,-1.5560311,Protection and support,Engagement and bundling,0.06725986,-0.57567865,-0.22275245,0.06725986,-0.22262605,-0.6140992
7609-NRNCA,-0.6628368,Protection and support,Engagement and bundling,0.06507014,-0.59414256,-0.35317397,0.06507014,-0.3170997,-0.46839514
0623-EJQEG,-0.55512893,Service quality,Billing and payment,0.19670036,0.19670036,0.110281505,-0.25260293,0.08217494,0.025738716
7153-CHRBV,-0.6733944,No actionable lever,Service quality,-0.1713463,-0.19135517,-0.1713463,-0.33404106,-0.29688877,-0.23018225
0871-URUWO,0.50444096,Service quality,Price and plan fit,0.35338786,0.35338786,-0.079470314,0.13891101,0.2370905,0.3006168
9190-MFJLN,0.500028,Service quality,Protection and support,0.31366423,0.31366423,-0.112050116,0.13870746,0.08968355,0.07632676
6198-PNNSZ,-0.49980766,Price and plan fit,Engagement and bundling,0.4366715,0.20473883,-0.24955772,-0.18345164,0.28720883,0.4366715
3317-VLGQT,0.57930183,Billing and payment,Service quality,0.345713,0.34043026,0.345713,0.13416995,-0.111381024,-0.04214491
4132-POCZS,0.46472836,Billing and payment,Engagement and bundling,0.34122115,-0.29223678,0.34122115,-0.15657839,0.18225667,-0.17489795
5614-DNZCE,-1.4368088,No actionable lever,Service quality,-0.0937147,-0.17539656,-0.0937147,-0.3396576,-0.19411297,-0.33335334
1095-JUDTC,0.5048952,Billing and payment,Service quality,0.32463443,0.2881834,0.32463443,-0.16092673,0.07781489,-0.023851424
3896-RCYYE,0.4388461,Engagement and bundling,Price and plan fit,0.19125763,-0.26482493,-0.13713975,-0.19108574,0.19125763,-0.12037346
9638-JIQYA,0.6358079,Protection and support,Engagement and bundling,0.14173551,-0.2159043,-0.1037652,0.14173551,0.023149684,-0.023667857
3258-SANFR,0.53187186,Protection and support,Price and plan fit,0.11144479,-0.31640908,-0.3166897,0.11144479,-0.22978212,-0.1374158
3726-TBHQT,-1.5018423,Price and plan fit,Service quality,0.26011077,0.17457469,-0.07553882,-0.41206598,0.08427258,0.26011077
3190-ITQXP,-1.4216585,Protection and support,Engagement and bundling,0.06721121,-0.4897139,-0.26107022,0.06721121,-0.19573444,-0.4570265
0870-VEMYL,0.5383436,Price and plan fit,Engagement and bundling,0.030455992,-0.32980037,-0.27793515,-0.2819503,-0.16135895,0.030455992
4833-QTJNO,0.5384052,Service quality,Engagement and bundling,0.24749191,0.24749191,-0.31841522,-0.17589882,-0.15317899,-0.15538591
3039-MJSLN,0.5205142,Protection and support,Engagement and bundling,0.07585767,-0.8663781,-0.34624037,0.07585767,-0.17383784,-0.51085526
0178-CIIKR,0.56117886,Protection and support,Engagement and bundling,0.077811316,-0.82314885,-0.3543578,0.077811316,-0.17723212,-0.20821857
5385-SUIRI,0.40716007,Billing and payment,Service quality,0.3061312,0.27657074,0.3061312,-0.16139914,0.24468724,0.24667428
3982-XWFZQ,0.4880973,Billing and payment,Protection and support,0.35578096,-0.31985295,0.35578096,0.13583097,-0.07190439,-0.2011243
5774-QPLTF,-0.6987273,Protection and support,Billing and payment,0.07757543,-0.5588244,-0.11926383,0.07757543,-0.3100392,-0.4440445
2322-VCZHZ,0.53163844,Billing and payment,Service quality,0.3209679,0.30412608,0.3209679,-0.20449765,-0.10729613,-0.10806308
5010-IPEAQ,-1.4544734,No actionable lever,Service quality,-0.046004955,-0.16276479,-0.22619902,-0.3615894,-0.046004955,-0.20441456
4009-ALQFH,0.5077625,Billing and payment,Service quality,0.39130354,0.3178229,0.39130354,0.08876285,0.062327974,0.17754774
6383-ZTSIW,-0.5696999,Engagement and bundling,Service quality,0.20644858,0.20275839,-0.28425434,-0.15402305,0.20644858,0.18321085
8990-YOZLV,-1.4455348,No actionable lever,Service quality,-0.13845786,-0.17224303,-0.19635892,-0.33360898,-0.13845786,-0.25716713
3069-SSVSN,-1.0116255,Protection and support,Price and plan fit,0.12602364,-0.14141,-0.29690462,0.12602364,-0.1299026,-0.10668305
5222-IMUKT,0.51368433,Service quality,Protection and support,0.32271582,0.32271582,-0.018868871,0.13441361,0.09136634,0.023941685
3627-FCRDW,0.5950793,Service quality,Protection and support,0.34369949,0.34369949,-0.022966068,0.12594248,-0.2319615,-0.12599455
7562-GSUHK,0.544384,Service quality,Protection and support,0.3196235,0.3196235,-0.081464164,0.11473375,-0.070327,-0.07880748
6685-XSHHU,-1.481813,Protection and support,Billing and payment,0.08526384,-0.52541655,-0.095621,0.08526384,-0.2492232,-0.67205095
8901-UPRHR,-1.3614615,Price and plan fit,Service quality,0.51239926,0.17870878,-0.075739406,-0.10086273,0.1523925,0.51239926
4903-UYAVB,0.5361061,Protection and support,Engagement and bundling,0.07087142,-0.8731408,-0.3619586,0.07087142,-0.21778822,-0.48546088
0118-JPNOY,0.56466347,Service quality,Price and plan fit,0.31408677,0.31408677,-0.13658203,-0.14519326,-0.046845734,0.008707851
6776-TLWOI,0.55766237,Protection and support,Engagement and bundling,0.0858991,-0.85362697,-0.34826204,0.0858991,-0.22523697,-0.5240744
3845-FXCYS,0.5511234,Billing and payment,Protection and support,0.34421808,-0.86621904,0.34421808,0.091321565,-0.18141437,-0.3173368
5857-XRECV,-0.82926834,Protection and support,Engagement and bundling,0.06858964,-0.59786105,-0.28772488,0.06858964,-0.28516686,-0.3507654
0725-CXOTM,-0.4732898,Engagement and bundling,Billing and payment,0.30032074,-0.21756075,-0.09669534,-0.31052896,0.30032074,-0.15350574
4343-EJVQB,0.614679,Service quality,Price and plan fit,0.34971303,0.34971303,-0.36537254,-0.16437556,-0.21886767,-0.07094143
9000-PLFUZ,-1.5196979,Engagement and bundling,Protection and support,0.3265921,-0.13612483,-0.095747136,0.15208766,0.3265921,-0.16913445
3427-GGZZI,0.548108,Billing and payment,Service quality,0.37699044,0.30828774,0.37699044,0.09741599,0.03299512,-0.101844
7779-ORAEL,-1.47324,Engagement and bundling,Service quality,0.12524316,-0.15754482,-0.21300258,-0.28253102,0.12524316,-0.29898503
0644-OQMDK,0.6278635,Service quality,Billing and payment,0.31285086,0.31285086,0.30299965,0.13785,-0.22556527,-0.10925452
4077-CROMM,0.45040563,Billing and payment,Service quality,0.32757804,0.30175728,0.32757804,-0.06897327,0.17282677,0.261252
3154-CFSZG,0.5008833,Service quality,Billing and payment,0.27306697,0.27306697,0.02626983,-0.14983381,-0.09406911,-0.15359885
2868-MZAGQ,0.62761337,Billing and payment,Service quality,0.30531412,0.2925036,0.30531412,0.15328455,-0.07427666,0.23121801
4847-QNOKA,0.60856754,Protection and support,Price and plan fit,0.13511415,-0.23169042,-0.09776236,0.13511415,-0.16575933,0.10399274
2220-IAHLS,0.6061374,Protection and support,Price and plan fit,0.084930114,-0.66170883,-0.326336,0.084930114,-0.16629866,0.02077651
1658-XUHBX,0.5160532,Service quality,Protection and support,0.27516347,0.27516347,-0.104584664,0.16954908,0.110789396,-0.1858928
6379-RXJRQ,0.60735047,Billing and payment,Service quality,0.3849473,0.3480513,0.3849473,0.12797351,-0.17862192,-0.016294893
2378-HTWFW,0.5110828,Service quality,Engagement and bundling,0.28372425,0.28372425,-0.27684698,-0.15660001,0.0102761835,-0.06624195
8650-RHRKE,0.57155466,Billing and payment,Protection and support,0.35528666,-0.24648573,0.35528666,0.14732146,0.038415745,-0.013070166
4377-VDHYI,-0.6484565,Billing and payment,Service quality,0.28374076,0.24570528,0.28374076,-0.20104961,-0.012264799,-0.077305526
0475-RIJEP,0.5500879,Billing and payment,Service quality,0.357638,0.3130163,0.357638,0.107255794,-0.09258485,-0.17761365
1260-TTRXI,0.50554717,Protection and support,Price and plan fit,0.12727961,-0.2480177,-0.050156735,0.12727961,-0.07709919,-0.04878163
3719-TDVQB,-1.4236566,Protection and support,Billing and payment,0.07065687,-0.49969795,-0.14505903,0.07065687,-0.23022085,-0.9214733
6328-ZPBGN,0.5472656,Service quality,Price and plan fit,0.34983176,0.34983176,-0.081108525,0.13616528,0.1823571,0.24233916
0201-MIBOL,-1.4954568,Engagement and bundling,Service quality,0.2060679,0.17640296,-0.07829611,-0.16193096,0.2060679,0.05181198
4937-QPZPO,-0.5728079,Billing and payment,Engagement and bundling,0.34683686,0.22427836,0.34683686,0.1827712,0.3344676,0.2801606
2925-VDZHY,-1.5583296,Engagement and bundling,Service quality,0.08827681,-0.16570179,-0.23804203,-0.38472435,0.08827681,-0.22500739
6981-TDRFT,-0.55161613,Billing and payment,Engagement and bundling,0.30027568,-0.20448571,0.30027568,-0.16755295,0.2337587,-0.11500561
3413-CSSTH,0.49239963,Protection and support,Engagement and bundling,0.12396551,-0.30764234,-0.13016813,0.12396551,-0.11594652,-0.16629446
8033-VCZGH,-0.5490951,Price and plan fit,Billing and payment,0.3628094,0.22270402,0.31503108,-0.13476819,0.28832665,0.3628094
4789-KWMXN,-0.514796,Price and plan fit,Engagement and bundling,0.38948566,0.21670562,-0.07949179,-0.27278918,0.30474144,0.38948566
0224-NIJLP,-1.5643575,Protection and support,Engagement and bundling,0.069580965,-0.60163033,-0.30359247,0.069580965,-0.24223065,-0.69524086
7542-CYDDM,0.48811212,Protection and support,Engagement and bundling,0.07507092,-0.79070246,-0.3900018,0.07507092,-0.19908015,-0.2198077
4718-WXBGI,-1.5618534,Engagement and bundling,Billing and payment,0.0656421,-0.16739951,-0.11631116,-0.41833943,0.0656421,-0.20847441
2867-UIMSS,0.60968375,Service quality,Price and plan fit,0.29057318,0.29057318,-0.03582976,0.13936055,-0.076137826,0.25749606
8495-PRWFH,0.46671546,Protection and support,Billing and payment,0.11666121,-0.2999103,0.04989252,0.11666121,-0.07696049,-0.15321742
0439-IFYUN,0.56884855,Billing and payment,Service quality,0.3374571,0.30624,0.3374571,0.09294524,-0.18283883,-0.10425491
5716-LIBJC,-0.6314309,Engagement and bundling,Price and plan fit,0.28820285,0.24822305,-0.022584856,0.09503488,0.28820285,0.28231558
2868-LLSKM,-0.82200575,Service quality,Billing and payment,0.21537215,0.21537215,-0.10207823,-0.12162254,-0.21664372,-0.22633837
8111-RKSPX,0.6424065,Service quality,Protection and support,0.31729075,0.31729075,-0.0909076,0.15429573,-0.025452787,-0.04989671
2988-QRAJY,-1.2984949,Price and plan fit,Service quality,0.61569256,0.19394994,-0.066015266,-0.22417796,0.16801472,0.61569256
1585-MQSSU,0.48765406,No actionable lever,Price and plan fit,-0.052536324,-0.29478306,-0.3903966,-0.052536324,-0.22064297,-0.10591672
0071-NDAFP,-1.4767921,Protection and support,Engagement and bundling,0.076364785,-0.51856124,-0.270131,0.076364785,-0.11390992,-0.39410898
2856-NNASM,0.5207349,Service quality,Protection and support,0.31227803,0.31227803,-0.12114537,0.14857888,0.09309691,-0.022482455
7328-ZJAJO,-1.4451954,Protection and support,Billing and payment,0.073402226,-0.51966965,-0.23262508,0.073402226,-0.24029464,-0.81700695
6458-CYIDZ,0.59411246,Service quality,Billing and payment,0.2922482,0.2922482,-0.046003945,-0.20807643,-0.16953444,-0.055440217
8559-CIZFV,-0.6844405,No actionable lever,Engagement and bundling,-0.021487221,-0.22991046,-0.32558036,-0.28609374,-0.07876785,-0.021487221
1090-PYKCI,-0.70988876,Price and plan fit,Service quality,0.30633962,0.20550866,-0.08147517,-0.34214905,-0.13267104,0.30633962
3058-WQDRE,0.5611039,Protection and support,Engagement and bundling,0.13504732,-0.3275728,-0.12420937,0.13504732,-0.030430436,-0.23090489
7547-EKNFS,0.52152884,Service quality,Protection and support,0.3045472,0.3045472,-0.1259467,0.105069,0.040946804,-0.03621497
2279-AXJJK,0.46750247,Service quality,Engagement and bundling,0.28794816,0.28794816,-0.09788941,-0.14940864,0.10863424,-0.08240445
6769-DYBQN,0.5010184,Service quality,Billing and payment,0.26723328,0.26723328,0.03803051,-0.14084516,-0.10976003,-0.2018387
0909-SELIE,-1.5002307,Engagement and bundling,Billing and payment,0.046126544,-0.1699111,-0.12306018,-0.3463248,0.046126544,-0.20857164
3417-TSCIC,-0.78187346,Protection and support,Billing and payment,0.13693383,-0.1952798,-0.12932426,0.13693383,-0.20288223,-0.3636879
1042-HFUCW,-0.71898127,No actionable lever,Protection and support,-0.051572293,-0.28421482,-0.051572293,-0.071451366,-0.29048607,-0.118619695
4439-JMPMT,0.6242287,Service quality,Billing and payment,0.31786168,0.31786168,0.2980581,-0.061933983,-0.09792447,0.1266086
6537-OTKMY,-0.56888694,Engagement and bundling,Protection and support,0.350316,-0.20427758,0.0047421223,0.14198057,0.350316,-0.082921766
8999-EXMNO,-1.5014752,Protection and support,Engagement and bundling,0.07001122,-0.5595265,-0.3270747,0.07001122,-0.21989289,-0.64081347
6725-TPKJO,-1.4291152,Protection and support,Engagement and bundling,0.071335934,-0.49597222,-0.3367329,0.071335934,-0.21903963,-0.5076266
2446-BEGGB,0.5691521,Service quality,Billing and payment,0.3531984,0.3531984,0.32162696,0.09073632,0.16826057,0.3038946
7162-WPHPM,-1.4264925,No actionable lever,Service quality,-0.08808558,-0.17214069,-0.2308399,-0.3007121,-0.08808558,-0.31781662
1599-MMYRQ,-0.82397604,Service quality,Billing and payment,0.19538397,0.19538397,-0.0899089,-0.16896752,-0.34581152,-0.18354736
8821-KVZKQ,-0.46587837,Engagement and bundling,Billing and payment,0.2114864,-0.18035334,-0.08760156,-0.22188549,0.2114864,-0.25268492
1496-GGSUK,0.64753246,Protection and support,Price and plan fit,0.14440955,-0.22497185,-0.12096481,0.14440955,0.016973913,0.047527272
6434-TTGJP,-1.6129858,Engagement and bundling,Price and plan fit,0.05374595,-0.20345506,-0.24146666,-0.33192924,0.05374595,-0.10804984
0042-JVWOJ,-0.69213617,Protection and support,Billing and payment,0.07666715,-0.5939696,-0.062243387,0.07666715,-0.33758965,-0.5402129
0130-SXOUN,0.50252074,Service quality,Protection and support,0.2779037,0.2779037,-0.33849433,0.11703693,0.054355282,-0.18035445
2575-GFSOE,0.62520844,Service quality,Billing and payment,0.36559758,0.36559758,0.32537508,0.14291023,-0.21246903,-0.14155939
2330-PQGDQ,-0.8161964,Service quality,Price and plan fit,0.21282277,0.21282277,-0.2768451,-0.098986916,-0.19668047,-0.029483318
1452-UZOSF,-1.4382757,Price and plan fit,Service quality,0.34252915,0.16577645,-0.10445952,-0.40371427,-0.06041976,0.34252915
2097-YVPKN,-1.4453782,Protection and support,Engagement and bundling,0.075004995,-0.5023946,-0.33444133,0.075004995,-0.18950403,-0.53203183
2842-JTCCU,0.57606745,Protection and support,Price and plan fit,0.12062671,-0.2159814,-0.35266417,0.12062671,-0.17315988,-0.0063661262
8597-CTXVJ,-0.6604237,No actionable lever,Service quality,-0.07962208,-0.18222383,-0.26172683,-0.2983347,-0.22524776,-0.07962208
6631-HMANX,-1.5668001,Engagement and bundling,Protection and support,0.16601147,-0.16331366,-0.12744999,-0.12579083,0.16601147,-0.30416355
9962-BFPDU,0.6089448,Protection and support,Price and plan fit,0.08690835,-0.6531229,-0.31614754,0.08690835,-0.1538154,0.06207034
3296-SILRA,0.66557604,Service quality,Price and plan fit,0.2927047,0.2927047,-0.10501028,0.121175,-0.14973013,0.24102661
9681-OXGVC,0.55833584,Price and plan fit,Service quality,0.46047813,0.32117516,0.31471133,0.1515376,0.23485954,0.46047813
6394-HHHZM,0.5245297,Protection and support,Engagement and bundling,0.08071186,-0.8450011,-0.42543468,0.08071186,-0.1786662,-0.41027164
5995-LFTLE,-1.4729056,Protection and support,Billing and payment,0.088789925,-0.51250046,-0.08786569,0.088789925,-0.16285732,-0.5966692
5180-UCIIQ,0.45851475,Engagement and bundling,Price and plan fit,0.15075932,-0.28703648,-0.3501709,-0.11964366,0.15075932,0.018179614
1932-UEDCX,0.46251586,Service quality,Engagement and bundling,0.29267576,0.29267576,-0.10632029,0.09647758,0.18279499,0.110937834
7153-OANIO,0.6299271,Service quality,Price and plan fit,0.28974864,0.28974864,-0.014098295,0.13114764,-0.16174908,0.2290923
5188-HGMLP,0.5427107,Service quality,Protection and support,0.26954603,0.26954603,-0.328431,0.12384805,-0.120287254,-0.23947158
0665-XHDJU,-1.6166463,Billing and payment,Price and plan fit,0.40713075,0.19593456,0.40713075,0.15079623,0.204934,0.21118066
6521-YYTYI,0.6232716,Price and plan fit,Billing and payment,0.3624734,0.2954466,0.30008334,0.15975836,0.15791339,0.3624734
8878-HMWBV,0.57002175,Billing and payment,Protection and support,0.33889398,-0.24186692,0.33889398,0.13243966,-0.2146621,-0.119945124
8265-HKSOW,-1.3280762,Price and plan fit,Service quality,0.51800084,0.15218806,-0.21265072,-0.3505413,0.042143453,0.51800084
3544-FBCAS,-1.5642544,Engagement and bundling,Billing and payment,0.106167555,-0.16575748,-0.120722756,-0.2291927,0.106167555,-0.20379445
5331-RGMTT,0.47805893,Service quality,Engagement and bundling,0.2841781,0.2841781,-0.1121724,0.17122841,0.22216126,0.062017962
4759-PXTAN,-0.5319567,Billing and payment,Engagement and bundling,0.302931,-0.21421319,0.302931,-0.15208456,0.25695133,-0.12631346
7054-DMVAS,-1.4576656,No actionable lever,Billing and payment,-0.083125085,-0.1877143,-0.12230584,-0.17172338,-0.083125085,-0.21345407
3428-MMGUB,-1.5747098,Billing and payment,Service quality,0.48769292,0.20893455,0.48769292,0.15999879,0.0458868,-0.2502111
6549-BTYPG,-1.503307,Engagement and bundling,Service quality,0.19979358,-0.1514081,-0.2537776,-0.18839349,0.19979358,-0.24905679
7823-JSOAG,0.6099993,Service quality,Protection and support,0.2870046,0.2870046,-0.03936679,0.12695447,-0.05914974,-0.016452715
3705-RHRFR,-1.5627482,Engagement and bundling,Service quality,0.21872033,0.18869728,-0.29997748,-0.12963991,0.21872033,0.084638454
9374-YOLBJ,0.5802901,Protection and support,Billing and payment,0.07584046,-0.7166661,-0.027881265,0.07584046,-0.14674205,-0.3287314
9074-KGVOX,0.49572504,Engagement and bundling,Protection and support,0.11461072,-0.29629236,-0.15111811,-0.14299765,0.11461072,-0.27443936
6128-DAFVY,0.4563591,Engagement and bundling,Protection and support,0.30921245,-0.27171576,-0.13342927,0.17103533,0.30921245,-0.14716288
9933-QRGTX,-1.524765,Billing and payment,Service quality,0.39516735,0.19115818,0.39516735,-0.30739596,0.09359412,-0.022548698
4476-OSWTN,-0.5087658,Price and plan fit,Engagement and bundling,0.38292855,0.19486691,-0.14536777,-0.26138756,0.29220462,0.38292855
3751-KTZEL,0.56817305,Engagement and bundling,Protection and support,0.1482354,-0.2158789,-0.3381064,0.14742875,0.1482354,0.10940877
1977-STDKI,0.65072435,Billing and payment,Service quality,0.2921967,0.28940034,0.2921967,0.10663418,-0.15243274,0.24299291
5066-GFJMM,0.539397,Protection and support,Billing and payment,0.08215987,-0.88090587,-0.1211261,0.08215987,-0.18850467,-0.4563611
2661-GKBTK,-1.4807248,Engagement and bundling,Protection and support,0.117600225,-0.16878732,-0.2647838,-0.11379082,0.117600225,-0.269117
0458-HEUZG,-1.57846,No actionable lever,Engagement and bundling,-0.098257355,-0.15360981,-0.35559827,-0.098257355,-0.102899946,-0.12431055
7268-WNTCP,-1.4469018,Protection and support,Billing and payment,0.06949795,-0.514794,-0.23664938,0.06949795,-0.2700404,-0.7701148
0824-VWDPO,-0.5679402,Service quality,Engagement and bundling,0.20403431,0.20403431,-0.28211987,-0.19671099,0.15998212,0.03965438
8409-WQJUX,-0.5292959,Engagement and bundling,Billing and payment,0.2892006,-0.27957213,0.053000424,-0.11048321,0.2892006,-0.2670535
2578-JQPHZ,-1.5375122,Price and plan fit,Service quality,0.21463907,0.20233703,-0.2797695,-0.05364322,0.13900614,0.21463907
3278-FSIXX,0.59089524,Protection and support,Price and plan fit,0.13153443,-0.22043383,-0.11563043,0.13153443,-0.17292853,0.0055392683
5813-UECBU,0.56665194,Service quality,Protection and support,0.30784678,0.30784678,-0.103947036,0.11283787,-0.10334143,-0.026562175
0328-GRPMV,0.651912,Billing and payment,Service quality,0.31706858,0.29167905,0.31706858,0.14280373,-0.1583524,0.21209624
9746-UGFAC,-0.7397801,Protection and support,Billing and payment,0.06963723,-0.55453515,-0.28496805,0.06963723,-0.3289877,-0.30961612
2946-KIQSP,0.5059816,No actionable lever,Engagement and bundling,-0.051245265,-0.2975552,-0.17037204,-0.14088625,-0.05371858,-0.051245265
0625-AFOHS,-1.4356889,Protection and support,Engagement and bundling,0.07335874,-0.5014992,-0.35886577,0.07335874,-0.19842258,-0.47898647
6726-WEXXK,-0.85272,Billing and payment,Service quality,0.40027177,0.2293609,0.40027177,-0.13744871,-0.19745494,-0.14465281
4636-OLWOE,-0.7092729,Billing and payment,Price and plan fit,0.34940857,-0.20258935,0.34940857,-0.1474399,-0.25206006,-0.13984807
4342-HENTK,0.6368383,Billing and payment,Service quality,0.305948,0.28500044,0.305948,0.13785215,-0.17029826,0.055474952
4685-ERGHK,-0.8366982,Billing and payment,Service quality,0.4158253,0.23105845,0.4158253,0.15240024,-0.048186895,-0.11905958
0885-HMGPY,-1.4151292,No actionable lever,Service quality,-0.1463263,-0.1598503,-0.28138393,-0.29218417,-0.1463263,-0.23736808
5003-OKNNK,-0.75130624,Protection and support,Billing and payment,0.07340887,-0.58309627,-0.27387467,0.07340887,-0.33963248,-0.63581747
4195-SMMNX,0.53969204,Protection and support,Engagement and bundling,0.08045757,-0.8028094,-0.39358923,0.08045757,-0.18140258,-0.406847
7208-PSIHR,-1.4599006,Price and plan fit,Engagement and bundling,0.36478373,0.20236447,-0.07561913,-0.04286164,0.23948878,0.36478373
4012-ZTHBR,0.50321716,Billing and payment,Protection and support,0.40322995,-0.30343348,0.40322995,0.121194184,-0.17416999,-0.027304644
0489-WMEMG,-0.7520516,Billing and payment,Price and plan fit,0.3929425,-0.21305352,0.3929425,-0.06741123,-0.2637002,0.021227883
7435-ZNUYY,-0.7645113,Protection and support,Engagement and bundling,0.073699266,-0.6314996,-0.34636185,0.073699266,-0.3060655,-0.3884515
1354-YZFNB,-1.5296701,Protection and support,Engagement and bundling,0.070734985,-0.58720773,-0.29556143,0.070734985,-0.19149981,-0.5347995
6956-SMUCM,0.56539875,Price and plan fit,Service quality,0.32059786,0.28803313,-0.07415991,-0.17980431,0.06559831,0.32059786
2985-FMWYF,0.5109521,Billing and payment,Service quality,0.34548327,0.33876964,0.34548327,0.16599436,0.247516,0.16114336
2812-ENYMO,-0.46852297,Engagement and bundling,Price and plan fit,0.3266539,-0.28411174,-0.31504744,-0.32089037,0.3266539,-0.25147656
2717-HVIZY,0.5135772,Protection and support,Engagement and bundling,0.07183412,-0.93552506,-0.34800413,0.07183412,-0.1955705,-0.49409238
3223-WZWJM,0.544549,Billing and payment,Service quality,0.3554543,0.33621305,0.3554543,0.15240046,0.098173276,-0.05196656
3422-GALYP,0.63412684,Billing and payment,Service quality,0.34263206,0.28536296,0.34263206,0.105567984,-0.044065293,0.0191039
9053-JZFKV,-1.3540363,Price and plan fit,Service quality,0.5302988,0.18693306,-0.20296456,-0.28209993,0.12274167,0.5302988
2530-ENDWQ,-1.6234305,Engagement and bundling,Protection and support,0.21913902,0.18860605,-0.10082616,0.20863453,0.21913902,-0.013153814
2890-WFBHU,-0.46045664,Engagement and bundling,Service quality,0.17417265,-0.18988135,-0.21340452,-0.3135523,0.17417265,-0.19010419
0327-WFZSY,-0.55219644,Engagement and bundling,Service quality,0.27428755,0.22761361,0.03158813,0.15288419,0.27428755,0.1658884
7977-HXJKU,-1.4319671,Protection and support,Engagement and bundling,0.074039295,-0.50352013,-0.31350294,0.074039295,-0.19538271,-0.31612676
6615-ZGEDR,0.60684955,Protection and support,Price and plan fit,0.087211706,-0.6557077,-0.32259062,0.087211706,-0.1699419,0.054831333
7033-CLAMM,-1.4528894,Protection and support,Billing and payment,0.074442625,-0.53253067,-0.19843939,0.074442625,-0.24585783,-0.6891909
4023-RTIQM,-0.50506455,Engagement and bundling,Billing and payment,0.2564457,-0.24771461,-0.06527013,-0.14660181,0.2564457,-0.213339
0864-FVJNJ,-0.5239278,Price and plan fit,Service quality,0.22402237,0.19870216,0.07910512,-0.3190212,0.18345085,0.22402237
7356-IWLFW,0.5645607,Service quality,Protection and support,0.31321162,0.31321162,-0.103802264,0.12789561,-0.038821798,-0.18169536
9541-PWTWO,-1.5262761,Engagement and bundling,Billing and payment,0.22405615,-0.1861394,-0.090701714,-0.09559738,0.22405615,-0.26819348
3967-VQOGC,-1.4929843,Protection and support,Engagement and bundling,0.08615499,-0.528999,-0.17009947,0.08615499,-0.15965825,-0.6460192
7872-RDDLZ,0.45878637,Protection and support,Billing and payment,0.10086728,-0.26376337,0.039513428,0.10086728,-0.106306724,-0.28251952
9250-WYPLL,0.60589534,Service quality,Protection and support,0.31363454,0.31363454,-0.028338041,0.13868842,-0.014588955,0.030624494
6308-CQRBU,-1.2889793,Price and plan fit,Service quality,0.5943934,0.18305951,0.121069245,-0.09398277,0.15614824,0.5943934
2754-XBHTB,0.62667394,Service quality,Protection and support,0.3484446,0.3484446,-0.11021926,0.12840816,-0.08450686,-0.049473025
1597-LHYNC,0.49891013,Billing and payment,Service quality,0.31641254,0.31165496,0.31641254,-0.20492561,0.033001795,0.07912506
0186-CAERR,-0.526966,Price and plan fit,Engagement and bundling,0.30908912,0.18973994,-0.097281456,-0.3886054,0.22146988,0.30908912
3043-SUDUA,0.45651975,Protection and support,Engagement and bundling,0.07475515,-0.7749662,-0.373158,0.07475515,-0.1907059,-0.48879322
5442-BHQNG,0.6161684,Service quality,Protection and support,0.27517858,0.27517858,-0.046201967,0.12033891,-0.17040138,0.05529488
2169-RRLFW,-1.4585996,Protection and support,Engagement and bundling,0.09082388,-0.4872098,-0.24866456,0.09082388,-0.1247755,-0.45045978
5872-OEQNH,-0.54972744,Billing and payment,Engagement and bundling,0.32600704,-0.18577036,0.32600704,-0.13810317,0.21042378,-0.20690027
3162-KKZXO,-0.5768194,Billing and payment,Engagement and bundling,0.3347537,0.21561216,0.3347537,0.1683696,0.2831795,0.1988909
7055-VKGDA,-0.4597991,Price and plan fit,Service quality,0.42568418,0.21030381,-0.07278596,-0.32338417,0.20270859,0.42568418
0754-UKWQP,0.5785804,Billing and payment,Service quality,0.31333655,0.29859096,0.31333655,0.15501305,0.034852237,0.26922762
8873-GLDMH,0.6314894,Service quality,Protection and support,0.35192856,0.35192856,-0.10686417,0.13404284,-0.06380178,-0.015946634
5696-JVVQY,-1.5119994,Engagement and bundling,Billing and payment,0.002933478,-0.18062468,-0.06729555,-0.2027353,0.002933478,-0.16756216
8946-BFWSG,-1.4479295,Protection and support,Engagement and bundling,0.076645106,-0.49525434,-0.33100697,0.076645106,-0.17453519,-0.5264822
7493-TPUWZ,0.6523601,Billing and payment,Service quality,0.32235825,0.2918635,0.32235825,0.10935249,-0.036449824,0.22588018
0547-HURJB,0.48766303,Protection and support,Engagement and bundling,0.07815628,-0.85931623,-0.3648291,0.07815628,-0.16707578,-0.2248242
8904-OPDCK,0.5316782,Protection and support,Engagement and bundling,0.14349249,-0.2661488,-0.13710006,0.14349249,0.0057840496,-0.44124606
8845-LWKGE,-0.72259283,Billing and payment,Protection and support,0.3450298,-0.2915931,0.3450298,-0.070501216,-0.16330127,-0.24419948
1577-HKTFG,0.4808249,Protection and support,Engagement and bundling,0.06543767,-0.77395,-0.2795867,0.06543767,-0.23335296,-0.4477416
8752-STIVR,0.631167,Billing and payment,Service quality,0.3601004,0.3070511,0.3601004,0.13499093,-0.05168572,-0.0031590909
0691-NIKRI,-0.5471902,Price and plan fit,Engagement and bundling,0.45549393,0.23000997,-0.06424052,-0.0524742,0.35530552,0.45549393
5022-JNQEQ,0.60910845,Billing and payment,Service quality,0.34748664,0.33713567,0.34748664,-0.08002134,-0.14951631,-0.08213873
4558-FANTW,0.5388829,Service quality,Billing and payment,0.2988131,0.2988131,0.046747915,-0.25691652,-0.028185308,0.03960938
3249-VHRIP,-1.5652678,Engagement and bundling,Protection and support,0.15870763,-0.1475451,-0.08631167,0.14704539,0.15870763,-0.2549188
3736-BLEPA,-0.84893364,Service quality,Price and plan fit,0.25037313,0.25037313,-0.083753735,-0.11005594,-0.15968399,-0.08268006
4701-LKOZD,-1.5229373,Engagement and bundling,Service quality,0.11656419,-0.17996669,-0.23313726,-0.327325,0.11656419,-0.29588544
6603-QWSPR,-1.2995511,Price and plan fit,Service quality,0.6547176,0.21155505,-0.058975462,-0.12117652,0.07437589,0.6547176
9921-QFQUL,0.52800214,Service quality,Protection and support,0.32536715,0.32536715,-0.4038666,0.12874661,0.04399508,-0.09269866
1929-ZCBHE,-0.69268227,Billing and payment,Engagement and bundling,0.14461716,-0.1929016,0.14461716,-0.34600404,-0.17595947,-0.24991283
4378-MYPGO,-1.3575459,Price and plan fit,Service quality,0.61083096,0.1944658,-0.075529546,-0.19085182,0.05503783,0.61083096
8651-ENBZX,-0.5639902,Price and plan fit,Billing and payment,0.35413498,0.20887586,0.32283467,-0.03272897,0.30500087,0.35413498
4129-LYCOI,-1.4662707,Billing and payment,Price and plan fit,0.3064328,0.20952815,0.3064328,-0.17425127,0.19515568,0.24814919
7798-JVXYM,0.48366776,Billing and payment,Engagement and bundling,0.37007484,-0.36386976,0.37007484,-0.08015939,0.051686514,-0.04557655
8647-SDTWQ,0.53318924,Billing and payment,Service quality,0.38234028,0.2839628,0.38234028,0.14292017,-0.08236267,-0.23993513
2696-ECXKC,-0.5084569,Engagement and bundling,Service quality,0.30618972,0.20511317,-0.34346604,-0.13883774,0.30618972,0.17364913
2081-KJSQF,0.61939096,Protection and support,Price and plan fit,0.09799097,-0.6678996,-0.09563292,0.09799097,-0.16889176,0.018971011
7623-TRNQN,0.59703827,Price and plan fit,Billing and payment,0.103912815,-0.23516856,-0.12780614,-0.17011453,-0.13730623,0.103912815
3323-CPBWR,0.5302573,Service quality,Engagement and bundling,0.334786,0.334786,-0.111780204,-0.094986364,0.051311053,-0.008279733
9330-IJWIO,0.5143119,Service quality,Billing and payment,0.343341,0.343341,0.33406413,-0.17804804,0.2275613,0.2204932
3384-CTMSF,0.42355427,Billing and payment,Service quality,0.32212627,0.30687174,0.32212627,0.11969346,0.25408888,0.23157038
0902-RFHOF,-0.6877962,Protection and support,Engagement and bundling,0.06479539,-0.5272314,-0.34159774,0.06479539,-0.3199869,-0.44318813
9286-DOJGF,0.56243855,Service quality,Protection and support,0.31215787,0.31215787,-0.12565161,0.14118053,-0.11495097,-0.12569211
6048-QBXKL,0.5915607,Protection and support,Engagement and bundling,0.12990178,-0.27781904,-0.07738457,0.12990178,-0.018856062,-0.040444158
9661-MHUMO,0.5937789,Price and plan fit,Billing and payment,0.12705609,-0.23199312,-0.10178864,-0.16866046,-0.14032641,0.12705609
7718-RXDGG,0.5971469,Service quality,Protection and support,0.33091214,0.33091214,-0.104150325,0.13913807,-0.2296984,-0.1515871
1025-FALIX,0.5704369,Service quality,Protection and support,0.33549628,0.33549628,-0.117481425,0.13084453,-0.20821507,-0.2262573
3451-VAWLI,-1.4741156,Protection and support,Engagement and bundling,0.06657199,-0.53207314,-0.24316368,0.06657199,-0.24237245,-0.77334535
3407-QGWLG,0.57606596,Protection and support,Billing and payment,0.08284287,-0.87701684,-0.11332255,0.08284287,-0.19939125,-0.5077318
1842-EZJMK,0.42460695,Service quality,Engagement and bundling,0.28880143,0.28880143,-0.027962916,-0.17925784,0.19971623,0.12000418
2347-WKKAE,0.48594958,Billing and payment,Service quality,0.353303,0.28897414,0.353303,-0.1590649,0.024859931,-0.07215275
8735-DCXNF,0.5108252,No actionable lever,Price and plan fit,-0.12331454,-0.40025163,-0.12331454,-0.31130323,-0.21433128,-0.19112962
3214-IYUUQ,-0.5386782,Service quality,Engagement and bundling,0.19049089,0.19049089,-0.2704568,-0.31241164,0.036616348,-0.10859446
1936-UAFEH,-1.2681053,Price and plan fit,Service quality,0.56364554,0.18693306,-0.22910063,-0.31068322,0.17556907,0.56364554
3587-PMCOY,-0.73807114,Price and plan fit,Billing and payment,0.35979137,0.24856591,0.28767157,-0.1600602,0.14887714,0.35979137
8079-XRJRS,-0.7951724,Service quality,Billing and payment,0.20065543,0.20065543,0.15978386,-0.1571659,-0.23907906,-0.14992711
1027-LKKQQ,-1.546339,Engagement and bundling,Billing and payment,0.049763978,-0.17157966,-0.13784811,-0.37350312,0.049763978,-0.31098974
7148-XZPHA,0.5094079,Service quality,Billing and payment,0.26937595,0.26937595,0.0075843995,-0.165292,-0.18981084,-0.19533932
8073-IJDCM,0.6198684,Protection and support,Price and plan fit,0.096331455,-0.6678996,-0.09380127,0.096331455,-0.16654523,0.023194313
5309-TAIKL,0.47281608,No actionable lever,Protection and support,-0.03680305,-0.38942862,-0.36402875,-0.060243227,-0.03680305,-0.12185373
6856-RAURS,0.64606154,Service quality,Protection and support,0.2874096,0.2874096,-0.09775296,0.13758554,-0.058315255,-0.011596404
8778-LMWTJ,0.60282964,Service quality,Billing and payment,0.3360546,0.3360546,0.32327855,-0.21998152,-0.22334677,-0.20468721
9717-IOAAF,-1.4664829,Protection and support,Engagement and bundling,0.0845349,-0.5091026,-0.070424765,0.0845349,-0.06888755,-0.30851987
8884-ADFVN,0.5373159,Price and plan fit,Service quality,0.37506413,0.35924602,0.31885156,0.14711168,0.19141375,0.37506413
2845-KDHVX,-1.5146282,No actionable lever,Protection and support,-0.020576129,-0.16100417,-0.1493458,-0.124974795,-0.020576129,-0.1596651
0848-SOMKO,-1.4748636,Engagement and bundling,Service quality,0.0680971,-0.15107372,-0.25318062,-0.3435211,0.0680971,-0.36954263
2720-WGKHP,0.5846708,Billing and payment,Service quality,0.29047045,0.28620282,0.29047045,0.15571958,0.16853797,0.24593556
6734-FQAJX,-1.2628541,Price and plan fit,Billing and payment,0.54883265,0.18395084,0.26876265,-0.36489064,0.047096387,0.54883265
2869-ADAWR,0.56281984,Service quality,Protection and support,0.30173442,0.30173442,-0.12035387,0.1197095,0.03653317,-0.035688847
1535-VTJOQ,-1.4130393,Protection and support,Engagement and bundling,0.07326454,-0.5287205,-0.30096707,0.07326454,-0.1152204,-0.32440743
6368-TZZDT,-1.6406548,Protection and support,Engagement and bundling,0.060233075,-0.5776886,-0.25192454,0.060233075,-0.21940787,-0.6075934
0943-ZQPXH,0.5186246,Service quality,Protection and support,0.3062858,0.3062858,-0.10945762,0.16423734,0.100984395,-0.10231735
1293-BSEUN,-1.5043032,Protection and support,Billing and payment,0.121584825,-0.47623467,-0.1847878,0.121584825,-0.2173082,-0.5951965
9894-EZEWG,0.664975,Service quality,Price and plan fit,0.29554948,0.29554948,-0.08818517,0.11997637,-0.14738214,0.21903318
1302-TPUBN,-1.3873419,Protection and support,Engagement and bundling,0.07072944,-0.47329465,-0.2599434,0.07072944,-0.24710618,-0.5684084
7851-FLGGQ,0.5608967,Price and plan fit,Engagement and bundling,0.109714195,-0.28293964,-0.10815198,-0.25279316,0.08979954,0.109714195
0637-UBJRP,0.56306326,Service quality,Price and plan fit,0.3340027,0.3340027,-0.021746762,-0.13209562,-0.065455385,0.2861531
0940-OUQEC,0.6294886,Service quality,Protection and support,0.3519829,0.3519829,-0.100594044,0.105142325,-0.07175726,0.03767075
2378-VTKDH,0.45053673,Billing and payment,Service quality,0.31713128,0.27396715,0.31713128,0.101313695,0.18924427,0.0034716725
0927-CNGRH,0.6084672,Protection and support,Price and plan fit,0.08836617,-0.65420365,-0.32273343,0.08836617,-0.1558716,0.043972462
8608-OZTLB,-0.66863334,Billing and payment,Price and plan fit,0.16480508,-0.22461349,0.16480508,-0.29851404,-0.13295068,0.0008809874
2335-GSODA,-1.4690306,No actionable lever,Price and plan fit,-0.10300692,-0.23753963,-0.3779829,-0.3224276,-0.10300692,-0.16083112
1952-DVVSW,-0.6920202,Protection and support,Engagement and bundling,0.060315907,-0.61985004,-0.36341012,0.060315907,-0.31972468,-0.5312888
0702-PGIBZ,0.55095685,Service quality,Billing and payment,0.31303033,0.31303033,0.31285197,0.08722776,0.15223579,0.24781364
6656-GULJQ,-1.5496323,Engagement and bundling,Billing and payment,0.13655432,-0.17157966,-0.13706703,-0.38811222,0.13655432,-0.28627658
9853-JFZDU,0.45699453,No actionable lever,Protection and support,-0.044585235,-0.38715175,-0.044585235,-0.09307321,-0.16329241,-0.18925522
1963-VAUKV,0.60732704,Protection and support,Price and plan fit,0.08580619,-0.66759884,-0.3220527,0.08580619,-0.16759537,0.009575173
3777-XROBG,-1.3686075,Protection and support,Engagement and bundling,0.066491336,-0.4940071,-0.2873998,0.066491336,-0.18906447,-0.45687082
6994-FGRHH,-0.5680078,Billing and payment,Price and plan fit,0.2413716,0.22444284,0.2413716,-0.17608166,0.103734806,0.23778693
4000-VGMQP,-0.483442,Engagement and bundling,Protection and support,0.25774524,-0.20324498,-0.31309646,0.10246229,0.25774524,-0.189782
3999-WRNGR,0.46314123,Billing and payment,Engagement and bundling,0.3442705,-0.2723211,0.3442705,0.13871625,0.266406,-0.14106931
3466-RITXD,0.5634656,Service quality,Engagement and bundling,0.32879168,0.32879168,-0.13360581,-0.19463229,0.03538775,-0.026088912
2680-XKKNJ,-0.7400377,No actionable lever,Service quality,-0.06602962,-0.24102783,-0.25563222,-0.2733695,-0.2989491,-0.06602962
3058-HJCUY,-0.5586658,Price and plan fit,Billing and payment,0.4244399,0.23238763,0.31778255,-0.045934226,0.28754026,0.4244399
2974-GGUXS,0.5621153,Service quality,Protection and support,0.30882797,0.30882797,-0.11344188,0.104196146,0.03227854,-0.07468632
7994-XIRTR,-0.47696224,Engagement and bundling,Protection and support,0.077145964,-0.17217049,-0.2374295,-0.08530284,0.077145964,-0.10908353
3259-FDWOY,-1.3411441,Price and plan fit,Engagement and bundling,0.81035894,0.19618198,-0.052851327,0.14153758,0.26882133,0.81035894
2101-RANCD,0.5376693,Billing and payment,Service quality,0.36871907,0.28787625,0.36871907,0.14331573,-0.06569723,-0.23816916
7921-BEPCI,-1.4660894,No actionable lever,Service quality,-0.14358898,-0.14510441,-0.2979199,-0.17208797,-0.14358898,-0.261049
0807-ZABDG,0.55868065,No actionable lever,Billing and payment,-0.020934366,-0.30002633,-0.11398416,-0.34103498,-0.14966223,-0.020934366
8510-TMWYB,-1.5032241,Protection and support,Billing and payment,0.13261966,-0.17053354,-0.095392875,0.13261966,-0.12815607,-0.21973626
3258-ZKPAI,-1.5287111,Price and plan fit,Service quality,0.23189484,0.16577645,-0.087980144,-0.40524295,0.076747686,0.23189484
1428-IEDPR,-1.2280554,Price and plan fit,Billing and payment,0.63185805,0.20504016,0.30433714,-0.25915122,0.17363732,0.63185805
5298-GSTLM,-0.52036625,Engagement and bundling,Price and plan fit,0.3273391,0.19389226,-0.10352736,-0.1561203,0.3273391,0.28806674
4450-YOOHP,0.45462158,Engagement and bundling,Protection and support,0.3012014,-0.36198747,-0.12592007,0.16997103,0.3012014,-0.15080243
6728-CZFEI,-0.7219436,Protection and support,Price and plan fit,0.12107534,-0.22081351,-0.3326922,0.12107534,-0.19738677,-0.16137162
5748-RNCJT,-1.2276511,Price and plan fit,Engagement and bundling,0.8327778,0.20241196,-0.06920566,-0.028029026,0.24809937,0.8327778
3653-NCRDJ,-0.6923775,Protection and support,Billing and payment,0.062452756,-0.57091343,-0.1098056,0.062452756,-0.30967793,-0.9494981
6121-TNHBO,-0.6859968,No actionable lever,Engagement and bundling,-0.1000479,-0.1786055,-0.26402068,-0.30769694,-0.100745566,-0.1000479
5119-NZPTV,0.6149548,Service quality,Protection and support,0.27995867,0.27995867,-0.03176733,0.12622061,-0.18754455,0.042327873
6519-ZHPXP,-1.3602458,Price and plan fit,Service quality,0.5260183,0.16577645,-0.08742974,-0.404325,0.006090489,0.5260183
7739-LAXOG,0.5267022,Service quality,Protection and support,0.32680383,0.32680383,-0.09105761,0.15490504,0.08617309,-0.003978137
3472-QPRCH,-1.4665802,Protection and support,Engagement and bundling,0.0662712,-0.51266104,-0.24376437,0.0662712,-0.12441526,-0.39852068
8224-UAXBZ,-0.72375435,Billing and payment,Engagement and bundling,0.36808383,-0.20323199,0.36808383,-0.137059,0.10882946,-0.0729897
9610-WCESF,-1.3587079,Billing and payment,Engagement and bundling,0.26785538,-0.17515701,0.26785538,-0.3406787,0.07292098,-0.34080216
9776-CLUJA,0.5320684,Billing and payment,Service quality,0.32754874,0.27996758,0.32754874,-0.17824551,-0.087747574,-0.18695076
2486-WYVVE,-0.491233,Engagement and bundling,Protection and support,0.3096914,-0.21262959,-0.109597065,-0.0945437,0.3096914,-0.12922639
3865-ZYKAD,0.54321855,Service quality,Billing and payment,0.25298348,0.25298348,-0.12161394,-0.19783002,-0.13916913,-0.1674724
1422-DGUBX,-0.86177355,Billing and payment,Service quality,0.3764285,0.2527997,0.3764285,-0.068239294,-0.13654941,-0.1401654
2999-AANRQ,-1.4942626,No actionable lever,Service quality,-0.08191675,-0.20175406,-0.2695151,-0.26015857,-0.08191675,-0.29151645
8668-KNZTI,-0.68902034,Billing and payment,Price and plan fit,0.16007851,-0.20535657,0.16007851,-0.12830508,-0.2823759,-0.025281323
0480-KYJVA,-1.4674075,Protection and support,Engagement and bundling,0.10066521,-0.50251496,-0.25468338,0.10066521,-0.12362141,-0.58246887
6034-ZRYCV,-1.5537412,Billing and payment,Engagement and bundling,0.43172017,-0.14893864,0.43172017,0.16666166,0.30048853,-0.23153496
9746-YKGXB,-0.49572158,Engagement and bundling,Price and plan fit,0.26397938,-0.17794642,-0.26189104,-0.12582573,0.26397938,-0.070731506
3926-YZVVX,-0.70089674,No actionable lever,Price and plan fit,-0.04435547,-0.19634458,-0.26683024,-0.04435547,-0.3023652,-0.12457508
6000-UKLWI,-1.4740347,Protection and support,Engagement and bundling,0.06597081,-0.50038284,-0.3087437,0.06597081,-0.21756613,-0.49106824
2079-FBMZK,0.6398221,Service quality,Protection and support,0.3533891,0.3533891,-0.117182076,0.13402902,-0.17931533,0.021255955
6332-FBZRI,-0.6776172,No actionable lever,Billing and payment,-0.073275454,-0.19171672,-0.09187795,-0.33195066,-0.21421364,-0.073275454
2096-XOTMO,0.45378917,Protection and support,Engagement and bundling,0.07558219,-0.8378682,-0.43692836,0.07558219,-0.17623477,-0.5287844
3266-FTKHB,-1.4705024,Protection and support,Engagement and bundling,0.0698175,-0.564342,-0.33456516,0.0698175,-0.2507621,-1.1247317
8221-EQDGL,0.47688752,No actionable lever,Protection and support,-0.092509516,-0.38001898,-0.35146666,-0.16701089,-0.18345866,-0.092509516
2346-LOCWC,-1.4413538,Protection and support,Engagement and bundling,0.06613751,-0.4911942,-0.22903673,0.06613751,-0.19194156,-0.37512347
6608-QQLVK,0.5944803,Billing and payment,Protection and support,0.32986236,-0.23600428,0.32986236,0.14003134,-0.16548535,0.118520245
0298-XACET,-1.4626924,No actionable lever,Service quality,-0.014396973,-0.16582291,-0.32525712,-0.18701091,-0.014396973,-0.17099613
7560-QJAVJ,-1.4916192,Engagement and bundling,Price and plan fit,0.098389745,-0.18100077,-0.25007743,-0.26482895,0.098389745,-0.17899407
2995-YWTCD,-1.519872,Protection and support,Billing and payment,0.082830146,-0.5349585,-0.081164524,0.082830146,-0.10587776,-0.40079018
3551-HUAZH,0.647917,Billing and payment,Service quality,0.31264484,0.29004043,0.31264484,0.14613853,-0.045625564,0.21667191
9137-UIYPG,0.41155693,Billing and payment,Service quality,0.29621935,0.29164726,0.29621935,-0.27891767,-0.008603318,0.20770335
2809-ZMYOQ,0.46334702,Billing and payment,Service quality,0.33004695,0.32554722,0.33004695,0.1576848,0.23766987,0.16344668
5084-OOVCJ,0.488869,No actionable lever,Billing and payment,-0.014921859,-0.34895417,-0.1319146,-0.30603436,-0.1546491,-0.014921859
0254-WWRKD,-0.69951934,Protection and support,Service quality,0.11413089,-0.17441338,-0.2520939,0.11413089,-0.31335536,-0.24260207
7727-SHVZV,0.46675885,Protection and support,Engagement and bundling,0.06710742,-0.90095866,-0.35559198,0.06710742,-0.18777144,-0.5634929
6302-JGYRJ,-0.4977002,Engagement and bundling,Price and plan fit,0.3294027,-0.2131729,-0.08736181,-0.113903135,0.3294027,-0.06206015
5339-PXDVH,0.60069096,Service quality,Price and plan fit,0.2997387,0.2997387,-0.0046945177,-0.14865653,0.08130686,0.20179397
2205-LPVGL,-0.8074438,Service quality,Billing and payment,0.19115442,0.19115442,-0.113631874,-0.3581991,-0.23593211,-0.1593012
8782-NUUOL,-0.44140643,Engagement and bundling,Service quality,0.22426036,-0.18777935,-0.2869592,-0.288585,0.22426036,-0.22362648
3685-YLCMQ,-0.5486399,Price and plan fit,Engagement and bundling,0.46953425,0.2295841,0.31027547,-0.041488685,0.34339842,0.46953425
7601-WFVZV,0.60684955,Protection and support,Price and plan fit,0.087211706,-0.6557077,-0.32734483,0.087211706,-0.1699419,0.039425716
4609-KNNWG,-1.4901624,Protection and support,Engagement and bundling,0.0700519,-0.55296654,-0.31618455,0.0700519,-0.24760856,-0.75000495
4868-AADLV,-0.53949946,Price and plan fit,Billing and payment,0.23568146,0.20395295,0.22494914,-0.37900117,0.20179383,0.23568146
9529-OFXHY,0.57874703,Service quality,Engagement and bundling,0.31454945,0.31454945,-0.112006605,-0.19497027,0.036609966,-0.13012275
8634-MPHTR,0.46426186,Billing and payment,Service quality,0.31684595,0.2956739,0.31684595,0.1683861,0.2549894,0.2075707
2669-QVCRG,0.553217,Service quality,Engagement and bundling,0.29850137,0.29850137,-0.10058975,-0.19049974,-0.10008951,-0.16063654
2478-EEWWM,0.46758527,Billing and payment,Engagement and bundling,0.3493504,-0.28202078,0.3493504,0.17883216,0.33864862,-0.15400645
9174-IHETN,-1.6252252,Service quality,Protection and support,0.20149109,0.20149109,-0.28059456,0.11754596,-0.19658215,-0.27288657
2233-TXSIU,-0.7068386,No actionable lever,Protection and support,-0.03950925,-0.22200656,-0.2984718,-0.13910358,-0.03950925,-0.21627885
9644-UMGQA,0.5226344,Billing and payment,Price and plan fit,0.3532818,-0.33868715,0.3532818,-0.16941556,-0.15514195,0.094004616
3256-EZDBI,0.5038786,Protection and support,Engagement and bundling,0.15229544,-0.2757408,-0.13638501,0.15229544,0.04843074,-0.1737234
8761-NSOBC,0.44759095,Service quality,Engagement and bundling,0.28929558,0.28929558,-0.0063173706,-0.16052462,0.07945019,0.0784996
0419-YAAPX,0.5605167,Service quality,Protection and support,0.30553943,0.30553943,-0.115836054,0.124337785,-0.10271667,-0.1890072
8413-VONUO,0.55731636,Service quality,Price and plan fit,0.28372636,0.28372636,-0.09195275,0.09119444,0.04459224,0.14878511
0872-CASZJ,-0.4557649,Engagement and bundling,Billing and payment,0.16273782,-0.19425642,-0.14666691,-0.33875546,0.16273782,-0.21581826
4726-DLWQN,0.47895733,Engagement and bundling,Price and plan fit,0.0012788102,-0.29670587,-0.15458536,-0.20274371,0.0012788102,-0.14849415
8164-OCKUJ,-1.4568776,Protection and support,Engagement and bundling,0.07608512,-0.539799,-0.31185073,0.07608512,-0.2536128,-0.8403815
3094-JOJAI,0.5660944,Service quality,Protection and support,0.32326517,0.32326517,-0.4151497,0.11889266,-0.063687064,-0.17855307
9494-MRNYX,0.59315306,Service quality,Protection and support,0.35252482,0.35252482,-0.0028834755,0.13338885,-0.030931748,-0.04321289
2599-CZABP,-0.7496621,Billing and payment,Protection and support,0.11440098,-0.17730314,0.11440098,0.10747804,-0.33864695,-0.17836867
7945-PRBVF,-1.4065353,Protection and support,Engagement and bundling,0.0684305,-0.51569927,-0.2885852,0.0684305,-0.21188904,-0.35400528
4544-RXFMG,-0.79307985,Protection and support,Price and plan fit,0.120132975,-0.17828059,-0.1045868,0.120132975,-0.30321607,-0.02220764
0859-YGKFW,-0.69354016,Protection and support,Engagement and bundling,0.07113547,-0.5493788,-0.31133622,0.07113547,-0.30341136,-0.38782018
1150-FTQGN,-0.771183,Service quality,Price and plan fit,0.19995743,0.19995743,-0.32257456,-0.19462398,-0.074217305,-0.047908545
9223-UCPVT,0.5768737,Price and plan fit,Service quality,0.46007842,0.29568085,-0.041316606,0.1429321,0.044272684,0.46007842
7196-LIWRH,-1.5805885,Protection and support,Engagement and bundling,0.0774296,-0.6073131,-0.30807218,0.0774296,-0.25120416,-0.7455484
5448-VWNAM,0.48651823,Engagement and bundling,Billing and payment,0.02336919,-0.3557262,-0.15819712,-0.36789095,0.02336919,-0.22935447
1177-XZBJL,-0.6621202,No actionable lever,Service quality,-0.18133372,-0.18865877,-0.2482595,-0.32130283,-0.18133372,-0.25335318
3518-FSTWG,-1.4837129,Price and plan fit,Service quality,0.3279707,0.15106185,-0.104759134,-0.24617027,0.14164744,0.3279707
9330-VOFSZ,-1.3049242,Price and plan fit,Service quality,0.53321224,0.19645686,-0.057714622,-0.10036842,0.16743806,0.53321224
4351-QLCSU,0.60364866,Protection and support,Price and plan fit,0.14212947,-0.23378836,-0.10705506,0.14212947,-0.06885064,0.117194496
0939-EREMR,0.50516546,No actionable lever,Price and plan fit,-0.060688775,-0.3888551,-0.3834579,-0.060688775,-0.20824057,-0.14206228
9389-ACWBI,0.62213236,Service quality,Protection and support,0.30838382,0.30838382,-0.38005483,0.118368454,-0.15258785,-0.061631687
5419-JPRRN,0.5678912,Price and plan fit,Billing and payment,0.54740965,0.29761127,0.30459636,0.16139956,0.17237997,0.54740965
3644-QXEHN,0.52675486,Service quality,Protection and support,0.34943154,0.34943154,-0.08800711,0.1532624,0.052527964,0.09333458
2911-IJORQ,-0.4816738,Engagement and bundling,Price and plan fit,0.21841532,-0.2186842,-0.10260928,-0.3461893,0.21841532,-0.07472329
5921-NGYRH,0.5388821,Service quality,Protection and support,0.26563722,0.26563722,-0.2121515,-0.18171339,-0.22532451,-0.25975436
2100-BDNSN,0.55005604,Engagement and bundling,Price and plan fit,0.066935,-0.32803065,-0.33000818,-0.051305976,0.066935,-0.018475309
5998-DZLYR,-1.5587454,Service quality,Engagement and bundling,0.18829237,0.18829237,-0.096450016,-0.11260307,0.07852347,-0.03252518
0488-GSLFR,0.651912,Billing and payment,Service quality,0.31706858,0.29167905,0.31706858,0.14280373,-0.1583524,0.21209624
9318-NKNFC,0.60683644,Protection and support,Billing and payment,0.08821545,-0.6560085,-0.10394865,0.08821545,-0.16213055,-0.4296496
3985-HOYPM,-0.73390704,Protection and support,Billing and payment,0.0744591,-0.6001528,-0.3186474,0.0744591,-0.3843542,-0.716137
9728-FTTVZ,0.651912,Billing and payment,Service quality,0.31706858,0.29167905,0.31706858,0.14280373,-0.1583524,0.21209624
9548-LERKT,-1.4877546,Protection and support,Engagement and bundling,0.069997445,-0.5455471,-0.32711795,0.069997445,-0.259072,-0.6936375
6576-FBXOJ,-0.53698367,Engagement and bundling,Billing and payment,0.26394483,-0.21038482,0.053214125,-0.15122665,0.26394483,-0.044959694
4310-KEDTB,0.5176915,Protection and support,Engagement and bundling,0.14406016,-0.31568545,-0.17736508,0.14406016,-0.031533718,-0.19711025
7254-IQWOZ,0.6502722,Billing and payment,Service quality,0.3195507,0.29167905,0.3195507,0.14507166,-0.16069894,0.20845407
2474-BRUCM,0.44556624,Service quality,Price and plan fit,0.2762673,0.2762673,0.020294882,-0.120485306,0.18605417,0.24418628
4062-HBMOS,0.4571857,Billing and payment,Service quality,0.3328547,0.2949651,0.3328547,0.0947773,0.19447897,0.2308235
0742-NXBGR,0.654744,Billing and payment,Service quality,0.3054101,0.29340804,0.3054101,0.108445846,-0.15803042,0.25508153
2676-ISHSF,0.60684955,Protection and support,Price and plan fit,0.0874657,-0.66759884,-0.32259062,0.0874657,-0.1699419,0.026804373
9236-NDUCW,-1.5168049,No actionable lever,Service quality,-0.12579264,-0.1512945,-0.326341,-0.30850157,-0.12579264,-0.31803563
4753-PADAS,-0.5323059,Engagement and bundling,Price and plan fit,0.30032593,0.21934183,-0.07284812,0.11587453,0.30032593,0.24185945
6103-QCKFX,0.47584498,No actionable lever,Engagement and bundling,-0.10228871,-0.30801728,-0.28319627,-0.30413866,-0.1576692,-0.10228871
7781-EWARA,-0.48102683,Engagement and bundling,Billing and payment,0.22372732,-0.1871962,0.07562413,-0.24562863,0.22372732,-0.21402071
6110-OHIHY,0.60985816,Service quality,Protection and support,0.30033797,0.30033797,-0.040708613,0.120688744,-0.07733482,0.12067531
7018-FPXHH,-1.462187,No actionable lever,Service quality,-0.111076795,-0.1750052,-0.111076795,-0.17946926,-0.25070256,-0.38579214
5889-LFOLL,0.59285134,Service quality,Billing and payment,0.35327303,0.35327303,0.34662193,0.1403811,0.08448167,0.16054638
5708-EVONK,0.47147128,Service quality,Engagement and bundling,0.27061462,0.27061462,-0.11683905,-0.22565486,0.058976173,0.042301312
8708-XPXHZ,0.4934361,Service quality,Billing and payment,0.32623547,0.32623547,0.32405254,0.17940253,0.24111398,-0.027475558
0616-ATFGB,0.6122666,Protection and support,Engagement and bundling,0.13841584,-0.22977395,0.025443159,0.13841584,0.051174104,0.04533157
0572-ZJKLT,-1.5897502,Service quality,Engagement and bundling,0.18824005,0.18824005,-0.317538,-0.28241268,0.09621057,0.08096192
5135-RDDQL,-1.4755031,No actionable lever,Protection and support,-0.14413498,-0.16346736,-0.14413498,-0.1626044,-0.21113515,-0.22643803
1353-LJWEM,0.5100055,Billing and payment,Protection and support,0.3285486,-0.38582337,0.3285486,-0.13283923,-0.21505836,-0.1613212
1794-SWWKL,0.5089265,No actionable lever,Engagement and bundling,-0.05504846,-0.34859177,-0.11225423,-0.071174175,-0.05720985,-0.05504846
6166-YIPFO,-1.5207504,Billing and payment,Engagement and bundling,0.38827285,-0.16627604,0.38827285,-0.5106755,0.10937196,-0.25180954
7016-BPGEU,0.5400891,Protection and support,Engagement and bundling,0.14073509,-0.30439818,-0.12368474,0.14073509,0.02809605,-0.13998827
6876-ADESB,0.5739322,Protection and support,Price and plan fit,0.13409226,-0.23077393,-0.0018975222,0.13409226,-0.15209678,0.12295696
9332-GYWLO,0.50894743,Protection and support,Billing and payment,0.13970925,-0.32766598,0.0014226174,0.13970925,-0.09597274,-0.1704235
1963-SVUCV,0.57555026,Protection and support,Price and plan fit,0.12540202,-0.23227799,-0.0042524124,0.12540202,-0.17056204,0.10889301
4184-VODJZ,-0.66957045,Billing and payment,Service quality,0.33507377,0.21621951,0.33507377,0.103141695,0.124531135,-0.055216268
0220-EBGCE,0.6186532,Billing and payment,Service quality,0.31851262,0.2851029,0.31851262,0.15052412,-0.07552406,0.124148265
1092-WPIVQ,-1.4684898,Protection and support,Engagement and bundling,0.0787739,-0.5366737,-0.3745888,0.0787739,-0.09543865,-0.3975955
7233-IOQNP,0.48844543,No actionable lever,Price and plan fit,-0.07956532,-0.300515,-0.28270668,-0.3261511,-0.07956532,-0.2627508
2834-JKOOW,-0.7339331,No actionable lever,Engagement and bundling,-0.018061653,-0.214777,-0.32332265,-0.29826123,-0.20791051,-0.018061653
2754-VDLTR,0.5382708,Service quality,Price and plan fit,0.34832525,0.34832525,-0.043785907,0.13568261,0.171824,0.24304062
2400-FEQME,-1.4556658,Protection and support,Engagement and bundling,0.07799761,-0.54141617,-0.31211135,0.07799761,-0.2607921,-0.74864805
3190-XFANI,-0.50726485,Engagement and bundling,Price and plan fit,0.38778347,0.2260468,-0.054522377,-0.049177602,0.38778347,0.36414656
7551-DACSP,0.54232687,Protection and support,Price and plan fit,0.11550814,-0.37311506,-0.11109975,0.11550814,-0.15643185,0.0032006241
4957-SREEC,-1.4485593,Protection and support,Billing and payment,0.06524234,-0.52152,-0.24473748,0.06524234,-0.25353366,-0.79694724
7235-NXZCP,0.65171117,Service quality,Protection and support,0.29436678,0.29436678,-0.10948288,0.15530603,-0.023685388,-0.012279771
0230-UBYPQ,-0.7109357,No actionable lever,Price and plan fit,-0.1542016,-0.1542016,-0.25263906,-0.33799112,-0.2497645,-0.23109683
4923-ADWXJ,0.44986624,No actionable lever,Billing and payment,-0.04505688,-0.39655077,-0.107800424,-0.12725529,-0.04505688,-0.2713749
1763-KUAAW,-0.75426495,Protection and support,Billing and payment,0.06692178,-0.56551516,-0.23754425,0.06692178,-0.33649287,-0.4529396
1104-TNLZA,0.4269147,Service quality,Billing and payment,0.3037752,0.3037752,0.29723728,-0.1747065,0.19396268,0.27578956
5195-KPUNQ,-0.54765636,Service quality,Engagement and bundling,0.19658859,0.19658859,-0.11468985,-0.35763803,0.057239007,-0.04110217
0520-FDVVT,-0.5195742,Price and plan fit,Service quality,0.332263,0.23363253,-0.04642083,0.09933771,0.22184706,0.332263
3439-GVUSX,0.6361239,Protection and support,Price and plan fit,0.13739803,-0.22863556,-0.34699938,0.13739803,0.02234216,0.024517447
1444-VVSGW,-0.4709494,Price and plan fit,Engagement and bundling,0.44281685,0.20017269,-0.21097408,-0.2764872,0.2785958,0.44281685
5712-PTIWW,0.6325337,Billing and payment,Service quality,0.33623502,0.27823818,0.33623502,-0.08623478,-0.16268474,0.026392478
5949-HGVJL,0.466788,Billing and payment,Engagement and bundling,0.32898107,-0.40783253,0.32898107,-0.17302097,0.024630453,-0.24714163
5203-XEHAX,-0.50676394,No actionable lever,Billing and payment,-0.0070111454,-0.28127325,-0.018883802,-0.17711903,-0.0070111454,-0.26321062
1635-HDGFT,-1.5020974,Protection and support,Engagement and bundling,0.06788936,-0.55994517,-0.32788077,0.06788936,-0.24355394,-0.712587
3315-TOTBP,0.59856474,Service quality,Protection and support,0.32615018,0.32615018,-0.1513363,0.12804808,-0.08901998,-0.018933818
8050-XGRVL,-0.69361985,No actionable lever,Service quality,-0.14669843,-0.1745412,-0.26081097,-0.14669843,-0.31726706,-0.2050119
6661-HBGWL,0.44458926,Service quality,Engagement and bundling,0.29279092,0.29279092,-0.09670762,0.08857491,0.18930405,0.1842724
1518-VOWAV,0.48984253,Billing and payment,Engagement and bundling,0.3008527,-0.38779894,0.3008527,-0.25506714,0.030122247,-0.18307571
9828-QHFBK,0.48225582,Billing and payment,Protection and support,0.38783458,-0.337608,0.38783458,-0.15560094,-0.24198654,-0.30769148
3908-MKIMJ,-1.4001579,Billing and payment,Engagement and bundling,0.41317526,-0.15545814,0.41317526,-0.12924719,0.011531249,-0.30528855
5012-YSPJJ,0.48058587,No actionable lever,Price and plan fit,-0.06435874,-0.37724382,-0.36596197,-0.06435874,-0.16235629,-0.1591734
5909-ECHUI,0.5726102,Billing and payment,Protection and support,0.29938647,-0.29520112,0.29938647,0.15043883,-0.069394685,0.12092491
1309-BXVOQ,0.43959805,Billing and payment,Service quality,0.3391677,0.3147835,0.3391677,-0.0756879,0.2184978,0.28512156
6728-VOIFY,-0.613296,Billing and payment,Service quality,0.34260544,0.2225366,0.34260544,0.104361296,0.16808201,0.05891356
9317-WZPGV,0.61770695,Service quality,Price and plan fit,0.28358054,0.28358054,-0.07314604,0.14019682,-0.034134652,0.19664237
4891-NLUBA,-1.5325327,Engagement and bundling,Billing and payment,0.10163007,-0.15726197,-0.10827928,-0.21906678,0.10163007,-0.21604344
2856-HYAPG,0.6315669,Service quality,Price and plan fit,0.28974864,0.28974864,-0.016580425,0.12887973,-0.15940255,0.23273444
8969-PRHFK,-0.7294917,Protection and support,Billing and payment,0.059459068,-0.58484566,-0.31980252,0.059459068,-0.3607869,-0.594897
0661-KQHNK,-0.7162672,Protection and support,Engagement and bundling,0.056633737,-0.63258654,-0.34282753,0.056633737,-0.29143232,-0.94935703
8709-KRDVL,0.47477213,Billing and payment,Service quality,0.35452738,0.30808404,0.35452738,0.08956296,0.1758697,0.07388902
4488-PSYCG,0.49574387,Protection and support,Engagement and bundling,0.07539053,-0.8190461,-0.31005147,0.07539053,-0.20161,-0.32012016
1427-VERSM,0.46812734,Billing and payment,Service quality,0.32383665,0.29063836,0.32383665,-0.1023474,0.061172903,0.06125778
9801-NOSHQ,-0.7346537,Protection and support,Billing and payment,0.07042367,-0.5961081,-0.31842557,0.07042367,-0.3547905,-0.67813724
6339-YPSAH,0.6152959,Service quality,Billing and payment,0.3486938,0.3486938,0.33403486,0.14359371,-0.23464043,-0.16323262
3621-CEOVK,0.51864994,Billing and payment,Service quality,0.33084542,0.32744604,0.33084542,0.07907789,0.1677184,0.12911919
6906-ANDWJ,0.5980136,Service quality,Protection and support,0.3249846,0.3249846,-0.107600175,0.12707557,-0.074305326,0.024600442
2159-TURXX,0.51251256,Protection and support,Engagement and bundling,0.075386524,-0.84132,-0.39436537,0.075386524,-0.17596902,-0.38740587
1548-FEHVL,0.430044,Billing and payment,Service quality,0.34927577,0.26709238,0.34927577,-0.23525274,0.17341377,0.17455389
3795-CAWEX,-1.4470203,Price and plan fit,Service quality,0.31998715,0.19222154,-0.047015928,-0.3433923,0.078707695,0.31998715
6215-NQCPY,0.5093587,Billing and payment,Service quality,0.3364568,0.31468737,0.3364568,-0.20954566,0.23282158,0.13047762
5647-URDKA,-1.4461714,Protection and support,Engagement and bundling,0.06928513,-0.5806547,-0.33414805,0.06928513,-0.19898033,-0.49401584
2229-DPMBI,-1.5649151,Protection and support,Engagement and bundling,0.069087386,-0.6020818,-0.30271664,0.069087386,-0.23988411,-0.7130419
9626-WEQRM,0.56618875,Engagement and bundling,Price and plan fit,0.03252472,-0.2596154,-0.13407405,-0.1923849,0.03252472,-0.06566826
2188-SXWVT,-0.69404817,No actionable lever,Price and plan fit,-0.15343869,-0.27064574,-0.30573446,-0.15343869,-0.31750935,-0.18035132
6258-PVZWJ,-1.5178573,Engagement and bundling,Billing and payment,0.13512084,-0.1866434,-0.107456975,-0.37448272,0.13512084,-0.28905284
1094-BKOSX,-0.48887897,Engagement and bundling,Price and plan fit,0.15160817,-0.17852812,-0.23745392,-0.1621165,0.15160817,-0.06748276
6969-MVBAI,0.6178527,Service quality,Billing and payment,0.34728485,0.34728485,0.32245255,0.14027292,0.062857196,0.21255426
2978-XXSOG,0.48396426,No actionable lever,Price and plan fit,-0.08459467,-0.34763974,-0.20761038,-0.3334627,-0.08459467,-0.17176132
2342-CKIAO,0.57133204,Protection and support,Engagement and bundling,0.075602464,-0.862234,-0.34598765,0.075602464,-0.20072486,-0.47510347
6953-PBDIN,-1.4344481,Engagement and bundling,Protection and support,0.014049267,-0.17543224,-0.28638268,-0.0999418,0.014049267,-0.35531944
3898-BSJYF,-0.52925396,Engagement and bundling,Price and plan fit,0.1776764,-0.2368708,-0.31554288,-0.25167698,0.1776764,-0.15010938
3938-YFPXD,-1.5283628,Engagement and bundling,Service quality,0.16356643,-0.16057955,-0.26332387,-0.31613797,0.16356643,-0.23429345
7696-AMHOD,-0.48695952,Engagement and bundling,Protection and support,0.16898862,-0.19507541,-0.25809065,0.100275494,0.16898862,-0.06482237
2453-SAFNS,-0.6860012,No actionable lever,Protection and support,-0.07930052,-0.18219377,-0.28999448,-0.10771273,-0.07930052,-0.16602284
9558-IHEZX,-1.4735751,Price and plan fit,Service quality,0.27351072,0.17340076,-0.08465835,-0.26325634,0.13527444,0.27351072
9617-UDPEU,-0.73999643,Protection and support,Billing and payment,0.07058914,-0.56235313,-0.12845066,0.07058914,-0.31514323,-0.78197473
6340-DACFT,-1.452304,Protection and support,Billing and payment,0.06642169,-0.534297,-0.22353226,0.06642169,-0.245814,-0.73890376
4955-VCWBI,-0.6756987,Protection and support,Engagement and bundling,0.05920105,-0.54797757,-0.3380975,0.05920105,-0.30133662,-0.5325271
6813-GZQCG,-1.5138028,Protection and support,Billing and payment,0.09503199,-0.54899096,-0.07174759,0.09503199,-0.08338979,-0.5716956
7426-GSWPO,0.43465742,Service quality,Engagement and bundling,0.25635645,0.25635645,-0.13473473,-0.23439682,0.18588784,0.13424179
3389-KTRXV,-1.4576906,Protection and support,Engagement and bundling,0.07484743,-0.51718855,-0.31842658,0.07484743,-0.06336879,-0.2792426
3118-UHVVQ,-1.3861792,Protection and support,Engagement and bundling,0.082556896,-0.47455123,-0.22888505,0.082556896,-0.12103923,-0.406843
1031-IIDEO,0.651912,Billing and payment,Service quality,0.31706858,0.2925036,0.31706858,0.14280373,-0.1583524,0.21044713
5832-XKAES,0.64809775,Service quality,Protection and support,0.28333035,0.28333035,-0.08948135,0.13651782,-0.16204885,0.034407
3205-MXZRA,-0.6871999,No actionable lever,Engagement and bundling,-0.07155147,-0.29403985,-0.300142,-0.07155147,-0.16851673,-0.19335513
4701-AHWMW,0.4377468,Engagement and bundling,Price and plan fit,0.21718913,-0.27615792,-0.13247333,-0.20142779,0.21718913,-0.08000194
8317-BVKSO,0.5080892,Billing and payment,Protection and support,0.34277776,-0.9602159,0.34277776,0.093513235,-0.23226689,-0.5843893
5702-KVQRD,-1.5010369,Billing and payment,Engagement and bundling,0.40517074,-0.1870918,0.40517074,-0.3322698,0.051409185,-0.20763609
0083-PIVIK,-0.63590145,Billing and payment,Engagement and bundling,0.2161169,-0.20758185,0.2161169,-0.3784823,-0.018250542,-0.27851018
9210-IAHGH,0.48175088,Engagement and bundling,Price and plan fit,0.06402835,-0.39468578,-0.07947616,-0.06344047,0.06402835,-0.01809062
6169-PGNCD,-1.4546008,No actionable lever,Billing and payment,-0.093961954,-0.19042462,-0.10639955,-0.32604018,-0.093961954,-0.19850075
0023-XUOPT,0.5516703,Service quality,Price and plan fit,0.3405828,0.3405828,-0.021216415,0.06825885,0.06632448,0.13234353
4592-IWTJI,0.5790527,No actionable lever,Price and plan fit,-0.024330258,-0.2363395,-0.32218558,-0.16035832,-0.024330258,-0.15379088
4909-JOUPP,-1.4609771,Price and plan fit,Engagement and bundling,0.37741178,0.15556808,-0.24331892,-0.07252448,0.17699659,0.37741178
4657-FWVFY,0.52836597,Service quality,Protection and support,0.30914673,0.30914673,-0.10297047,0.10645946,0.05240366,-0.012468547
2257-BOVXD,0.5064254,Engagement and bundling,Protection and support,0.068075284,-0.3756735,-0.124196105,-0.060376026,0.068075284,-0.11559368
7729-JTEEC,0.58608544,Billing and payment,Protection and support,0.3363946,-0.22904165,0.3363946,0.13672057,-0.17851168,-0.09049434
7632-MNYOY,-0.5027546,Price and plan fit,Engagement and bundling,0.35522664,0.20228931,-0.22317585,-0.09444781,0.33060807,0.35522664
6518-LGAOV,0.4208977,Billing and payment,Service quality,0.33336055,0.30409628,0.33336055,-0.06698944,0.20575419,0.1997864
7242-QZLXF,0.6384865,Billing and payment,Protection and support,0.3354481,-0.23311123,0.3354481,0.15430158,0.036268726,-0.0030012205
4576-CSAJH,-0.72011733,Price and plan fit,Billing and payment,0.058037195,-0.2222203,-0.07498089,-0.088318534,-0.30032796,0.058037195
1000-AJSLD,0.61939096,Protection and support,Price and plan fit,0.09799097,-0.6552569,-0.09563292,0.09799097,-0.16889176,0.05748014
9696-RMYBA,0.6453888,Service quality,Protection and support,0.3153427,0.3153427,-0.12104514,0.13608423,-0.063465856,0.08989117
8690-UPCZI,-0.68273973,No actionable lever,Price and plan fit,-0.11111701,-0.2846946,-0.27682507,-0.26852652,-0.11111701,-0.1992679
1062-LHZOD,0.6664508,Service quality,Price and plan fit,0.29170388,0.29170388,-0.10985826,0.14553687,-0.14825857,0.22106573
9770-LXDBK,0.56124234,Protection and support,Engagement and bundling,0.07346115,-0.8813933,-0.3516525,0.07346115,-0.22761239,-0.56846535
4086-WITJG,-1.3482924,Protection and support,Engagement and bundling,0.10281258,-0.48834863,-0.31164768,0.10281258,-0.21741776,-0.6285169
8344-WFMFH,0.52313274,Billing and payment,Protection and support,0.33693373,-0.32955292,0.33693373,0.10478354,-0.20070925,-0.21360844
9600-NAXZN,0.44429803,Billing and payment,Service quality,0.34293985,0.31033388,0.34293985,0.09084012,0.24183507,0.24924734
8822-KNBHV,-0.4920324,Engagement and bundling,Billing and payment,0.25214195,-0.21008527,-0.091686,-0.20770322,0.25214195,-0.20167145
8404-FYDIB,0.56555015,Service quality,Price and plan fit,0.32035285,0.32035285,-0.12256177,-0.21053378,-0.10029538,-0.080438785
2791-SFVEW,0.5068264,Protection and support,Engagement and bundling,0.06402946,-0.8621709,-0.27188104,0.06402946,-0.21730408,-0.28091276
6457-USBER,0.6284068,Billing and payment,Service quality,0.2986302,0.2925036,0.2986302,0.15328455,-0.07427666,0.23685783
6762-NSODU,-1.4463422,Protection and support,Billing and payment,0.07555388,-0.5061718,-0.23014414,0.07555388,-0.24109206,-0.74246365
4662-EKDPQ,0.53842413,Protection and support,Engagement and bundling,0.13344674,-0.27195892,-0.37675697,0.13344674,0.06950967,-0.10102794
9248-OJYKK,0.647917,Billing and payment,Service quality,0.31397572,0.29004043,0.31397572,0.14613853,-0.045625564,0.22191316
9888-ZCUMM,-1.5011537,Engagement and bundling,Billing and payment,0.12919208,-0.16255644,-0.13717376,-0.39562273,0.12919208,-0.21716514
3398-FSHON,0.61155516,Service quality,Billing and payment,0.3453135,0.3453135,0.3325977,0.084679894,0.06417274,0.21715146
3319-DWOEP,0.5688136,Service quality,Price and plan fit,0.35067424,0.35067424,0.3006026,0.14627641,0.06859976,0.3382373
1074-WVEVG,-0.7267157,Protection and support,Billing and payment,0.07422262,-0.5687031,-0.30780727,0.07422262,-0.37694025,-0.76155233
9979-RGMZT,-0.7212834,Price and plan fit,Service quality,0.2696632,0.2533285,-0.05269874,0.10535074,0.18513493,0.2696632
6437-UDQJM,-1.5461259,Engagement and bundling,Billing and payment,0.13680314,-0.15022834,-0.127735,-0.22365235,0.13680314,-0.25463775
1226-IENZN,0.55597496,Billing and payment,Service quality,0.3227331,0.30346847,0.3227331,0.13427806,-0.09284621,-0.08514802
2108-GLPQB,0.48601767,Protection and support,Engagement and bundling,0.12052424,-0.39426252,-0.36783674,0.12052424,-0.106498346,-0.25411314
9259-PACGQ,0.45163766,Billing and payment,Engagement and bundling,0.039775882,-0.3997416,0.039775882,-0.3711149,-0.05298894,-0.23693892
4415-IJZTP,0.6519613,Billing and payment,Service quality,0.3283942,0.2925036,0.3283942,0.14521548,-0.043279026,0.20012948
1465-VINDH,0.49206752,Price and plan fit,Service quality,0.51553726,0.36630368,-0.06274084,0.10523016,0.23071486,0.51553726
5474-LAMUQ,-0.72735983,Protection and support,Billing and payment,0.07847596,-0.5826405,-0.31345114,0.07847596,-0.38068354,-0.67639714
3468-DRVQJ,-0.7525555,Billing and payment,Engagement and bundling,0.0902208,-0.23963541,0.0902208,-0.17026246,-0.05256352,-0.091283545
1122-YJBCS,-0.6968339,No actionable lever,Protection and support,-0.09568111,-0.18811995,-0.09568111,-0.14374506,-0.3615897,-0.303242
4990-ALDGW,-1.4236349,Protection and support,Engagement and bundling,0.07317607,-0.51408064,-0.3493046,0.07317607,-0.22729997,-0.43257773
4816-OKWNX,-0.48972422,Price and plan fit,Service quality,0.31971413,0.22595541,-0.053618778,-0.13990085,0.1628301,0.31971413
3315-IKYZQ,-0.68630075,No actionable lever,Price and plan fit,-0.0587184,-0.27118438,-0.31725448,-0.3221974,-0.0587184,-0.18022911
2810-FTLEM,0.4935254,Billing and payment,Price and plan fit,0.42358816,-0.2979099,0.42358816,-0.16248749,-0.164951,-0.038696278
4747-LCAQL,0.44166833,Engagement and bundling,Price and plan fit,0.055890273,-0.34386456,-0.20309891,-0.37653127,0.055890273,-0.14276674
3411-WLRSQ,0.6448487,Service quality,Protection and support,0.29830605,0.29830605,-0.08122179,0.12864633,-0.20453814,-0.09867114
0898-XCGTF,-0.56690764,Engagement and bundling,Service quality,0.33094436,0.21358973,-0.114666045,0.16241755,0.33094436,0.008092776
8006-PYCSW,0.5710194,Protection and support,Engagement and bundling,0.075990304,-0.80870664,-0.3505633,0.075990304,-0.17999469,-0.20104642
8249-THVEC,-0.73192966,Protection and support,Billing and payment,0.075721644,-0.53615135,-0.28992018,0.075721644,-0.329841,-0.5068978
8722-PRFDV,-1.5360535,Engagement and bundling,Protection and support,0.11007282,-0.17000353,-0.2790821,-0.15475474,0.11007282,-0.29855055
2164-SOQXL,0.49051997,Protection and support,Engagement and bundling,0.076906085,-0.84372604,-0.3793603,0.076906085,-0.19628438,-0.46229702
4020-KIUDI,0.518397,Protection and support,Engagement and bundling,0.06571321,-0.8999793,-0.31385496,0.06571321,-0.20072724,-0.47888818
5850-BDWCY,0.5217981,Protection and support,Engagement and bundling,0.07209267,-0.9357189,-0.35210857,0.07209267,-0.20989034,-0.48871946
2038-YSEZE,0.46462223,No actionable lever,Price and plan fit,-0.10455111,-0.38432515,-0.37912497,-0.32312343,-0.10455111,-0.2726105
0827-ITJPH,-1.4603078,Protection and support,Billing and payment,0.061146308,-0.5406477,-0.09965068,0.061146308,-0.25981668,-1.1583676
8799-OXZMD,0.5098417,Protection and support,Engagement and bundling,0.14584586,-0.30114636,-0.14353412,0.14584586,0.028566599,-0.06274168
1925-TIBLE,0.62467057,Billing and payment,Service quality,0.36229438,0.35980806,0.36229438,0.1322219,0.06845259,0.08150576
1705-GUHPV,-1.4532585,Protection and support,Engagement and bundling,0.08603009,-0.53098035,-0.32667848,0.08603009,-0.13617823,-0.6939888
4779-ZGICK,-1.4634533,Protection and support,Engagement and bundling,0.076988585,-0.5503136,-0.29273856,0.076988585,-0.09555715,-0.55367863
0048-PIHNL,-0.6556559,Protection and support,Billing and payment,0.059292164,-0.5517639,-0.2634438,0.059292164,-0.3256539,-0.5467839
0818-OCPZO,0.5554976,Billing and payment,Service quality,0.32162192,0.31040895,0.32162192,0.09839768,-0.08573719,-0.12055397
3967-KXAPS,-1.5497773,Engagement and bundling,Service quality,0.112351745,-0.15943217,-0.24295579,-0.3689653,0.112351745,-0.25514504
1447-GIQMR,0.6502722,Billing and payment,Service quality,0.3195507,0.29163158,0.3195507,0.14501935,-0.16175023,0.20771343
3704-IEAXF,-1.5175867,Engagement and bundling,Service quality,0.15342401,-0.13504584,-0.2728976,-0.15738523,0.15342401,-0.32975036
6810-VCAEX,-0.7047477,No actionable lever,Service quality,-0.14978331,-0.18328148,-0.19973038,-0.34189075,-0.20721197,-0.14978331
0674-EYYZV,0.5926457,Billing and payment,Protection and support,0.33368328,-0.23810221,0.33368328,0.14372642,-0.054437324,0.11702976
4480-MBMLB,-0.55426145,Price and plan fit,Engagement and bundling,0.41352147,0.23469275,-0.05404452,0.102494836,0.35956475,0.41352147
1395-OFUWC,0.49481112,Protection and support,Engagement and bundling,0.13084856,-0.28966674,-0.31625503,0.13084856,0.034968287,-0.179248
0822-QGCXA,0.4408722,Engagement and bundling,Billing and payment,0.16674408,-0.32019937,0.03169707,-0.15330532,0.16674408,-0.047595993
0872-NXJYS,0.598341,Service quality,Billing and payment,0.34344745,0.34344745,0.31123832,0.13817184,-0.083988026,0.036379296
2832-KJCRD,0.44502303,Billing and payment,Service quality,0.33549023,0.30540103,0.33549023,-0.06380235,0.21393643,0.16653597
3588-WSTTJ,0.48068893,Billing and payment,Service quality,0.32259494,0.28524703,0.32259494,-0.1618352,0.21987419,0.12967601
4075-WKNIU,-1.790234,Engagement and bundling,Protection and support,0.04405301,-0.2134011,-0.2842609,-0.104837306,0.04405301,-0.42033985
5090-EMGTC,-1.5396962,Price and plan fit,Service quality,0.2157493,0.21034807,-0.112428516,-0.13411808,0.1098585,0.2157493
2346-CZYIL,-1.4657853,Protection and support,Engagement and bundling,0.071156874,-0.49606937,-0.27905872,0.071156874,-0.21430668,-0.49266928
3798-EPWRR,0.56296164,Protection and support,Price and plan fit,0.11695235,-0.22119537,-0.011856207,0.11695235,-0.17268123,0.020547308
6258-NGCNG,0.51142716,Protection and support,Engagement and bundling,0.0938663,-0.94274807,-0.36292687,0.0938663,-0.040577352,-0.343624
4186-ZBUEW,-0.49893925,Engagement and bundling,Billing and payment,0.15743643,-0.27106935,-0.09043198,-0.10554613,0.15743643,-0.10513416
5274-XHAKY,0.522884,Service quality,Engagement and bundling,0.296106,0.296106,-0.13476531,-0.20412256,0.02670039,-0.017044693
1442-BQPVU,0.4987967,Protection and support,Engagement and bundling,0.1010451,-0.31888595,-0.007815936,0.1010451,0.040842667,-0.09831546
3978-YNKDD,-1.4811022,Protection and support,Engagement and bundling,0.0604687,-0.5325348,-0.25493437,0.0604687,-0.23761982,-0.5764417
4940-KHCWD,-1.4535636,No actionable lever,Service quality,-0.12397307,-0.15057752,-0.24316797,-0.32450673,-0.12397307,-0.30010453
9412-ARGBX,-1.5739772,Service quality,Price and plan fit,0.21211651,0.21211651,-0.12862091,-0.13284345,-0.08387919,0.018911898
1389-CXMLU,0.60884,Service quality,Price and plan fit,0.30066577,0.30066577,-0.029396456,0.14546809,0.10850905,0.19602005
9589-ABEPT,-1.625236,Service quality,Engagement and bundling,0.21149153,0.21149153,-0.17092998,-0.13086154,0.017473139,-0.30523014
9388-ZEYVT,-0.5397849,Engagement and bundling,Billing and payment,0.10637324,-0.19473064,0.065472215,-0.15041961,0.10637324,-0.25971764
0305-SQECB,-0.7706078,No actionable lever,Billing and payment,-0.14894313,-0.19398166,-0.14900568,-0.31274578,-0.25223413,-0.14894313
7605-SNLQG,0.4938217,Protection and support,Price and plan fit,0.1201236,-0.30387953,-0.122777954,0.1201236,-0.18879801,-0.09087576
4670-TABXH,-1.4249505,Price and plan fit,Engagement and bundling,0.4868262,0.17886437,-0.088400625,-0.093956925,0.1801105,0.4868262
5561-NWEVX,0.6174636,Service quality,Price and plan fit,0.28444937,0.28444937,-0.034986477,0.14070258,-0.006953667,0.14142182
0064-SUDOG,-1.4268717,Protection and support,Engagement and bundling,0.060443066,-0.5446832,-0.29285753,0.060443066,-0.18251264,-0.41787484
8561-NMTBD,-0.5241988,Engagement and bundling,Price and plan fit,0.25541937,0.2153844,-0.04421901,-0.103739485,0.25541937,0.25088978
5161-XEUVX,-1.5467781,Service quality,Engagement and bundling,0.20663317,0.20663317,-0.35441703,-0.061251353,0.03232594,0.018748067
8292-FRFZQ,-0.701087,No actionable lever,Engagement and bundling,-0.18915826,-0.18915826,-0.24075133,-0.3222203,-0.22881737,-0.3536752
8591-NXRCV,0.4411192,Engagement and bundling,Billing and payment,0.05959787,-0.31112874,-0.13985884,-0.3534539,0.05959787,-0.16778141
7895-VONWT,0.4750425,Billing and payment,Engagement and bundling,0.3590064,-0.38615644,0.3590064,0.16603155,0.2585467,-0.3016604
4526-RMTLL,-1.6389593,Engagement and bundling,Billing and payment,0.15516254,-0.22391747,-0.061312735,-0.36117774,0.15516254,-0.23664454
6253-GNHWH,-1.4634198,No actionable lever,Service quality,-0.080397666,-0.1604368,-0.32522103,-0.34068036,-0.080397666,-0.22872129
4566-NECEV,0.5520062,Service quality,Price and plan fit,0.3179691,0.3179691,-0.085985556,0.083677724,0.101953305,0.29208288
8080-POTJR,-0.4904153,Engagement and bundling,Billing and payment,0.3094733,-0.21688855,-0.08528072,-0.14777325,0.3094733,-0.10847945
6906-MPARY,-0.62774754,Service quality,Engagement and bundling,0.2205536,0.2205536,-0.056611396,-0.1006325,0.05848652,-0.20661418
3662-FXJFO,-1.4023014,Protection and support,Billing and payment,0.078510106,-0.5304866,-0.13839968,0.078510106,-0.21546659,-0.41941613
8107-RZLNV,-1.5060437,Price and plan fit,Engagement and bundling,0.360771,0.1826662,-0.0925209,0.1349902,0.21612677,0.360771
0516-OOHAR,-0.5278031,Price and plan fit,Service quality,0.3359,0.23052746,-0.29527265,0.08880231,0.2212573,0.3359
2027-CWDNU,0.5462742,Billing and payment,Service quality,0.3244601,0.31404912,0.3244601,-0.09508937,-0.09266162,-0.12884799
2737-WFVYW,0.5626669,Billing and payment,Engagement and bundling,0.36329255,-0.21503249,0.36329255,0.16601017,0.2588799,0.013856284
9912-OMZDS,-0.5911441,Price and plan fit,Billing and payment,0.31387582,0.2267081,0.2846703,0.08537763,0.2544581,0.31387582
3733-ZEECP,0.4922535,Billing and payment,Protection and support,0.36977616,-0.31085742,0.36977616,-0.08275684,-0.20830034,-0.3140046
7878-RTCZG,0.60732704,Protection and support,Price and plan fit,0.08580619,-0.6549561,-0.32075897,0.08580619,-0.16759537,0.0695368
2452-MRMZF,-1.4318043,Protection and support,Billing and payment,0.12149041,-0.4662347,-0.102713436,0.12149041,-0.123826474,-0.34430414
2272-QAGFO,0.5965841,Billing and payment,Service quality,0.35084993,0.33889794,0.35084993,0.14389732,-0.020854944,-0.06585141
7103-IPXPJ,-0.5585424,Engagement and bundling,Service quality,0.32827747,0.22606215,0.035169024,-0.055602673,0.32827747,0.1826939
4342-HFXWS,-0.6783215,No actionable lever,Engagement and bundling,-0.12100287,-0.20133989,-0.28675708,-0.27223366,-0.15549327,-0.12100287
3545-CNWRG,0.49197054,Billing and payment,Service quality,0.3295278,0.30539834,0.3295278,0.09565425,0.1913063,0.036795393
1785-BPHTP,0.535836,Service quality,Protection and support,0.3240713,0.3240713,-0.045064695,0.13774136,-0.044820555,-0.1362606
4989-LIXVT,0.4839466,Billing and payment,Service quality,0.3321353,0.26585016,0.3321353,0.10233189,0.009846853,-0.055916116
7315-WYOAW,0.50375444,Service quality,Price and plan fit,0.33755684,0.33755684,-0.050561793,-0.06589817,0.19824937,0.28042874
1173-XZPYF,0.61402285,Billing and payment,Service quality,0.36239204,0.35609978,0.36239204,0.138436,0.0659886,0.17544457
9850-OWRHQ,0.6465534,Service quality,Protection and support,0.299864,0.299864,-0.086885415,0.13772555,-0.030199366,0.023080252
3768-NLUBH,0.44516507,Service quality,Engagement and bundling,0.27379248,0.27379248,-0.0015582526,0.16205482,0.21282136,0.17568097
8676-TRMJS,0.6262403,Service quality,Protection and support,0.29152796,0.29152796,-0.43505543,0.12870812,-0.06966682,-0.08768207
2509-TFPJU,-1.4629351,Protection and support,Engagement and bundling,0.11617844,-0.46964383,-0.2690465,0.11617844,-0.16666088,-0.5692677
9530-GRMJG,-1.5293598,Billing and payment,Engagement and bundling,0.34170562,-0.19284752,0.34170562,-0.1788783,0.1381173,-0.2646524
6898-RBTLU,-1.5042489,Engagement and bundling,Protection and support,0.20652895,-0.18399034,-0.24237297,-0.13212104,0.20652895,-0.2617159
5481-NTDOH,-0.5571858,Price and plan fit,Engagement and bundling,0.37402493,0.19542976,-0.07245322,-0.13944788,0.29959944,0.37402493
2068-WWXQZ,-1.4417484,Protection and support,Engagement and bundling,0.06988787,-0.48943633,-0.23175827,0.06988787,-0.22035845,-0.46752217
7359-SSBJK,-1.4171647,No actionable lever,Billing and payment,-0.05343408,-0.15676314,-0.10735862,-0.32211444,-0.05343408,-0.1810194
2061-VVFST,0.4808249,Protection and support,Engagement and bundling,0.055958763,-0.77395,-0.26517212,0.055958763,-0.23029631,-0.45114154
0685-MLYYM,0.613243,Service quality,Protection and support,0.2822802,0.2822802,-0.033801984,0.13234448,-0.21647811,-0.10097967
0749-IRGQE,0.46837902,Engagement and bundling,Protection and support,0.29120776,-0.3103355,0.013522259,0.1408435,0.29120776,-0.045531265
2380-DAMQP,-1.5060905,Service quality,Billing and payment,0.16782387,0.16782387,0.15336022,-0.3734859,0.06484358,0.100324154
2256-YLYLP,-1.5066692,Engagement and bundling,Protection and support,0.1342376,-0.18134065,-0.08965175,-0.086314976,0.1342376,-0.2670533
1272-ILHFG,-0.7489048,Protection and support,Billing and payment,0.06034902,-0.59321064,-0.31538934,0.06034902,-0.3361762,-0.5700615
0164-XAIRP,-1.509223,Protection and support,Billing and payment,0.07833247,-0.51029027,-0.078356914,0.07833247,-0.22733948,-0.3579287
5666-CYCYZ,0.536386,Billing and payment,Service quality,0.3369782,0.33212098,0.3369782,-0.06883102,0.10694536,-0.04181161
4011-ARPHK,0.48017505,No actionable lever,Engagement and bundling,-0.1559218,-0.31989822,-0.36382622,-0.1559218,-0.23119134,-0.28502184
8182-PNAGI,0.5023124,Price and plan fit,Protection and support,0.017079767,-0.33923578,-0.34684214,-0.052736945,-0.17600961,0.017079767
6365-HITVU,-1.5509582,No actionable lever,Service quality,-0.007665571,-0.17265126,-0.23337539,-0.3580672,-0.007665571,-0.28385457
7558-IMLMT,-1.492873,Protection and support,Billing and payment,0.08320475,-0.54657614,-0.1586118,0.08320475,-0.2446056,-0.7342849
9488-FYQAU,-1.2566478,Price and plan fit,Service quality,0.6637569,0.19645686,-0.083361685,-0.10897938,0.18128413,0.6637569
3590-TCXTB,0.60684955,Protection and support,Price and plan fit,0.0874657,-0.66759884,-0.32259062,0.0874657,-0.1699419,0.026804373
6994-KERXL,0.53353226,Billing and payment,Protection and support,0.3000471,-0.32014486,0.3000471,0.1593604,-0.09431213,-0.17051248
7957-RYHQD,0.5515938,Service quality,Billing and payment,0.29127347,0.29127347,-0.11765007,-0.19433981,-0.21010004,-0.1874105
2180-DXNEG,0.55381805,Billing and payment,Service quality,0.36151865,0.3516963,0.36151865,0.13323705,0.058033504,0.22350706
1960-UOTYM,-1.4781852,Billing and payment,Engagement and bundling,0.14037335,-0.1978461,0.14037335,-0.16781875,-0.006991811,-0.24456957
2740-JFBOK,0.4971899,Billing and payment,Protection and support,0.37370947,-0.96689737,0.37370947,0.0886192,-0.07506586,-0.208276
6500-JVEGC,-0.7211125,Price and plan fit,Service quality,0.3169105,0.20694904,-0.31289575,-0.19550982,-0.0703101,0.3169105
5515-AKOAJ,0.4566663,Billing and payment,Service quality,0.3420754,0.2954668,0.3420754,-0.10958514,0.21094255,0.06559925
8976-OQHGT,0.55271494,No actionable lever,Price and plan fit,-0.07846145,-0.31633013,-0.3203859,-0.07846145,-0.18504658,-0.09001398
5245-VDBUR,-0.7164906,No actionable lever,Protection and support,-0.17861967,-0.17861967,-0.30758864,-0.18155448,-0.18464124,-0.4330025
6230-BSUXY,0.6286198,Price and plan fit,Service quality,0.3481866,0.29158497,0.27604946,0.15019391,-0.07518131,0.3481866
8469-SNFFH,-0.6631644,No actionable lever,Price and plan fit,-0.109130666,-0.19604674,-0.2588948,-0.3052784,-0.109130666,-0.16060068
2144-ESWKO,-0.73854417,No actionable lever,Billing and payment,-0.11013226,-0.19603068,-0.11698511,-0.14505301,-0.11013226,-0.22970371
1241-FPMOF,-1.4423413,Protection and support,Engagement and bundling,0.07235554,-0.49040502,-0.29862037,0.07235554,-0.22947071,-0.34128043
9928-BZVLZ,-1.5547798,Engagement and bundling,Price and plan fit,0.08000015,-0.1999346,-0.37112704,-0.28103858,0.08000015,-0.14780049
4114-QMKVN,-0.4781765,Engagement and bundling,Protection and support,0.1483971,-0.18427469,-0.25365946,-0.17750981,0.1483971,-0.18314959
2775-SEFEE,-1.7833667,No actionable lever,Billing and payment,-0.04440494,-0.22067767,-0.07470039,-0.35215956,-0.04440494,-0.4748368
9003-CPATH,0.52893686,Service quality,Protection and support,0.3067921,0.3067921,-0.00011801068,0.123967424,-0.102413386,-0.1529955
1754-GKYPY,0.5357202,Service quality,Protection and support,0.3117156,0.3117156,-0.120210625,0.13872242,0.08541548,-0.028475624
5294-CDGWY,-0.49765006,Engagement and bundling,Billing and payment,0.35634387,-0.20062032,0.10060606,-0.12403236,0.35634387,0.021118969
7956-XQWGU,0.45884198,Protection and support,Billing and payment,0.08753659,-0.81809354,-0.12728411,0.08753659,-0.20036393,-0.58792794
1591-MQJTP,-0.58809227,Service quality,Engagement and bundling,0.19735983,0.19735983,-0.09297545,-0.1717042,0.15573098,-0.013572708
5295-PCJOO,0.53703195,Billing and payment,Price and plan fit,0.36455524,-0.26560634,0.36455524,-0.19179165,-0.14101678,-0.051624715
2369-FEVNO,0.61939096,Protection and support,Price and plan fit,0.09799097,-0.6552569,-0.09563292,0.09799097,-0.16889176,0.05748014
9863-JZAIC,0.48195666,Protection and support,Engagement and bundling,0.12898014,-0.30881113,-0.35211033,0.12898014,-0.08179939,-0.27199915
7471-MQPOS,-0.51031166,Engagement and bundling,Billing and payment,0.19298324,-0.15696983,-0.09058656,-0.103234075,0.19298324,-0.2305342
7660-HDPJV,0.651912,Billing and payment,Service quality,0.31706858,0.29167905,0.31706858,0.14280373,-0.1583524,0.21209624
5115-SQAAU,-1.4478848,Protection and support,Billing and payment,0.083822854,-0.52733976,-0.08096846,0.083822854,-0.15514992,-0.53437835
9845-QOMAD,-0.751404,Protection and support,Billing and payment,0.06034902,-0.60449207,-0.31538934,0.06034902,-0.33795777,-0.5756793
7672-VFMXZ,0.4421934,Billing and payment,Price and plan fit,0.09151941,-0.29113606,0.09151941,-0.30730656,-0.18162438,-0.08304162
9739-JLPQJ,-1.53121,Price and plan fit,Service quality,0.37578577,0.16806033,-0.20848861,-0.36328793,0.09459948,0.37578577
9916-AYHTC,-1.3830061,Protection and support,Engagement and bundling,0.06544826,-0.48456818,-0.2698859,0.06544826,-0.21234368,-0.52476656
3855-ONCAR,0.6448232,Service quality,Protection and support,0.31408474,0.31408474,-0.08841686,0.14100416,-0.06278657,-0.020731233
1488-SYSFC,0.48938665,Billing and payment,Protection and support,0.31821755,-0.8516754,0.31821755,0.09923921,-0.21999882,-0.61827046
7931-PXHFC,-0.49050492,Engagement and bundling,Price and plan fit,0.08337517,-0.27095777,-0.09922482,-0.08739697,0.08337517,-0.074477986
3990-QYKBE,0.5185785,Billing and payment,Service quality,0.31596988,0.3142147,0.31596988,0.1542172,0.21676037,-0.14981803
0970-QXPXW,0.60732704,Protection and support,Price and plan fit,0.085552186,-0.6557077,-0.32075897,0.085552186,-0.16759537,0.059054635
3259-KNMRR,-1.5173379,Engagement and bundling,Protection and support,0.20327061,-0.161194,-0.08307813,0.11878072,0.20327061,-0.22421384
6120-RJKLU,-1.4771416,Engagement and bundling,Billing and payment,0.07834664,-0.1600831,-0.10873172,-0.3100116,0.07834664,-0.27550706
9572-WUKSB,0.58054817,Billing and payment,Engagement and bundling,0.328852,-0.23855963,0.328852,-0.10430761,-0.054966107,-0.09805133
5893-KCLGT,-1.5083687,Protection and support,Billing and payment,0.11685817,-0.49823165,-0.18654048,0.11685817,-0.241691,-0.62721616
0076-LVEPS,0.48747933,No actionable lever,Billing and payment,-0.05445841,-0.37570792,-0.14388357,-0.43047974,-0.05445841,-0.16235143
3640-JQGJG,0.50420856,Protection and support,Price and plan fit,0.10968003,-0.3345501,-0.41898477,0.10968003,-0.17386994,-0.14204107
4919-MOAVT,0.6118923,Service quality,Protection and support,0.29667273,0.29667273,-0.0506079,0.13679564,-0.20560688,-0.08553881
1596-OQSPS,0.49056262,Protection and support,Billing and payment,0.07718018,-0.32894963,-0.018902935,0.07718018,-0.17338422,-0.10679033
9867-XOBQA,-1.5203226,No actionable lever,Service quality,-0.051665924,-0.19533588,-0.2870471,-0.34427473,-0.051665924,-0.24709272
9546-KDTRB,0.48771855,Protection and support,Engagement and bundling,0.076732755,-0.803395,-0.3490263,0.076732755,-0.10142779,-0.18708558
3090-HAWSU,-1.2648625,Price and plan fit,Engagement and bundling,0.563887,0.18964253,-0.07518163,-0.267061,0.19473353,0.563887
9820-RMCQV,0.49568906,No actionable lever,Engagement and bundling,-0.12504709,-0.34100157,-0.3867038,-0.17385563,-0.17146893,-0.12504709
3174-RKMOW,0.4213125,Billing and payment,Service quality,0.30185312,0.2987232,0.30185312,-0.16845123,0.1303124,0.12620963
1760-CAZHT,0.4453784,Protection and support,Engagement and bundling,0.078918055,-0.8308319,-0.41423365,0.078918055,-0.1944511,-0.5553003
7839-QRKXN,0.6198684,Protection and support,Price and plan fit,0.096331455,-0.66262156,-0.09380127,0.096331455,-0.16654523,0.033518553
8441-SHIPE,-1.4764876,Protection and support,Billing and payment,0.09714721,-0.5111283,-0.08248296,0.09714721,-0.13901654,-0.5645522
5204-QZXPU,0.51051635,Billing and payment,Engagement and bundling,0.42455518,-0.2921071,0.42455518,0.15562443,0.17813094,-0.023324978
4597-ELFTS,-0.6989133,Billing and payment,Protection and support,0.09163318,-0.5621866,0.09163318,0.0768055,-0.22380614,-0.41112942
1320-GVNHT,-1.4306724,Price and plan fit,Service quality,0.42924199,0.16730177,-0.07965035,-0.24364977,0.12841704,0.42924199
1047-RNXZV,-1.4753666,Protection and support,Engagement and bundling,0.06411937,-0.54812676,-0.30160156,0.06411937,-0.268366,-0.76526445
3541-ZNUHK,0.531651,Billing and payment,Service quality,0.3491313,0.26665208,0.3491313,-0.22207144,-0.081471585,-0.105851024
8450-JOVAH,0.5776122,Price and plan fit,Engagement and bundling,0.14341581,-0.29460746,-0.3514985,-0.16442338,-0.06151507,0.14341581
8725-JEDFD,0.5621071,Service quality,Protection and support,0.3217291,0.3217291,-0.14116786,0.1328498,-0.1882236,-0.1998685
7562-UXTPG,0.6176427,Service quality,Protection and support,0.34786996,0.34786996,-0.14133026,0.12464824,-0.17837201,-0.01414023
8071-SBTRN,-1.390312,Price and plan fit,Service quality,0.42536366,0.19491243,-0.13602018,-0.20895855,0.1569647,0.42536366
1113-IUJYX,-0.5408206,Price and plan fit,Service quality,0.32776758,0.22523057,-0.32924294,-0.26521,0.20545413,0.32776758
6668-CNMFP,-0.6604609,Service quality,Engagement and bundling,0.23155762,0.23155762,-0.06562452,-0.07051163,0.19781606,-0.06255618
5626-MGTUK,0.56294537,Service quality,Engagement and bundling,0.3164509,0.3164509,-0.15210752,-0.22961333,0.06399397,-0.14581002
5681-LLOEI,-0.82059395,Service quality,Billing and payment,0.21551506,0.21551506,-0.10530008,-0.3025572,-0.19093117,-0.17652981
8212-DJRCH,0.5957323,Service quality,Price and plan fit,0.30267215,0.30267215,-0.1054086,-0.20077837,-0.04727136,0.07495492
4323-OHFOW,-0.5129806,Engagement and bundling,Price and plan fit,0.30931684,0.20366856,-0.060597256,-0.10936895,0.30931684,0.22057818
4933-BSAIP,-1.4554448,Protection and support,Engagement and bundling,0.051209357,-0.53928816,-0.3076801,0.051209357,-0.2453756,-1.0678167
2030-BTZRO,-1.5129735,Protection and support,Billing and payment,0.07620796,-0.60928476,-0.066825435,0.07620796,-0.19725268,-0.5857274
1116-DXXDF,-1.5424509,Billing and payment,Service quality,0.38884193,0.20864643,0.38884193,-0.11754672,0.08092038,0.12437009
9274-CNFMO,0.6079242,Service quality,Protection and support,0.30780908,0.30780908,-0.011436399,0.12713856,-0.020644093,0.019908909
7758-XKCBS,0.51884776,Billing and payment,Price and plan fit,0.39096114,-0.29634348,0.39096114,-0.13298635,-0.0517717,-0.0005325563
8992-JQYUN,0.57260585,Billing and payment,Engagement and bundling,0.31913254,-0.28389883,0.31913254,0.17195165,0.2594804,0.10749188
6563-VNPMN,0.5493759,Service quality,Billing and payment,0.26496655,0.26496655,-0.13690518,-0.3831284,-0.17967533,-0.17876516
0617-AQNWT,-1.4428663,Billing and payment,Engagement and bundling,0.18684325,-0.15620174,0.18684325,-0.32458523,0.035219934,-0.25559932
2267-WTPYD,0.47081372,Service quality,Protection and support,0.26850474,0.26850474,-0.31661588,0.10409401,0.07465807,-0.09769763
0270-THENM,-1.4537458,No actionable lever,Service quality,-0.10839557,-0.15438467,-0.27625725,-0.35062864,-0.10839557,-0.31699634
2446-PLQVO,0.6502722,Billing and payment,Service quality,0.3195507,0.29167905,0.3195507,0.14507166,-0.16069894,0.20845407
4707-MAXGU,-1.4629351,Protection and support,Engagement and bundling,0.11465302,-0.48508182,-0.2690465,0.11465302,-0.16666088,-0.62341326
2710-WYVXG,-1.7459929,Price and plan fit,Engagement and bundling,0.051549833,-0.18694137,-0.28458157,-0.29505625,-0.011875,0.051549833
3005-NFMTA,0.4688748,Billing and payment,Service quality,0.3274136,0.2710284,0.3274136,-0.16328366,0.24721408,0.1409232
6300-BWMJX,0.5077461,Service quality,Engagement and bundling,0.2792082,0.2792082,0.046054415,-0.09738332,0.06375303,-0.18717071
8784-CGILN,0.49500224,Service quality,Engagement and bundling,0.31458503,0.31458503,-0.11598369,-0.06976703,0.20715684,0.14741579
5389-FFVKB,0.523086,Service quality,Protection and support,0.3075805,0.3075805,-0.10866448,0.14142,-0.046550866,-0.049510844
7009-LGECI,0.55455166,No actionable lever,Price and plan fit,-0.111346215,-0.2734881,-0.111346215,-0.21990854,-0.19484547,-0.14912176
8444-WRIDW,0.55429107,Service quality,Protection and support,0.26658475,0.26658475,-0.115317136,0.11953157,-0.11869787,-0.18565457
5022-KVDQT,0.5605749,Billing and payment,Service quality,0.36440897,0.330078,0.36440897,0.14339124,-0.05204619,-0.05786551
7976-CICYS,0.5602473,Protection and support,Billing and payment,0.08209713,-0.8936817,-0.08165513,0.08209713,-0.19636604,-0.5290951
1036-GUDCL,0.4283421,Engagement and bundling,Billing and payment,0.030566059,-0.28989047,-0.1293625,-0.40759677,0.030566059,-0.13010395
2005-DWQZJ,-1.5350583,Protection and support,Engagement and bundling,0.05150753,-0.583673,-0.30184826,0.05150753,-0.21915306,-1.0126505
8148-WOCMK,-1.4351114,Protection and support,Engagement and bundling,0.06678253,-0.57411885,-0.29515693,0.06678253,-0.19404796,-0.50543594
7815-PDTHL,-1.5083239,Protection and support,Billing and payment,0.07479064,-0.51458967,-0.14913036,0.07479064,-0.22228423,-0.5122905
9451-LPGOO,0.6047308,Service quality,Billing and payment,0.36402822,0.36402822,0.32563055,0.14463119,0.10092696,0.12832542
9173-IVZVP,-1.4621148,Protection and support,Engagement and bundling,0.07199392,-0.54671466,-0.3058634,0.07199392,-0.25074637,-0.60288686
9129-UXERG,0.45447493,Service quality,Engagement and bundling,0.30897224,0.30897224,-0.110004485,-0.12643269,0.1854714,0.17632735
3635-JBPSG,-1.6675776,Engagement and bundling,Protection and support,0.13028681,-0.14012071,-0.12890048,0.11125952,0.13028681,-0.27891618
7964-ZRKKG,-0.83642775,Service quality,Protection and support,0.22284901,0.22284901,-0.11301037,0.12558968,-0.11072454,-0.20672436
5868-YWPDW,0.6059649,Service quality,Billing and payment,0.3523057,0.3523057,0.2743017,0.10019765,-0.10958697,0.06146536
6229-LSCKB,0.62509555,Service quality,Billing and payment,0.35874557,0.35874557,0.30803174,0.1405641,-0.09488228,-0.060018726
2025-JKFWI,0.53224725,Service quality,Engagement and bundling,0.3508293,0.3508293,-0.1248434,-0.07465449,0.22563733,0.16037285
4078-SAYYN,0.53809804,Price and plan fit,Service quality,0.4536943,0.35683614,0.33480775,0.14490207,0.22578016,0.4536943
1724-IQWNM,0.6198663,Protection and support,Billing and payment,0.09073765,-0.6545044,-0.09010135,0.09073765,-0.15264519,-0.2338708
8217-QYOHV,0.5442491,No actionable lever,Billing and payment,-0.054198045,-0.33268735,-0.12550144,-0.33611917,-0.16514775,-0.054198045
5546-QUERU,-0.79460853,Protection and support,Billing and payment,0.07699865,-0.59085023,-0.12708808,0.07699865,-0.32333678,-0.35060948
9940-HPQPG,0.607893,Service quality,Price and plan fit,0.33883113,0.33883113,-0.31558985,-0.23305544,-0.052367497,0.16822822
6897-UUBNU,0.5535608,Service quality,Price and plan fit,0.32803607,0.32803607,-0.3475157,-0.1302407,-0.0355133,-0.006882267
6127-IYJOZ,0.6059129,Protection and support,Price and plan fit,0.13649021,-0.22913575,-0.11223269,0.13649021,-0.1684601,0.1339315
6618-RYATB,0.67148805,Service quality,Price and plan fit,0.29532695,0.29532695,-0.1148058,0.14645956,-0.048469324,0.24191457
8930-XOTDP,0.4883068,Protection and support,Engagement and bundling,0.13203272,-0.35398704,-0.3843335,0.13203272,-0.09297432,-0.12352173
5916-QEWPT,0.5396805,Protection and support,Engagement and bundling,0.14427766,-0.2859388,-0.32482338,0.14427766,0.048122868,-0.103758186
5060-TQUQN,0.56475556,Service quality,Price and plan fit,0.3196222,0.3196222,-0.10324926,-0.1124158,-0.039326735,-0.027813599
0531-XBKMM,-1.4192842,No actionable lever,Service quality,-0.11823263,-0.16515353,-0.2562183,-0.30806968,-0.11823263,-0.3075286
8465-SBRXP,-1.5637118,Service quality,Price and plan fit,0.21241587,0.21241587,-0.10932136,-0.07616026,0.023409668,0.11212919
2408-PSJVE,0.48902464,No actionable lever,Billing and payment,-0.0982862,-0.31138998,-0.14416754,-0.0982862,-0.19149673,-0.20557141
9079-YEXQJ,0.38702062,Service quality,Price and plan fit,0.28652912,0.28652912,-0.009212174,-0.15517041,0.15063994,0.1967375
9700-ZCLOT,0.53969204,Protection and support,Engagement and bundling,0.08045757,-0.8021176,-0.39358923,0.08045757,-0.18140258,-0.40753883
8738-JOKAR,-0.46985763,Engagement and bundling,Billing and payment,0.07413449,-0.20585518,-0.107684605,-0.3343805,0.07413449,-0.15399416
4534-WGCIR,-1.4522405,Protection and support,Engagement and bundling,0.07485431,-0.5287476,-0.22720017,0.07485431,-0.098202094,-0.6692261
1930-WNXSB,0.51435816,Billing and payment,Service quality,0.3330454,0.28924248,0.3330454,0.09768432,0.064248845,-0.11747518
2685-SREOM,0.5433578,Billing and payment,Service quality,0.34577376,0.33867654,0.34577376,0.17420524,0.11667276,0.036743134
3508-CFVZL,-1.4868255,Price and plan fit,Service quality,0.28640908,0.17024869,-0.28351903,-0.35261953,0.11554295,0.28640908
0402-CQAJN,0.44903144,Service quality,Engagement and bundling,0.30771148,0.30771148,-0.08182928,0.11083487,0.18146142,0.023331463
6692-UDPJC,0.58833754,Billing and payment,Service quality,0.3552798,0.3352723,0.3552798,-0.084659986,0.07878712,0.0129536465
1273-MTETI,0.60747313,Service quality,Billing and payment,0.31692868,0.31692868,0.28446376,0.16288626,0.12163815,0.21477574
0657-DOGUM,-0.6957376,No actionable lever,Price and plan fit,-0.124483965,-0.2045865,-0.124483965,-0.31148073,-0.20959005,-0.202351
5480-HPRRX,0.58871865,Protection and support,Billing and payment,0.12681188,-0.22142312,0.0075826533,0.12681188,-0.009726897,-0.26265925
8792-AOROI,-1.6003215,No actionable lever,Service quality,-0.04862041,-0.22097176,-0.26926282,-0.28494665,-0.04862041,-0.3049537
0295-PPHDO,0.5890029,Price and plan fit,Billing and payment,0.43911934,0.29761127,0.31372562,0.16194117,0.17023587,0.43911934
5146-YYFRZ,-1.4347965,Protection and support,Billing and payment,0.066730276,-0.4781628,-0.24716842,0.066730276,-0.25200936,-0.5259373
1195-OIYEJ,0.5867237,Billing and payment,Service quality,0.37040687,0.3491004,0.37040687,0.14084734,0.06189481,0.090160884
5906-CVLHP,-0.7093726,No actionable lever,Protection and support,-0.055269413,-0.19854727,-0.055269413,-0.05713615,-0.2691048,-0.06318246
3452-SRFEG,0.55577046,Service quality,Protection and support,0.2972713,0.2972713,-0.14036767,0.1427776,-0.10385587,-0.29034278
4070-OKWVH,0.5119225,Service quality,Protection and support,0.2945112,0.2945112,-0.35136175,0.10237196,0.04672131,-0.1047825
5297-MDOIR,-0.8277827,Service quality,Billing and payment,0.20073669,0.20073669,-0.10026414,-0.15623404,-0.37021148,-0.3219271
6369-MCAKO,-1.5393806,Engagement and bundling,Billing and payment,0.10406288,-0.18655834,-0.10935076,-0.380852,0.10406288,-0.29093498
4926-UMJZD,0.49065906,No actionable lever,Price and plan fit,-0.07651545,-0.3174825,-0.16926931,-0.07651545,-0.18152094,-0.124790624
6848-HJTXY,-1.4011188,Protection and support,Engagement and bundling,0.065609306,-0.4678566,-0.26397786,0.065609306,-0.2218821,-0.48448825
6341-AEVKX,-0.5436103,Price and plan fit,Billing and payment,0.30496842,0.21082407,0.29501072,-0.25778154,0.12718835,0.30496842
4501-EQDRN,0.65518534,Service quality,Price and plan fit,0.2929061,0.2929061,-0.31986016,0.12693574,-0.1579965,0.23343258
2990-HWIML,0.60342085,Service quality,Billing and payment,0.3635295,0.3635295,0.30610278,0.16196424,0.040505353,0.1402221
0682-USIXD,0.5662973,Billing and payment,Service quality,0.36941624,0.3128147,0.36941624,-0.11108376,-0.049079493,-0.06955977
6976-BWGLQ,-1.4578536,Protection and support,Engagement and bundling,0.112092204,-0.4692057,-0.2786948,0.112092204,-0.15583897,-0.5186897
7078-NVFAM,0.48402208,Billing and payment,Engagement and bundling,0.36554286,-0.31686634,0.36554286,-0.18903701,0.060018286,-0.041027077
8065-QBYTO,-0.78592926,Service quality,Price and plan fit,0.18219753,0.18219753,-0.10217371,-0.3804862,-0.07394787,0.15181619
2133-TSRRM,0.40885976,Service quality,Price and plan fit,0.29786792,0.29786792,-0.096014716,-0.19568859,-0.0044332817,0.12462515
7384-GHBPI,0.5579892,Billing and payment,Protection and support,0.3636977,-0.23080832,0.3636977,0.16443843,0.16057125,-0.000112332404
7603-USHJS,0.6173268,Service quality,Protection and support,0.34946528,0.34946528,-0.10573582,0.12479784,-0.07156943,0.014017627
7234-FECYN,0.52375245,Price and plan fit,Service quality,0.36828303,0.35429922,-0.012867131,0.13112703,0.17980935,0.36828303
2511-ALLCS,-1.443939,Protection and support,Engagement and bundling,0.06849842,-0.5008868,-0.22166377,0.06849842,-0.11437783,-0.2751692
3191-CSNMG,0.63591665,Billing and payment,Service quality,0.32590473,0.2934578,0.32590473,0.1412069,-0.06389209,0.071328215
7952-OBOYL,0.6380004,Service quality,Price and plan fit,0.29846618,0.29846618,-0.10709409,-0.08585033,-0.058183007,0.04569533
7470-DYNOE,-0.5532601,Billing and payment,Protection and support,0.29775855,-0.19895731,0.29775855,0.14057647,-0.01536556,-0.29465985
7853-OETYL,0.5582772,Billing and payment,Engagement and bundling,0.3299256,-0.26670623,0.3299256,-0.20916954,-0.023720786,-0.28963992
1545-ACTAS,-0.55759615,Service quality,Engagement and bundling,0.21852376,0.21852376,-0.066400506,-0.16113253,0.20250405,0.17723969
5876-HZVZM,0.51894987,No actionable lever,Price and plan fit,-0.18826832,-0.3917831,-0.28643993,-0.23052767,-0.18826832,-0.20818277
1400-MMYXY,0.50895077,Price and plan fit,Service quality,0.43427384,0.3045193,0.27971756,0.106425874,0.22273469,0.43427384
5126-RCXYW,-1.5064871,Engagement and bundling,Protection and support,0.07001637,-0.15942964,-0.23875733,-0.14543161,0.07001637,-0.22070758
3085-QUOZK,0.5996593,Protection and support,Price and plan fit,0.12310557,-0.22829825,-0.34148687,0.12310557,-0.16753793,0.109130934
2363-BJLSL,0.44118053,Engagement and bundling,Billing and payment,0.06334425,-0.28372407,-0.14035262,-0.15709357,0.06334425,-0.15353268
1956-YIFGE,-0.5588242,Service quality,Price and plan fit,0.24158797,0.24158797,-0.058647975,0.103196464,0.20127729,0.22797844
3926-CUQZX,0.60692775,Protection and support,Price and plan fit,0.13677368,-0.23169042,-0.09959401,0.13677368,-0.16810587,0.10035058
7921-LMDFQ,-0.59349453,Engagement and bundling,Service quality,0.21920499,0.2181328,-0.07890117,0.16129635,0.21920499,-0.051610023
2925-MXLSX,-0.72524697,Protection and support,Billing and payment,0.099755876,-0.2754742,-0.0729336,0.099755876,-0.11817242,-0.1578933
5820-PTRYM,-0.68333876,No actionable lever,Service quality,-0.09120763,-0.18467356,-0.09120763,-0.38509685,-0.18814752,-0.3497944
9609-BENEA,-0.7302417,Billing and payment,Engagement and bundling,0.34192005,-0.2922059,0.34192005,-0.15390489,-0.04659155,-0.19264583
6211-WHMYA,0.4761358,Billing and payment,Engagement and bundling,0.34703675,-0.26397786,0.34703675,-0.23001243,0.09023578,-0.097170085
4459-BBGHE,0.47215694,Billing and payment,Engagement and bundling,0.3350718,-0.37934652,0.3350718,0.17717007,0.2905895,-0.14465803
9945-PSVIP,-1.41176,Protection and support,Billing and payment,0.07069938,-0.54996496,-0.1362754,0.07069938,-0.21150804,-0.8760996
1041-RXHRA,0.5524973,Service quality,Protection and support,0.2950383,0.2950383,-0.34604645,0.10897071,-0.18709202,-0.04674472
1750-CSKKM,0.49222282,Protection and support,Billing and payment,0.118069455,-0.36147764,-0.039497726,0.118069455,-0.047821313,-0.071945354
9108-EJFJP,0.59720033,Price and plan fit,Billing and payment,0.12936567,-0.3041333,-0.12083532,-0.20507486,-0.1529493,0.12936567
0530-IJVDB,-1.4627253,Billing and payment,Price and plan fit,0.25653422,0.19675009,0.25653422,-0.36169964,0.08301422,0.23863223
0508-SQWPL,-1.4235475,Protection and support,Billing and payment,0.07646332,-0.52064544,-0.06508763,0.07646332,-0.20139132,-0.44848213
2215-ZAFGX,0.6183683,Service quality,Billing and payment,0.3485833,0.3485833,0.3453499,0.14048722,0.10573168,0.13548957
8213-TAZPM,-0.5291183,Price and plan fit,Engagement and bundling,0.31805772,0.2153844,-0.054948248,-0.1154162,0.25067535,0.31805772
7142-HVGBG,0.46152785,Billing and payment,Service quality,0.32160336,0.29165542,0.32160336,0.07998341,0.1889964,0.16690925
1304-SEGFY,-1.6291132,Billing and payment,Protection and support,0.43203127,0.1877197,0.43203127,0.21190636,0.17479098,-0.056074217
7242-EDTYC,-1.3939322,Protection and support,Engagement and bundling,0.069234796,-0.5040511,-0.27220175,0.069234796,-0.20113593,-0.5349015
2904-GGUAZ,-1.6491883,Service quality,Price and plan fit,0.16193372,0.16193372,-0.1568844,-0.20588371,-0.13819404,-0.13714541
8267-ZNYVZ,-0.53438854,Price and plan fit,Billing and payment,0.37722108,0.22090489,0.30689874,-0.22773236,0.14669695,0.37722108
5136-GFPMB,0.50968325,Service quality,Protection and support,0.28691658,0.28691658,-0.336133,0.14926714,0.069157764,-0.097009726
2595-KIWPV,-1.4095942,Protection and support,Engagement and bundling,0.0705038,-0.4904243,-0.3152163,0.0705038,-0.19421464,-0.5371355
5243-SAOTC,0.5577469,Service quality,Protection and support,0.28753522,0.28753522,-0.12623458,0.13059953,-0.10344896,-0.1408745
9398-MMQTO,0.63047254,Service quality,Protection and support,0.29005045,0.29005045,-0.34384906,0.10012421,-0.16611408,0.06115111
7619-PLRLP,-0.47986197,Engagement and bundling,Service quality,0.12747478,-0.18994291,-0.2613164,-0.19257027,0.12747478,-0.25848392
6457-GIRWB,0.6502722,Billing and payment,Service quality,0.3195507,0.29167905,0.3195507,0.14507166,-0.16069894,0.20845407
6508-NJYRO,-0.7584733,Protection and support,Billing and payment,0.068751186,-0.60667104,-0.33695748,0.068751186,-0.3589456,-1.0246642
1450-SKCVI,0.5382571,Billing and payment,Service quality,0.35796642,0.28040898,0.35796642,0.1153907,-0.19170558,-0.16053525
4710-NKCAW,0.5382162,Price and plan fit,Engagement and bundling,0.016218018,-0.32987434,-0.28709888,-0.3139915,-0.050998494,0.016218018
5306-BVTKJ,-0.7250791,Protection and support,Price and plan fit,0.12579782,-0.19474544,-0.078870185,0.12579782,-0.29950055,-0.04340337
0357-NVCRI,0.4527141,Protection and support,Engagement and bundling,0.07296798,-0.7949143,-0.40505606,0.07296798,-0.18013495,-0.51807183
5570-PTWEH,0.6433355,Service quality,Protection and support,0.2951089,0.2951089,-0.07732246,0.13652909,-0.060364556,-0.024112485
2371-KFUOG,-0.536814,Engagement and bundling,Service quality,0.2339565,0.20424217,-0.29046112,-0.1730868,0.2339565,0.10699271
0463-ZSDNT,0.47690895,Protection and support,Engagement and bundling,0.12873459,-0.37852603,-0.09200872,0.12873459,-0.047089543,-0.07477674
6502-MJQAE,0.6502722,Billing and payment,Service quality,0.3195507,0.29167905,0.3195507,0.14507166,-0.16069894,0.20845407
6257-DTAYD,-1.4739287,Price and plan fit,Engagement and bundling,0.38344544,0.18476032,-0.08985924,-0.08866369,0.22253162,0.38344544
4616-ULAOA,-1.3153467,Price and plan fit,Service quality,0.45134148,0.2049996,-0.04516082,-0.12984969,0.1484743,0.45134148
7693-LCKZL,0.6318805,Billing and payment,Service quality,0.34286356,0.30871758,0.34286356,0.09310683,-0.029457416,-0.021297652
7746-AWNQW,0.5048607,No actionable lever,Price and plan fit,-0.048501246,-0.30931747,-0.15050574,-0.14057125,-0.048501246,-0.06517237
5996-EBTKM,-1.5076935,Engagement and bundling,Protection and support,0.08984614,-0.16765027,-0.08438601,-0.07522062,0.08984614,-0.26876038
2758-RNWXS,-0.6289276,Billing and payment,Service quality,0.31397516,0.22279978,0.31397516,-0.31456742,-0.032150257,-0.1823375
2314-TNDJQ,-1.5166947,Engagement and bundling,Service quality,0.026309635,-0.13251193,-0.24962641,-0.41760653,0.026309635,-0.3622784
2405-LBMUW,-0.46253127,Engagement and bundling,Price and plan fit,0.14911224,-0.17416506,-0.10452442,-0.412357,0.14911224,-0.08514887
3454-JFUBC,-1.444964,Protection and support,Billing and payment,0.07574675,-0.51195467,-0.10309693,0.07574675,-0.27891958,-0.8690587
0032-PGELS,0.6033847,Price and plan fit,Engagement and bundling,0.08054599,-0.2321299,-0.31030858,-0.15091716,0.017817281,0.08054599
9039-ZVJDC,0.5377771,Protection and support,Billing and payment,0.08085478,-0.88233775,-0.10856261,0.08085478,-0.18437639,-0.86889446
6797-LNAQX,-1.564046,Engagement and bundling,Service quality,0.22427931,0.19964957,-0.29024547,0.097043514,0.22427931,0.08642589
9013-AQORL,0.44571567,Engagement and bundling,Protection and support,0.16627441,-0.2753838,-0.28205633,0.14278267,0.16627441,-0.0657106
2898-MRKPI,-0.5359157,Engagement and bundling,Service quality,0.30618888,0.21911855,-0.052724116,0.1060534,0.30618888,0.14569327
2750-BJLSB,-0.5353231,Billing and payment,Price and plan fit,0.30938408,0.21700755,0.30938408,-0.27288008,0.1387841,0.29437104
3648-GZPHF,-0.74900377,No actionable lever,Billing and payment,-0.022641718,-0.18716906,-0.14116186,-0.14214078,-0.21368638,-0.022641718
2075-RMJIK,0.5454843,No actionable lever,Billing and payment,-0.061891064,-0.26796457,-0.12035787,-0.20908207,-0.1437042,-0.061891064
9588-YRFHY,-1.476162,Protection and support,Billing and payment,0.089535646,-0.5475106,-0.094352566,0.089535646,-0.27153924,-0.8199105
6394-MFYNG,0.41030955,Service quality,Price and plan fit,0.3012812,0.3012812,-0.093578726,0.097410046,0.20204234,0.23875886
1564-NTYXF,0.5899426,Service quality,Billing and payment,0.35169324,0.35169324,0.3184763,0.15639146,0.11738302,0.1052541
9364-YKUVW,0.5137801,Protection and support,Billing and payment,0.086428605,-0.87670964,-0.15126333,0.086428605,-0.234826,-0.5514521
5392-AKEMH,0.51858926,Billing and payment,Protection and support,0.39283472,-0.33684123,0.39283472,0.11855256,-0.18447584,-0.049212553
2451-YMUXS,-1.404206,No actionable lever,Engagement and bundling,-0.12614147,-0.1531828,-0.12614147,-0.32876065,-0.14951931,-0.25583032
3914-FDRHP,0.59100616,Service quality,Price and plan fit,0.33310628,0.33310628,-0.007232585,-0.08374654,-0.040578444,0.16117634
3078-ZKNTS,-1.5128094,Protection and support,Billing and payment,0.07629068,-0.5321696,-0.047229238,0.07629068,-0.18674964,-0.4113948
1024-KPRBB,-0.6361699,Service quality,Engagement and bundling,0.24909216,0.24909216,-0.09594779,0.13911517,0.21277887,-0.13953412
4690-PKDQG,0.51136315,Billing and payment,Service quality,0.35893184,0.29158774,0.35893184,0.09482813,0.069993295,-0.03799752
8155-IBNHG,0.5670192,Service quality,Protection and support,0.32854453,0.32854453,-0.1347807,0.13093229,-0.09940225,-0.2409473
0886-QGENL,0.4754007,Billing and payment,Service quality,0.3208835,0.29487544,0.3208835,-0.12647602,0.09686711,0.27040824
9547-ITEFG,0.5195647,Service quality,Price and plan fit,0.34749252,0.34749252,-0.06700788,0.09289726,0.17449218,0.32824677
1264-FUHCX,-0.4750325,Engagement and bundling,Billing and payment,0.309881,-0.19107836,-0.07262516,-0.21361679,0.309881,-0.14495757
7789-CRUVC,0.5031104,Service quality,Engagement and bundling,0.2500516,0.2500516,-0.12677823,-0.41712305,-0.07947661,-0.15610616
6598-KELSS,-0.71494824,No actionable lever,Billing and payment,-0.033855006,-0.19444716,-0.11723041,-0.14724195,-0.033855006,-0.22377495
8739-WWKDU,0.562976,Billing and payment,Service quality,0.35735795,0.32310054,0.35735795,0.09233052,0.063480504,-0.029948555
8685-WHQPW,0.5738867,Service quality,Protection and support,0.31632054,0.31632054,-0.13971463,0.13263394,-0.056218512,-0.2056179
4745-LSPLO,0.6093829,Protection and support,Price and plan fit,0.0874657,-0.6615213,-0.31864235,0.0874657,-0.1699419,0.039923683
8083-YTZES,0.6224396,Billing and payment,Service quality,0.3490189,0.3057925,0.3490189,0.1394181,-0.05912099,-0.051644854
7240-FQLHE,0.4914545,Service quality,Engagement and bundling,0.3092535,0.3092535,-0.33382154,-0.045635886,0.23954411,0.21567956
6664-FPDAC,-0.54216945,Price and plan fit,Engagement and bundling,0.29124922,0.21707258,0.26033258,-0.13277435,0.2744041,0.29124922
9972-VAFJJ,-0.778077,Billing and payment,Service quality,0.3656655,0.212674,0.3656655,-0.14309488,-0.122293115,0.034753002
0422-UXFAP,-0.6250094,Billing and payment,Engagement and bundling,0.34702307,0.2302112,0.34702307,0.16452642,0.28196418,0.099370055
1904-WAJAA,-1.4285095,Billing and payment,Engagement and bundling,0.18332493,-0.24686077,0.18332493,-0.14624377,-0.06921494,-0.2384884
5130-YPIRV,-1.4656777,No actionable lever,Billing and payment,-0.06800261,-0.17530799,-0.092414916,-0.18024996,-0.06800261,-0.29844522
2843-CQMEG,0.49781716,Protection and support,Billing and payment,0.10644992,-0.32591435,-0.16326293,0.10644992,-0.23211695,-0.27068743
6439-PKTRR,-1.3734242,Billing and payment,Engagement and bundling,0.24930663,-0.19364363,0.24930663,-0.31110653,0.0071420316,-0.1611006
5351-QESIO,0.63774157,Protection and support,Engagement and bundling,0.14009705,-0.2271315,-0.34238797,0.14009705,0.011861607,0.011739299
0786-VSSUD,0.52096677,Protection and support,Engagement and bundling,0.118776046,-0.28504357,-0.15792751,0.118776046,0.0665285,-0.23199919
5568-DMXZS,0.5167341,Billing and payment,Engagement and bundling,0.308158,-0.40715504,0.308158,-0.115637995,-0.08573009,-0.20291165
8468-FZTOE,-1.5058982,Billing and payment,Engagement and bundling,0.38491905,-0.17002001,0.38491905,-0.4114223,-0.082974866,-0.27701172
6633-SYEUS,0.561245,Service quality,Protection and support,0.32843664,0.32843664,-0.33411828,-0.08356659,-0.22383027,-0.1952923
6447-GORXK,0.5271911,Protection and support,Engagement and bundling,0.12883322,-0.2927202,-0.34228867,0.12883322,-0.018258423,-0.33024684
6967-PEJLL,-0.74055064,Billing and payment,Engagement and bundling,0.36422735,-0.20700684,0.36422735,-0.33000362,-0.19131213,-0.30981702
3976-BWUCK,0.52562064,Service quality,Price and plan fit,0.32241756,0.32241756,-0.11029582,-0.12941393,0.03178227,0.079422876
5981-ZVXOT,-0.5743331,Price and plan fit,Billing and payment,0.37797472,0.20996617,0.27998543,-0.1910555,0.22453225,0.37797472
1684-FLBGS,0.49487743,Engagement and bundling,Billing and payment,0.044102173,-0.40391228,-0.127736,-0.13294968,0.044102173,-0.22050524
1389-WNUIB,-0.47534317,Engagement and bundling,Protection and support,0.33602333,-0.23543876,-0.29087055,-0.17899828,0.33602333,-0.23663315
0376-OIWME,0.4830661,Billing and payment,Service quality,0.35495564,0.29123628,0.35495564,-0.14097577,0.084665656,-0.009245217
3585-ISXZP,0.5492799,Service quality,Price and plan fit,0.36467496,0.36467496,-0.3520337,0.13570608,0.22245255,0.3363775
0218-QNVAS,-0.56786114,Engagement and bundling,Service quality,0.30651405,0.1954441,-0.3075266,0.13433203,0.30651405,0.1495246
6583-QGCSI,0.5458781,Billing and payment,Service quality,0.35004127,0.28782487,0.35004127,0.109382845,0.06297882,-0.076394744
0804-YGEQV,-0.7353937,Protection and support,Billing and payment,0.075732216,-0.5631027,-0.061384358,0.075732216,-0.22165859,-0.3567238
7164-BPTUT,-1.51845,Engagement and bundling,Price and plan fit,0.13849083,-0.18311885,-0.29448932,-0.32854125,0.13849083,-0.15487686
4174-LPGTI,-0.4916464,Engagement and bundling,Price and plan fit,0.10659511,-0.20235753,-0.049393736,-0.11306847,0.10659511,0.061719567
2523-EWWZL,0.55932,Billing and payment,Service quality,0.3466729,0.3280675,0.3466729,0.09869561,-0.21252191,-0.25954318
0928-XUTSN,0.59064794,Service quality,Billing and payment,0.34522182,0.34522182,0.3348159,0.13203137,-0.081869684,0.028015569
2108-XWMPY,0.58702594,Engagement and bundling,Price and plan fit,0.017771065,-0.24378788,-0.14318933,-0.1822552,0.017771065,0.008759558
0052-YNYOT,-0.7247693,Billing and payment,Protection and support,0.13788314,-0.5518956,0.13788314,0.06857821,-0.3039673,-0.5453711
6304-IJFSQ,0.5753064,Protection and support,Price and plan fit,0.11785499,-0.22639579,-0.1107771,0.11785499,-0.16806912,-0.018515386
9586-JGQKH,-1.2841022,Price and plan fit,Engagement and bundling,0.585799,0.1993592,-0.081412815,-0.12731025,0.22649717,0.585799
4501-VCPFK,0.47867197,Billing and payment,Engagement and bundling,0.04764614,-0.3140452,0.04764614,-0.09126544,-0.081579015,-0.18929403
6075-SLNIL,0.48190635,Service quality,Protection and support,0.30125296,0.30125296,-0.093864135,0.109228805,0.08488073,-0.097004116
9347-AERRL,-0.7319123,Protection and support,Billing and payment,0.06784899,-0.5634512,-0.28726178,0.06784899,-0.3758101,-0.9737589
0093-XWZFY,0.44145575,Service quality,Engagement and bundling,0.30466238,0.30466238,-0.103817664,0.10187459,0.19359213,0.17184338
2274-XUATA,-1.5098286,Engagement and bundling,Service quality,0.14885873,-0.13506298,-0.13833739,-0.4690096,0.14885873,-0.2055029
1980-KXVPM,0.64653146,Service quality,Price and plan fit,0.30086306,0.30086306,-0.08359141,0.13300914,-0.018118747,0.13431022
7703-ZEKEF,0.56907266,Billing and payment,Service quality,0.38386655,0.33035797,0.38386655,0.14165948,-0.046015885,-0.14174366
0723-DRCLG,0.64955676,Billing and payment,Service quality,0.3101627,0.28999293,0.3101627,0.1438183,-0.044330314,0.21957341
5482-NUPNA,0.5501913,No actionable lever,Billing and payment,-0.10720727,-0.33186254,-0.1260042,-0.34349024,-0.18310173,-0.10720727
6691-CCIHA,-1.4862947,Billing and payment,Engagement and bundling,0.37301716,-0.194003,0.37301716,-0.37826455,0.13689674,-0.23488092
1685-BQULA,0.52846885,Service quality,Protection and support,0.30698866,0.30698866,-0.12580292,0.110968456,0.03400173,-0.0528816
9053-EJUNL,0.54806805,Billing and payment,Service quality,0.35746548,0.3190495,0.35746548,0.098641805,0.06300004,-0.11630979
0666-UXTJO,0.56492627,Service quality,Protection and support,0.31340465,0.31340465,-0.11934706,0.13709757,-0.053796843,0.019289851
1471-GIQKQ,0.5735309,Price and plan fit,Protection and support,0.13035548,-0.23291808,-0.011118361,0.08989858,-0.15499505,0.13035548
4807-IZYOZ,-1.4423748,Protection and support,Engagement and bundling,0.0694358,-0.49048698,-0.23162428,0.0694358,-0.21377258,-0.49981007
1122-JWTJW,0.6664508,Service quality,Price and plan fit,0.29252842,0.29252842,-0.10985826,0.14553687,-0.14825857,0.21941662
9710-NJERN,-1.4765784,Protection and support,Engagement and bundling,0.069594935,-0.5516768,-0.29852146,0.069594935,-0.26331005,-0.77066785
9837-FWLCH,0.5118832,Billing and payment,Protection and support,0.3352042,-0.9637328,0.3352042,0.07059334,-0.20907962,-0.94627976
1699-HPSBG,-0.7658013,Billing and payment,Protection and support,0.36366397,-0.2374742,0.36366397,-0.081015326,-0.14817329,-0.11076795
7203-OYKCT,-0.65957505,Billing and payment,Engagement and bundling,0.3531382,0.20048189,0.3531382,0.12395789,0.26685816,0.22116432
1035-IPQPU,0.45217645,Billing and payment,Service quality,0.3321918,0.26817113,0.3321918,0.09323792,0.18230033,0.06871414
7398-LXGYX,0.553712,Service quality,Engagement and bundling,0.29483947,0.29483947,-0.12551595,-0.21361005,-0.12256165,-0.20510104
2823-LKABH,0.4954175,Service quality,Engagement and bundling,0.31062746,0.31062746,-0.11277413,-0.073035486,0.07388535,0.04820186
8775-CEBBJ,0.5325619,Protection and support,Price and plan fit,0.12382851,-0.3179729,-0.10927577,0.12382851,-0.20612217,-0.07912716
0550-DCXLH,0.4627387,Engagement and bundling,Price and plan fit,0.07827854,-0.3902364,-0.37998974,-0.111220844,0.07827854,-0.019607585
9281-CEDRU,-1.4310564,No actionable lever,Protection and support,-0.07040073,-0.1722143,-0.27882975,-0.099086955,-0.07040073,-0.2259495
2235-DWLJU,0.5143296,Billing and payment,Engagement and bundling,0.3378908,-0.30941114,0.3378908,0.15813114,0.2730178,0.04294391
0871-OPBXW,0.58546126,Protection and support,Billing and payment,0.08815633,-0.8229134,-0.11429868,0.08815633,-0.17208293,-0.22265461
3605-JISKB,-0.69999254,No actionable lever,Service quality,-0.1333403,-0.17332092,-0.23638554,-0.1333403,-0.2557577,-0.18755622
6894-LFHLY,0.647917,Billing and payment,Service quality,0.31264484,0.29004043,0.31264484,0.14613853,-0.045625564,0.21677014
9767-FFLEM,0.56050915,Service quality,Protection and support,0.31678602,0.31678602,-0.10968983,0.13169341,-0.18687625,-0.05716896
0639-TSIQW,0.489182,Service quality,Price and plan fit,0.2740239,0.2740239,-0.10436165,-0.20222497,0.03942451,0.19040078
8456-QDAVC,0.57617676,Service quality,Protection and support,0.32080555,0.32080555,-0.14632426,0.13151762,-0.065418646,0.011490788
7750-EYXWZ,-0.5537119,Engagement and bundling,Billing and payment,0.25673565,-0.22996299,0.040010873,-0.18622315,0.25673565,-0.10616021
2569-WGERO,-1.4336302,Protection and support,Billing and payment,0.121508956,-0.48451126,-0.11329939,0.121508956,-0.21936047,-0.41245675
6840-RESVB,-0.48336002,Engagement and bundling,Price and plan fit,0.25317633,-0.23193082,-0.15052775,-0.30328268,0.25317633,-0.14966367
2234-XADUH,-0.616551,Engagement and bundling,Service quality,0.2905522,0.19579773,-0.07417719,0.13845278,0.2905522,0.13582456
4801-JZAZL,0.5179032,Billing and payment,Engagement and bundling,0.3651339,-0.34196296,0.3651339,-0.22048219,-0.050020836,-0.42865148
8361-LTMKD,0.6432626,Service quality,Protection and support,0.31692332,0.31692332,-0.11666901,0.13716576,-0.029188,0.0038413182
3186-AJIEK,-1.4252105,Price and plan fit,Service quality,0.3748246,0.1925362,-0.09127736,-0.2599318,0.11675983,0.3748246
