customerID,ChurnProbability,RiskTier,ObservedChurn,CustomerSegment,tenure,MonthlyCharges,Contract,PaymentMethod,InternetService,TechSupport
7590-VHVEG,0.6827,High Risk,No,New Budget,1,29.85,Month-to-month,Electronic check,DSL,No
5575-GNVDE,0.0397,Low Risk,No,New High-Spend,34,56.95,One year,Mailed check,DSL,No
3668-QPYBK,0.4332,Medium Risk,Yes,New High-Spend,2,53.85,Month-to-month,Mailed check,DSL,No
7795-CFOCW,0.0401,Low Risk,No,Established Budget,45,42.3,One year,Bank transfer (automatic),DSL,Yes
9237-HQITU,0.6695,High Risk,Yes,New High-Spend,2,70.7,Month-to-month,Electronic check,Fiber optic,No
9305-CDSKC,0.7297,High Risk,Yes,New High-Spend,8,99.65,Month-to-month,Electronic check,Fiber optic,No
1452-KIOVK,0.4429,Medium Risk,No,New High-Spend,22,89.1,Month-to-month,Credit card (automatic),Fiber optic,No
6713-OKOMC,0.1775,Low Risk,No,New Budget,10,29.75,Month-to-month,Mailed check,DSL,No
7892-POOKP,0.5661,Medium Risk,Yes,Established High-Value,28,104.8,Month-to-month,Electronic check,Fiber optic,Yes
6388-TABGU,0.0339,Low Risk,No,Established Budget,62,56.15,One year,Bank transfer (automatic),DSL,No
9763-GRSKD,0.1628,Low Risk,No,New Budget,13,49.95,Month-to-month,Mailed check,DSL,No
7469-LKBCI,0.0268,Low Risk,No,New Budget,16,18.95,Two year,Credit card (automatic),No,No
8091-TTVAX,0.187,Low Risk,No,Established High-Value,58,100.35,One year,Credit card (automatic),Fiber optic,No
0280-XJGEX,0.4491,Medium Risk,Yes,Established High-Value,49,103.7,Month-to-month,Bank transfer (automatic),Fiber optic,No
5129-JLPIS,0.4921,Medium Risk,No,Established High-Value,25,105.5,Month-to-month,Electronic check,Fiber optic,Yes
3655-SNQYZ,0.0558,Low Risk,No,Established High-Value,69,113.25,Two year,Credit card (automatic),Fiber optic,Yes
8191-XWSZG,0.0309,Low Risk,No,Established Budget,52,20.65,One year,Mailed check,No,No
9959-WOFKT,0.0456,Low Risk,No,Established High-Value,71,106.7,Two year,Bank transfer (automatic),Fiber optic,No
4190-MFLUW,0.1907,Low Risk,Yes,New High-Spend,10,55.2,Month-to-month,Credit card (automatic),DSL,Yes
4183-MYFRB,0.5525,Medium Risk,No,New High-Spend,21,90.05,Month-to-month,Electronic check,Fiber optic,No
8779-QRDMV,0.7186,High Risk,Yes,New Budget,1,39.65,Month-to-month,Electronic check,DSL,No
1680-VDCWW,0.0396,Low Risk,No,New Budget,12,19.8,One year,Bank transfer (automatic),No,No
1066-JKSGK,0.3775,Medium Risk,Yes,New Budget,1,20.15,Month-to-month,Mailed check,No,No
3638-WEABW,0.0293,Low Risk,No,Established Budget,58,59.9,Two year,Credit card (automatic),DSL,Yes
6322-HRPFA,0.0734,Low Risk,No,Established High-Value,49,59.6,Month-to-month,Credit card (automatic),DSL,Yes
6865-JZNKO,0.1141,Low Risk,No,New High-Spend,30,55.3,Month-to-month,Bank transfer (automatic),DSL,No
6467-CHFZW,0.5504,Medium Risk,Yes,Established High-Value,47,99.35,Month-to-month,Electronic check,Fiber optic,No
8665-UTDHZ,0.5901,Medium Risk,Yes,New Budget,1,30.2,Month-to-month,Electronic check,DSL,No
5248-YGIJN,0.0271,Low Risk,No,Established High-Value,72,90.25,Two year,Credit card (automatic),DSL,Yes
8773-HHUOZ,0.2654,Low Risk,Yes,New High-Spend,17,64.7,Month-to-month,Mailed check,DSL,No
3841-NFECX,0.0325,Low Risk,No,Established High-Value,71,96.35,Two year,Credit card (automatic),Fiber optic,Yes
4929-XIHVW,0.7099,High Risk,No,New High-Spend,2,95.5,Month-to-month,Credit card (automatic),Fiber optic,No
6827-IEAUQ,0.0357,Low Risk,No,New High-Spend,27,66.15,One year,Mailed check,DSL,Yes
7310-EGVHZ,0.383,Medium Risk,No,New Budget,1,20.2,Month-to-month,Bank transfer (automatic),No,No
3413-BMNZE,0.5865,Medium Risk,No,New Budget,1,45.25,Month-to-month,Bank transfer (automatic),DSL,No
6234-RAAPL,0.0284,Low Risk,No,Established High-Value,72,99.9,Two year,Bank transfer (automatic),Fiber optic,Yes
6047-YHPVI,0.6627,High Risk,Yes,New High-Spend,5,69.7,Month-to-month,Electronic check,Fiber optic,No
6572-ADKRS,0.2623,Low Risk,No,New High-Spend,46,74.8,Month-to-month,Credit card (automatic),Fiber optic,No
5380-WJKOV,0.574,Medium Risk,Yes,Established High-Value,34,106.35,Month-to-month,Electronic check,Fiber optic,No
8168-UQWWF,0.692,High Risk,Yes,New High-Spend,11,97.85,Month-to-month,Bank transfer (automatic),Fiber optic,No
8865-TNMNX,0.062,Low Risk,No,New Budget,10,49.55,One year,Mailed check,DSL,No
9489-DEDVP,0.0297,Low Risk,No,Established High-Value,70,69.2,Two year,Credit card (automatic),DSL,No
9867-JCZSP,0.0315,Low Risk,No,New Budget,17,20.75,One year,Mailed check,No,No
4671-VJLCL,0.0286,Low Risk,No,Established High-Value,63,79.85,Two year,Credit card (automatic),DSL,Yes
4080-IIARD,0.2881,Low Risk,No,New High-Spend,13,76.2,Month-to-month,Electronic check,DSL,Yes
3714-NTNFO,0.4654,Medium Risk,No,New High-Spend,49,84.5,Month-to-month,Electronic check,Fiber optic,No
5948-UJZLF,0.4534,Medium Risk,No,New Budget,2,49.25,Month-to-month,Mailed check,DSL,No
7760-OYPDY,0.6984,High Risk,Yes,New High-Spend,2,80.65,Month-to-month,Electronic check,Fiber optic,No
7639-LIAYI,0.0328,Low Risk,No,Established High-Value,52,79.75,Two year,Credit card (automatic),DSL,Yes
2954-PIBKO,0.0278,Low Risk,No,Established High-Value,69,64.15,Two year,Credit card (automatic),DSL,Yes
8012-SOUDQ,0.52,Medium Risk,No,New High-Spend,43,90.25,Month-to-month,Electronic check,Fiber optic,No
9420-LOJKX,0.5595,Medium Risk,Yes,New High-Spend,15,99.1,Month-to-month,Credit card (automatic),Fiber optic,No
6575-SUVOI,0.1492,Low Risk,No,New High-Spend,25,69.5,Month-to-month,Credit card (automatic),DSL,Yes
7495-OOKFY,0.6345,Medium Risk,Yes,New High-Spend,8,80.65,Month-to-month,Credit card (automatic),Fiber optic,No
4667-QONEA,0.0478,Low Risk,No,Established High-Value,60,74.85,One year,Credit card (automatic),DSL,Yes
1658-BYGOY,0.6594,High Risk,Yes,New High-Spend,18,95.45,Month-to-month,Electronic check,Fiber optic,No
8769-KKTPH,0.1398,Low Risk,No,Established High-Value,63,99.65,One year,Credit card (automatic),Fiber optic,No
5067-XJQFU,0.2348,Low Risk,No,Established High-Value,66,108.45,One year,Electronic check,Fiber optic,Yes
3957-SQXML,0.0258,Low Risk,No,Established Budget,34,24.95,Two year,Credit card (automatic),No,No
5954-BDFSG,0.0468,Low Risk,No,Established High-Value,72,107.5,Two year,Credit card (automatic),Fiber optic,Yes
0434-CSFON,0.5607,Medium Risk,No,Established High-Value,47,100.5,Month-to-month,Electronic check,Fiber optic,No
1215-FIGMP,0.2096,Low Risk,No,Established High-Value,60,89.9,Month-to-month,Bank transfer (automatic),Fiber optic,No
0526-SXDJP,0.0265,Low Risk,No,Established Budget,72,42.1,Two year,Bank transfer (automatic),DSL,No
0557-ASKVU,0.0596,Low Risk,No,New High-Spend,18,54.4,One year,Credit card (automatic),DSL,Yes
5698-BQJOH,0.6737,High Risk,Yes,New High-Spend,9,94.4,Month-to-month,Electronic check,Fiber optic,No
5122-CYFXA,0.4566,Medium Risk,No,New High-Spend,3,75.3,Month-to-month,Electronic check,DSL,Yes
8627-ZYGSZ,0.1256,Low Risk,No,New High-Spend,47,78.9,One year,Electronic check,Fiber optic,No
3410-YOQBQ,0.0332,Low Risk,No,Established High-Value,31,79.2,Two year,Mailed check,DSL,Yes
3170-NMYVV,0.0261,Low Risk,No,Established Budget,50,20.15,Two year,Bank transfer (automatic),No,No
7410-OIEDU,0.485,Medium Risk,No,New High-Spend,10,79.85,Month-to-month,Mailed check,Fiber optic,No
2273-QCKXA,0.4849,Medium Risk,No,New Budget,1,49.05,Month-to-month,Mailed check,DSL,Yes
0731-EBJQB,0.0354,Low Risk,No,Established Budget,52,20.4,One year,Electronic check,No,No
1891-QRQSA,0.0712,Low Risk,No,Established High-Value,64,111.6,Two year,Bank transfer (automatic),Fiber optic,Yes
8028-PNXHQ,0.0264,Low Risk,No,Established Budget,62,24.25,Two year,Bank transfer (automatic),No,No
5630-AHZIL,0.3485,Low Risk,No,New High-Spend,3,64.5,Month-to-month,Bank transfer (automatic),DSL,Yes
2673-CXQEU,0.2311,Low Risk,No,Established High-Value,56,110.5,One year,Electronic check,Fiber optic,No
6416-JNVRK,0.0594,Low Risk,No,Established Budget,46,55.65,One year,Credit card (automatic),DSL,No
5590-ZSKRV,0.127,Low Risk,No,New High-Spend,8,54.65,Month-to-month,Mailed check,DSL,No
0191-ZHSKZ,0.2417,Low Risk,No,Established High-Value,30,74.75,Month-to-month,Electronic check,DSL,No
3887-PBQAO,0.0351,Low Risk,No,Established Budget,45,25.9,One year,Credit card (automatic),No,No
5919-TMRGD,0.7443,High Risk,Yes,New High-Spend,1,79.35,Month-to-month,Electronic check,Fiber optic,No
8108-UXRQN,0.2689,Low Risk,No,New High-Spend,11,50.55,Month-to-month,Electronic check,DSL,No
9191-MYQKX,0.5793,Medium Risk,Yes,New High-Spend,7,75.15,Month-to-month,Bank transfer (automatic),Fiber optic,No
9919-YLNNG,0.3616,Medium Risk,No,Established High-Value,42,103.8,Month-to-month,Bank transfer (automatic),Fiber optic,Yes
0318-ZOPWS,0.0273,Low Risk,No,Established Budget,49,20.15,Two year,Bank transfer (automatic),No,No
4445-ZJNMU,0.6967,High Risk,No,New High-Spend,9,99.3,Month-to-month,Credit card (automatic),Fiber optic,No
4808-YNLEU,0.0513,Low Risk,No,New High-Spend,35,62.15,One year,Bank transfer (automatic),DSL,No
1862-QRWPE,0.0253,Low Risk,No,Established Budget,48,20.65,Two year,Bank transfer (automatic),No,No
2796-NNUFI,0.0261,Low Risk,No,Established Budget,46,19.95,Two year,Mailed check,No,No
3016-KSVCP,0.1433,Low Risk,No,New Budget,29,33.75,Month-to-month,Mailed check,DSL,No
4767-HZZHQ,0.247,Low Risk,No,New High-Spend,30,82.05,Month-to-month,Bank transfer (automatic),Fiber optic,No
2424-WVHPL,0.6903,High Risk,No,New High-Spend,1,74.7,Month-to-month,Electronic check,Fiber optic,Yes
7233-PAHHL,0.0303,Low Risk,No,Established High-Value,66,84.0,Two year,Mailed check,DSL,Yes
6067-NGCEU,0.2728,Low Risk,No,Established High-Value,65,111.05,Month-to-month,Credit card (automatic),Fiber optic,No
9848-JQJTX,0.0509,Low Risk,No,Established High-Value,72,100.9,Two year,Bank transfer (automatic),Fiber optic,No
8637-XJIVR,0.6067,Medium Risk,Yes,New High-Spend,12,78.95,Month-to-month,Electronic check,Fiber optic,No
9803-FTJCG,0.0315,Low Risk,No,Established High-Value,71,66.85,One year,Credit card (automatic),DSL,Yes
0278-YXOOG,0.1143,Low Risk,Yes,New Budget,5,21.05,Month-to-month,Mailed check,No,No
3212-KXOCR,0.026,Low Risk,No,Established Budget,52,21.0,Two year,Bank transfer (automatic),No,No
4598-XLKNJ,0.6201,Medium Risk,Yes,Established High-Value,25,98.5,Month-to-month,Electronic check,Fiber optic,No
6380-ARCEH,0.3775,Medium Risk,No,New Budget,1,20.2,Month-to-month,Mailed check,No,No
3679-XASPY,0.3903,Medium Risk,No,New Budget,1,19.45,Month-to-month,Electronic check,No,No
7123-WQUHX,0.094,Low Risk,No,Established High-Value,38,95.0,One year,Bank transfer (automatic),Fiber optic,Yes
5386-THSLQ,0.0555,Low Risk,No,Established Budget,66,45.55,One year,Bank transfer (automatic),DSL,No
3192-NQECA,0.1021,Low Risk,Yes,Established High-Value,68,110.0,Two year,Bank transfer (automatic),Fiber optic,Yes
6180-YBIQI,0.3772,Medium Risk,No,New Budget,5,24.3,Month-to-month,Mailed check,DSL,No
6728-DKUCO,0.0798,Low Risk,No,Established High-Value,72,104.15,One year,Electronic check,Fiber optic,No
9750-BOOHV,0.0418,Low Risk,No,Established Budget,32,30.15,One year,Mailed check,DSL,No
8597-CWYHH,0.1743,Low Risk,No,New High-Spend,43,94.35,One year,Mailed check,Fiber optic,No
2848-YXSMW,0.0243,Low Risk,No,Established Budget,72,19.4,Two year,Credit card (automatic),No,No
0486-HECZI,0.3732,Medium Risk,Yes,Established High-Value,55,96.75,Month-to-month,Electronic check,Fiber optic,No
4549-ZDQYY,0.0394,Low Risk,No,Established High-Value,52,57.95,One year,Credit card (automatic),DSL,Yes
5712-AHQNN,0.4616,Medium Risk,No,Established High-Value,43,91.65,Month-to-month,Electronic check,Fiber optic,No
4846-WHAFZ,0.5677,Medium Risk,Yes,New High-Spend,37,76.5,Month-to-month,Electronic check,Fiber optic,No
5256-SKJGO,0.0395,Low Risk,No,Established High-Value,64,54.6,Two year,Electronic check,DSL,Yes
3071-VBYPO,0.522,Medium Risk,No,New High-Spend,3,89.85,Month-to-month,Electronic check,Fiber optic,No
9560-BBZXK,0.0301,Low Risk,No,Established Budget,36,31.05,Two year,Bank transfer (automatic),DSL,No
5299-RULOA,0.6727,High Risk,Yes,New High-Spend,10,100.25,Month-to-month,Electronic check,Fiber optic,No
8402-OOOHJ,0.0257,Low Risk,No,Established Budget,41,20.65,Two year,Mailed check,No,No
9445-ZUEQE,0.2963,Low Risk,No,New High-Spend,27,85.2,Month-to-month,Credit card (automatic),Fiber optic,Yes
1091-SOZGA,0.1992,Low Risk,No,Established High-Value,56,99.8,One year,Credit card (automatic),Fiber optic,No
2928-HLDBA,0.0671,Low Risk,No,New Budget,6,20.7,Month-to-month,Mailed check,No,No
0404-SWRVG,0.6888,High Risk,Yes,New High-Spend,3,74.4,Month-to-month,Electronic check,Fiber optic,No
6497-TILVL,0.1693,Low Risk,No,New Budget,7,50.7,Month-to-month,Mailed check,DSL,No
7219-TLZHO,0.1125,Low Risk,No,New Budget,4,20.85,Month-to-month,Mailed check,No,No
4622-YNKIJ,0.0607,Low Risk,No,New High-Spend,33,88.95,Two year,Electronic check,Fiber optic,Yes
4412-YLTKF,0.5658,Medium Risk,Yes,New High-Spend,27,78.05,Month-to-month,Electronic check,Fiber optic,No
6734-PSBAW,0.0247,Low Risk,No,Established Budget,72,23.55,Two year,Bank transfer (automatic),No,No
3930-ZGWVE,0.3582,Medium Risk,No,New Budget,1,19.75,Month-to-month,Mailed check,No,No
2639-UGMAZ,0.0752,Low Risk,No,Established High-Value,71,56.45,One year,Electronic check,DSL,No
2876-GZYZC,0.6811,High Risk,No,New High-Spend,13,85.95,Month-to-month,Electronic check,Fiber optic,No
6207-WIOLX,0.1729,Low Risk,Yes,Established High-Value,25,58.6,Month-to-month,Credit card (automatic),DSL,No
8587-XYZSF,0.0295,Low Risk,No,Established Budget,67,50.55,Two year,Bank transfer (automatic),DSL,Yes
3091-FYHKI,0.6976,High Risk,Yes,New Budget,1,35.45,Month-to-month,Electronic check,DSL,No
2372-HWUHI,0.5432,Medium Risk,Yes,New Budget,2,44.35,Month-to-month,Electronic check,DSL,No
7799-LGRDP,0.0291,Low Risk,No,Established Budget,43,25.7,Two year,Credit card (automatic),No,No
7850-VWJUU,0.2753,Low Risk,No,New High-Spend,23,75.0,Month-to-month,Bank transfer (automatic),Fiber optic,No
3774-VBNXY,0.0247,Low Risk,No,Established Budget,64,20.2,Two year,Mailed check,No,No
6217-KDYWC,0.0255,Low Risk,No,Established Budget,57,19.6,Two year,Mailed check,No,No
0390-DCFDQ,0.7206,High Risk,Yes,New High-Spend,1,70.45,Month-to-month,Mailed check,Fiber optic,No
3146-MSEGF,0.0276,Low Risk,No,Established High-Value,72,88.05,Two year,Credit card (automatic),DSL,Yes
4080-OGPJL,0.2555,Low Risk,Yes,New High-Spend,8,71.15,Month-to-month,Electronic check,DSL,Yes
1095-WGNGG,0.0719,Low Risk,No,Established High-Value,61,101.05,Two year,Bank transfer (automatic),Fiber optic,No
2636-SJDOU,0.0433,Low Risk,No,Established High-Value,64,84.3,One year,Credit card (automatic),Fiber optic,No
1131-QQZEB,0.0257,Low Risk,No,Established Budget,71,23.95,Two year,Bank transfer (automatic),No,No
5716-EZXZN,0.0455,Low Risk,No,Established High-Value,65,99.05,Two year,Credit card (automatic),Fiber optic,Yes
6837-BJYDQ,0.038,Low Risk,No,New Budget,3,19.6,One year,Mailed check,No,No
2135-RXIHG,0.6578,High Risk,Yes,New Budget,1,45.65,Month-to-month,Electronic check,DSL,No
6440-DKQGE,0.0513,Low Risk,No,New High-Spend,30,64.5,One year,Credit card (automatic),DSL,No
3466-BYAVD,0.1675,Low Risk,No,New High-Spend,15,69.5,Month-to-month,Mailed check,DSL,Yes
3780-YVMFA,0.2866,Low Risk,No,New High-Spend,8,68.55,Month-to-month,Electronic check,DSL,Yes
3874-EQOEP,0.643,Medium Risk,Yes,New High-Spend,7,95.0,Month-to-month,Mailed check,Fiber optic,No
1679-JRFBR,0.1478,Low Risk,No,Established High-Value,70,108.15,One year,Credit card (automatic),Fiber optic,No
9073-ZZIAY,0.0323,Low Risk,No,Established High-Value,62,86.1,Two year,Electronic check,DSL,Yes
3077-RSNTJ,0.0739,Low Risk,No,New Budget,6,19.7,Month-to-month,Mailed check,No,No
6551-GNYDG,0.5497,Medium Risk,No,New High-Spend,14,80.9,Month-to-month,Bank transfer (automatic),Fiber optic,No
9167-APMXZ,0.4499,Medium Risk,No,New High-Spend,22,84.15,Month-to-month,Bank transfer (automatic),Fiber optic,No
2749-CTKAJ,0.0304,Low Risk,No,New Budget,22,20.15,One year,Mailed check,No,No
6371-NZYEG,0.0342,Low Risk,No,New High-Spend,16,64.25,Two year,Mailed check,DSL,No
7554-NEWDD,0.0311,Low Risk,No,New Budget,10,25.7,Two year,Bank transfer (automatic),No,No
8992-VONJD,0.1903,Low Risk,No,New High-Spend,13,56.0,Month-to-month,Electronic check,DSL,No
0867-MKZVY,0.4139,Medium Risk,Yes,New High-Spend,20,82.4,Month-to-month,Electronic check,Fiber optic,No
4482-EWFMI,0.6884,High Risk,No,New High-Spend,2,69.7,Month-to-month,Electronic check,Fiber optic,No
4648-YPBTM,0.0326,Low Risk,No,Established High-Value,53,73.9,Two year,Bank transfer (automatic),DSL,Yes
2907-ILJBN,0.0337,Low Risk,No,New Budget,11,20.6,One year,Mailed check,No,No
6345-FZOQH,0.0249,Low Risk,No,Established Budget,69,19.9,Two year,Mailed check,No,No
3376-BMGFE,0.6273,Medium Risk,Yes,New High-Spend,4,70.9,Month-to-month,Bank transfer (automatic),Fiber optic,No
5997-OPVFA,0.0269,Low Risk,No,Established High-Value,72,89.05,Two year,Bank transfer (automatic),DSL,Yes
3445-HXXGF,0.3175,Low Risk,Yes,Established Budget,58,45.3,Month-to-month,Electronic check,DSL,No
1159-WFSGR,0.0999,Low Risk,No,New Budget,16,20.4,Month-to-month,Electronic check,No,No
7654-YWJUF,0.0509,Low Risk,No,Established High-Value,43,84.25,One year,Bank transfer (automatic),Fiber optic,Yes
1875-QIVME,0.7279,High Risk,Yes,New High-Spend,2,104.4,Month-to-month,Electronic check,Fiber optic,Yes
6727-IOTLZ,0.0372,Low Risk,No,New High-Spend,14,81.95,Two year,Mailed check,DSL,Yes
0691-JVSYA,0.207,Low Risk,Yes,Established High-Value,53,94.85,One year,Bank transfer (automatic),Fiber optic,No
5918-VUKWP,0.0321,Low Risk,No,New Budget,32,20.55,One year,Bank transfer (automatic),No,No
1744-JHKYS,0.0821,Low Risk,No,Established Budget,34,24.7,Month-to-month,Electronic check,No,No
2656-FMOKZ,0.575,Medium Risk,Yes,New High-Spend,15,74.45,Month-to-month,Mailed check,Fiber optic,No
2070-FNEXE,0.5176,Medium Risk,Yes,New High-Spend,7,76.45,Month-to-month,Bank transfer (automatic),Fiber optic,No
5947-SGKCL,0.6215,Medium Risk,No,New High-Spend,15,105.35,Month-to-month,Bank transfer (automatic),Fiber optic,No
3712-PKXZA,0.0301,Low Risk,No,Established Budget,61,20.55,One year,Credit card (automatic),No,No
6317-YPKDH,0.5582,Medium Risk,Yes,New Budget,1,29.95,Month-to-month,Bank transfer (automatic),DSL,No
6582-OIVSP,0.5264,Medium Risk,No,New Budget,1,45.3,Month-to-month,Mailed check,DSL,No
9367-WXLCH,0.5952,Medium Risk,Yes,New High-Spend,8,84.5,Month-to-month,Bank transfer (automatic),Fiber optic,No
5524-KHNJP,0.0729,Low Risk,No,Established High-Value,33,74.75,One year,Credit card (automatic),DSL,No
1918-ZBFQJ,0.6169,Medium Risk,Yes,New High-Spend,13,79.25,Month-to-month,Electronic check,Fiber optic,No
1024-GUALD,0.6826,High Risk,Yes,New Budget,1,24.8,Month-to-month,Electronic check,DSL,No
4827-USJHP,0.1614,Low Risk,No,New Budget,20,51.8,Month-to-month,Mailed check,DSL,No
8167-GJLRN,0.5115,Medium Risk,No,New Budget,3,30.4,Month-to-month,Electronic check,DSL,Yes
0956-SYCWG,0.041,Low Risk,No,New Budget,13,19.65,One year,Electronic check,No,No
8017-UVSZU,0.0991,Low Risk,No,Established Budget,40,56.6,Month-to-month,Credit card (automatic),DSL,No
7100-FQPRV,0.0657,Low Risk,No,Established High-Value,43,71.9,One year,Credit card (automatic),DSL,Yes
2472-OVKUP,0.6718,High Risk,Yes,New High-Spend,6,91.0,Month-to-month,Electronic check,Fiber optic,No
2984-RGEYA,0.0249,Low Risk,No,Established Budget,69,19.75,Two year,Bank transfer (automatic),No,No
9680-NIAUV,0.0364,Low Risk,No,Established High-Value,72,109.7,Two year,Credit card (automatic),Fiber optic,No
2146-EGVDT,0.0249,Low Risk,No,Established Budget,59,19.3,Two year,Credit card (automatic),No,No
2604-IJPDU,0.478,Medium Risk,No,New High-Spend,20,96.55,Month-to-month,Electronic check,Fiber optic,Yes
9178-JHUVJ,0.0282,Low Risk,No,New Budget,24,24.1,Two year,Bank transfer (automatic),No,No
6168-YBYNP,0.3992,Medium Risk,No,Established High-Value,59,111.35,Month-to-month,Electronic check,Fiber optic,Yes
7255-SSFBC,0.0383,Low Risk,No,Established High-Value,72,112.25,Two year,Bank transfer (automatic),Fiber optic,Yes
3645-DEYGF,0.3166,Low Risk,No,New Budget,1,20.75,Month-to-month,Mailed check,No,No
9323-HGFWY,0.2047,Low Risk,No,Established High-Value,27,101.9,One year,Credit card (automatic),Fiber optic,Yes
8544-GOQSH,0.4875,Medium Risk,No,New High-Spend,14,80.05,Month-to-month,Credit card (automatic),Fiber optic,Yes
3363-DTIVD,0.0533,Low Risk,No,Established High-Value,71,105.55,Two year,Electronic check,Fiber optic,No
7018-WBJNK,0.5486,Medium Risk,No,New High-Spend,13,78.3,Month-to-month,Credit card (automatic),Fiber optic,No
9142-KZXOP,0.2146,Low Risk,No,Established Budget,44,68.85,Month-to-month,Credit card (automatic),Fiber optic,No
7674-YTAFD,0.0731,Low Risk,No,New High-Spend,33,79.95,One year,Bank transfer (automatic),Fiber optic,Yes
6348-SNFUS,0.0258,Low Risk,No,Established High-Value,72,55.45,Two year,Credit card (automatic),DSL,Yes
1285-OKIPP,0.7126,High Risk,Yes,New High-Spend,1,79.9,Month-to-month,Electronic check,Fiber optic,No
7825-ECJRF,0.5106,Medium Risk,Yes,Established High-Value,19,106.6,Month-to-month,Electronic check,Fiber optic,Yes
1347-KTTTA,0.1729,Low Risk,No,Established High-Value,64,102.45,One year,Credit card (automatic),Fiber optic,Yes
7841-TZDMQ,0.543,Medium Risk,Yes,New Budget,2,46.0,Month-to-month,Credit card (automatic),DSL,No
4195-NZGTA,0.6148,Medium Risk,No,New Budget,1,25.25,Month-to-month,Electronic check,DSL,No
7157-SMCFK,0.0253,Low Risk,No,Established Budget,61,19.75,Two year,Mailed check,No,No
4709-LKHYG,0.0333,Low Risk,No,New Budget,29,20.0,One year,Electronic check,No,No
2504-DSHIH,0.518,Medium Risk,No,New High-Spend,23,86.8,Month-to-month,Electronic check,Fiber optic,No
0699-NDKJM,0.1223,Low Risk,No,Established High-Value,57,58.75,Month-to-month,Bank transfer (automatic),DSL,No
9286-BHDQG,0.0263,Low Risk,No,Established High-Value,72,45.25,Two year,Credit card (automatic),DSL,Yes
0230-WEQUW,0.0287,Low Risk,No,Established High-Value,66,56.6,Two year,Bank transfer (automatic),DSL,Yes
2040-LDIWQ,0.0324,Low Risk,No,Established High-Value,65,84.2,Two year,Bank transfer (automatic),DSL,Yes
6496-JDSSB,0.6044,Medium Risk,No,New High-Spend,8,80.0,Month-to-month,Bank transfer (automatic),Fiber optic,No
9408-SSNVZ,0.6695,High Risk,Yes,New High-Spend,4,70.15,Month-to-month,Electronic check,Fiber optic,No
4443-EMBNA,0.0249,Low Risk,No,Established Budget,71,24.75,Two year,Bank transfer (automatic),No,No
6469-MRVET,0.1043,Low Risk,No,New Budget,1,20.2,One year,Electronic check,No,No
0742-MOABM,0.3566,Medium Risk,Yes,New Budget,4,50.05,Month-to-month,Mailed check,DSL,Yes
5961-VUSRV,0.0461,Low Risk,No,New Budget,12,19.35,One year,Bank transfer (automatic),No,No
6778-JFCMK,0.0885,Low Risk,No,New High-Spend,24,50.6,One year,Mailed check,DSL,No
6341-JVQGF,0.0708,Low Risk,No,Established High-Value,31,81.15,One year,Mailed check,DSL,Yes
2232-DMLXU,0.554,Medium Risk,Yes,New Budget,1,55.2,Month-to-month,Mailed check,DSL,No
4811-JBUVU,0.3748,Medium Risk,No,New High-Spend,30,89.9,Month-to-month,Credit card (automatic),Fiber optic,Yes
0945-TSONX,0.032,Low Risk,No,Established High-Value,47,85.3,Two year,Credit card (automatic),DSL,Yes
2651-ZCBXV,0.1134,Low Risk,No,Established High-Value,54,108.0,Two year,Credit card (automatic),Fiber optic,Yes
3316-UWXUY,0.1804,Low Risk,No,Established High-Value,50,93.5,Month-to-month,Credit card (automatic),Fiber optic,Yes
8937-RDTHP,0.6793,High Risk,Yes,New High-Spend,1,84.6,Month-to-month,Mailed check,Fiber optic,No
7083-MIOPC,0.0242,Low Risk,No,Established Budget,72,20.25,Two year,Credit card (automatic),No,No
1984-GPTEH,0.0901,Low Risk,No,New Budget,29,25.15,Month-to-month,Electronic check,No,No
1251-KRREG,0.5106,Medium Risk,Yes,New Budget,2,54.4,Month-to-month,Mailed check,DSL,No
0621-JFHOL,0.0373,Low Risk,No,New Budget,10,29.6,Two year,Mailed check,DSL,Yes
9903-LYSAB,0.5861,Medium Risk,No,New High-Spend,18,73.15,Month-to-month,Electronic check,Fiber optic,No
0094-OIFMO,0.692,High Risk,Yes,New High-Spend,11,95.0,Month-to-month,Electronic check,Fiber optic,No
9227-UAQFT,0.0276,Low Risk,No,New Budget,16,19.75,Two year,Mailed check,No,No
7301-ABVAD,0.0282,Low Risk,No,Established High-Value,72,86.6,Two year,Bank transfer (automatic),DSL,Yes
6614-FHDBO,0.0401,Low Risk,No,Established High-Value,72,109.2,Two year,Bank transfer (automatic),Fiber optic,Yes
7576-ASEJU,0.0708,Low Risk,No,Established High-Value,41,74.7,One year,Credit card (automatic),DSL,Yes
9058-HRZSV,0.2153,Low Risk,No,Established High-Value,65,94.4,Month-to-month,Electronic check,Fiber optic,No
4522-AKYLR,0.3383,Low Risk,No,New High-Spend,13,54.8,Month-to-month,Electronic check,DSL,No
0221-WMXNQ,0.5704,Medium Risk,No,New High-Spend,4,75.35,Month-to-month,Electronic check,Fiber optic,No
0303-UNCIP,0.0682,Low Risk,No,New High-Spend,41,65.0,One year,Mailed check,DSL,No
9947-OTFQU,0.6371,Medium Risk,Yes,New High-Spend,15,74.4,Month-to-month,Electronic check,Fiber optic,No
0322-YINQP,0.5148,Medium Risk,Yes,New Budget,1,48.55,Month-to-month,Mailed check,DSL,No
0959-WHOKV,0.2309,Low Risk,No,Established High-Value,42,99.0,One year,Electronic check,Fiber optic,No
4075-JFPGR,0.0942,Low Risk,No,Established High-Value,51,93.5,One year,Electronic check,Fiber optic,No
4629-NRXKX,0.6119,Medium Risk,Yes,New High-Spend,2,70.4,Month-to-month,Electronic check,Fiber optic,No
9514-JDSKI,0.6743,High Risk,Yes,New Budget,1,40.2,Month-to-month,Electronic check,DSL,No
3282-ZISZV,0.0803,Low Risk,No,Established High-Value,32,83.7,One year,Credit card (automatic),DSL,Yes
3675-YDUPJ,0.1091,Low Risk,No,New Budget,10,19.85,Month-to-month,Mailed check,No,No
4111-BNXIF,0.0375,Low Risk,No,Established High-Value,67,59.55,Two year,Electronic check,DSL,Yes
7017-VFHAY,0.0593,Low Risk,No,Established High-Value,61,115.1,Two year,Credit card (automatic),Fiber optic,Yes
6655-LHBYW,0.1931,Low Risk,No,Established High-Value,50,114.35,One year,Credit card (automatic),Fiber optic,Yes
4959-JOSRX,0.5431,Medium Risk,Yes,New Budget,2,44.6,Month-to-month,Credit card (automatic),DSL,No
5046-NUHWD,0.3179,Low Risk,No,New High-Spend,29,45.0,Month-to-month,Electronic check,DSL,No
7273-TEFQD,0.6323,Medium Risk,Yes,New Budget,3,41.15,Month-to-month,Electronic check,DSL,No
3606-TWKGI,0.7071,High Risk,Yes,New High-Spend,13,106.9,Month-to-month,Electronic check,Fiber optic,No
7529-ZDFXI,0.3682,Medium Risk,No,Established High-Value,57,89.85,Month-to-month,Electronic check,Fiber optic,No
7605-BDWDC,0.035,Low Risk,No,New High-Spend,31,49.85,Two year,Bank transfer (automatic),DSL,Yes
1950-KSVVJ,0.176,Low Risk,No,Established High-Value,45,113.3,One year,Mailed check,Fiber optic,Yes
0123-CRBRT,0.0287,Low Risk,No,Established High-Value,61,88.1,Two year,Mailed check,DSL,Yes
6292-TOSSS,0.0276,Low Risk,No,Established Budget,50,24.9,Two year,Bank transfer (automatic),No,No
3197-ARFOY,0.4556,Medium Risk,No,Established High-Value,19,105.0,Month-to-month,Mailed check,Fiber optic,Yes
6323-AYBRX,0.026,Low Risk,Yes,Established Budget,59,19.35,Two year,Mailed check,No,No
7014-ZZXAW,0.025,Low Risk,No,Established Budget,71,24.25,Two year,Credit card (automatic),No,No
4385-GZQXV,0.6349,Medium Risk,Yes,New High-Spend,16,94.45,Month-to-month,Electronic check,Fiber optic,Yes
7633-MVPUY,0.0344,Low Risk,No,Established High-Value,57,59.75,Two year,Electronic check,DSL,Yes
6366-ZGQGL,0.545,Medium Risk,Yes,New Budget,1,24.8,Month-to-month,Bank transfer (automatic),DSL,No
4716-HHKQH,0.5054,Medium Risk,No,New High-Spend,20,107.05,Month-to-month,Electronic check,Fiber optic,Yes
5940-AHUHD,0.6674,High Risk,Yes,New High-Spend,1,70.6,Month-to-month,Mailed check,Fiber optic,No
6432-TWQLB,0.6426,Medium Risk,Yes,New High-Spend,5,85.4,Month-to-month,Electronic check,Fiber optic,Yes
4484-GLZOU,0.5552,Medium Risk,Yes,Established High-Value,52,105.05,Month-to-month,Electronic check,Fiber optic,No
3179-GBRWV,0.1994,Low Risk,No,New High-Spend,21,64.95,Month-to-month,Bank transfer (automatic),DSL,No
8645-KWHJO,0.4252,Medium Risk,No,New High-Spend,14,55.0,Month-to-month,Electronic check,DSL,Yes
4130-MZLCC,0.3528,Medium Risk,No,New Budget,5,50.55,Month-to-month,Bank transfer (automatic),DSL,No
0314-TKOSI,0.2028,Low Risk,No,New High-Spend,6,55.15,Month-to-month,Mailed check,DSL,No
8229-MYEJZ,0.2639,Low Risk,No,New Budget,10,51.2,Month-to-month,Electronic check,DSL,No
2080-SRCDE,0.3215,Low Risk,No,New Budget,1,25.4,Month-to-month,Mailed check,No,No
9577-WJVCQ,0.0578,Low Risk,No,Established Budget,68,54.45,Month-to-month,Mailed check,DSL,No
9512-UIBFX,0.407,Medium Risk,Yes,New High-Spend,18,95.15,Month-to-month,Mailed check,Fiber optic,No
6202-DYYFX,0.0938,Low Risk,No,New High-Spend,22,76.0,One year,Credit card (automatic),Fiber optic,No
3808-HFKDE,0.2575,Low Risk,No,New Budget,20,44.35,Month-to-month,Electronic check,DSL,No
5583-SXDAG,0.7036,High Risk,Yes,New High-Spend,1,70.0,Month-to-month,Electronic check,Fiber optic,No
3488-PGMQJ,0.6397,Medium Risk,Yes,New High-Spend,8,74.5,Month-to-month,Electronic check,Fiber optic,No
3580-REOAC,0.2634,Low Risk,Yes,New Budget,10,44.85,Month-to-month,Credit card (automatic),DSL,No
7534-BFESC,0.5759,Medium Risk,Yes,New High-Spend,24,76.1,Month-to-month,Electronic check,Fiber optic,No
3727-OWVYD,0.0384,Low Risk,No,New High-Spend,35,61.2,One year,Mailed check,DSL,No
2294-SALNE,0.0591,Low Risk,No,New High-Spend,23,86.8,One year,Mailed check,Fiber optic,Yes
4847-TAJYI,0.7063,High Risk,No,New High-Spend,6,89.35,Month-to-month,Electronic check,Fiber optic,No
1563-IWQEX,0.0643,Low Risk,No,New Budget,12,19.7,Month-to-month,Mailed check,No,No
8203-XJZRC,0.3601,Medium Risk,No,New Budget,1,20.25,Month-to-month,Mailed check,No,No
6556-DBKZF,0.0372,Low Risk,No,Established Budget,71,76.05,Two year,Electronic check,Fiber optic,No
6851-WEFYX,0.5813,Medium Risk,No,Established High-Value,35,100.8,Month-to-month,Electronic check,Fiber optic,No
2985-JUUBZ,0.3202,Low Risk,No,Established High-Value,40,74.55,Month-to-month,Electronic check,DSL,No
6390-DSAZX,0.6596,High Risk,Yes,New High-Spend,1,73.6,Month-to-month,Mailed check,Fiber optic,No
0895-LMRSF,0.1136,Low Risk,No,New High-Spend,23,64.9,One year,Bank transfer (automatic),DSL,No
8098-LLAZX,0.7373,High Risk,Yes,New High-Spend,4,95.45,Month-to-month,Electronic check,Fiber optic,No
8266-VBFQL,0.6586,High Risk,No,New High-Spend,4,90.4,Month-to-month,Electronic check,Fiber optic,Yes
8181-YHCMF,0.0316,Low Risk,No,Established High-Value,68,60.3,Two year,Credit card (automatic),DSL,Yes
2240-HSJQD,0.3615,Medium Risk,No,New High-Spend,38,81.85,Month-to-month,Mailed check,Fiber optic,No
1248-DYXUB,0.0263,Low Risk,No,Established Budget,52,24.8,Two year,Mailed check,No,No
0265-EDXBD,0.5653,Medium Risk,Yes,New High-Spend,32,74.9,Month-to-month,Electronic check,Fiber optic,No
4115-BNPJY,0.0323,Low Risk,No,Established High-Value,29,75.55,Two year,Mailed check,DSL,Yes
3167-SNQPL,0.4619,Medium Risk,No,Established High-Value,38,101.15,Month-to-month,Electronic check,Fiber optic,No
4091-TVOCN,0.0707,Low Risk,No,Established High-Value,48,78.75,One year,Credit card (automatic),DSL,No
1098-TDVUQ,0.3944,Medium Risk,No,New Budget,1,19.25,Month-to-month,Bank transfer (automatic),No,No
7277-OZCGZ,0.4212,Medium Risk,No,New High-Spend,22,89.05,Month-to-month,Electronic check,Fiber optic,Yes
1557-EMYVT,0.0867,Low Risk,No,Established High-Value,43,115.05,Two year,Credit card (automatic),Fiber optic,Yes
2799-ARNLO,0.6774,High Risk,No,New High-Spend,5,69.35,Month-to-month,Electronic check,Fiber optic,No
7563-BIUPC,0.6843,High Risk,Yes,New High-Spend,5,80.6,Month-to-month,Electronic check,Fiber optic,No
5027-YOCXN,0.1776,Low Risk,No,Established High-Value,51,110.05,One year,Credit card (automatic),Fiber optic,Yes
3973-SKMLN,0.0253,Low Risk,No,Established Budget,71,19.9,Two year,Credit card (automatic),No,No
2321-OMBXY,0.0777,Low Risk,Yes,Established High-Value,38,80.3,One year,Credit card (automatic),DSL,Yes
2840-XANRC,0.618,Medium Risk,Yes,New High-Spend,24,93.15,Month-to-month,Electronic check,Fiber optic,No
6745-JEFZB,0.3471,Low Risk,No,New High-Spend,35,91.5,Month-to-month,Credit card (automatic),Fiber optic,Yes
5020-ZSTTY,0.0746,Low Risk,Yes,Established High-Value,54,82.45,One year,Bank transfer (automatic),DSL,Yes
9880-TDQAC,0.0331,Low Risk,No,Established High-Value,72,60.0,Two year,Electronic check,DSL,Yes
8705-WZCYL,0.6562,High Risk,No,New Budget,1,44.8,Month-to-month,Electronic check,DSL,No
7102-JJVTX,0.0547,Low Risk,No,New Budget,9,48.6,One year,Mailed check,DSL,No
8626-PTQGE,0.0304,Low Risk,No,Established High-Value,69,60.05,Two year,Bank transfer (automatic),DSL,Yes
4983-CLMLV,0.2912,Low Risk,No,Established High-Value,52,102.7,Month-to-month,Credit card (automatic),Fiber optic,Yes
5701-YVSVF,0.6208,Medium Risk,No,New High-Spend,11,82.9,Month-to-month,Electronic check,Fiber optic,Yes
5804-LEPIM,0.7022,High Risk,Yes,New High-Spend,2,70.35,Month-to-month,Electronic check,Fiber optic,No
5697-GOMBF,0.3665,Medium Risk,No,New Budget,28,35.9,Month-to-month,Electronic check,DSL,No
2739-CACDQ,0.5266,Medium Risk,No,New High-Spend,17,82.65,Month-to-month,Credit card (automatic),Fiber optic,No
9385-EHGDO,0.0258,Low Risk,No,Established Budget,35,19.85,Two year,Mailed check,No,No
9498-FIMXL,0.0387,Low Risk,No,New Budget,8,19.2,One year,Mailed check,No,No
2379-GYFLQ,0.1253,Low Risk,No,Established High-Value,46,94.9,One year,Credit card (automatic),Fiber optic,No
0122-OAHPZ,0.6673,High Risk,Yes,New High-Spend,7,73.85,Month-to-month,Electronic check,Fiber optic,No
2868-SNELZ,0.6372,Medium Risk,Yes,New High-Spend,2,80.6,Month-to-month,Mailed check,Fiber optic,No
4322-RCYMT,0.0543,Low Risk,Yes,Established High-Value,68,75.8,One year,Bank transfer (automatic),DSL,Yes
6680-NENYN,0.2288,Low Risk,Yes,Established High-Value,43,104.6,Two year,Electronic check,Fiber optic,No
2088-IEBAU,0.0361,Low Risk,No,Established High-Value,68,88.15,Two year,Electronic check,DSL,Yes
7982-VCELR,0.3699,Medium Risk,No,Established High-Value,36,94.8,Month-to-month,Credit card (automatic),Fiber optic,No
1343-EHPYB,0.4931,Medium Risk,Yes,Established High-Value,63,103.4,Month-to-month,Electronic check,Fiber optic,No
6035-BXTTY,0.0982,Low Risk,No,New High-Spend,32,54.65,Month-to-month,Bank transfer (automatic),DSL,Yes
6885-PKOAM,0.0278,Low Risk,No,Established High-Value,71,85.75,Two year,Credit card (automatic),DSL,Yes
7520-HQWJU,0.0663,Low Risk,No,Established High-Value,66,67.45,Month-to-month,Bank transfer (automatic),DSL,No
9639-BUJXT,0.027,Low Risk,No,Established Budget,63,20.5,One year,Mailed check,No,No
5924-SNGKP,0.03,Low Risk,No,Established Budget,41,20.25,One year,Credit card (automatic),No,No
0021-IKXGC,0.7487,High Risk,No,New High-Spend,1,72.1,Month-to-month,Electronic check,Fiber optic,No
2034-GDRCN,0.7097,High Risk,Yes,New High-Spend,2,90.4,Month-to-month,Electronic check,Fiber optic,No
8966-SNIZF,0.0252,Low Risk,No,Established Budget,70,19.45,Two year,Bank transfer (automatic),No,No
6243-OZGFH,0.4187,Medium Risk,No,New High-Spend,23,44.95,Month-to-month,Electronic check,DSL,No
4654-DLAMQ,0.0886,Low Risk,No,Established High-Value,64,97.0,One year,Bank transfer (automatic),Fiber optic,No
0513-RBGPE,0.0316,Low Risk,No,New High-Spend,37,62.8,Two year,Credit card (automatic),DSL,Yes
5160-UXJED,0.0505,Low Risk,No,New Budget,17,44.6,One year,Mailed check,DSL,No
4115-NZRKS,0.6815,High Risk,No,New High-Spend,7,89.15,Month-to-month,Electronic check,Fiber optic,No
0219-YTZUE,0.6786,High Risk,Yes,New High-Spend,4,84.8,Month-to-month,Bank transfer (automatic),Fiber optic,No
0623-IIHUG,0.4016,Medium Risk,Yes,New Budget,21,41.9,Month-to-month,Electronic check,DSL,No
4572-DVCGN,0.5807,Medium Risk,Yes,New High-Spend,10,80.25,Month-to-month,Bank transfer (automatic),Fiber optic,No
3351-NGXYI,0.3226,Low Risk,No,New High-Spend,16,54.1,Month-to-month,Electronic check,DSL,No
8984-EYLLL,0.1333,Low Risk,No,Established High-Value,64,105.25,Two year,Electronic check,Fiber optic,Yes
9057-MSWCO,0.1797,Low Risk,Yes,New Budget,27,30.75,Month-to-month,Credit card (automatic),DSL,No
9833-TGFHX,0.1855,Low Risk,No,Established High-Value,42,97.1,One year,Electronic check,Fiber optic,No
9294-TDIPC,0.0925,Low Risk,No,New Budget,5,20.2,Month-to-month,Mailed check,No,No
5229-DTFYB,0.0681,Low Risk,No,Established High-Value,41,98.8,Two year,Bank transfer (automatic),Fiber optic,Yes
0104-PPXDV,0.0416,Low Risk,No,Established Budget,58,50.3,One year,Credit card (automatic),DSL,No
5176-LMJXE,0.0267,Low Risk,No,Established Budget,47,20.55,Two year,Mailed check,No,No
3583-KRKMD,0.3511,Medium Risk,No,New High-Spend,18,75.9,Month-to-month,Bank transfer (automatic),Fiber optic,Yes
1010-DIAUQ,0.6497,Medium Risk,Yes,New High-Spend,5,96.5,Month-to-month,Bank transfer (automatic),Fiber optic,No
9069-LGEUL,0.1367,Low Risk,No,New High-Spend,23,59.95,Month-to-month,Bank transfer (automatic),DSL,No
7302-ZHMHP,0.2518,Low Risk,No,New Budget,1,19.15,Month-to-month,Mailed check,No,No
9571-EDEBV,0.1141,Low Risk,No,Established High-Value,71,98.65,One year,Credit card (automatic),Fiber optic,No
3520-FJGCV,0.0322,Low Risk,No,Established High-Value,72,112.6,Two year,Credit card (automatic),Fiber optic,Yes
6563-VRERX,0.0292,Low Risk,No,New Budget,33,20.6,One year,Mailed check,No,No
0259-GBZSH,0.7338,High Risk,Yes,New High-Spend,2,85.65,Month-to-month,Electronic check,Fiber optic,No
6122-EFVKN,0.0292,Low Risk,No,New Budget,24,35.75,Two year,Mailed check,DSL,Yes
2805-EDJPQ,0.1272,Low Risk,No,Established High-Value,56,99.75,One year,Credit card (automatic),Fiber optic,Yes
6862-CQUMB,0.3937,Medium Risk,No,Established High-Value,37,96.1,Month-to-month,Credit card (automatic),Fiber optic,No
7156-MXBJE,0.0791,Low Risk,No,Established High-Value,43,85.1,One year,Credit card (automatic),DSL,Yes
6158-HDPXZ,0.5407,Medium Risk,No,New Budget,1,25.35,Month-to-month,Mailed check,DSL,No
9601-BRXPO,0.4888,Medium Risk,Yes,Established High-Value,25,104.95,Month-to-month,Bank transfer (automatic),Fiber optic,Yes
2863-IMQDR,0.0343,Low Risk,No,Established High-Value,61,89.65,Two year,Electronic check,DSL,Yes
5686-CMAWK,0.1284,Low Risk,No,New High-Spend,17,86.75,One year,Electronic check,Fiber optic,Yes
5651-CRHKQ,0.0591,Low Risk,No,Established High-Value,41,86.2,One year,Bank transfer (automatic),Fiber optic,Yes
6905-NIQIN,0.5253,Medium Risk,Yes,New Budget,1,50.65,Month-to-month,Mailed check,DSL,No
8204-YJCLA,0.0273,Low Risk,No,Established High-Value,72,64.8,Two year,Bank transfer (automatic),DSL,Yes
5167-ZFFMM,0.7347,High Risk,Yes,New High-Spend,1,90.85,Month-to-month,Credit card (automatic),Fiber optic,No
6583-SZVGP,0.1586,Low Risk,No,Established High-Value,48,108.1,Two year,Bank transfer (automatic),Fiber optic,No
4895-TMWIR,0.1308,Low Risk,Yes,New Budget,11,19.95,Month-to-month,Mailed check,No,No
0533-BNWKF,0.3985,Medium Risk,Yes,Established High-Value,55,85.45,Month-to-month,Electronic check,Fiber optic,No
1708-PBBOA,0.0776,Low Risk,No,Established High-Value,42,54.75,One year,Electronic check,DSL,Yes
8782-LKFPK,0.3482,Low Risk,No,New High-Spend,44,90.4,Month-to-month,Mailed check,Fiber optic,No
5522-JBWMO,0.5759,Medium Risk,No,New Budget,1,44.0,Month-to-month,Electronic check,DSL,No
3597-MVHJT,0.5108,Medium Risk,No,New High-Spend,27,95.6,Month-to-month,Bank transfer (automatic),Fiber optic,No
9774-NRNAU,0.1896,Low Risk,No,Established High-Value,27,84.8,Month-to-month,Bank transfer (automatic),DSL,Yes
0224-RLWWD,0.6404,Medium Risk,No,New Budget,2,44.3,Month-to-month,Electronic check,DSL,No
9967-ATRFS,0.0593,Low Risk,No,New Budget,19,19.9,Month-to-month,Mailed check,No,No
3951-NJCVI,0.5586,Medium Risk,No,New High-Spend,42,95.05,Month-to-month,Electronic check,Fiber optic,No
2977-CEBSX,0.0309,Low Risk,No,Established High-Value,66,90.05,Two year,Credit card (automatic),DSL,Yes
0177-PXBAT,0.3999,Medium Risk,No,Established High-Value,33,109.9,Month-to-month,Bank transfer (automatic),Fiber optic,Yes
6599-CEBNN,0.3643,Medium Risk,Yes,New High-Spend,34,73.95,Month-to-month,Credit card (automatic),Fiber optic,No
2519-ERQOJ,0.3463,Low Risk,No,Established High-Value,33,54.6,Month-to-month,Electronic check,DSL,Yes
5876-QMYLD,0.0298,Low Risk,No,New Budget,23,20.05,One year,Mailed check,No,No
2277-AXSDC,0.0326,Low Risk,No,New Budget,32,19.75,One year,Bank transfer (automatic),No,No
9442-JTWDL,0.0349,Low Risk,No,New Budget,11,20.05,One year,Credit card (automatic),No,No
0979-PHULV,0.3846,Medium Risk,Yes,Established High-Value,69,99.45,Month-to-month,Credit card (automatic),Fiber optic,No
3067-SVMTC,0.0317,Low Risk,No,Established Budget,68,55.9,One year,Bank transfer (automatic),DSL,Yes
5495-GPSRW,0.0269,Low Risk,No,New Budget,20,19.7,Two year,Mailed check,No,No
7606-BPHHN,0.0244,Low Risk,No,Established Budget,72,19.8,Two year,Credit card (automatic),No,No
4742-DRORA,0.0746,Low Risk,No,Established High-Value,60,95.4,One year,Bank transfer (automatic),Fiber optic,No
0111-KLBQG,0.4536,Medium Risk,No,New High-Spend,32,93.95,Month-to-month,Mailed check,Fiber optic,No
4800-VHZKI,0.444,Medium Risk,Yes,New Budget,1,19.9,Month-to-month,Mailed check,No,No
7989-CHGTL,0.4338,Medium Risk,Yes,New Budget,1,19.6,Month-to-month,Mailed check,No,No
0334-GDDSO,0.6996,High Risk,Yes,New High-Spend,3,81.35,Month-to-month,Electronic check,Fiber optic,No
4163-NCJAK,0.037,Low Risk,No,Established Budget,46,24.45,One year,Bank transfer (automatic),No,No
5233-AOZUF,0.5269,Medium Risk,No,New High-Spend,29,74.95,Month-to-month,Electronic check,Fiber optic,No
5973-EJGDP,0.3272,Low Risk,No,Established High-Value,51,87.35,Month-to-month,Electronic check,Fiber optic,Yes
1996-DBMUS,0.2337,Low Risk,No,Established Budget,48,70.65,Month-to-month,Bank transfer (automatic),Fiber optic,No
7916-VCCPB,0.3625,Medium Risk,No,New High-Spend,16,73.25,Month-to-month,Bank transfer (automatic),Fiber optic,No
4686-GEFRM,0.0537,Low Risk,No,Established High-Value,70,98.7,Two year,Bank transfer (automatic),Fiber optic,Yes
5249-QYHEX,0.0266,Low Risk,No,Established Budget,40,24.8,Two year,Mailed check,No,No
0578-SKVMF,0.4348,Medium Risk,Yes,New High-Spend,22,83.3,Month-to-month,Electronic check,Fiber optic,No
5564-NEMQO,0.727,High Risk,Yes,New High-Spend,1,75.3,Month-to-month,Bank transfer (automatic),Fiber optic,No
2233-FAGXV,0.1664,Low Risk,No,New Budget,5,24.3,Month-to-month,Mailed check,No,No
5605-IYGFG,0.5232,Medium Risk,No,New High-Spend,7,69.85,Month-to-month,Bank transfer (automatic),Fiber optic,No
7663-ZTEGJ,0.1428,Low Risk,No,Established High-Value,29,100.55,One year,Credit card (automatic),Fiber optic,Yes
3935-TBRZZ,0.0311,Low Risk,No,Established Budget,44,25.7,One year,Mailed check,No,No
8111-BKVDS,0.1553,Low Risk,No,New High-Spend,10,40.7,Month-to-month,Bank transfer (automatic),DSL,No
2055-SIFSS,0.1174,Low Risk,No,Established Budget,55,51.65,Month-to-month,Bank transfer (automatic),DSL,No
2806-MLNTI,0.3126,Low Risk,No,Established High-Value,52,105.1,One year,Bank transfer (automatic),Fiber optic,No
8734-DKSTZ,0.6316,Medium Risk,No,New High-Spend,10,85.95,Month-to-month,Electronic check,Fiber optic,No
4360-PNRQB,0.4295,Medium Risk,No,New High-Spend,18,75.6,Month-to-month,Bank transfer (automatic),Fiber optic,No
6152-ONASV,0.0335,Low Risk,No,Established Budget,68,58.25,One year,Bank transfer (automatic),DSL,Yes
9063-ZGTUY,0.0572,Low Risk,Yes,Established Budget,61,19.4,Month-to-month,Mailed check,No,No
7781-HVGMK,0.0264,Low Risk,No,Established High-Value,72,65.2,Two year,Credit card (automatic),DSL,Yes
2181-UAESM,0.3775,Medium Risk,No,New High-Spend,2,53.45,Month-to-month,Electronic check,DSL,No
2957-LOLHO,0.2576,Low Risk,Yes,New Budget,12,45.4,Month-to-month,Bank transfer (automatic),DSL,No
6048-NJXHX,0.0318,Low Risk,No,Established Budget,41,19.75,Two year,Electronic check,No,No
2320-SLKMB,0.1567,Low Risk,No,New High-Spend,26,44.45,Month-to-month,Credit card (automatic),DSL,Yes
4980-URKXC,0.0325,Low Risk,No,Established Budget,36,20.85,One year,Bank transfer (automatic),No,No
4376-KFVRS,0.0353,Low Risk,No,Established High-Value,72,114.05,Two year,Credit card (automatic),Fiber optic,Yes
5886-VLQVU,0.3625,Medium Risk,No,New High-Spend,35,89.85,Month-to-month,Bank transfer (automatic),Fiber optic,Yes
3577-AMVUX,0.4934,Medium Risk,No,New High-Spend,1,55.05,Month-to-month,Mailed check,DSL,Yes
0771-WLCLA,0.5446,Medium Risk,No,Established High-Value,16,112.95,Month-to-month,Electronic check,Fiber optic,Yes
5628-RKIFK,0.3722,Medium Risk,No,Established High-Value,49,101.55,Month-to-month,Credit card (automatic),Fiber optic,No
0206-TBWLC,0.1752,Low Risk,No,Established High-Value,54,114.65,One year,Mailed check,Fiber optic,Yes
2937-FTHUR,0.2125,Low Risk,No,New High-Spend,18,64.8,Month-to-month,Electronic check,DSL,No
1910-FMXJM,0.4194,Medium Risk,No,New High-Spend,36,80.4,Month-to-month,Electronic check,Fiber optic,No
7752-XUSCI,0.4771,Medium Risk,Yes,Established High-Value,60,105.9,Month-to-month,Electronic check,Fiber optic,No
4110-PFEUZ,0.6722,High Risk,Yes,New High-Spend,1,69.55,Month-to-month,Mailed check,Fiber optic,No
0732-OCQOC,0.027,Low Risk,No,Established Budget,52,25.05,Two year,Bank transfer (automatic),No,No
5168-MSWXT,0.7036,High Risk,No,New High-Spend,8,94.75,Month-to-month,Electronic check,Fiber optic,No
1090-ESELR,0.035,Low Risk,No,Established High-Value,72,105.5,Two year,Bank transfer (automatic),Fiber optic,Yes
8592-PLTMQ,0.0282,Low Risk,No,Established Budget,64,24.7,One year,Mailed check,No,No
5760-WRAHC,0.1612,Low Risk,No,New High-Spend,22,69.75,Month-to-month,Mailed check,DSL,Yes
8847-GEOOQ,0.1179,Low Risk,No,Established High-Value,60,60.2,Month-to-month,Bank transfer (automatic),DSL,Yes
0256-LTHVJ,0.5287,Medium Risk,Yes,New High-Spend,28,81.05,Month-to-month,Electronic check,Fiber optic,No
4785-FCIFB,0.0258,Low Risk,No,Established Budget,61,24.4,Two year,Mailed check,No,No
8313-NDOIA,0.6401,Medium Risk,No,Established High-Value,24,104.15,Month-to-month,Electronic check,Fiber optic,No
5149-CUZUJ,0.0697,Low Risk,No,Established High-Value,28,92.9,One year,Bank transfer (automatic),Fiber optic,Yes
0942-KOWSM,0.0336,Low Risk,No,Established High-Value,30,80.8,Two year,Bank transfer (automatic),DSL,Yes
4237-CLSMM,0.1428,Low Risk,No,New Budget,2,20.0,Month-to-month,Mailed check,No,No
1452-VOQCH,0.7456,High Risk,No,New High-Spend,1,75.1,Month-to-month,Electronic check,Fiber optic,No
4719-UMSIY,0.0737,Low Risk,No,New Budget,6,19.65,Month-to-month,Mailed check,No,No
6614-VBEGU,0.1885,Low Risk,No,New High-Spend,24,69.45,Month-to-month,Bank transfer (automatic),DSL,No
0880-TKATG,0.6762,High Risk,Yes,New High-Spend,4,101.15,Month-to-month,Electronic check,Fiber optic,No
3811-VBYBZ,0.7154,High Risk,Yes,New High-Spend,7,99.8,Month-to-month,Electronic check,Fiber optic,No
1480-BKXGA,0.0333,Low Risk,No,Established High-Value,72,116.05,Two year,Bank transfer (automatic),Fiber optic,Yes
2996-XAUVF,0.0322,Low Risk,No,Established Budget,70,40.05,Two year,Mailed check,DSL,Yes
9076-AXYIK,0.1072,Low Risk,No,Established High-Value,64,102.1,Two year,Electronic check,Fiber optic,Yes
5968-XQIVE,0.0794,Low Risk,No,Established High-Value,72,89.7,One year,Electronic check,Fiber optic,No
8896-RAZCR,0.0259,Low Risk,No,Established Budget,44,19.9,Two year,Mailed check,No,No
4640-UHDOS,0.2642,Low Risk,Yes,New High-Spend,13,55.95,Month-to-month,Electronic check,DSL,No
4933-IKULF,0.0406,Low Risk,No,New Budget,17,20.65,One year,Mailed check,No,No
3583-EKAPL,0.6721,High Risk,Yes,New Budget,1,55.0,Month-to-month,Electronic check,DSL,No
1304-BCCFO,0.3048,Low Risk,No,New High-Spend,9,70.05,Month-to-month,Mailed check,DSL,No
4104-PVRPS,0.0757,Low Risk,No,New High-Spend,24,53.6,Month-to-month,Mailed check,DSL,Yes
9399-APLBT,0.7316,High Risk,Yes,New High-Spend,1,74.7,Month-to-month,Electronic check,Fiber optic,No
2359-KMGLI,0.5488,Medium Risk,Yes,New High-Spend,24,80.25,Month-to-month,Electronic check,Fiber optic,No
3780-DDGSE,0.2141,Low Risk,No,Established High-Value,35,76.05,Month-to-month,Electronic check,DSL,Yes
4431-EDMIQ,0.1791,Low Risk,No,New High-Spend,7,75.7,Month-to-month,Electronic check,DSL,Yes
0306-JAELE,0.6662,High Risk,Yes,New High-Spend,5,96.1,Month-to-month,Electronic check,Fiber optic,Yes
6227-HWPWX,0.434,Medium Risk,Yes,New High-Spend,15,69.0,Month-to-month,Bank transfer (automatic),Fiber optic,No
0486-LGCCH,0.0272,Low Risk,No,New Budget,11,19.65,Two year,Mailed check,No,No
0447-BEMNG,0.1579,Low Risk,Yes,Established Budget,48,45.3,Month-to-month,Bank transfer (automatic),DSL,No
4612-SSVHJ,0.5691,Medium Risk,No,New High-Spend,20,81.45,Month-to-month,Electronic check,Fiber optic,No
5168-MQQCA,0.1059,Low Risk,No,Established High-Value,72,108.5,One year,Bank transfer (automatic),Fiber optic,Yes
5949-XIKAE,0.6562,High Risk,Yes,New High-Spend,8,83.55,Month-to-month,Electronic check,Fiber optic,No
7971-HLVXI,0.0308,Low Risk,No,Established High-Value,72,84.5,Two year,Credit card (automatic),Fiber optic,No
9094-AZPHK,0.6825,High Risk,No,New High-Spend,15,100.15,Month-to-month,Electronic check,Fiber optic,No
3649-JPUGY,0.029,Low Risk,No,Established High-Value,72,88.6,Two year,Bank transfer (automatic),DSL,Yes
4472-LVYGI,0.036,Low Risk,No,New High-Spend,0,52.55,Two year,Bank transfer (automatic),DSL,Yes
8372-JUXUI,0.743,High Risk,Yes,New High-Spend,1,74.35,Month-to-month,Electronic check,Fiber optic,No
3552-CTCYF,0.0937,Low Risk,No,Established High-Value,63,104.8,Two year,Bank transfer (automatic),Fiber optic,No
6778-YSNIH,0.5932,Medium Risk,No,New High-Spend,2,59.0,Month-to-month,Electronic check,DSL,No
0388-EOPEX,0.6351,Medium Risk,Yes,New High-Spend,2,74.4,Month-to-month,Electronic check,Fiber optic,No
5756-OZRIO,0.0587,Low Risk,No,Established Budget,61,64.05,One year,Bank transfer (automatic),DSL,No
6579-JPICP,0.3329,Low Risk,No,New Budget,1,20.4,Month-to-month,Mailed check,No,No
8205-OTCHB,0.1309,Low Risk,Yes,New High-Spend,22,43.75,One year,Bank transfer (automatic),DSL,No
4134-BSXLX,0.0646,Low Risk,No,New High-Spend,28,60.9,Month-to-month,Mailed check,DSL,Yes
0505-SPOOW,0.0249,Low Risk,No,Established Budget,70,19.8,Two year,Bank transfer (automatic),No,No
6235-VDHOM,0.5409,Medium Risk,Yes,New Budget,5,28.45,Month-to-month,Electronic check,DSL,No
7783-YKGDV,0.6414,Medium Risk,Yes,New High-Spend,12,99.7,Month-to-month,Bank transfer (automatic),Fiber optic,No
4374-YMUSQ,0.2023,Low Risk,No,Established High-Value,34,116.25,One year,Credit card (automatic),Fiber optic,Yes
4513-CXYIX,0.0285,Low Risk,No,Established Budget,71,80.7,Two year,Credit card (automatic),Fiber optic,No
3957-HHLMR,0.0445,Low Risk,No,Established Budget,70,65.2,One year,Bank transfer (automatic),DSL,No
7803-XOCCZ,0.1347,Low Risk,No,Established High-Value,52,84.05,Month-to-month,Bank transfer (automatic),Fiber optic,Yes
5736-YEJAX,0.029,Low Risk,No,Established High-Value,69,79.45,Two year,Credit card (automatic),DSL,Yes
5609-CEBID,0.6001,Medium Risk,Yes,New High-Spend,20,94.1,Month-to-month,Electronic check,Fiber optic,No
8981-FJGLA,0.5833,Medium Risk,No,New High-Spend,11,78.0,Month-to-month,Mailed check,Fiber optic,No
7218-HKQFK,0.6743,High Risk,Yes,New High-Spend,2,94.2,Month-to-month,Electronic check,Fiber optic,Yes
4636-QRJKY,0.646,Medium Risk,Yes,New High-Spend,6,80.5,Month-to-month,Electronic check,Fiber optic,Yes
1135-LMECX,0.3622,Medium Risk,No,New Budget,1,19.85,Month-to-month,Mailed check,No,No
4332-MUOEZ,0.1539,Low Risk,No,New High-Spend,20,94.3,One year,Credit card (automatic),Fiber optic,Yes
8535-SFUTN,0.3875,Medium Risk,No,Established High-Value,61,106.45,Month-to-month,Electronic check,Fiber optic,No
5956-VKDTT,0.6916,High Risk,Yes,New High-Spend,5,74.35,Month-to-month,Electronic check,Fiber optic,No
8677-HDZEE,0.354,Medium Risk,No,Established High-Value,56,105.45,Month-to-month,Bank transfer (automatic),Fiber optic,Yes
2475-MROZF,0.3053,Low Risk,No,Established High-Value,30,95.0,Month-to-month,Credit card (automatic),Fiber optic,Yes
9412-GHEEC,0.3523,Medium Risk,Yes,Established High-Value,40,104.8,Month-to-month,Bank transfer (automatic),Fiber optic,Yes
3482-ABPKK,0.0375,Low Risk,No,New High-Spend,28,54.3,One year,Mailed check,DSL,Yes
6705-LXORM,0.6276,Medium Risk,No,New High-Spend,5,70.05,Month-to-month,Electronic check,Fiber optic,No
0257-ZESQC,0.3435,Low Risk,Yes,New High-Spend,27,75.2,Month-to-month,Bank transfer (automatic),Fiber optic,No
7531-GQHME,0.067,Low Risk,No,New Budget,12,20.05,Month-to-month,Credit card (automatic),No,No
5174-ITUMV,0.316,Low Risk,No,Established High-Value,67,105.4,One year,Electronic check,Fiber optic,No
4109-CYRBD,0.3222,Low Risk,No,New Budget,29,51.6,Month-to-month,Electronic check,DSL,No
0913-XWSCN,0.2443,Low Risk,No,New High-Spend,55,85.5,Month-to-month,Bank transfer (automatic),Fiber optic,No
6825-UYPFK,0.3007,Low Risk,Yes,New High-Spend,23,75.6,Month-to-month,Bank transfer (automatic),Fiber optic,No
8397-MVTAZ,0.6033,Medium Risk,Yes,Established High-Value,34,100.05,Month-to-month,Electronic check,Fiber optic,No
0750-EBAIU,0.0906,Low Risk,No,Established High-Value,52,91.25,One year,Electronic check,Fiber optic,No
8606-CIQUL,0.0326,Low Risk,No,Established High-Value,72,115.75,Two year,Credit card (automatic),Fiber optic,Yes
3571-DPYUH,0.0798,Low Risk,No,Established High-Value,58,94.7,One year,Credit card (automatic),Fiber optic,Yes
7601-GNDYK,0.026,Low Risk,No,Established Budget,35,19.6,Two year,Mailed check,No,No
0356-OBMAC,0.0667,Low Risk,No,Established High-Value,56,99.9,Two year,Bank transfer (automatic),Fiber optic,Yes
8067-NIOYM,0.0279,Low Risk,No,New Budget,24,21.1,Two year,Credit card (automatic),No,No
1403-GYAFU,0.0249,Low Risk,No,Established Budget,70,20.05,Two year,Credit card (automatic),No,No
4234-XTNEA,0.7077,High Risk,No,New High-Spend,2,79.95,Month-to-month,Electronic check,Fiber optic,No
1297-VQDRP,0.204,Low Risk,No,Established High-Value,68,107.15,One year,Credit card (automatic),Fiber optic,Yes
9282-IZGQK,0.7538,High Risk,Yes,New High-Spend,1,85.0,Month-to-month,Electronic check,Fiber optic,No
5348-CAGXB,0.6735,High Risk,No,New High-Spend,12,89.55,Month-to-month,Electronic check,Fiber optic,No
0621-HJWXJ,0.1465,Low Risk,No,Established Budget,63,81.55,Month-to-month,Bank transfer (automatic),Fiber optic,No
5844-QVTAT,0.0423,Low Risk,No,New High-Spend,33,58.45,One year,Mailed check,DSL,No
8905-IAZPF,0.1459,Low Risk,No,Established High-Value,69,95.65,One year,Credit card (automatic),Fiber optic,No
5394-MEITZ,0.03,Low Risk,No,Established High-Value,60,80.6,Two year,Bank transfer (automatic),DSL,Yes
6859-QNXIQ,0.0318,Low Risk,No,Established High-Value,72,113.1,Two year,Bank transfer (automatic),Fiber optic,Yes
2782-LFZVW,0.2969,Low Risk,No,New High-Spend,11,58.95,Month-to-month,Mailed check,DSL,No
2866-IKBTM,0.3402,Low Risk,No,New Budget,1,19.55,Month-to-month,Mailed check,No,No
1342-JPNKI,0.6266,Medium Risk,Yes,New High-Spend,10,86.05,Month-to-month,Bank transfer (automatic),Fiber optic,No
2817-NTQDO,0.2243,Low Risk,Yes,New High-Spend,13,45.55,Month-to-month,Credit card (automatic),DSL,Yes
7129-AZJDE,0.1524,Low Risk,No,New High-Spend,34,78.95,One year,Bank transfer (automatic),Fiber optic,No
6986-IJDHX,0.3327,Low Risk,Yes,New High-Spend,39,86.3,Month-to-month,Mailed check,Fiber optic,No
2560-PPCHE,0.1809,Low Risk,No,Established High-Value,65,105.05,One year,Bank transfer (automatic),Fiber optic,Yes
4676-MQUEA,0.1645,Low Risk,No,Established High-Value,50,101.9,One year,Bank transfer (automatic),Fiber optic,No
8138-EALND,0.0583,Low Risk,No,New Budget,15,19.75,Month-to-month,Mailed check,No,No
3580-HYCSP,0.0349,Low Risk,No,Established High-Value,72,110.3,Two year,Bank transfer (automatic),Fiber optic,No
1352-HNSAW,0.0318,Low Risk,No,Established High-Value,72,115.6,Two year,Bank transfer (automatic),Fiber optic,Yes
2075-PUEPR,0.0256,Low Risk,No,Established Budget,55,19.35,Two year,Bank transfer (automatic),No,No
1982-FEBTD,0.0303,Low Risk,No,New Budget,23,25.6,Two year,Credit card (automatic),No,No
5301-GAUUY,0.3872,Medium Risk,Yes,New High-Spend,32,80.35,Month-to-month,Bank transfer (automatic),Fiber optic,No
5791-KAJFD,0.0531,Low Risk,No,Established High-Value,56,68.75,One year,Bank transfer (automatic),DSL,No
2654-VBVPB,0.3732,Medium Risk,No,New Budget,1,19.9,Month-to-month,Bank transfer (automatic),No,No
1154-HYWWO,0.0435,Low Risk,No,Established High-Value,38,70.6,One year,Mailed check,DSL,Yes
2501-XWWTZ,0.5663,Medium Risk,No,New High-Spend,11,70.2,Month-to-month,Electronic check,Fiber optic,No
3716-UVSPD,0.6077,Medium Risk,No,New Budget,1,49.3,Month-to-month,Electronic check,DSL,Yes
6815-ABQFQ,0.3259,Low Risk,No,Established High-Value,56,107.25,One year,Electronic check,Fiber optic,Yes
7343-EOBEU,0.2122,Low Risk,No,New Budget,3,23.6,Month-to-month,Mailed check,No,No
3701-SFMUH,0.1569,Low Risk,No,New High-Spend,7,69.7,Month-to-month,Credit card (automatic),DSL,No
6103-LIANB,0.0791,Low Risk,No,Established High-Value,59,99.5,Two year,Credit card (automatic),Fiber optic,No
7319-VENRZ,0.2272,Low Risk,No,New High-Spend,7,64.3,Month-to-month,Bank transfer (automatic),DSL,Yes
5846-NEQVZ,0.0272,Low Risk,No,Established High-Value,71,70.85,Two year,Credit card (automatic),DSL,Yes
6967-QIQRV,0.2312,Low Risk,No,New High-Spend,15,101.9,One year,Electronic check,Fiber optic,Yes
5781-RFZRP,0.0273,Low Risk,No,Established High-Value,71,73.5,Two year,Credit card (automatic),DSL,Yes
0939-YAPAF,0.5792,Medium Risk,Yes,Established High-Value,35,100.25,Month-to-month,Electronic check,Fiber optic,No
0308-IVGOK,0.0739,Low Risk,No,New High-Spend,11,40.4,One year,Credit card (automatic),DSL,Yes
7293-LSCDV,0.0265,Low Risk,No,Established Budget,60,19.25,Two year,Credit card (automatic),No,No
7025-WCBNE,0.0346,Low Risk,No,Established Budget,47,59.6,Two year,Bank transfer (automatic),DSL,Yes
5756-JYOJT,0.0964,Low Risk,No,New High-Spend,11,64.9,One year,Credit card (automatic),DSL,Yes
4710-FDUIZ,0.2138,Low Risk,Yes,Established High-Value,56,100.3,One year,Credit card (automatic),Fiber optic,No
6030-REHUX,0.549,Medium Risk,No,Established High-Value,28,110.85,Month-to-month,Electronic check,Fiber optic,Yes
9548-LIGTA,0.0287,Low Risk,No,Established High-Value,61,81.05,Two year,Mailed check,DSL,Yes
5150-LJNSR,0.098,Low Risk,No,New High-Spend,31,98.05,One year,Bank transfer (automatic),Fiber optic,No
8270-RKSAP,0.6299,Medium Risk,No,New High-Spend,9,70.5,Month-to-month,Electronic check,Fiber optic,No
6522-YRBXD,0.4516,Medium Risk,No,Established High-Value,35,94.55,Month-to-month,Electronic check,Fiber optic,No
2640-LYMOV,0.2652,Low Risk,No,New Budget,2,19.65,Month-to-month,Mailed check,No,No
1218-VKFPE,0.075,Low Risk,Yes,New Budget,12,19.0,Month-to-month,Mailed check,No,No
3627-FHKBK,0.6267,Medium Risk,Yes,New High-Spend,1,75.3,Month-to-month,Mailed check,Fiber optic,No
2865-TCHJW,0.7174,High Risk,Yes,New High-Spend,4,89.2,Month-to-month,Electronic check,Fiber optic,No
1423-BMPBQ,0.35,Medium Risk,No,New Budget,1,19.0,Month-to-month,Mailed check,No,No
2393-DIVAI,0.1598,Low Risk,No,New Budget,3,20.0,Month-to-month,Mailed check,No,No
5192-EBGOV,0.7607,High Risk,Yes,New High-Spend,1,85.7,Month-to-month,Electronic check,Fiber optic,No
4568-KNYWR,0.0308,Low Risk,No,Established High-Value,52,63.25,Two year,Credit card (automatic),DSL,No
8752-IMQOS,0.0393,Low Risk,No,New Budget,5,20.1,One year,Mailed check,No,No
0742-LAFQK,0.0421,Low Risk,No,Established High-Value,72,99.15,Two year,Electronic check,Fiber optic,No
0795-LAFGP,0.0315,Low Risk,No,Established High-Value,71,90.4,Two year,Electronic check,DSL,Yes
0619-OLYUR,0.0346,Low Risk,No,Established High-Value,72,111.9,Two year,Credit card (automatic),Fiber optic,Yes
5512-IDZEI,0.0349,Low Risk,No,Established Budget,46,24.9,One year,Electronic check,No,No
0459-SPZHJ,0.0309,Low Risk,No,Established High-Value,63,83.5,Two year,Credit card (automatic),DSL,No
0215-BQKGS,0.3026,Low Risk,No,New High-Spend,30,84.3,Month-to-month,Credit card (automatic),Fiber optic,No
9244-ZVAPM,0.5239,Medium Risk,No,New Budget,1,45.6,Month-to-month,Mailed check,DSL,No
0719-SYFRB,0.1945,Low Risk,Yes,New High-Spend,12,61.65,Month-to-month,Mailed check,DSL,Yes
8208-EUMTE,0.0321,Low Risk,No,New High-Spend,16,54.85,Two year,Mailed check,DSL,Yes
5172-MIGPM,0.3483,Low Risk,No,New High-Spend,4,65.55,Month-to-month,Mailed check,DSL,Yes
1710-RCXUS,0.1161,Low Risk,No,Established High-Value,51,90.35,One year,Credit card (automatic),Fiber optic,No
0374-FIUCA,0.0247,Low Risk,No,Established Budget,65,20.4,Two year,Credit card (automatic),No,No
5839-SUYVZ,0.4508,Medium Risk,No,New High-Spend,16,74.55,Month-to-month,Credit card (automatic),Fiber optic,Yes
5173-ZXXXL,0.0377,Low Risk,No,New Budget,2,19.95,One year,Mailed check,No,No
1096-ADRUX,0.0492,Low Risk,No,Established Budget,66,74.25,One year,Bank transfer (automatic),Fiber optic,No
2001-MCUUW,0.1391,Low Risk,No,Established High-Value,46,108.65,Two year,Electronic check,Fiber optic,Yes
2731-GJRDG,0.246,Low Risk,No,Established High-Value,32,109.55,One year,Bank transfer (automatic),Fiber optic,Yes
4723-BEGSG,0.0273,Low Risk,No,Established High-Value,72,86.65,Two year,Credit card (automatic),DSL,Yes
6516-NKQBO,0.0346,Low Risk,No,Established High-Value,38,81.0,Two year,Credit card (automatic),DSL,Yes
8672-OAUPW,0.0413,Low Risk,No,Established Budget,51,47.85,One year,Credit card (automatic),DSL,Yes
8207-DMRVL,0.0317,Low Risk,No,Established High-Value,72,114.55,Two year,Bank transfer (automatic),Fiber optic,Yes
3419-SNJJD,0.2814,Low Risk,Yes,Established High-Value,65,105.25,Month-to-month,Bank transfer (automatic),Fiber optic,No
6543-CPZMK,0.4074,Medium Risk,Yes,New Budget,9,29.95,Month-to-month,Electronic check,DSL,No
4765-OXPPD,0.1374,Low Risk,Yes,New High-Spend,9,65.0,Month-to-month,Mailed check,DSL,Yes
2804-ETQDK,0.025,Low Risk,No,Established Budget,66,20.55,Two year,Mailed check,No,No
6689-VRRTK,0.2697,Low Risk,No,Established High-Value,44,109.8,One year,Credit card (automatic),Fiber optic,No
7138-GIRSH,0.0323,Low Risk,No,Established High-Value,50,69.5,Two year,Bank transfer (automatic),DSL,Yes
9396-ZSFLL,0.1764,Low Risk,No,New Budget,15,48.85,Month-to-month,Mailed check,DSL,No
6464-KEXXH,0.3164,Low Risk,No,New Budget,8,25.25,Month-to-month,Credit card (automatic),DSL,No
7134-MJPDY,0.2373,Low Risk,No,Established High-Value,66,102.85,One year,Credit card (automatic),Fiber optic,Yes
5240-CAOYT,0.1211,Low Risk,No,Established High-Value,57,87.55,Month-to-month,Bank transfer (automatic),Fiber optic,Yes
4059-IIEBK,0.5966,Medium Risk,No,New High-Spend,7,78.55,Month-to-month,Bank transfer (automatic),Fiber optic,No
4881-JVQOD,0.3206,Low Risk,No,New Budget,10,34.55,Month-to-month,Bank transfer (automatic),DSL,No
0516-UXRMT,0.0645,Low Risk,No,Established High-Value,62,92.05,One year,Electronic check,Fiber optic,No
4851-BQDNX,0.1563,Low Risk,No,New High-Spend,40,85.05,One year,Electronic check,Fiber optic,No
5148-HKFIR,0.0258,Low Risk,No,New Budget,20,19.7,Two year,Mailed check,No,No
1009-IRMNA,0.1117,Low Risk,Yes,New Budget,7,20.0,Month-to-month,Bank transfer (automatic),No,No
3003-CMDUU,0.5322,Medium Risk,No,New High-Spend,25,95.15,Month-to-month,Electronic check,Fiber optic,Yes
5016-IBERQ,0.4276,Medium Risk,No,New High-Spend,23,84.25,Month-to-month,Electronic check,Fiber optic,No
6797-UCJHZ,0.2123,Low Risk,No,Established High-Value,66,104.6,One year,Credit card (automatic),Fiber optic,No
2469-DTSGX,0.0411,Low Risk,No,Established High-Value,72,111.65,Two year,Electronic check,Fiber optic,Yes
4554-YGZIH,0.3037,Low Risk,Yes,Established High-Value,49,90.05,Month-to-month,Credit card (automatic),Fiber optic,No
5099-BAILX,0.4034,Medium Risk,Yes,Established High-Value,43,110.75,Month-to-month,Bank transfer (automatic),Fiber optic,Yes
9931-KGHOA,0.0877,Low Risk,No,Established Budget,46,55.0,Month-to-month,Bank transfer (automatic),DSL,No
1775-KWJKQ,0.0263,Low Risk,No,Established High-Value,72,89.85,Two year,Credit card (automatic),DSL,Yes
7665-VIGUD,0.0362,Low Risk,No,New Budget,10,20.35,One year,Mailed check,No,No
9411-TPQQV,0.0803,Low Risk,No,Established High-Value,40,54.55,One year,Bank transfer (automatic),DSL,Yes
7207-RMRDB,0.4644,Medium Risk,Yes,Established High-Value,65,105.5,Month-to-month,Electronic check,Fiber optic,No
7954-MLBUN,0.0651,Low Risk,No,Established High-Value,31,99.45,Two year,Bank transfer (automatic),Fiber optic,Yes
2077-DDHJK,0.0275,Low Risk,No,Established High-Value,68,70.9,Two year,Credit card (automatic),DSL,Yes
4913-EHYUI,0.2359,Low Risk,Yes,Established High-Value,56,104.55,One year,Bank transfer (automatic),Fiber optic,No
0195-IESCP,0.6877,High Risk,Yes,New High-Spend,10,85.25,Month-to-month,Electronic check,Fiber optic,No
9574-BOSMD,0.0261,Low Risk,No,Established Budget,68,25.4,Two year,Bank transfer (automatic),No,No
4580-TMHJU,0.1623,Low Risk,Yes,Established Budget,43,56.15,Month-to-month,Electronic check,DSL,No
0970-ETWGE,0.7522,High Risk,Yes,New High-Spend,1,89.55,Month-to-month,Electronic check,Fiber optic,No
4908-XAXAY,0.1227,Low Risk,No,Established High-Value,49,89.85,One year,Bank transfer (automatic),Fiber optic,No
8404-VLQFB,0.1397,Low Risk,No,New Budget,15,25.25,Month-to-month,Electronic check,No,No
1626-ERCMM,0.6539,High Risk,Yes,New High-Spend,20,94.55,Month-to-month,Electronic check,Fiber optic,No
0887-HJGAR,0.5941,Medium Risk,Yes,New Budget,1,45.7,Month-to-month,Mailed check,DSL,No
2391-IPLOP,0.0723,Low Risk,No,Established High-Value,50,69.65,One year,Electronic check,DSL,Yes
5644-PDMZC,0.6779,High Risk,Yes,New High-Spend,2,89.5,Month-to-month,Electronic check,Fiber optic,No
3509-GWQGF,0.2841,Low Risk,No,New High-Spend,24,70.0,Month-to-month,Credit card (automatic),Fiber optic,No
9576-ANLXO,0.5833,Medium Risk,Yes,New High-Spend,3,69.55,Month-to-month,Bank transfer (automatic),Fiber optic,No
2024-BASKD,0.7115,High Risk,Yes,New High-Spend,1,74.6,Month-to-month,Mailed check,Fiber optic,No
5845-BZZIB,0.0254,Low Risk,No,Established Budget,35,20.1,Two year,Mailed check,No,No
1140-UKVZG,0.0734,Low Risk,No,New Budget,17,24.8,Month-to-month,Mailed check,No,No
4160-AMJTL,0.145,Low Risk,Yes,New Budget,8,19.65,Month-to-month,Electronic check,No,No
5183-SNMJQ,0.5776,Medium Risk,No,New High-Spend,10,95.1,Month-to-month,Credit card (automatic),Fiber optic,Yes
8100-PNJMH,0.0302,Low Risk,No,Established High-Value,68,88.85,Two year,Credit card (automatic),DSL,Yes
7838-LAZFO,0.0596,Low Risk,No,Established High-Value,45,78.8,One year,Bank transfer (automatic),DSL,No
4464-JCOLN,0.0476,Low Risk,Yes,New Budget,2,19.85,One year,Mailed check,No,No
2085-JVGAD,0.0417,Low Risk,No,Established Budget,37,20.35,Month-to-month,Bank transfer (automatic),No,No
5650-VDUDS,0.4936,Medium Risk,Yes,New Budget,4,24.25,Month-to-month,Mailed check,DSL,No
8095-WANWK,0.1955,Low Risk,No,New Budget,10,45.25,Month-to-month,Mailed check,DSL,No
3030-ZKIWL,0.3695,Medium Risk,No,New Budget,1,20.05,Month-to-month,Mailed check,No,No
9565-FLVCG,0.029,Low Risk,No,Established High-Value,65,69.55,Two year,Mailed check,DSL,No
8755-OGKNA,0.0251,Low Risk,No,Established Budget,57,19.5,Two year,Bank transfer (automatic),No,No
2800-VEQXM,0.5992,Medium Risk,No,New High-Spend,3,74.75,Month-to-month,Mailed check,Fiber optic,No
7538-GWHML,0.6101,Medium Risk,Yes,New High-Spend,2,69.65,Month-to-month,Electronic check,Fiber optic,No
5533-RJFTJ,0.1626,Low Risk,No,Established Budget,49,30.2,Month-to-month,Bank transfer (automatic),DSL,No
3859-CVCET,0.3325,Low Risk,Yes,New Budget,4,45.65,Month-to-month,Mailed check,DSL,No
0214-JHPFW,0.0325,Low Risk,No,Established High-Value,70,57.8,Two year,Bank transfer (automatic),DSL,Yes
5642-MHDQT,0.0329,Low Risk,No,Established Budget,53,19.85,One year,Bank transfer (automatic),No,No
3088-FVYWK,0.026,Low Risk,No,Established Budget,53,25.55,Two year,Credit card (automatic),No,No
3276-HDUEG,0.7189,High Risk,Yes,New High-Spend,1,75.05,Month-to-month,Mailed check,Fiber optic,No
9092-GDZKO,0.0845,Low Risk,No,New Budget,22,24.85,Month-to-month,Credit card (automatic),No,No
0823-HSCDJ,0.409,Medium Risk,Yes,Established Budget,52,49.15,Month-to-month,Electronic check,DSL,No
3729-OWRVL,0.0924,Low Risk,No,Established High-Value,65,110.35,Two year,Electronic check,Fiber optic,Yes
2324-AALNO,0.0314,Low Risk,No,Established Budget,48,24.55,One year,Bank transfer (automatic),No,No
0822-GAVAP,0.6686,High Risk,Yes,New Budget,2,34.7,Month-to-month,Electronic check,DSL,No
5760-IFJOZ,0.6662,High Risk,No,New High-Spend,3,107.95,Month-to-month,Mailed check,Fiber optic,No
2826-UWHIS,0.2288,Low Risk,No,New High-Spend,45,81.4,Month-to-month,Bank transfer (automatic),Fiber optic,No
1448-PWKYE,0.7125,High Risk,Yes,New High-Spend,1,80.0,Month-to-month,Electronic check,Fiber optic,No
7501-IWUNG,0.0308,Low Risk,No,Established High-Value,61,73.8,Two year,Bank transfer (automatic),DSL,Yes
4957-TREIR,0.3515,Medium Risk,No,New High-Spend,3,64.4,Month-to-month,Credit card (automatic),DSL,Yes
7251-LJBQN,0.3229,Low Risk,No,Established High-Value,40,103.75,One year,Credit card (automatic),Fiber optic,Yes
8040-MNRTF,0.6733,High Risk,No,New High-Spend,1,71.1,Month-to-month,Mailed check,Fiber optic,No
1536-HBSWP,0.6094,Medium Risk,No,New Budget,1,49.9,Month-to-month,Electronic check,DSL,Yes
5313-FPXWG,0.0329,Low Risk,No,Established Budget,51,24.6,One year,Bank transfer (automatic),No,No
0067-DKWBL,0.5901,Medium Risk,Yes,New Budget,2,49.25,Month-to-month,Electronic check,DSL,No
0946-FKYTX,0.0409,Low Risk,No,Established Budget,52,30.1,One year,Mailed check,DSL,No
5076-YVXCM,0.2698,Low Risk,No,New High-Spend,51,83.4,Month-to-month,Bank transfer (automatic),Fiber optic,No
8262-COGGB,0.4112,Medium Risk,No,New Budget,1,20.45,Month-to-month,Mailed check,No,No
6663-JOCQO,0.0637,Low Risk,No,Established High-Value,31,75.25,One year,Bank transfer (automatic),DSL,Yes
9620-QJREV,0.0284,Low Risk,No,Established Budget,47,20.55,One year,Credit card (automatic),No,No
2276-YDAVZ,0.6825,High Risk,Yes,New High-Spend,3,75.1,Month-to-month,Credit card (automatic),Fiber optic,No
2682-KEVRP,0.0364,Low Risk,No,New Budget,22,20.05,One year,Mailed check,No,No
2480-JZOSN,0.4201,Medium Risk,No,New Budget,1,20.65,Month-to-month,Mailed check,No,No
0078-XZMHT,0.0299,Low Risk,No,Established High-Value,72,85.15,Two year,Bank transfer (automatic),DSL,Yes
5896-NPFWW,0.5192,Medium Risk,Yes,New Budget,3,50.15,Month-to-month,Electronic check,DSL,No
9978-HYCIN,0.0892,Low Risk,No,Established High-Value,47,84.95,One year,Bank transfer (automatic),Fiber optic,No
8338-QIUNR,0.0253,Low Risk,No,Established High-Value,72,66.5,Two year,Credit card (automatic),DSL,Yes
1525-LNLOJ,0.0319,Low Risk,No,Established Budget,66,63.3,Two year,Bank transfer (automatic),DSL,No
9450-TRJUU,0.4651,Medium Risk,No,New High-Spend,35,83.15,Month-to-month,Electronic check,Fiber optic,No
1766-GKNMI,0.5653,Medium Risk,No,New High-Spend,29,84.9,Month-to-month,Electronic check,Fiber optic,No
6942-LBFDP,0.2511,Low Risk,No,New Budget,2,20.55,Month-to-month,Mailed check,No,No
1456-TWCGB,0.3102,Low Risk,No,New Budget,4,49.25,Month-to-month,Mailed check,DSL,No
7133-VBDCG,0.3018,Low Risk,Yes,New High-Spend,25,79.85,Month-to-month,Bank transfer (automatic),Fiber optic,No
7596-ZYWBB,0.027,Low Risk,No,Established High-Value,65,59.6,Two year,Mailed check,DSL,Yes
8329-UTMVM,0.333,Low Risk,No,Established High-Value,27,104.65,One year,Bank transfer (automatic),Fiber optic,Yes
3014-WJKSM,0.3276,Low Risk,No,New High-Spend,29,75.3,Month-to-month,Credit card (automatic),Fiber optic,No
3347-YJZZE,0.1248,Low Risk,No,Established High-Value,29,80.1,Month-to-month,Credit card (automatic),DSL,No
1029-QFBEN,0.3389,Low Risk,Yes,New Budget,1,19.55,Month-to-month,Mailed check,No,No
7929-DMBCV,0.299,Low Risk,No,New High-Spend,20,81.0,Month-to-month,Mailed check,Fiber optic,Yes
9661-JALZV,0.0263,Low Risk,No,Established Budget,58,24.7,Two year,Credit card (automatic),No,No
5433-KYGHE,0.4382,Medium Risk,No,New High-Spend,14,86.0,Month-to-month,Mailed check,Fiber optic,Yes
4312-KFRXN,0.0249,Low Risk,No,Established Budget,72,25.4,Two year,Mailed check,No,No
5575-TPIZQ,0.2545,Low Risk,No,Established High-Value,46,89.15,Month-to-month,Credit card (automatic),Fiber optic,No
0114-IGABW,0.0302,Low Risk,No,Established High-Value,71,58.25,Two year,Bank transfer (automatic),DSL,Yes
9944-AEXBM,0.4383,Medium Risk,No,New High-Spend,32,85.65,Month-to-month,Bank transfer (automatic),Fiber optic,No
1853-ARAAQ,0.236,Low Risk,No,New High-Spend,26,50.35,Month-to-month,Credit card (automatic),DSL,No
6952-OMNWB,0.1842,Low Risk,No,Established Budget,68,80.35,Month-to-month,Credit card (automatic),Fiber optic,No
4697-LUPSU,0.0497,Low Risk,No,New Budget,2,20.2,One year,Mailed check,No,No
8434-VGEQQ,0.0243,Low Risk,No,Established Budget,61,20.55,Two year,Credit card (automatic),No,No
4952-YSOGZ,0.7167,High Risk,Yes,New High-Spend,4,85.95,Month-to-month,Electronic check,Fiber optic,No
1589-AGTLK,0.5288,Medium Risk,Yes,New Budget,3,45.35,Month-to-month,Electronic check,DSL,No
5244-IRFIH,0.6171,Medium Risk,Yes,New High-Spend,33,94.5,Month-to-month,Electronic check,Fiber optic,No
6549-YMFAW,0.1173,Low Risk,No,New Budget,9,21.25,Month-to-month,Mailed check,No,No
4950-HKQTE,0.028,Low Risk,No,New Budget,22,26.25,Two year,Mailed check,No,No
6786-OBWQR,0.6724,High Risk,No,New High-Spend,5,80.85,Month-to-month,Electronic check,Fiber optic,No
2684-EIWEO,0.3464,Low Risk,Yes,New High-Spend,30,91.7,Month-to-month,Credit card (automatic),Fiber optic,No
2753-JMMCV,0.0318,Low Risk,No,Established High-Value,65,74.2,Two year,Credit card (automatic),DSL,Yes
6439-GTPCA,0.4039,Medium Risk,Yes,New High-Spend,45,87.25,Month-to-month,Electronic check,Fiber optic,Yes
6621-YOBKI,0.0802,Low Risk,No,New Budget,5,20.35,Month-to-month,Mailed check,No,No
1216-JWVUX,0.5053,Medium Risk,No,New High-Spend,25,75.5,Month-to-month,Electronic check,Fiber optic,No
7564-GHCVB,0.0257,Low Risk,No,Established Budget,72,79.05,Two year,Bank transfer (automatic),Fiber optic,No
1173-NOEYG,0.3627,Medium Risk,No,New High-Spend,27,90.15,Month-to-month,Bank transfer (automatic),Fiber optic,No
7595-EHCDL,0.1423,Low Risk,No,New High-Spend,32,50.6,Month-to-month,Credit card (automatic),DSL,No
6647-ZEDXT,0.2271,Low Risk,No,Established High-Value,30,110.45,One year,Credit card (automatic),Fiber optic,Yes
2521-NPUZR,0.0457,Low Risk,No,Established High-Value,70,101.0,Two year,Credit card (automatic),Fiber optic,Yes
1307-TVUFB,0.3948,Medium Risk,No,New High-Spend,42,79.35,Month-to-month,Bank transfer (automatic),Fiber optic,No
7503-MIOGA,0.029,Low Risk,No,Established High-Value,72,89.85,Two year,Bank transfer (automatic),DSL,Yes
4381-MHQDC,0.0318,Low Risk,No,Established High-Value,47,65.0,Two year,Mailed check,DSL,Yes
6923-JHPMP,0.6331,Medium Risk,No,New High-Spend,2,80.45,Month-to-month,Electronic check,Fiber optic,No
5138-WVKYJ,0.646,Medium Risk,Yes,New High-Spend,10,98.55,Month-to-month,Electronic check,Fiber optic,No
4018-PPNDW,0.0252,Low Risk,No,Established Budget,61,24.1,Two year,Mailed check,No,No
1635-FJFCC,0.4323,Medium Risk,No,New Budget,5,44.05,Month-to-month,Credit card (automatic),DSL,No
2499-AJYUA,0.0378,Low Risk,No,Established High-Value,72,110.8,Two year,Credit card (automatic),Fiber optic,Yes
6919-ELBGL,0.033,Low Risk,No,Established High-Value,72,114.95,Two year,Bank transfer (automatic),Fiber optic,Yes
3966-HRMZA,0.6035,Medium Risk,No,New High-Spend,3,75.05,Month-to-month,Mailed check,Fiber optic,No
6425-JWTDV,0.0265,Low Risk,No,Established Budget,48,19.25,Two year,Mailed check,No,No
8405-IGQFX,0.0517,Low Risk,No,Established High-Value,63,90.05,One year,Credit card (automatic),Fiber optic,Yes
8224-IVVPA,0.0891,Low Risk,No,New High-Spend,27,56.7,Month-to-month,Mailed check,DSL,No
9477-LGWQI,0.0314,Low Risk,No,Established High-Value,70,80.15,Two year,Credit card (automatic),DSL,No
1410-RSCMR,0.1706,Low Risk,No,New High-Spend,7,71.35,Month-to-month,Credit card (automatic),DSL,Yes
3115-CZMZD,0.029,Low Risk,No,New Budget,0,20.25,Two year,Mailed check,No,No
0139-IVFJG,0.5948,Medium Risk,No,New High-Spend,2,90.35,Month-to-month,Electronic check,Fiber optic,No
6683-VLCTZ,0.6399,Medium Risk,Yes,New High-Spend,20,98.55,Month-to-month,Electronic check,Fiber optic,No
5730-DBDSI,0.0253,Low Risk,No,Established Budget,66,19.7,Two year,Bank transfer (automatic),No,No
0030-FNXPP,0.1149,Low Risk,No,New Budget,3,19.85,Month-to-month,Mailed check,No,No
2189-WWOEW,0.5429,Medium Risk,Yes,New High-Spend,15,85.9,Month-to-month,Bank transfer (automatic),Fiber optic,No
5684-FJVYR,0.0259,Low Risk,No,Established High-Value,72,90.35,Two year,Bank transfer (automatic),Fiber optic,Yes
4013-GUXND,0.3468,Low Risk,No,New Budget,1,20.8,Month-to-month,Mailed check,No,No
1894-IGFSG,0.4852,Medium Risk,Yes,New High-Spend,22,89.25,Month-to-month,Electronic check,Fiber optic,No
7379-POKDZ,0.6785,High Risk,Yes,New High-Spend,3,70.3,Month-to-month,Electronic check,Fiber optic,No
1266-NZYUI,0.0254,Low Risk,No,Established High-Value,72,66.85,Two year,Bank transfer (automatic),DSL,Yes
7969-FFOWG,0.025,Low Risk,No,Established Budget,65,19.9,Two year,Mailed check,No,No
4718-DHSMV,0.3451,Low Risk,No,New Budget,11,35.8,Month-to-month,Mailed check,DSL,No
5175-WLYXL,0.3896,Medium Risk,No,New High-Spend,22,78.85,Month-to-month,Mailed check,Fiber optic,No
7817-OMJNA,0.038,Low Risk,No,New Budget,14,20.4,One year,Bank transfer (automatic),No,No
8728-SKJLR,0.4112,Medium Risk,No,New High-Spend,41,74.25,Month-to-month,Electronic check,Fiber optic,Yes
3137-NYQQI,0.0575,Low Risk,No,New High-Spend,17,64.8,One year,Mailed check,DSL,No
7706-DZNKK,0.0752,Low Risk,No,New Budget,11,20.45,Month-to-month,Credit card (automatic),No,No
0236-HFWSV,0.6845,High Risk,Yes,New High-Spend,15,93.35,Month-to-month,Electronic check,Fiber optic,No
3900-AQPHZ,0.3663,Medium Risk,Yes,New Budget,1,19.9,Month-to-month,Mailed check,No,No
5842-POCOP,0.5995,Medium Risk,Yes,New High-Spend,5,88.9,Month-to-month,Mailed check,Fiber optic,No
2037-XJFUP,0.3379,Low Risk,Yes,New High-Spend,33,95.8,One year,Electronic check,Fiber optic,No
8823-RLPWL,0.0343,Low Risk,No,Established High-Value,72,110.65,Two year,Credit card (automatic),Fiber optic,No
9505-SQFSW,0.4544,Medium Risk,No,New Budget,3,40.3,Month-to-month,Mailed check,DSL,No
7314-OXENN,0.7248,High Risk,Yes,New High-Spend,2,82.0,Month-to-month,Electronic check,Fiber optic,No
3758-CKOQL,0.1259,Low Risk,No,Established High-Value,59,107.0,One year,Credit card (automatic),Fiber optic,Yes
0322-CHQRU,0.5447,Medium Risk,Yes,New Budget,2,45.35,Month-to-month,Electronic check,DSL,No
5676-CFLYY,0.0302,Low Risk,No,Established High-Value,71,73.35,Two year,Credit card (automatic),DSL,Yes
7521-AFHAB,0.3488,Low Risk,No,New Budget,5,44.8,Month-to-month,Mailed check,DSL,No
0285-INHLN,0.0964,Low Risk,No,New High-Spend,27,54.75,Month-to-month,Credit card (automatic),DSL,No
4678-DVQEO,0.6244,Medium Risk,Yes,New Budget,1,52.2,Month-to-month,Electronic check,DSL,Yes
5125-CNDSP,0.0339,Low Risk,No,Established Budget,63,40.6,One year,Bank transfer (automatic),DSL,Yes
0691-IFBQW,0.3236,Low Risk,Yes,Established High-Value,46,110.0,One year,Electronic check,Fiber optic,No
4992-LTJNE,0.0253,Low Risk,No,Established Budget,72,55.3,Two year,Bank transfer (automatic),DSL,No
2202-OUTMO,0.1037,Low Risk,No,New High-Spend,34,60.85,Month-to-month,Bank transfer (automatic),DSL,Yes
0810-BDHAW,0.0832,Low Risk,No,New High-Spend,24,78.4,One year,Electronic check,DSL,No
0229-LFJAF,0.0255,Low Risk,No,Established High-Value,72,69.65,Two year,Bank transfer (automatic),DSL,Yes
7131-ZQZNK,0.03,Low Risk,No,Established High-Value,60,59.85,Two year,Credit card (automatic),DSL,Yes
3442-ZHHCC,0.0515,Low Risk,No,Established High-Value,68,76.9,One year,Credit card (automatic),DSL,No
5726-CVNYA,0.0311,Low Risk,No,New Budget,8,19.85,Two year,Mailed check,No,No
9871-ELEYA,0.0299,Low Risk,No,Established High-Value,34,67.65,Two year,Credit card (automatic),DSL,Yes
4257-GAESD,0.345,Low Risk,No,New Budget,6,45.0,Month-to-month,Credit card (automatic),DSL,No
5173-WXOQV,0.4038,Medium Risk,No,New High-Spend,2,64.2,Month-to-month,Mailed check,DSL,Yes
2040-OBMLJ,0.0662,Low Risk,No,New High-Spend,31,81.7,One year,Credit card (automatic),Fiber optic,Yes
6286-ZHAOK,0.0838,Low Risk,No,New Budget,20,25.55,Month-to-month,Bank transfer (automatic),No,No
3807-XHCJH,0.4206,Medium Risk,No,New Budget,1,20.0,Month-to-month,Electronic check,No,No
3009-JWMPU,0.2896,Low Risk,Yes,Established High-Value,62,96.75,One year,Electronic check,Fiber optic,No
5671-RQRLP,0.035,Low Risk,No,Established Budget,70,75.65,Two year,Credit card (automatic),Fiber optic,No
1450-GALXR,0.6963,High Risk,Yes,New High-Spend,10,98.5,Month-to-month,Electronic check,Fiber optic,Yes
8859-AXJZP,0.0271,Low Risk,No,Established Budget,39,23.8,Two year,Mailed check,No,No
3174-AKMAS,0.0336,Low Risk,No,Established High-Value,46,64.2,Two year,Credit card (automatic),DSL,Yes
3138-BKYAV,0.6675,High Risk,Yes,New High-Spend,6,85.35,Month-to-month,Electronic check,Fiber optic,No
9926-PJHDQ,0.0309,Low Risk,No,Established High-Value,72,76.8,Two year,Bank transfer (automatic),DSL,No
7382-DFJTU,0.0966,Low Risk,No,New High-Spend,18,55.2,Month-to-month,Credit card (automatic),DSL,Yes
2798-NYLMZ,0.0584,Low Risk,No,Established High-Value,71,108.55,Two year,Credit card (automatic),Fiber optic,Yes
4289-DTDKW,0.589,Medium Risk,Yes,Established High-Value,40,101.3,Month-to-month,Electronic check,Fiber optic,No
1820-TQVEV,0.7378,High Risk,Yes,New High-Spend,1,69.55,Month-to-month,Electronic check,Fiber optic,No
2239-JALAW,0.3021,Low Risk,Yes,Established High-Value,58,103.25,One year,Bank transfer (automatic),Fiber optic,No
4853-RULSV,0.0719,Low Risk,Yes,Established High-Value,70,104.0,Two year,Credit card (automatic),Fiber optic,Yes
8098-TDCBU,0.0305,Low Risk,No,Established Budget,42,25.25,Two year,Electronic check,No,No
3551-GAEGL,0.0409,Low Risk,No,Established Budget,34,30.4,One year,Bank transfer (automatic),DSL,No
4785-NKHCX,0.1278,Low Risk,No,New Budget,5,20.05,Month-to-month,Bank transfer (automatic),No,No
3196-NVXLZ,0.4234,Medium Risk,No,New High-Spend,25,84.6,Month-to-month,Mailed check,Fiber optic,No
6275-YDUVO,0.6874,High Risk,Yes,New High-Spend,2,86.2,Month-to-month,Mailed check,Fiber optic,No
0036-IHMOT,0.1967,Low Risk,No,Established High-Value,55,103.7,One year,Bank transfer (automatic),Fiber optic,Yes
0115-TFERT,0.5644,Medium Risk,Yes,Established High-Value,21,111.2,Month-to-month,Electronic check,Fiber optic,Yes
4178-EGMON,0.03,Low Risk,No,Established High-Value,70,88.0,Two year,Credit card (automatic),Fiber optic,Yes
4220-TINQT,0.4106,Medium Risk,No,Established High-Value,61,106.35,Month-to-month,Electronic check,Fiber optic,Yes
5318-YKDPV,0.0301,Low Risk,No,Established High-Value,43,79.15,Two year,Credit card (automatic),DSL,Yes
7975-TZMLR,0.4076,Medium Risk,No,Established High-Value,47,103.1,One year,Electronic check,Fiber optic,No
0295-QVKPB,0.4019,Medium Risk,No,New High-Spend,5,63.95,Month-to-month,Credit card (automatic),DSL,Yes
4335-BSMJS,0.0259,Low Risk,No,Established Budget,62,25.8,Two year,Credit card (automatic),No,No
2311-QYMUQ,0.5415,Medium Risk,Yes,New High-Spend,16,89.45,Month-to-month,Credit card (automatic),Fiber optic,No
3643-AHCFP,0.691,High Risk,Yes,New High-Spend,7,95.6,Month-to-month,Bank transfer (automatic),Fiber optic,No
9146-JRIOX,0.0719,Low Risk,No,New Budget,14,25.55,Month-to-month,Mailed check,No,No
3104-OWCGK,0.0982,Low Risk,Yes,Established High-Value,60,90.95,One year,Electronic check,Fiber optic,No
5337-IIWKZ,0.214,Low Risk,No,New High-Spend,34,44.85,Month-to-month,Electronic check,DSL,Yes
9101-BWFSS,0.247,Low Risk,Yes,Established High-Value,50,108.55,One year,Electronic check,Fiber optic,Yes
9650-VBUOG,0.0256,Low Risk,No,Established Budget,38,25.05,Two year,Credit card (automatic),No,No
3487-EARAT,0.0431,Low Risk,No,Established High-Value,70,74.1,One year,Credit card (automatic),DSL,Yes
2672-TGEFF,0.5053,Medium Risk,No,New High-Spend,37,88.8,Month-to-month,Electronic check,Fiber optic,No
9231-ZJYAM,0.691,High Risk,Yes,New High-Spend,4,78.85,Month-to-month,Electronic check,Fiber optic,No
4250-WAROZ,0.2322,Low Risk,No,Established High-Value,60,93.25,Month-to-month,Electronic check,Fiber optic,No
8184-WMOFI,0.0401,Low Risk,No,Established High-Value,62,71.4,One year,Credit card (automatic),DSL,Yes
6982-SSHFK,0.5216,Medium Risk,Yes,New Budget,1,44.4,Month-to-month,Mailed check,DSL,No
6092-QZVPP,0.1399,Low Risk,No,Established High-Value,36,79.2,Month-to-month,Credit card (automatic),DSL,Yes
4625-LAMOB,0.0254,Low Risk,No,Established Budget,44,20.4,Two year,Credit card (automatic),No,No
0727-BMPLR,0.3611,Medium Risk,Yes,Established High-Value,55,100.0,One year,Electronic check,Fiber optic,No
0392-BZIUW,0.0382,Low Risk,No,Established High-Value,72,105.0,Two year,Credit card (automatic),Fiber optic,No
1038-ZAGBI,0.0423,Low Risk,Yes,New Budget,12,19.8,One year,Bank transfer (automatic),No,No
6549-NNDYT,0.2474,Low Risk,No,New Budget,13,30.85,Month-to-month,Bank transfer (automatic),DSL,No
3027-ZTDHO,0.7522,High Risk,Yes,New High-Spend,1,89.9,Month-to-month,Electronic check,Fiber optic,No
0422-OHQHQ,0.036,Low Risk,No,New Budget,15,20.55,One year,Mailed check,No,No
6916-HIJSE,0.03,Low Risk,No,Established High-Value,65,84.85,Two year,Bank transfer (automatic),DSL,Yes
2316-ESMLS,0.0474,Low Risk,No,New Budget,12,33.15,One year,Credit card (automatic),DSL,Yes
9778-OGKQZ,0.0282,Low Risk,No,Established High-Value,72,92.0,Two year,Credit card (automatic),DSL,Yes
7408-OFWXJ,0.0263,Low Risk,No,Established High-Value,72,89.8,Two year,Credit card (automatic),DSL,Yes
6007-TCTST,0.032,Low Risk,No,Established High-Value,72,115.8,Two year,Bank transfer (automatic),Fiber optic,Yes
2252-NKNSI,0.0301,Low Risk,No,Established High-Value,52,85.15,Two year,Mailed check,DSL,Yes
8713-IGZSO,0.1901,Low Risk,No,New Budget,2,24.85,Month-to-month,Mailed check,No,No
7905-TVXTA,0.2902,Low Risk,No,New High-Spend,5,64.35,Month-to-month,Electronic check,DSL,Yes
7695-PKLCZ,0.0244,Low Risk,No,Established Budget,68,20.5,Two year,Credit card (automatic),No,No
2382-BCKQJ,0.3148,Low Risk,Yes,Established High-Value,62,100.15,One year,Electronic check,Fiber optic,No
8374-UULRV,0.0268,Low Risk,No,Established High-Value,72,86.05,Two year,Credit card (automatic),DSL,Yes
2207-NHRJK,0.5878,Medium Risk,Yes,New Budget,1,50.8,Month-to-month,Electronic check,DSL,No
3224-DFQNQ,0.0577,Low Risk,No,Established High-Value,66,89.0,One year,Electronic check,Fiber optic,Yes
5275-PMFUT,0.0261,Low Risk,No,Established High-Value,72,64.8,Two year,Credit card (automatic),DSL,Yes
4795-UXVCJ,0.0298,Low Risk,No,New Budget,26,19.8,One year,Credit card (automatic),No,No
9777-IQHWP,0.0364,Low Risk,No,Established High-Value,64,93.4,Two year,Bank transfer (automatic),Fiber optic,No
0947-MUGVO,0.5792,Medium Risk,Yes,New High-Spend,20,73.65,Month-to-month,Electronic check,Fiber optic,No
9944-HKVVB,0.7139,High Risk,Yes,New High-Spend,3,95.1,Month-to-month,Electronic check,Fiber optic,No
4124-MMETB,0.532,Medium Risk,Yes,New High-Spend,22,94.65,Month-to-month,Credit card (automatic),Fiber optic,No
3671-SHRSP,0.604,Medium Risk,Yes,New High-Spend,4,80.6,Month-to-month,Mailed check,Fiber optic,Yes
0979-MOZQI,0.0313,Low Risk,No,Established Budget,62,39.0,Two year,Bank transfer (automatic),DSL,Yes
2732-ISEZX,0.1402,Low Risk,No,New Budget,5,20.5,Month-to-month,Mailed check,No,No
3313-QKNKB,0.1209,Low Risk,Yes,Established High-Value,59,85.55,One year,Electronic check,Fiber optic,No
0323-XWWTN,0.0342,Low Risk,No,New Budget,3,26.4,Two year,Mailed check,No,No
1937-OTUKY,0.0293,Low Risk,No,Established High-Value,72,98.2,Two year,Bank transfer (automatic),Fiber optic,Yes
1573-LGXBA,0.1765,Low Risk,No,Established High-Value,57,97.55,One year,Credit card (automatic),Fiber optic,No
1764-VUUMT,0.0253,Low Risk,No,Established Budget,66,19.95,Two year,Credit card (automatic),No,No
5073-WXOYN,0.3055,Low Risk,Yes,Established Budget,60,50.8,Month-to-month,Electronic check,DSL,No
4713-ZBURT,0.0869,Low Risk,No,Established High-Value,45,99.7,Two year,Bank transfer (automatic),Fiber optic,No
3050-GBUSH,0.523,Medium Risk,No,New Budget,3,34.8,Month-to-month,Credit card (automatic),DSL,No
0207-MDKNV,0.5324,Medium Risk,Yes,Established High-Value,15,105.1,Month-to-month,Electronic check,Fiber optic,Yes
7876-AEHIG,0.073,Low Risk,No,Established High-Value,51,60.15,One year,Bank transfer (automatic),DSL,Yes
7945-HLKEA,0.0417,Low Risk,No,Established High-Value,60,64.75,One year,Electronic check,DSL,Yes
9342-VNIMQ,0.1464,Low Risk,No,New High-Spend,33,54.65,Month-to-month,Bank transfer (automatic),DSL,No
9851-KIELU,0.5912,Medium Risk,Yes,Established High-Value,10,110.1,Month-to-month,Electronic check,Fiber optic,Yes
3523-BRGUW,0.0359,Low Risk,No,New Budget,26,19.3,One year,Credit card (automatic),No,No
3908-BLSYF,0.6283,Medium Risk,Yes,New High-Spend,6,83.9,Month-to-month,Electronic check,Fiber optic,No
3199-NPKCN,0.1931,Low Risk,No,Established High-Value,67,111.25,One year,Electronic check,Fiber optic,Yes
5170-PTRKA,0.0381,Low Risk,No,Established Budget,49,35.8,One year,Credit card (automatic),DSL,Yes
4661-NJEUX,0.4478,Medium Risk,No,New Budget,1,20.05,Month-to-month,Mailed check,No,No
2123-AGEEN,0.6773,High Risk,No,New High-Spend,7,84.35,Month-to-month,Electronic check,Fiber optic,No
1258-YMZNM,0.2967,Low Risk,No,Established High-Value,27,110.5,One year,Bank transfer (automatic),Fiber optic,No
0048-LUMLS,0.1412,Low Risk,No,New High-Spend,37,91.2,One year,Credit card (automatic),Fiber optic,No
7549-MYGPK,0.2943,Low Risk,Yes,Established High-Value,63,100.55,Month-to-month,Electronic check,Fiber optic,No
5898-IGSLP,0.3096,Low Risk,No,New High-Spend,31,89.3,Month-to-month,Electronic check,Fiber optic,Yes
3804-RVTGV,0.3967,Medium Risk,Yes,Established High-Value,50,103.85,Month-to-month,Bank transfer (automatic),Fiber optic,No
6259-WJQLC,0.4521,Medium Risk,No,New High-Spend,32,81.1,Month-to-month,Credit card (automatic),Fiber optic,No
9227-LUNBG,0.6116,Medium Risk,Yes,New Budget,1,24.6,Month-to-month,Electronic check,DSL,No
7997-EASSD,0.0421,Low Risk,No,Established Budget,63,81.2,One year,Credit card (automatic),Fiber optic,Yes
0730-KOAVE,0.3566,Medium Risk,No,New High-Spend,30,94.3,Month-to-month,Credit card (automatic),Fiber optic,No
8975-SKGRX,0.0415,Low Risk,No,Established High-Value,71,116.1,Two year,Bank transfer (automatic),Fiber optic,Yes
0678-RLHVP,0.1703,Low Risk,No,Established High-Value,53,105.55,Two year,Electronic check,Fiber optic,No
4315-MURBD,0.5848,Medium Risk,Yes,New High-Spend,12,98.9,Month-to-month,Bank transfer (automatic),Fiber optic,Yes
2267-FPIMA,0.26,Low Risk,No,Established High-Value,50,94.4,Month-to-month,Credit card (automatic),Fiber optic,No
1051-GEJLJ,0.1824,Low Risk,No,New Budget,2,19.5,Month-to-month,Mailed check,No,No
9734-YWGEX,0.6703,High Risk,Yes,New High-Spend,9,98.3,Month-to-month,Credit card (automatic),Fiber optic,No
2719-BDAQO,0.4885,Medium Risk,Yes,New High-Spend,17,93.85,Month-to-month,Electronic check,Fiber optic,No
5285-MVEHD,0.2072,Low Risk,No,Established High-Value,56,105.6,One year,Credit card (automatic),Fiber optic,No
0379-DJQHR,0.0313,Low Risk,No,Established High-Value,67,81.35,Two year,Credit card (automatic),DSL,No
0781-LKXBR,0.7283,High Risk,Yes,New High-Spend,9,100.5,Month-to-month,Electronic check,Fiber optic,No
5543-QDCRY,0.514,Medium Risk,No,New High-Spend,4,56.4,Month-to-month,Electronic check,DSL,No
0297-RBCSG,0.0926,Low Risk,No,New High-Spend,19,65.35,One year,Bank transfer (automatic),DSL,Yes
4694-PHWFW,0.0716,Low Risk,No,New Budget,8,19.95,Month-to-month,Mailed check,No,No
0835-JKADZ,0.0626,Low Risk,No,Established High-Value,71,111.25,Two year,Electronic check,Fiber optic,Yes
1907-UBQFC,0.638,Medium Risk,Yes,New High-Spend,10,72.85,Month-to-month,Electronic check,Fiber optic,No
7508-SMHXL,0.5375,Medium Risk,No,New High-Spend,15,89.0,Month-to-month,Credit card (automatic),Fiber optic,No
3865-YIOTT,0.0856,Low Risk,No,Established High-Value,72,106.1,One year,Bank transfer (automatic),Fiber optic,No
5993-BQHEA,0.0343,Low Risk,No,New Budget,12,20.05,One year,Credit card (automatic),No,No
6024-RUGGH,0.0246,Low Risk,No,Established Budget,72,25.2,Two year,Bank transfer (automatic),No,No
6513-EECDB,0.75,High Risk,Yes,New High-Spend,1,73.55,Month-to-month,Electronic check,Fiber optic,No
3956-CJUST,0.3543,Medium Risk,No,New High-Spend,23,75.4,Month-to-month,Bank transfer (automatic),Fiber optic,No
4079-WWQQQ,0.0268,Low Risk,No,Established High-Value,72,65.55,Two year,Bank transfer (automatic),DSL,Yes
6103-BOCOU,0.5347,Medium Risk,No,New High-Spend,26,80.7,Month-to-month,Electronic check,Fiber optic,No
5149-TGWDZ,0.3082,Low Risk,No,Established High-Value,21,104.55,One year,Mailed check,Fiber optic,Yes
7471-WNSUF,0.029,Low Risk,No,Established Budget,60,24.15,One year,Bank transfer (automatic),No,No
8942-DBMHZ,0.0629,Low Risk,No,New Budget,12,20.45,Month-to-month,Mailed check,No,No
4301-VVZKA,0.6235,Medium Risk,No,New High-Spend,16,75.4,Month-to-month,Electronic check,Fiber optic,No
9199-PWQVC,0.058,Low Risk,No,Established High-Value,63,79.7,One year,Credit card (automatic),DSL,No
4824-GUCBY,0.3746,Medium Risk,No,New High-Spend,22,81.7,Month-to-month,Electronic check,Fiber optic,No
5393-HJZSM,0.0983,Low Risk,No,Established High-Value,32,76.3,Month-to-month,Bank transfer (automatic),DSL,Yes
7074-IEVOJ,0.6937,High Risk,Yes,New High-Spend,3,79.4,Month-to-month,Electronic check,Fiber optic,No
9625-QSTYE,0.6275,Medium Risk,Yes,New High-Spend,13,81.15,Month-to-month,Electronic check,Fiber optic,No
0862-PRCBS,0.0713,Low Risk,No,Established High-Value,68,103.75,Two year,Credit card (automatic),Fiber optic,Yes
8812-ZRHFP,0.1545,Low Risk,No,New High-Spend,30,86.45,One year,Electronic check,Fiber optic,No
5146-CBVOE,0.3935,Medium Risk,No,New High-Spend,16,75.1,Month-to-month,Bank transfer (automatic),Fiber optic,No
0454-OKRCT,0.0375,Low Risk,No,New High-Spend,33,80.6,Two year,Bank transfer (automatic),Fiber optic,Yes
5787-KXGIY,0.0249,Low Risk,No,Established Budget,72,19.3,Two year,Credit card (automatic),No,No
4750-ZRXIU,0.7207,High Risk,Yes,New High-Spend,4,84.6,Month-to-month,Electronic check,Fiber optic,No
4198-VFOEA,0.0484,Low Risk,No,New Budget,12,33.6,One year,Mailed check,DSL,Yes
6630-UJZMY,0.7043,High Risk,No,New High-Spend,4,83.25,Month-to-month,Electronic check,Fiber optic,No
5709-LVOEQ,0.0336,Low Risk,No,New High-Spend,0,80.85,Two year,Mailed check,DSL,No
6400-BWQKW,0.6183,Medium Risk,Yes,New High-Spend,6,79.05,Month-to-month,Electronic check,Fiber optic,No
2692-AQCPF,0.186,Low Risk,No,Established High-Value,65,108.05,One year,Credit card (automatic),Fiber optic,Yes
0347-UBKUZ,0.0586,Low Risk,No,New Budget,15,19.9,Month-to-month,Mailed check,No,No
0835-DUUIQ,0.0312,Low Risk,No,New Budget,24,21.05,One year,Bank transfer (automatic),No,No
0811-GSDTP,0.2798,Low Risk,No,New Budget,13,30.15,Month-to-month,Electronic check,DSL,No
7567-ECMCM,0.3878,Medium Risk,No,New High-Spend,24,79.85,Month-to-month,Credit card (automatic),Fiber optic,No
6115-ZTBFQ,0.0271,Low Risk,No,Established High-Value,72,65.5,Two year,Bank transfer (automatic),DSL,Yes
6353-BRMMA,0.3386,Low Risk,No,Established High-Value,54,104.1,Month-to-month,Bank transfer (automatic),Fiber optic,No
6680-WKXRZ,0.6096,Medium Risk,Yes,New High-Spend,3,74.4,Month-to-month,Bank transfer (automatic),Fiber optic,No
6231-WFGFH,0.1683,Low Risk,No,New Budget,4,20.5,Month-to-month,Mailed check,No,No
9904-EHEVJ,0.4595,Medium Risk,No,New High-Spend,32,91.35,Month-to-month,Mailed check,Fiber optic,No
7028-DVOIQ,0.5851,Medium Risk,Yes,Established High-Value,35,99.05,Month-to-month,Electronic check,Fiber optic,No
6169-PPETC,0.025,Low Risk,No,Established Budget,35,20.5,Two year,Bank transfer (automatic),No,No
4208-UFFGW,0.5292,Medium Risk,Yes,New Budget,2,44.95,Month-to-month,Mailed check,DSL,No
8584-KMVXD,0.5541,Medium Risk,No,New High-Spend,8,75.6,Month-to-month,Electronic check,Fiber optic,No
8467-WYNSR,0.0837,Low Risk,No,New High-Spend,22,55.1,Month-to-month,Mailed check,DSL,Yes
0851-DFJKB,0.1434,Low Risk,No,New High-Spend,15,58.95,Month-to-month,Electronic check,DSL,Yes
5382-SOYZL,0.6362,Medium Risk,No,New High-Spend,22,95.1,Month-to-month,Electronic check,Fiber optic,No
9448-REEVD,0.5186,Medium Risk,Yes,New Budget,1,44.7,Month-to-month,Credit card (automatic),DSL,No
3261-CQXOL,0.0247,Low Risk,No,Established Budget,71,25.45,Two year,Bank transfer (automatic),No,No
8388-FYNPZ,0.2837,Low Risk,No,New High-Spend,4,56.75,Month-to-month,Electronic check,DSL,No
4002-BQWPQ,0.1105,Low Risk,No,Established High-Value,25,81.75,Month-to-month,Bank transfer (automatic),DSL,Yes
5651-YLPRD,0.5196,Medium Risk,No,New High-Spend,32,86.1,Month-to-month,Electronic check,Fiber optic,No
2826-DXLQO,0.2427,Low Risk,No,New Budget,7,29.8,Month-to-month,Bank transfer (automatic),DSL,No
4378-BZYFP,0.0334,Low Risk,No,New Budget,17,20.5,One year,Mailed check,No,No
9489-UTFKA,0.1982,Low Risk,No,New High-Spend,8,60.9,Month-to-month,Bank transfer (automatic),DSL,No
4849-PYRLQ,0.0331,Low Risk,No,Established High-Value,56,73.25,Two year,Bank transfer (automatic),DSL,Yes
9117-SHLZX,0.5941,Medium Risk,Yes,New Budget,1,45.7,Month-to-month,Mailed check,DSL,No
9889-TMAHG,0.6198,Medium Risk,Yes,New High-Spend,8,100.3,Month-to-month,Credit card (automatic),Fiber optic,Yes
4541-RMRLG,0.1177,Low Risk,Yes,New Budget,7,19.25,Month-to-month,Electronic check,No,No
7764-BDPEE,0.1642,Low Risk,No,New Budget,3,20.85,Month-to-month,Mailed check,No,No
3429-IFLEM,0.0261,Low Risk,No,Established High-Value,71,77.35,Two year,Credit card (automatic),DSL,Yes
3158-MOERK,0.7275,High Risk,Yes,New High-Spend,2,96.0,Month-to-month,Electronic check,Fiber optic,No
7294-TMAOP,0.7279,High Risk,Yes,New High-Spend,1,90.55,Month-to-month,Electronic check,Fiber optic,No
5002-GCQFH,0.2737,Low Risk,No,Established High-Value,49,93.85,Month-to-month,Bank transfer (automatic),Fiber optic,No
0556-FJEGU,0.0307,Low Risk,No,Established High-Value,58,70.1,Two year,Bank transfer (automatic),DSL,Yes
8919-FYFQZ,0.337,Low Risk,Yes,Established Budget,44,30.35,Month-to-month,Electronic check,DSL,No
0604-THJFP,0.0308,Low Risk,No,Established High-Value,59,75.95,Two year,Credit card (automatic),DSL,Yes
2834-JRTUA,0.0779,Low Risk,Yes,Established High-Value,71,108.05,Two year,Electronic check,Fiber optic,Yes
5875-YPQFJ,0.7371,High Risk,Yes,New High-Spend,1,69.9,Month-to-month,Electronic check,Fiber optic,No
5879-SESNB,0.5795,Medium Risk,No,New High-Spend,11,75.25,Month-to-month,Electronic check,Fiber optic,No
6646-QVXLR,0.3366,Low Risk,Yes,Established High-Value,62,103.75,One year,Electronic check,Fiber optic,No
6461-PPAXN,0.0443,Low Risk,No,New High-Spend,35,54.95,One year,Bank transfer (automatic),DSL,Yes
3318-ISQFQ,0.0642,Low Risk,No,New Budget,20,19.5,Month-to-month,Bank transfer (automatic),No,No
1106-HRLKZ,0.025,Low Risk,No,Established Budget,40,19.6,Two year,Mailed check,No,No
2483-XSSMZ,0.0608,Low Risk,No,Established Budget,39,47.85,One year,Electronic check,DSL,No
8603-IJWDN,0.754,High Risk,Yes,New High-Spend,1,86.6,Month-to-month,Electronic check,Fiber optic,No
8165-ZJRNM,0.0245,Low Risk,No,Established Budget,72,23.75,Two year,Bank transfer (automatic),No,No
9369-XFEHK,0.4578,Medium Risk,Yes,New High-Spend,33,80.6,Month-to-month,Bank transfer (automatic),Fiber optic,No
2604-XVDAM,0.1662,Low Risk,No,New Budget,12,43.8,Month-to-month,Bank transfer (automatic),DSL,No
3717-OFRTN,0.365,Medium Risk,No,New Budget,1,19.75,Month-to-month,Bank transfer (automatic),No,No
9046-JBFWA,0.0437,Low Risk,No,New Budget,27,19.15,Month-to-month,Mailed check,No,No
3280-NMUVX,0.0291,Low Risk,No,Established Budget,34,19.6,One year,Credit card (automatic),No,No
1206-EHBDD,0.0314,Low Risk,No,Established High-Value,56,80.3,Two year,Bank transfer (automatic),Fiber optic,No
8361-LBRDI,0.0257,Low Risk,No,Established Budget,58,24.35,Two year,Credit card (automatic),No,No
4883-KCPZJ,0.0278,Low Risk,No,New Budget,22,25.25,Two year,Credit card (automatic),No,No
9108-EQPNQ,0.0322,Low Risk,No,New Budget,10,26.1,Two year,Credit card (automatic),No,No
7277-KAMWT,0.0265,Low Risk,No,New Budget,13,20.0,Two year,Credit card (automatic),No,No
3842-IYKUE,0.268,Low Risk,Yes,New High-Spend,35,85.3,Month-to-month,Credit card (automatic),Fiber optic,Yes
6641-XRPSU,0.3416,Low Risk,Yes,New High-Spend,34,70.0,Month-to-month,Credit card (automatic),Fiber optic,No
1374-DMZUI,0.7383,High Risk,Yes,New High-Spend,4,94.3,Month-to-month,Electronic check,Fiber optic,No
2545-LXYVJ,0.0242,Low Risk,No,Established Budget,72,20.7,Two year,Bank transfer (automatic),No,No
3234-VKACU,0.4635,Medium Risk,No,New High-Spend,2,70.3,Month-to-month,Electronic check,DSL,Yes
8357-EQXFO,0.7091,High Risk,Yes,New High-Spend,7,95.35,Month-to-month,Electronic check,Fiber optic,No
1989-PRJHP,0.5628,Medium Risk,Yes,New High-Spend,27,75.5,Month-to-month,Electronic check,Fiber optic,No
8120-JDCAM,0.5858,Medium Risk,No,New High-Spend,4,69.55,Month-to-month,Mailed check,Fiber optic,No
8917-FAEMR,0.0253,Low Risk,No,Established Budget,37,19.85,Two year,Mailed check,No,No
7047-YXDMZ,0.0558,Low Risk,No,New Budget,21,20.0,Month-to-month,Mailed check,No,No
2858-EIMXH,0.2443,Low Risk,No,Established High-Value,53,95.85,One year,Credit card (automatic),Fiber optic,No
9524-EGPJC,0.558,Medium Risk,Yes,New High-Spend,18,90.1,Month-to-month,Electronic check,Fiber optic,Yes
6993-OHLXR,0.6401,Medium Risk,Yes,New High-Spend,2,68.95,Month-to-month,Electronic check,Fiber optic,No
8818-XYFCQ,0.4253,Medium Risk,Yes,New High-Spend,32,99.55,Month-to-month,Credit card (automatic),Fiber optic,No
6419-ZTTLE,0.045,Low Risk,No,New Budget,23,20.75,One year,Electronic check,No,No
0929-HYQEW,0.3114,Low Risk,No,New Budget,3,50.15,Month-to-month,Mailed check,DSL,No
6614-YOLAC,0.0269,Low Risk,No,Established High-Value,71,58.65,Two year,Mailed check,DSL,Yes
7426-RHZGU,0.6021,Medium Risk,No,New High-Spend,9,95.9,Month-to-month,Bank transfer (automatic),Fiber optic,Yes
4065-JJAVA,0.5695,Medium Risk,No,New Budget,1,49.5,Month-to-month,Electronic check,DSL,No
4695-VADHF,0.229,Low Risk,Yes,New High-Spend,18,57.45,Month-to-month,Electronic check,DSL,No
3863-IUBJR,0.0825,Low Risk,Yes,New Budget,12,53.65,One year,Credit card (automatic),DSL,No
7649-SIJJF,0.0267,Low Risk,No,Established High-Value,71,80.1,Two year,Mailed check,DSL,Yes
9361-YNQWJ,0.0299,Low Risk,No,Established Budget,64,24.4,One year,Bank transfer (automatic),No,No
3748-FVMZZ,0.5391,Medium Risk,No,New Budget,4,40.05,Month-to-month,Electronic check,DSL,Yes
9391-TTOYH,0.0586,Low Risk,No,New Budget,23,19.5,Month-to-month,Mailed check,No,No
1452-XRSJV,0.0736,Low Risk,No,Established Budget,39,51.05,Month-to-month,Credit card (automatic),DSL,No
3422-WJOYD,0.0381,Low Risk,No,New High-Spend,28,54.35,One year,Mailed check,DSL,Yes
8242-SOQUO,0.6796,High Risk,No,New High-Spend,5,84.7,Month-to-month,Electronic check,Fiber optic,No
7460-ITWWP,0.5098,Medium Risk,No,New High-Spend,45,86.1,Month-to-month,Electronic check,Fiber optic,No
7147-AYBAA,0.3456,Low Risk,No,New High-Spend,37,70.35,Month-to-month,Mailed check,Fiber optic,No
7868-TMWMZ,0.06,Low Risk,No,Established High-Value,60,110.0,Two year,Bank transfer (automatic),Fiber optic,Yes
4822-RVYBB,0.7308,High Risk,Yes,New High-Spend,8,100.6,Month-to-month,Electronic check,Fiber optic,No
6732-FZUGP,0.0848,Low Risk,No,Established High-Value,47,94.9,One year,Credit card (automatic),Fiber optic,No
8436-BJUMM,0.546,Medium Risk,Yes,New High-Spend,26,83.75,Month-to-month,Electronic check,Fiber optic,No
4184-TJFAN,0.6121,Medium Risk,Yes,New High-Spend,3,88.3,Month-to-month,Mailed check,Fiber optic,Yes
8329-GWVPJ,0.1808,Low Risk,No,Established Budget,50,69.75,Month-to-month,Bank transfer (automatic),Fiber optic,No
1352-VHKAJ,0.1035,Low Risk,No,New High-Spend,27,71.6,Month-to-month,Bank transfer (automatic),DSL,Yes
4145-UQXUQ,0.7022,High Risk,Yes,New High-Spend,8,92.1,Month-to-month,Electronic check,Fiber optic,No
2632-TACXW,0.0259,Low Risk,No,Established Budget,62,23.65,Two year,Bank transfer (automatic),No,No
8146-QQKZH,0.0271,Low Risk,No,Established High-Value,71,81.85,Two year,Bank transfer (automatic),DSL,Yes
1767-CJKBA,0.0248,Low Risk,No,Established Budget,66,25.1,Two year,Mailed check,No,No
6445-TNRXS,0.0688,Low Risk,No,Established High-Value,68,114.7,Two year,Bank transfer (automatic),Fiber optic,Yes
4581-LNWUM,0.3672,Medium Risk,No,New High-Spend,13,49.15,Month-to-month,Electronic check,DSL,No
4869-EPIUS,0.1259,Low Risk,No,Established Budget,56,80.9,One year,Electronic check,Fiber optic,No
9948-YPTDG,0.4411,Medium Risk,Yes,New High-Spend,38,79.45,Month-to-month,Electronic check,Fiber optic,No
1236-WFCDV,0.5892,Medium Risk,Yes,New High-Spend,14,90.45,Month-to-month,Credit card (automatic),Fiber optic,No
1915-OAKWD,0.0387,Low Risk,No,New Budget,16,19.3,One year,Bank transfer (automatic),No,No
7296-PIXQY,0.4794,Medium Risk,No,New High-Spend,14,70.2,Month-to-month,Electronic check,Fiber optic,No
4883-QICIH,0.3011,Low Risk,Yes,New High-Spend,32,69.75,Month-to-month,Bank transfer (automatic),Fiber optic,No
3354-OADJP,0.0497,Low Risk,No,New High-Spend,8,54.25,One year,Bank transfer (automatic),DSL,Yes
3524-WQDSG,0.4045,Medium Risk,No,Established High-Value,43,99.3,Month-to-month,Bank transfer (automatic),Fiber optic,No
0810-DHDBD,0.0413,Low Risk,No,Established High-Value,52,74.0,One year,Credit card (automatic),DSL,Yes
4026-SKKHW,0.4092,Medium Risk,No,New Budget,3,50.25,Month-to-month,Mailed check,DSL,Yes
2829-HYVZP,0.0335,Low Risk,No,New Budget,29,19.8,One year,Mailed check,No,No
8329-IBCTI,0.3578,Medium Risk,Yes,New Budget,1,19.65,Month-to-month,Mailed check,No,No
1271-SJBGZ,0.4076,Medium Risk,Yes,New High-Spend,12,43.65,Month-to-month,Electronic check,DSL,Yes
3845-JHAMY,0.2921,Low Risk,No,New Budget,16,35.5,Month-to-month,Credit card (automatic),DSL,No
7013-PSXHK,0.1015,Low Risk,No,Established High-Value,40,80.75,One year,Mailed check,DSL,Yes
5669-SRAIP,0.4745,Medium Risk,Yes,New Budget,5,39.5,Month-to-month,Electronic check,DSL,No
5981-ITEMU,0.427,Medium Risk,Yes,New High-Spend,40,97.1,Month-to-month,Bank transfer (automatic),Fiber optic,No
3486-NPGST,0.03,Low Risk,No,Established Budget,36,19.55,One year,Mailed check,No,No
6941-PMGEP,0.6718,High Risk,Yes,New High-Spend,5,80.0,Month-to-month,Electronic check,Fiber optic,No
1624-WOIWJ,0.5483,Medium Risk,Yes,New High-Spend,10,84.7,Month-to-month,Mailed check,Fiber optic,No
2074-GKOWZ,0.7003,High Risk,Yes,New High-Spend,2,89.55,Month-to-month,Bank transfer (automatic),Fiber optic,No
0376-YMCJC,0.518,Medium Risk,Yes,New High-Spend,23,90.6,Month-to-month,Electronic check,Fiber optic,Yes
6100-FJZDG,0.0336,Low Risk,No,New Budget,26,20.05,One year,Bank transfer (automatic),No,No
4829-ZLJTK,0.0382,Low Risk,No,Established High-Value,72,112.4,Two year,Electronic check,Fiber optic,No
1730-VFMWO,0.0744,Low Risk,No,Established Budget,34,50.2,Month-to-month,Bank transfer (automatic),DSL,Yes
7143-BQIBA,0.1802,Low Risk,No,New High-Spend,10,62.25,Month-to-month,Bank transfer (automatic),DSL,Yes
3800-LYTRK,0.0458,Low Risk,No,New High-Spend,14,55.7,One year,Mailed check,DSL,Yes
0634-SZPQA,0.3833,Medium Risk,Yes,New High-Spend,23,90.05,Month-to-month,Bank transfer (automatic),Fiber optic,No
9646-NMHXE,0.0252,Low Risk,No,Established Budget,47,19.65,Two year,Mailed check,No,No
7030-NJVDP,0.3767,Medium Risk,No,New High-Spend,24,89.25,Month-to-month,Electronic check,Fiber optic,Yes
5536-RTPWK,0.4228,Medium Risk,Yes,Established High-Value,49,99.05,Month-to-month,Bank transfer (automatic),Fiber optic,No
8883-GRDWQ,0.0501,Low Risk,No,New High-Spend,20,54.0,One year,Mailed check,DSL,Yes
6166-ILMNY,0.5682,Medium Risk,Yes,New High-Spend,2,69.75,Month-to-month,Bank transfer (automatic),Fiber optic,No
3097-NNSPB,0.5428,Medium Risk,Yes,New Budget,2,49.05,Month-to-month,Credit card (automatic),DSL,No
7771-ZONAT,0.0351,Low Risk,No,New High-Spend,22,56.75,Two year,Bank transfer (automatic),DSL,Yes
0655-RBDUG,0.7077,High Risk,Yes,New High-Spend,7,98.05,Month-to-month,Bank transfer (automatic),Fiber optic,No
2111-DWYHN,0.3659,Medium Risk,No,New Budget,1,21.1,Month-to-month,Mailed check,No,No
4194-WHFCB,0.1887,Low Risk,No,Established High-Value,59,96.65,Month-to-month,Bank transfer (automatic),Fiber optic,Yes
4121-AGSIN,0.0306,Low Risk,No,Established Budget,58,24.5,One year,Credit card (automatic),No,No
4361-BKAXE,0.3483,Low Risk,Yes,Established High-Value,41,114.5,Month-to-month,Bank transfer (automatic),Fiber optic,Yes
9845-PEEKO,0.0373,Low Risk,No,Established Budget,59,79.2,Two year,Credit card (automatic),Fiber optic,No
0455-XFASS,0.6664,High Risk,No,New High-Spend,3,69.55,Month-to-month,Electronic check,Fiber optic,No
0301-KOBTQ,0.0279,Low Risk,No,New Budget,32,20.05,Two year,Bank transfer (automatic),No,No
1751-NCDLI,0.5853,Medium Risk,No,Established High-Value,46,98.85,Month-to-month,Electronic check,Fiber optic,No
4367-NUYAO,0.0304,Low Risk,No,New Budget,0,25.75,Two year,Mailed check,No,No
9878-TNQGW,0.7007,High Risk,Yes,New High-Spend,2,80.95,Month-to-month,Electronic check,Fiber optic,No
9170-ARBTB,0.0314,Low Risk,No,Established Budget,52,19.6,One year,Credit card (automatic),No,No
4441-NIHPT,0.6541,High Risk,Yes,New High-Spend,13,74.3,Month-to-month,Electronic check,Fiber optic,No
8999-BOHSE,0.6247,Medium Risk,Yes,New High-Spend,11,89.7,Month-to-month,Bank transfer (automatic),Fiber optic,No
7241-AJHFS,0.2334,Low Risk,No,New High-Spend,32,87.65,Month-to-month,Bank transfer (automatic),Fiber optic,Yes
7029-RPUAV,0.5953,Medium Risk,Yes,New High-Spend,17,100.45,Month-to-month,Credit card (automatic),Fiber optic,No
4546-FOKWR,0.5149,Medium Risk,No,New High-Spend,16,74.75,Month-to-month,Credit card (automatic),Fiber optic,No
9036-CSKBW,0.217,Low Risk,No,Established High-Value,51,107.45,One year,Bank transfer (automatic),Fiber optic,No
5832-TRLPB,0.0827,Low Risk,No,Established High-Value,29,75.35,One year,Bank transfer (automatic),DSL,Yes
8590-YFFQO,0.0275,Low Risk,No,Established High-Value,70,64.95,Two year,Credit card (automatic),DSL,Yes
8659-IOOPU,0.038,Low Risk,No,Established High-Value,71,100.45,Two year,Electronic check,Fiber optic,Yes
1338-CECEE,0.0533,Low Risk,No,Established High-Value,41,68.5,One year,Bank transfer (automatic),DSL,No
7439-DKZTW,0.746,High Risk,No,New High-Spend,1,80.55,Month-to-month,Electronic check,Fiber optic,No
4646-QZXTF,0.21,Low Risk,No,New High-Spend,7,81.25,Month-to-month,Bank transfer (automatic),DSL,Yes
4607-CHPCA,0.278,Low Risk,Yes,New High-Spend,25,90.4,One year,Electronic check,Fiber optic,No
9742-XOKTS,0.0553,Low Risk,No,Established High-Value,67,89.55,One year,Electronic check,Fiber optic,Yes
6921-OZMFH,0.3683,Medium Risk,No,New High-Spend,5,55.7,Month-to-month,Mailed check,DSL,Yes
9578-FOMUK,0.1667,Low Risk,No,New Budget,15,24.8,Month-to-month,Electronic check,No,No
4712-UYOOI,0.0641,Low Risk,No,New Budget,20,20.0,Month-to-month,Electronic check,No,No
8824-RWFXJ,0.4704,Medium Risk,Yes,New High-Spend,3,56.15,Month-to-month,Mailed check,DSL,No
7722-CVFXN,0.2958,Low Risk,No,Established High-Value,54,105.2,One year,Electronic check,Fiber optic,Yes
8717-VCTXJ,0.0313,Low Risk,No,Established Budget,42,19.55,One year,Mailed check,No,No
7363-QTBIW,0.6376,Medium Risk,No,New High-Spend,9,79.75,Month-to-month,Electronic check,Fiber optic,No
4159-NAAIX,0.0609,Low Risk,No,Established High-Value,63,97.45,Two year,Bank transfer (automatic),Fiber optic,No
0971-QIFJK,0.0257,Low Risk,No,Established Budget,69,24.25,Two year,Bank transfer (automatic),No,No
9397-TZSHA,0.0254,Low Risk,No,Established Budget,69,24.6,Two year,Credit card (automatic),No,No
3391-JSQEW,0.1119,Low Risk,No,Established Budget,40,50.15,Month-to-month,Mailed check,DSL,No
0343-QLUZP,0.0277,Low Risk,No,Established Budget,60,39.6,Two year,Bank transfer (automatic),DSL,No
9763-PDTKK,0.6058,Medium Risk,Yes,New High-Spend,4,94.4,Month-to-month,Bank transfer (automatic),Fiber optic,Yes
2176-LVPNX,0.0285,Low Risk,No,Established High-Value,71,89.85,Two year,Mailed check,DSL,Yes
7627-JKIAZ,0.3891,Medium Risk,Yes,New High-Spend,37,78.95,Month-to-month,Credit card (automatic),Fiber optic,No
3312-UUMZW,0.4776,Medium Risk,No,New High-Spend,32,98.85,Month-to-month,Credit card (automatic),Fiber optic,No
1271-UODNO,0.0317,Low Risk,No,Established Budget,39,53.85,Two year,Credit card (automatic),DSL,Yes
8461-EFQYM,0.0458,Low Risk,No,Established Budget,38,24.25,One year,Electronic check,No,No
6900-RBKER,0.0457,Low Risk,No,Established High-Value,52,89.45,Two year,Credit card (automatic),Fiber optic,No
6891-JPYFF,0.3494,Low Risk,No,Established High-Value,48,105.25,Month-to-month,Credit card (automatic),Fiber optic,No
1459-QNFQT,0.0299,Low Risk,No,Established High-Value,70,59.5,Two year,Bank transfer (automatic),DSL,Yes
1047-NNCBF,0.2536,Low Risk,No,New High-Spend,20,70.55,Month-to-month,Credit card (automatic),Fiber optic,No
3696-XRIEN,0.0646,Low Risk,No,Established High-Value,50,82.5,One year,Credit card (automatic),DSL,Yes
4081-DYXAV,0.1508,Low Risk,Yes,New High-Spend,19,44.85,One year,Credit card (automatic),DSL,No
0074-HDKDG,0.0416,Low Risk,No,New High-Spend,25,61.6,One year,Bank transfer (automatic),DSL,No
8791-GFXLZ,0.2239,Low Risk,No,New Budget,12,49.05,Month-to-month,Bank transfer (automatic),DSL,No
8111-SLLHI,0.6189,Medium Risk,Yes,Established High-Value,39,105.65,Month-to-month,Electronic check,Fiber optic,No
0927-LCSMG,0.4818,Medium Risk,Yes,New High-Spend,7,74.65,Month-to-month,Mailed check,Fiber optic,No
9330-DHBFL,0.0436,Low Risk,No,New High-Spend,23,66.25,One year,Mailed check,DSL,Yes
0098-BOWSO,0.1024,Low Risk,No,New Budget,27,19.4,Month-to-month,Electronic check,No,No
3452-ABWRL,0.3923,Medium Risk,No,New High-Spend,47,86.05,Month-to-month,Credit card (automatic),Fiber optic,No
5859-HZYLF,0.0262,Low Risk,No,New Budget,26,19.15,Two year,Credit card (automatic),No,No
8257-RZAHR,0.2117,Low Risk,Yes,New High-Spend,14,64.7,Month-to-month,Bank transfer (automatic),DSL,No
5293-WXJAK,0.6833,High Risk,Yes,New High-Spend,11,104.05,Month-to-month,Bank transfer (automatic),Fiber optic,Yes
3156-QLHBO,0.1225,Low Risk,No,New Budget,2,19.25,Month-to-month,Mailed check,No,No
2208-NQBCT,0.3088,Low Risk,No,New High-Spend,26,81.95,Month-to-month,Electronic check,Fiber optic,No
1779-PWPMG,0.0326,Low Risk,No,Established High-Value,72,114.65,Two year,Bank transfer (automatic),Fiber optic,Yes
6621-NRZAK,0.0254,Low Risk,No,Established Budget,63,20.0,Two year,Credit card (automatic),No,No
0831-JNISG,0.0244,Low Risk,No,Established Budget,71,19.8,Two year,Mailed check,No,No
0774-IFUVM,0.2233,Low Risk,No,New High-Spend,11,65.15,Month-to-month,Bank transfer (automatic),DSL,No
3082-WQRVY,0.0405,Low Risk,No,New Budget,14,19.65,One year,Mailed check,No,No
9553-DLCLU,0.0385,Low Risk,No,Established High-Value,13,88.95,Two year,Credit card (automatic),DSL,Yes
1641-BYBTK,0.1004,Low Risk,No,New Budget,6,20.2,Month-to-month,Mailed check,No,No
2460-NGXBJ,0.6008,Medium Risk,No,New High-Spend,11,75.2,Month-to-month,Credit card (automatic),Fiber optic,No
2446-ZKVAF,0.124,Low Risk,No,New High-Spend,18,56.8,Month-to-month,Credit card (automatic),DSL,No
0841-NULXI,0.6976,High Risk,Yes,New Budget,1,35.55,Month-to-month,Electronic check,DSL,No
3522-CDKHF,0.2961,Low Risk,No,New High-Spend,32,75.5,Month-to-month,Bank transfer (automatic),Fiber optic,No
1430-SFQSA,0.0385,Low Risk,No,New Budget,29,35.6,One year,Mailed check,DSL,Yes
0411-EZJZE,0.584,Medium Risk,No,New High-Spend,3,60.25,Month-to-month,Electronic check,DSL,No
7851-WZEKY,0.7433,High Risk,Yes,New High-Spend,2,95.15,Month-to-month,Electronic check,Fiber optic,No
8844-TONUD,0.5949,Medium Risk,Yes,New High-Spend,13,96.65,Month-to-month,Mailed check,Fiber optic,No
8807-ARQET,0.3089,Low Risk,No,Established Budget,41,40.35,Month-to-month,Electronic check,DSL,No
8992-CEUEN,0.2905,Low Risk,No,New Budget,1,18.85,Month-to-month,Electronic check,No,No
4320-QMLLA,0.2416,Low Risk,No,New Budget,7,54.85,Month-to-month,Mailed check,DSL,No
8777-PVYGU,0.0419,Low Risk,No,Established High-Value,52,64.3,One year,Mailed check,DSL,No
8292-ITGYJ,0.027,Low Risk,No,Established Budget,45,24.65,Two year,Bank transfer (automatic),No,No
6870-ZWMNX,0.0305,Low Risk,No,Established High-Value,70,76.1,Two year,Credit card (automatic),DSL,Yes
0621-CXBKL,0.025,Low Risk,No,Established Budget,53,18.7,Two year,Mailed check,No,No
5268-DSMNQ,0.1022,Low Risk,No,Established High-Value,62,97.95,One year,Credit card (automatic),Fiber optic,No
5334-JLAXU,0.1553,Low Risk,No,Established High-Value,60,94.1,Month-to-month,Credit card (automatic),Fiber optic,No
4086-YQSNZ,0.6936,High Risk,Yes,New High-Spend,3,80.4,Month-to-month,Electronic check,Fiber optic,No
6242-MBHPK,0.5189,Medium Risk,No,New High-Spend,23,95.1,Month-to-month,Electronic check,Fiber optic,No
5868-CZJDR,0.6045,Medium Risk,Yes,New Budget,1,31.35,Month-to-month,Mailed check,DSL,No
9359-UGBTK,0.0423,Low Risk,No,Established High-Value,67,72.35,One year,Bank transfer (automatic),DSL,Yes
0135-NMXAP,0.6212,Medium Risk,Yes,New High-Spend,12,89.75,Month-to-month,Bank transfer (automatic),Fiber optic,No
4782-OSFXZ,0.0279,Low Risk,No,Established High-Value,71,82.7,Two year,Bank transfer (automatic),DSL,Yes
6479-OAUSD,0.0298,Low Risk,No,New Budget,25,19.9,One year,Credit card (automatic),No,No
7129-ACFOG,0.3918,Medium Risk,No,New Budget,5,53.8,Month-to-month,Electronic check,DSL,No
4189-NAKJS,0.0555,Low Risk,No,New Budget,26,51.55,One year,Credit card (automatic),DSL,No
5562-BETPV,0.0603,Low Risk,No,New Budget,1,19.65,One year,Mailed check,No,No
1282-IHQAC,0.06,Low Risk,No,Established Budget,70,44.05,One year,Credit card (automatic),DSL,No
9127-FHJBZ,0.0363,Low Risk,No,Established High-Value,72,114.0,Two year,Electronic check,Fiber optic,Yes
6270-OMFIW,0.2416,Low Risk,Yes,Established High-Value,60,94.4,One year,Electronic check,Fiber optic,No
1641-RQDAY,0.612,Medium Risk,No,New High-Spend,32,100.4,Month-to-month,Electronic check,Fiber optic,No
0107-WESLM,0.5261,Medium Risk,Yes,New Budget,1,19.85,Month-to-month,Electronic check,No,No
6994-ORCWG,0.0735,Low Risk,No,New High-Spend,14,54.25,One year,Mailed check,DSL,No
1346-UFHAX,0.5165,Medium Risk,No,New High-Spend,13,80.0,Month-to-month,Credit card (automatic),Fiber optic,No
3992-YWPKO,0.686,High Risk,Yes,New High-Spend,6,109.9,Month-to-month,Credit card (automatic),Fiber optic,Yes
2933-XEUJM,0.0326,Low Risk,No,Established High-Value,46,79.2,Two year,Mailed check,DSL,No
0125-LZQXK,0.6362,Medium Risk,Yes,New High-Spend,15,101.35,Month-to-month,Electronic check,Fiber optic,Yes
5461-QKNTN,0.4342,Medium Risk,No,Established High-Value,43,94.3,Month-to-month,Electronic check,Fiber optic,Yes
4835-YSJMR,0.0312,Low Risk,No,Established Budget,39,49.8,Two year,Bank transfer (automatic),DSL,Yes
8399-YNDCH,0.2387,Low Risk,Yes,New High-Spend,21,60.05,Month-to-month,Bank transfer (automatic),DSL,No
3164-YAXFY,0.218,Low Risk,No,Established High-Value,57,53.75,Month-to-month,Electronic check,DSL,No
0887-WBJVH,0.147,Low Risk,No,Established High-Value,53,93.45,One year,Electronic check,Fiber optic,Yes
4660-IRIBM,0.3257,Low Risk,No,New High-Spend,18,87.9,Month-to-month,Mailed check,Fiber optic,No
5673-FSSMF,0.6844,High Risk,Yes,New High-Spend,1,60.15,Month-to-month,Electronic check,DSL,No
7670-ZBPOQ,0.036,Low Risk,No,Established Budget,58,61.05,One year,Bank transfer (automatic),DSL,Yes
8089-UZWLX,0.0547,Low Risk,No,Established High-Value,71,104.05,Two year,Bank transfer (automatic),Fiber optic,No
0080-OROZO,0.2663,Low Risk,No,Established High-Value,35,99.25,One year,Electronic check,Fiber optic,Yes
3916-NRPAP,0.6252,Medium Risk,No,New High-Spend,3,85.7,Month-to-month,Credit card (automatic),Fiber optic,No
6807-SIWJI,0.3087,Low Risk,No,Established High-Value,38,104.85,One year,Electronic check,Fiber optic,No
8221-HVAYI,0.0304,Low Risk,No,Established High-Value,35,69.15,Two year,Credit card (automatic),DSL,Yes
1579-KLYDT,0.6867,High Risk,Yes,New High-Spend,7,90.45,Month-to-month,Electronic check,Fiber optic,No
5232-NXPAY,0.0338,Low Risk,No,Established High-Value,47,74.45,Two year,Mailed check,DSL,Yes
8967-SZQAS,0.2012,Low Risk,No,New Budget,14,50.45,Month-to-month,Electronic check,DSL,No
4468-KAZHE,0.2983,Low Risk,No,New High-Spend,20,60.0,Month-to-month,Electronic check,DSL,No
0455-ENTCR,0.0364,Low Risk,No,Established High-Value,66,85.25,Two year,Electronic check,DSL,Yes
8944-AILEF,0.0809,Low Risk,No,New Budget,15,19.45,Month-to-month,Credit card (automatic),No,No
5542-NKVRU,0.0272,Low Risk,No,Established Budget,42,20.75,Two year,Bank transfer (automatic),No,No
7126-RBHSD,0.4516,Medium Risk,No,New High-Spend,17,78.9,Month-to-month,Electronic check,Fiber optic,No
5370-IIVVL,0.2584,Low Risk,No,Established High-Value,37,104.5,One year,Credit card (automatic),Fiber optic,Yes
6789-HJBWG,0.2925,Low Risk,No,New Budget,12,49.4,Month-to-month,Electronic check,DSL,No
3927-NLNRY,0.18,Low Risk,Yes,Established High-Value,53,94.25,One year,Bank transfer (automatic),Fiber optic,No
9087-EYCPR,0.0253,Low Risk,No,Established Budget,60,25.0,Two year,Mailed check,No,No
6791-YBNAK,0.1127,Low Risk,No,New Budget,18,25.55,Month-to-month,Credit card (automatic),DSL,No
6358-LYNGM,0.7456,High Risk,Yes,New High-Spend,1,74.9,Month-to-month,Electronic check,Fiber optic,No
6077-BDPXA,0.6687,High Risk,No,New High-Spend,3,70.15,Month-to-month,Electronic check,Fiber optic,No
0013-MHZWF,0.255,Low Risk,No,New High-Spend,9,69.4,Month-to-month,Credit card (automatic),DSL,Yes
5494-HECPR,0.7461,High Risk,Yes,New High-Spend,1,80.25,Month-to-month,Electronic check,Fiber optic,No
8268-YDIXR,0.0785,Low Risk,No,Established High-Value,56,93.15,One year,Electronic check,Fiber optic,No
9824-BEMCV,0.5861,Medium Risk,Yes,New High-Spend,17,69.0,Month-to-month,Electronic check,Fiber optic,No
1373-ORVIZ,0.3154,Low Risk,Yes,New High-Spend,11,66.35,Month-to-month,Electronic check,DSL,Yes
4291-SHSBH,0.5999,Medium Risk,No,New High-Spend,7,69.55,Month-to-month,Electronic check,Fiber optic,No
6980-IMXXE,0.0245,Low Risk,No,Established Budget,69,20.2,Two year,Bank transfer (automatic),No,No
9866-QEVEE,0.4883,Medium Risk,Yes,New High-Spend,19,86.0,Month-to-month,Bank transfer (automatic),Fiber optic,No
9897-KXHCM,0.6781,High Risk,Yes,New High-Spend,3,80.3,Month-to-month,Electronic check,Fiber optic,No
0040-HALCW,0.0258,Low Risk,No,Established Budget,54,20.4,Two year,Credit card (automatic),No,No
0784-GTUUK,0.0306,Low Risk,No,Established Budget,62,23.75,One year,Credit card (automatic),No,No
7979-CORPM,0.4709,Medium Risk,Yes,New High-Spend,24,90.55,Month-to-month,Credit card (automatic),Fiber optic,No
2294-DMMUS,0.1163,Low Risk,No,Established High-Value,62,70.45,Month-to-month,Credit card (automatic),DSL,No
0872-JCPIB,0.1622,Low Risk,No,New High-Spend,17,65.75,Month-to-month,Bank transfer (automatic),DSL,No
3055-MJDSB,0.2959,Low Risk,No,New Budget,9,24.6,Month-to-month,Mailed check,DSL,No
9091-WTUUY,0.0276,Low Risk,No,Established High-Value,64,69.25,Two year,Mailed check,DSL,Yes
1618-CFHME,0.7013,High Risk,Yes,New High-Spend,2,75.9,Month-to-month,Electronic check,Fiber optic,No
3165-HDOEW,0.5874,Medium Risk,Yes,New Budget,1,45.85,Month-to-month,Mailed check,DSL,No
6581-NQCBA,0.4049,Medium Risk,Yes,New High-Spend,16,49.95,Month-to-month,Electronic check,DSL,Yes
7115-IRDHS,0.0246,Low Risk,No,Established Budget,72,24.65,Two year,Bank transfer (automatic),No,No
8496-DMZUK,0.0647,Low Risk,No,New High-Spend,30,90.4,One year,Bank transfer (automatic),Fiber optic,No
2040-VZIKE,0.3101,Low Risk,No,Established High-Value,49,100.85,Month-to-month,Mailed check,Fiber optic,No
9068-VPWQQ,0.0286,Low Risk,No,Established High-Value,61,75.35,Two year,Credit card (automatic),DSL,Yes
0178-SZBHO,0.3437,Low Risk,No,Established High-Value,47,87.2,Month-to-month,Electronic check,Fiber optic,No
0384-RVBPI,0.0962,Low Risk,No,New High-Spend,20,64.4,Month-to-month,Credit card (automatic),DSL,No
1689-MRZQR,0.4362,Medium Risk,Yes,New High-Spend,34,78.3,Month-to-month,Electronic check,Fiber optic,No
1299-AURJA,0.0254,Low Risk,No,Established Budget,70,24.7,Two year,Bank transfer (automatic),No,No
4525-VZCZG,0.2066,Low Risk,No,Established High-Value,54,105.85,One year,Electronic check,Fiber optic,Yes
1543-LLLFT,0.0848,Low Risk,No,Established High-Value,61,98.3,One year,Mailed check,Fiber optic,Yes
5835-BEQEU,0.6994,High Risk,Yes,New High-Spend,3,76.95,Month-to-month,Electronic check,Fiber optic,No
2788-CJQAQ,0.0326,Low Risk,No,New Budget,13,19.45,One year,Mailed check,No,No
5565-FILXA,0.6937,High Risk,Yes,New High-Spend,16,96.15,Month-to-month,Electronic check,Fiber optic,No
0319-QZTCO,0.4542,Medium Risk,No,New High-Spend,3,58.7,Month-to-month,Credit card (automatic),DSL,No
2120-SMPEX,0.0554,Low Risk,No,New Budget,25,20.15,Month-to-month,Mailed check,No,No
0096-FCPUF,0.1278,Low Risk,No,New High-Spend,30,64.5,Month-to-month,Mailed check,DSL,No
0668-OGMHD,0.1591,Low Risk,No,New Budget,21,28.5,Month-to-month,Electronic check,DSL,No
5552-ZNFSJ,0.5905,Medium Risk,Yes,New Budget,1,45.3,Month-to-month,Electronic check,DSL,No
2223-KAGMX,0.0954,Low Risk,Yes,New Budget,15,19.4,Month-to-month,Bank transfer (automatic),No,No
6507-ZJSUR,0.5997,Medium Risk,No,New High-Spend,23,90.45,Month-to-month,Electronic check,Fiber optic,No
9408-HRXRK,0.4669,Medium Risk,No,Established High-Value,45,105.15,Month-to-month,Electronic check,Fiber optic,No
5593-SUAOO,0.0725,Low Risk,No,New High-Spend,24,83.15,One year,Bank transfer (automatic),Fiber optic,No
7321-PKUYW,0.6173,Medium Risk,Yes,New High-Spend,11,90.15,Month-to-month,Electronic check,Fiber optic,Yes
2833-SLKDQ,0.5221,Medium Risk,Yes,New Budget,1,45.05,Month-to-month,Mailed check,DSL,No
6766-HFKLA,0.0801,Low Risk,No,Established High-Value,56,103.2,Two year,Bank transfer (automatic),Fiber optic,Yes
7595-EUIVN,0.7017,High Risk,Yes,New High-Spend,1,75.8,Month-to-month,Electronic check,Fiber optic,No
7617-EYGLW,0.4095,Medium Risk,No,New Budget,1,19.45,Month-to-month,Electronic check,No,No
2026-TGDHM,0.6578,High Risk,Yes,New High-Spend,7,79.3,Month-to-month,Electronic check,Fiber optic,No
9220-ZNKJI,0.0388,Low Risk,No,Established High-Value,55,88.8,Two year,Credit card (automatic),Fiber optic,Yes
4030-VPZBD,0.6161,Medium Risk,Yes,New Budget,2,30.9,Month-to-month,Electronic check,DSL,Yes
2226-ICFDO,0.0269,Low Risk,No,Established High-Value,72,85.9,Two year,Credit card (automatic),DSL,Yes
0723-VSOBE,0.0949,Low Risk,No,Established Budget,45,34.2,One year,Electronic check,DSL,No
5529-GIBVH,0.0256,Low Risk,No,Established Budget,47,20.15,Two year,Mailed check,No,No
4187-CINZD,0.2099,Low Risk,Yes,Established High-Value,46,95.25,One year,Credit card (automatic),Fiber optic,No
9992-UJOEL,0.5263,Medium Risk,No,New Budget,2,50.3,Month-to-month,Mailed check,DSL,No
4741-WWJQZ,0.6209,Medium Risk,No,New High-Spend,2,80.15,Month-to-month,Electronic check,Fiber optic,Yes
6625-UTXEW,0.3552,Medium Risk,No,New Budget,12,51.25,Month-to-month,Electronic check,DSL,No
6818-WOBHJ,0.2409,Low Risk,Yes,Established High-Value,68,89.6,Month-to-month,Bank transfer (automatic),Fiber optic,No
6244-BESBM,0.0543,Low Risk,No,Established High-Value,69,95.2,Two year,Credit card (automatic),Fiber optic,Yes
1004-NOZNR,0.1372,Low Risk,No,Established High-Value,56,94.8,One year,Credit card (automatic),Fiber optic,No
1251-STYSZ,0.6456,Medium Risk,No,New High-Spend,4,80.25,Month-to-month,Electronic check,Fiber optic,No
2612-PHGOX,0.031,Low Risk,No,Established High-Value,64,76.1,Two year,Bank transfer (automatic),DSL,Yes
2408-TZMJL,0.2681,Low Risk,Yes,Established High-Value,59,110.15,One year,Electronic check,Fiber optic,No
8480-PPONV,0.0655,Low Risk,No,Established High-Value,62,115.55,Two year,Bank transfer (automatic),Fiber optic,Yes
8780-IHCRN,0.0246,Low Risk,No,Established Budget,63,24.65,Two year,Credit card (automatic),No,No
4598-ZADCK,0.0687,Low Risk,No,Established High-Value,53,53.6,One year,Electronic check,DSL,Yes
1257-SXUXQ,0.0907,Low Risk,No,New Budget,5,19.45,Month-to-month,Mailed check,No,No
9681-KYGYB,0.3644,Medium Risk,No,Established High-Value,49,88.2,Month-to-month,Electronic check,Fiber optic,No
7182-OVLBJ,0.0785,Low Risk,No,Established High-Value,62,101.15,Two year,Bank transfer (automatic),Fiber optic,No
5095-ETBRJ,0.029,Low Risk,No,Established High-Value,55,56.8,Two year,Mailed check,DSL,Yes
7005-CYUIL,0.0394,Low Risk,No,Established High-Value,71,99.4,Two year,Electronic check,Fiber optic,Yes
4821-WQOYN,0.0249,Low Risk,No,Established Budget,72,20.1,Two year,Credit card (automatic),No,No
4730-AWNAU,0.065,Low Risk,No,Established High-Value,36,60.7,One year,Credit card (automatic),DSL,Yes
3452-FLHYD,0.0376,Low Risk,No,New Budget,25,20.95,One year,Bank transfer (automatic),No,No
2388-LAESQ,0.0321,Low Risk,No,Established High-Value,72,114.85,Two year,Bank transfer (automatic),Fiber optic,Yes
9531-NSBMR,0.0334,Low Risk,No,Established Budget,36,19.25,One year,Bank transfer (automatic),No,No
6260-ONULR,0.6208,Medium Risk,No,New High-Spend,1,62.8,Month-to-month,Mailed check,DSL,No
4389-UEFCZ,0.045,Low Risk,No,Established High-Value,72,105.5,Two year,Electronic check,Fiber optic,No
8711-LOBKY,0.0247,Low Risk,No,Established Budget,59,19.85,Two year,Mailed check,No,No
9134-CEQMF,0.6963,High Risk,Yes,New High-Spend,7,89.5,Month-to-month,Electronic check,Fiber optic,No
8985-OOPOS,0.2148,Low Risk,No,New High-Spend,1,74.1,One year,Credit card (automatic),DSL,Yes
8800-ZKRFW,0.4921,Medium Risk,No,Established High-Value,30,107.5,Month-to-month,Electronic check,Fiber optic,Yes
2616-FLVQC,0.0253,Low Risk,No,Established Budget,64,19.55,Two year,Mailed check,No,No
9968-FFVVH,0.0334,Low Risk,No,Established High-Value,63,68.8,One year,Bank transfer (automatic),DSL,Yes
3108-PCCGG,0.0293,Low Risk,No,Established High-Value,72,84.45,Two year,Credit card (automatic),DSL,No
7993-PYKOF,0.4505,Medium Risk,Yes,New High-Spend,8,75.0,Month-to-month,Electronic check,Fiber optic,No
8390-FESFV,0.0317,Low Risk,No,Established High-Value,62,84.5,Two year,Bank transfer (automatic),DSL,Yes
3022-BEXHZ,0.0873,Low Risk,No,Established High-Value,67,111.2,Two year,Bank transfer (automatic),Fiber optic,Yes
5027-XWQHA,0.3459,Low Risk,Yes,New Budget,6,44.75,Month-to-month,Electronic check,DSL,No
6248-TKCQV,0.0312,Low Risk,No,Established High-Value,70,80.6,Two year,Bank transfer (automatic),DSL,Yes
6729-GDNGC,0.4174,Medium Risk,No,New High-Spend,20,80.7,Month-to-month,Bank transfer (automatic),Fiber optic,No
6198-ZFIOJ,0.6261,Medium Risk,No,New High-Spend,5,75.6,Month-to-month,Electronic check,Fiber optic,No
5989-OMNJE,0.0998,Low Risk,No,Established High-Value,24,57.6,One year,Electronic check,DSL,No
4566-QVRRW,0.385,Medium Risk,Yes,New Budget,11,44.05,Month-to-month,Electronic check,DSL,No
1291-CUOCY,0.0393,Low Risk,No,Established High-Value,72,110.6,Two year,Credit card (automatic),Fiber optic,Yes
9795-SHUHB,0.0274,Low Risk,No,Established High-Value,66,58.2,Two year,Credit card (automatic),DSL,Yes
3230-IUALN,0.0306,Low Risk,No,Established High-Value,45,81.0,Two year,Mailed check,DSL,Yes
0042-RLHYP,0.0247,Low Risk,No,Established Budget,69,19.7,Two year,Bank transfer (automatic),No,No
8519-IMDHU,0.623,Medium Risk,Yes,New High-Spend,15,85.6,Month-to-month,Bank transfer (automatic),Fiber optic,No
4945-RVMTE,0.1525,Low Risk,No,New High-Spend,28,59.55,Month-to-month,Bank transfer (automatic),DSL,No
0201-OAMXR,0.148,Low Risk,Yes,Established High-Value,70,115.55,One year,Credit card (automatic),Fiber optic,Yes
1866-NXPSP,0.0629,Low Risk,No,Established High-Value,36,75.55,One year,Mailed check,DSL,Yes
3372-KWFBM,0.6542,High Risk,Yes,New High-Spend,16,86.6,Month-to-month,Electronic check,Fiber optic,No
7831-QGOXH,0.6208,Medium Risk,Yes,New High-Spend,18,85.2,Month-to-month,Electronic check,Fiber optic,No
6393-WRYZE,0.5902,Medium Risk,Yes,New High-Spend,34,97.65,Month-to-month,Electronic check,Fiber optic,No
3941-XTSKM,0.0755,Low Risk,No,Established Budget,42,45.1,One year,Credit card (automatic),DSL,No
1661-CZBAU,0.0504,Low Risk,No,Established High-Value,48,70.95,One year,Bank transfer (automatic),DSL,Yes
6599-RCLCJ,0.4892,Medium Risk,Yes,Established High-Value,47,109.55,Month-to-month,Electronic check,Fiber optic,Yes
9831-BPFRI,0.1042,Low Risk,Yes,Established High-Value,39,89.55,One year,Electronic check,Fiber optic,Yes
5158-RIVOP,0.0294,Low Risk,No,New Budget,11,20.9,Two year,Credit card (automatic),No,No
9788-YTFGE,0.0841,Low Risk,No,New Budget,7,19.95,Month-to-month,Mailed check,No,No
9277-JOOMO,0.1717,Low Risk,No,New Budget,3,24.6,Month-to-month,Mailed check,No,No
1907-YLNYW,0.2106,Low Risk,No,New High-Spend,8,66.7,Month-to-month,Electronic check,DSL,No
1725-MIMXW,0.3984,Medium Risk,Yes,New Budget,1,19.45,Month-to-month,Mailed check,No,No
8947-YRTDV,0.1042,Low Risk,No,Established High-Value,32,94.8,One year,Mailed check,Fiber optic,No
3161-ONRWK,0.0337,Low Risk,No,Established High-Value,60,65.85,One year,Bank transfer (automatic),DSL,Yes
0114-RSRRW,0.0936,Low Risk,No,New Budget,10,19.95,Month-to-month,Bank transfer (automatic),No,No
4565-NLZBV,0.0256,Low Risk,No,Established Budget,71,24.65,Two year,Bank transfer (automatic),No,No
0031-PVLZI,0.1135,Low Risk,Yes,New Budget,4,20.35,Month-to-month,Mailed check,No,No
7206-GZCDC,0.745,High Risk,Yes,New High-Spend,1,69.25,Month-to-month,Electronic check,Fiber optic,No
6682-VCIXC,0.0492,Low Risk,No,Established High-Value,43,51.25,One year,Bank transfer (automatic),DSL,Yes
4791-QRGMF,0.2514,Low Risk,Yes,Established High-Value,59,99.5,One year,Bank transfer (automatic),Fiber optic,No
6475-VHUIZ,0.16,Low Risk,No,New High-Spend,23,54.25,Month-to-month,Electronic check,DSL,Yes
3910-MRQOY,0.0245,Low Risk,No,Established Budget,72,19.4,Two year,Bank transfer (automatic),No,No
0661-WCQNQ,0.0429,Low Risk,No,New High-Spend,22,56.25,One year,Credit card (automatic),DSL,Yes
7537-RBWEA,0.6103,Medium Risk,No,New Budget,1,25.15,Month-to-month,Mailed check,DSL,No
4656-CAURT,0.0251,Low Risk,No,Established Budget,69,23.95,Two year,Bank transfer (automatic),No,No
0121-SNYRK,0.0383,Low Risk,No,Established Budget,50,35.4,One year,Mailed check,DSL,Yes
1768-ZAIFU,0.705,High Risk,Yes,New Budget,1,25.2,Month-to-month,Electronic check,DSL,No
4671-LXRDQ,0.4817,Medium Risk,Yes,New Budget,2,45.0,Month-to-month,Mailed check,DSL,No
3733-LSYCE,0.4413,Medium Risk,No,New High-Spend,15,75.35,Month-to-month,Bank transfer (automatic),Fiber optic,No
6265-FRMTQ,0.027,Low Risk,No,New Budget,31,20.4,Two year,Bank transfer (automatic),No,No
1934-SJVJK,0.3775,Medium Risk,Yes,New Budget,1,20.15,Month-to-month,Mailed check,No,No
3838-OZURD,0.4116,Medium Risk,Yes,Established High-Value,66,105.0,Month-to-month,Credit card (automatic),Fiber optic,No
1371-DWPAZ,0.0317,Low Risk,No,New High-Spend,0,56.05,Two year,Credit card (automatic),DSL,Yes
9269-CQOOL,0.4562,Medium Risk,Yes,New Budget,3,54.7,Month-to-month,Credit card (automatic),DSL,No
2017-CCBLH,0.0291,Low Risk,No,New Budget,8,20.0,Two year,Mailed check,No,No
7690-KPNCU,0.0593,Low Risk,No,Established High-Value,64,73.05,One year,Credit card (automatic),DSL,No
0536-BGFMZ,0.0493,Low Risk,No,New Budget,28,20.5,Month-to-month,Mailed check,No,No
2293-IJWPS,0.2897,Low Risk,No,Established High-Value,57,100.75,One year,Credit card (automatic),Fiber optic,No
2845-HSJCY,0.6574,High Risk,Yes,New High-Spend,14,87.25,Month-to-month,Electronic check,Fiber optic,No
5469-NUJUR,0.0281,Low Risk,No,New Budget,19,19.95,Two year,Mailed check,No,No
1184-PJVDB,0.6502,High Risk,Yes,New High-Spend,10,79.95,Month-to-month,Electronic check,Fiber optic,No
2625-TRCZQ,0.353,Medium Risk,No,Established Budget,51,49.65,Month-to-month,Electronic check,DSL,No
4102-HLENU,0.0273,Low Risk,No,Established High-Value,67,65.65,Two year,Mailed check,DSL,No
7266-GSSJX,0.1072,Low Risk,No,New Budget,11,20.45,Month-to-month,Electronic check,No,No
7722-VJRQD,0.027,Low Risk,No,Established High-Value,72,60.95,Two year,Bank transfer (automatic),DSL,Yes
7073-QETQY,0.0337,Low Risk,No,Established Budget,66,20.35,One year,Electronic check,No,No
9415-DPEWS,0.5591,Medium Risk,Yes,New High-Spend,18,88.35,Month-to-month,Electronic check,Fiber optic,Yes
5624-RYAMH,0.1621,Low Risk,No,New Budget,9,19.5,Month-to-month,Electronic check,No,No
0196-JTUQI,0.5845,Medium Risk,No,New High-Spend,9,75.2,Month-to-month,Credit card (automatic),Fiber optic,No
7130-YXBRO,0.3776,Medium Risk,No,Established High-Value,48,111.45,Month-to-month,Bank transfer (automatic),Fiber optic,No
9272-LSVYH,0.4254,Medium Risk,No,New High-Spend,10,70.15,Month-to-month,Mailed check,Fiber optic,No
7943-RQCHR,0.713,High Risk,Yes,New High-Spend,9,94.75,Month-to-month,Electronic check,Fiber optic,No
3793-MMFUH,0.7068,High Risk,Yes,New High-Spend,13,95.05,Month-to-month,Electronic check,Fiber optic,No
3249-ZPQRG,0.6289,Medium Risk,Yes,New High-Spend,4,78.45,Month-to-month,Electronic check,Fiber optic,No
2568-BRGYX,0.6653,High Risk,Yes,New High-Spend,4,70.2,Month-to-month,Electronic check,Fiber optic,No
3084-DOWLE,0.0277,Low Risk,No,Established High-Value,72,92.0,Two year,Bank transfer (automatic),DSL,Yes
1084-MNSMJ,0.0293,Low Risk,No,Established High-Value,51,85.5,Two year,Credit card (automatic),DSL,Yes
7721-JXEAW,0.1683,Low Risk,Yes,Established Budget,59,41.05,Month-to-month,Bank transfer (automatic),DSL,No
7249-WBIYX,0.6746,High Risk,Yes,New High-Spend,10,85.6,Month-to-month,Electronic check,Fiber optic,No
4238-HFHSN,0.2879,Low Risk,No,Established Budget,61,82.15,Month-to-month,Electronic check,Fiber optic,No
6250-CGGUN,0.0605,Low Risk,No,Established High-Value,54,84.4,One year,Electronic check,Fiber optic,Yes
5478-JJVZK,0.1074,Low Risk,No,New High-Spend,33,60.9,Month-to-month,Mailed check,DSL,No
7596-IIWYC,0.0276,Low Risk,No,New Budget,27,20.25,Two year,Bank transfer (automatic),No,No
6567-HOOPW,0.7513,High Risk,Yes,New High-Spend,1,79.2,Month-to-month,Electronic check,Fiber optic,No
9793-WECQC,0.4158,Medium Risk,No,New High-Spend,23,95.3,Month-to-month,Mailed check,Fiber optic,No
4291-HPAXL,0.3424,Low Risk,No,New Budget,1,19.85,Month-to-month,Mailed check,No,No
8999-YPYBV,0.0298,Low Risk,No,Established High-Value,45,84.35,Two year,Mailed check,DSL,Yes
1839-FBNFR,0.0265,Low Risk,No,Established Budget,39,19.85,Two year,Bank transfer (automatic),No,No
3164-AALRN,0.2048,Low Risk,Yes,New High-Spend,5,70.0,One year,Mailed check,DSL,No
3071-MVJCD,0.0259,Low Risk,No,Established High-Value,72,82.3,Two year,Bank transfer (automatic),DSL,Yes
1697-BCSHV,0.0943,Low Risk,No,Established Budget,58,66.8,Month-to-month,Bank transfer (automatic),DSL,No
0562-KBDVM,0.0293,Low Risk,No,Established High-Value,70,44.6,Two year,Bank transfer (automatic),DSL,Yes
1131-SUEKT,0.14,Low Risk,No,Established High-Value,61,98.45,One year,Bank transfer (automatic),Fiber optic,Yes
3717-OEAUQ,0.5822,Medium Risk,No,New High-Spend,2,70.7,Month-to-month,Mailed check,Fiber optic,No
4538-WNTMJ,0.0303,Low Risk,No,Established Budget,46,24.95,One year,Mailed check,No,No
3334-CTHOL,0.6024,Medium Risk,Yes,New Budget,1,49.95,Month-to-month,Bank transfer (automatic),DSL,No
4704-ERYFC,0.5173,Medium Risk,Yes,New High-Spend,22,69.25,Month-to-month,Electronic check,Fiber optic,No
9432-RUVSL,0.078,Low Risk,No,Established High-Value,48,102.5,Two year,Credit card (automatic),Fiber optic,Yes
8060-HIWJJ,0.0313,Low Risk,No,Established High-Value,64,86.55,Two year,Credit card (automatic),DSL,Yes
7684-XSZIY,0.025,Low Risk,No,Established Budget,72,24.3,Two year,Bank transfer (automatic),No,No
9089-UOWJG,0.2296,Low Risk,No,New High-Spend,12,58.35,Month-to-month,Credit card (automatic),DSL,No
8621-MNIHH,0.5744,Medium Risk,Yes,Established High-Value,34,94.25,Month-to-month,Electronic check,Fiber optic,No
8039-ACLPL,0.0262,Low Risk,No,Established High-Value,72,68.75,Two year,Credit card (automatic),DSL,No
9885-AIBVB,0.5376,Medium Risk,No,New High-Spend,29,85.8,Month-to-month,Electronic check,Fiber optic,No
1934-MKPXS,0.0291,Low Risk,No,New Budget,33,20.1,One year,Credit card (automatic),No,No
2592-YKDIF,0.3395,Low Risk,No,New Budget,1,20.35,Month-to-month,Mailed check,No,No
2272-JKMSI,0.2145,Low Risk,No,Established High-Value,62,110.8,One year,Electronic check,Fiber optic,Yes
0471-LVHGK,0.1878,Low Risk,Yes,Established High-Value,41,73.0,One year,Electronic check,DSL,No
9518-RWHZL,0.1916,Low Risk,Yes,Established High-Value,64,100.05,One year,Credit card (automatic),Fiber optic,No
8714-CTZJW,0.6477,Medium Risk,No,New High-Spend,4,82.85,Month-to-month,Credit card (automatic),Fiber optic,No
3569-EDBPQ,0.4278,Medium Risk,No,New High-Spend,24,84.35,Month-to-month,Electronic check,Fiber optic,Yes
3131-NWVFJ,0.0325,Low Risk,No,New Budget,14,19.55,One year,Mailed check,No,No
7521-YXVZY,0.1573,Low Risk,No,New Budget,3,19.95,Month-to-month,Mailed check,No,No
5419-CONWX,0.7077,High Risk,Yes,New High-Spend,4,99.8,Month-to-month,Credit card (automatic),Fiber optic,No
6240-EURKS,0.3776,Medium Risk,Yes,New Budget,18,35.0,Month-to-month,Electronic check,DSL,No
2373-NTKOD,0.3876,Medium Risk,No,New High-Spend,8,66.25,Month-to-month,Electronic check,DSL,No
1970-KKFWL,0.0271,Low Risk,No,Established Budget,35,23.3,Two year,Bank transfer (automatic),No,No
6960-HVYXR,0.7183,High Risk,Yes,New High-Spend,1,76.0,Month-to-month,Electronic check,Fiber optic,No
9337-SRRNI,0.0259,Low Risk,No,Established Budget,66,25.3,Two year,Credit card (automatic),No,No
0895-UADGO,0.0381,Low Risk,No,New High-Spend,8,44.55,Two year,Mailed check,DSL,Yes
5678-VFNEQ,0.0958,Low Risk,No,Established High-Value,71,104.1,One year,Credit card (automatic),Fiber optic,No
5977-CKHON,0.365,Medium Risk,No,New High-Spend,43,92.55,Month-to-month,Bank transfer (automatic),Fiber optic,No
7024-OHCCK,0.7322,High Risk,Yes,New High-Spend,2,93.85,Month-to-month,Electronic check,Fiber optic,No
2692-BUCFV,0.5422,Medium Risk,No,Established High-Value,29,101.45,Month-to-month,Bank transfer (automatic),Fiber optic,No
7861-UVUFT,0.6331,Medium Risk,Yes,New High-Spend,15,84.3,Month-to-month,Electronic check,Fiber optic,No
1830-GGFNM,0.0391,Low Risk,No,Established High-Value,65,94.55,Two year,Credit card (automatic),Fiber optic,Yes
5302-BDJNT,0.3728,Medium Risk,No,Established High-Value,35,95.5,Month-to-month,Electronic check,Fiber optic,Yes
5223-UZAVK,0.159,Low Risk,No,Established High-Value,64,100.3,One year,Credit card (automatic),Fiber optic,No
4859-ZSRDZ,0.0372,Low Risk,No,Established High-Value,58,55.5,Two year,Credit card (automatic),DSL,Yes
5651-WYIPH,0.2318,Low Risk,No,New Budget,18,49.85,Month-to-month,Credit card (automatic),DSL,No
9350-VLHMB,0.2253,Low Risk,No,Established High-Value,67,89.55,Month-to-month,Bank transfer (automatic),Fiber optic,No
3498-LZGQZ,0.0255,Low Risk,No,Established Budget,63,19.15,Two year,Mailed check,No,No
8785-CJSHH,0.4564,Medium Risk,No,Established High-Value,60,99.8,Month-to-month,Electronic check,Fiber optic,No
5357-TZHPP,0.6549,High Risk,Yes,New High-Spend,9,84.4,Month-to-month,Credit card (automatic),Fiber optic,No
3870-SPZSI,0.0584,Low Risk,No,Established High-Value,70,113.05,Two year,Credit card (automatic),Fiber optic,Yes
0680-DFNNY,0.6963,High Risk,Yes,New High-Spend,15,101.1,Month-to-month,Electronic check,Fiber optic,No
7560-QRBXH,0.0306,Low Risk,No,Established Budget,48,19.95,One year,Mailed check,No,No
7077-XJMET,0.3271,Low Risk,No,New High-Spend,12,74.15,Month-to-month,Electronic check,DSL,Yes
8752-GHJFU,0.0454,Low Risk,No,Established High-Value,71,92.0,One year,Electronic check,Fiber optic,Yes
6896-SRVYQ,0.4291,Medium Risk,No,New High-Spend,44,73.85,Month-to-month,Electronic check,Fiber optic,No
7767-UXAGJ,0.6739,High Risk,Yes,New Budget,1,50.45,Month-to-month,Electronic check,DSL,No
4652-ODEVH,0.0262,Low Risk,No,Established Budget,45,24.45,Two year,Mailed check,No,No
6510-UPNKS,0.0344,Low Risk,No,New Budget,23,24.8,One year,Credit card (automatic),No,No
6718-BDGHG,0.0588,Low Risk,No,New High-Spend,43,64.85,One year,Bank transfer (automatic),DSL,Yes
9046-DQMTP,0.0454,Low Risk,No,Established Budget,35,20.75,Month-to-month,Bank transfer (automatic),No,No
6439-LAJXL,0.1761,Low Risk,No,New High-Spend,9,68.95,Month-to-month,Mailed check,DSL,Yes
1571-SAVHK,0.6346,Medium Risk,Yes,New High-Spend,12,99.95,Month-to-month,Mailed check,Fiber optic,Yes
9052-VKDUW,0.2818,Low Risk,No,Established High-Value,65,109.4,Month-to-month,Credit card (automatic),Fiber optic,No
9546-CQJSU,0.7373,High Risk,Yes,New High-Spend,2,91.4,Month-to-month,Electronic check,Fiber optic,No
1666-JZPZT,0.0997,Low Risk,No,New Budget,27,49.0,Month-to-month,Mailed check,DSL,No
5777-KJIRB,0.049,Low Risk,No,Established Budget,40,50.25,One year,Mailed check,DSL,No
0506-LVNGN,0.6464,Medium Risk,Yes,New High-Spend,5,75.55,Month-to-month,Credit card (automatic),Fiber optic,No
7677-SJJJK,0.04,Low Risk,No,New Budget,8,19.9,One year,Credit card (automatic),No,No
2480-EJWYP,0.2075,Low Risk,No,Established High-Value,58,97.8,One year,Bank transfer (automatic),Fiber optic,No
3253-HKOKL,0.185,Low Risk,No,Established High-Value,52,100.3,One year,Electronic check,Fiber optic,No
7055-HNEOJ,0.4174,Medium Risk,No,New High-Spend,3,55.8,Month-to-month,Mailed check,DSL,Yes
5514-YQENT,0.0932,Low Risk,No,Established High-Value,41,111.15,Two year,Electronic check,Fiber optic,Yes
3211-AAPKX,0.5137,Medium Risk,No,New High-Spend,20,98.55,Month-to-month,Mailed check,Fiber optic,Yes
8445-DNBAE,0.6521,High Risk,No,New Budget,1,50.05,Month-to-month,Electronic check,DSL,No
2951-QOQTK,0.5867,Medium Risk,Yes,New High-Spend,4,80.8,Month-to-month,Credit card (automatic),Fiber optic,Yes
2958-NHPPS,0.08,Low Risk,No,New Budget,23,20.85,Month-to-month,Electronic check,No,No
6806-YDEUL,0.1073,Low Risk,No,New Budget,6,19.5,Month-to-month,Bank transfer (automatic),No,No
1735-XMJVH,0.1134,Low Risk,No,New Budget,8,19.35,Month-to-month,Mailed check,No,No
6890-PFRQX,0.1162,Low Risk,No,New High-Spend,18,69.5,Month-to-month,Mailed check,DSL,No
0222-CNVPT,0.197,Low Risk,No,Established Budget,52,48.8,Month-to-month,Credit card (automatic),DSL,No
5899-OUVKV,0.5734,Medium Risk,No,New High-Spend,31,94.5,Month-to-month,Electronic check,Fiber optic,No
8681-ICONS,0.0521,Low Risk,No,New Budget,29,20.65,Month-to-month,Mailed check,No,No
1621-YNCJH,0.0974,Low Risk,No,Established High-Value,36,106.05,Two year,Credit card (automatic),Fiber optic,Yes
3473-XIIIT,0.666,High Risk,Yes,New High-Spend,16,100.0,Month-to-month,Electronic check,Fiber optic,No
6362-QHAFM,0.362,Medium Risk,No,Established High-Value,42,108.3,One year,Electronic check,Fiber optic,Yes
7893-IXHRQ,0.4091,Medium Risk,Yes,New Budget,1,20.55,Month-to-month,Electronic check,No,No
3070-BDOQC,0.1108,Low Risk,No,Established High-Value,60,99.65,Two year,Electronic check,Fiber optic,No
2952-QAYZF,0.6988,High Risk,Yes,New High-Spend,5,85.3,Month-to-month,Electronic check,Fiber optic,No
6234-PFPXL,0.3209,Low Risk,No,New High-Spend,22,95.9,Month-to-month,Credit card (automatic),Fiber optic,Yes
9824-QCJPK,0.0289,Low Risk,No,Established Budget,36,20.0,One year,Mailed check,No,No
4763-PGDPO,0.627,Medium Risk,Yes,New High-Spend,4,70.4,Month-to-month,Electronic check,Fiber optic,No
4283-IVYCI,0.1587,Low Risk,No,New High-Spend,9,64.95,Month-to-month,Mailed check,DSL,Yes
1866-OBPNR,0.66,High Risk,No,New High-Spend,1,74.6,Month-to-month,Credit card (automatic),Fiber optic,No
8205-MQUGY,0.2849,Low Risk,No,New Budget,12,49.2,Month-to-month,Electronic check,DSL,No
8970-ANWXO,0.1006,Low Risk,No,New High-Spend,23,73.75,One year,Mailed check,DSL,Yes
9480-BQJEI,0.0714,Low Risk,No,Established High-Value,62,92.3,One year,Bank transfer (automatic),Fiber optic,No
5394-SVGJV,0.2837,Low Risk,Yes,Established High-Value,37,98.8,Month-to-month,Bank transfer (automatic),Fiber optic,Yes
6979-TNDEU,0.0814,Low Risk,No,New Budget,8,19.2,Month-to-month,Mailed check,No,No
9777-WJJPR,0.3298,Low Risk,No,New High-Spend,31,88.65,Month-to-month,Credit card (automatic),Fiber optic,No
9283-LZQOH,0.5397,Medium Risk,Yes,New High-Spend,13,74.4,Month-to-month,Credit card (automatic),Fiber optic,No
7079-QRCBC,0.648,Medium Risk,Yes,New High-Spend,24,98.75,Month-to-month,Electronic check,Fiber optic,No
9495-SKLKD,0.3478,Low Risk,No,Established High-Value,45,95.95,Month-to-month,Bank transfer (automatic),Fiber optic,No
6048-UWKAL,0.0682,Low Risk,No,Established High-Value,69,105.4,Two year,Credit card (automatic),Fiber optic,Yes
5067-DGXLL,0.1444,Low Risk,No,New Budget,2,20.25,Month-to-month,Mailed check,No,No
5469-CTCWN,0.2433,Low Risk,Yes,Established High-Value,61,106.0,One year,Electronic check,Fiber optic,No
9851-QXEEQ,0.5921,Medium Risk,Yes,Established High-Value,41,104.7,Month-to-month,Electronic check,Fiber optic,No
6281-FKEWS,0.1528,Low Risk,No,Established Budget,44,49.05,One year,Electronic check,DSL,No
8898-KASCD,0.0418,Low Risk,No,Established Budget,39,35.55,One year,Mailed check,DSL,Yes
9242-TKFSV,0.0261,Low Risk,No,Established High-Value,72,65.1,Two year,Credit card (automatic),DSL,Yes
9290-SHCMB,0.7,High Risk,No,New High-Spend,13,96.85,Month-to-month,Electronic check,Fiber optic,No
0743-HNPFG,0.0532,Low Risk,No,Established High-Value,51,69.75,One year,Credit card (automatic),DSL,Yes
2277-BKJKN,0.0738,Low Risk,No,Established High-Value,71,99.2,Two year,Electronic check,Fiber optic,No
9809-IMGCQ,0.6496,Medium Risk,Yes,New High-Spend,22,96.7,Month-to-month,Electronic check,Fiber optic,No
5208-HFSBT,0.4885,Medium Risk,Yes,New High-Spend,2,55.05,Month-to-month,Credit card (automatic),DSL,Yes
5035-PGZXH,0.3681,Medium Risk,No,Established High-Value,56,106.8,One year,Electronic check,Fiber optic,No
8695-WDYEA,0.4635,Medium Risk,No,New Budget,1,51.25,Month-to-month,Mailed check,DSL,No
6543-JXSOO,0.0447,Low Risk,No,New High-Spend,23,57.75,One year,Mailed check,DSL,Yes
8016-ZMGMO,0.0526,Low Risk,No,Established High-Value,66,70.85,One year,Bank transfer (automatic),DSL,No
8605-ITULD,0.3402,Low Risk,No,New Budget,1,19.55,Month-to-month,Mailed check,No,No
3254-YRILK,0.6236,Medium Risk,Yes,New High-Spend,19,88.2,Month-to-month,Electronic check,Fiber optic,No
6416-YJTTB,0.4975,Medium Risk,No,New High-Spend,11,79.5,Month-to-month,Bank transfer (automatic),Fiber optic,No
2667-WYLWJ,0.0442,Low Risk,Yes,New Budget,8,19.75,One year,Mailed check,No,No
4472-VESGY,0.1986,Low Risk,No,Established High-Value,52,98.15,Month-to-month,Bank transfer (automatic),Fiber optic,No
3195-TQDZX,0.2537,Low Risk,No,New Budget,3,20.25,Month-to-month,Electronic check,No,No
3128-YOVTD,0.171,Low Risk,No,Established High-Value,51,79.15,Month-to-month,Bank transfer (automatic),Fiber optic,No
0529-ONKER,0.5937,Medium Risk,Yes,New High-Spend,15,75.65,Month-to-month,Electronic check,Fiber optic,No
1728-CXQBE,0.3633,Medium Risk,No,Established High-Value,64,94.25,Month-to-month,Electronic check,Fiber optic,No
7041-TXQJH,0.2181,Low Risk,No,Established Budget,37,40.2,Month-to-month,Credit card (automatic),DSL,No
5014-GSOUQ,0.0272,Low Risk,No,New Budget,13,19.95,Two year,Mailed check,No,No
5724-BIDBU,0.0641,Low Risk,No,Established Budget,49,55.35,One year,Electronic check,DSL,No
0481-SUMCB,0.3687,Medium Risk,No,Established High-Value,45,102.15,One year,Bank transfer (automatic),Fiber optic,No
1769-GRUIK,0.5646,Medium Risk,No,New High-Spend,18,71.1,Month-to-month,Electronic check,Fiber optic,No
5240-IJOQT,0.7525,High Risk,Yes,New High-Spend,1,74.7,Month-to-month,Electronic check,Fiber optic,No
8819-WFGGJ,0.0331,Low Risk,No,Established High-Value,68,54.1,Two year,Bank transfer (automatic),DSL,No
7427-AUFPY,0.026,Low Risk,No,Established Budget,54,19.65,Two year,Credit card (automatic),No,No
2811-POVEX,0.4521,Medium Risk,No,New High-Spend,23,88.45,Month-to-month,Bank transfer (automatic),Fiber optic,No
1092-GANHU,0.5815,Medium Risk,Yes,New High-Spend,17,76.65,Month-to-month,Electronic check,Fiber optic,No
7898-PDWQE,0.027,Low Risk,No,Established High-Value,71,80.4,Two year,Credit card (automatic),DSL,Yes
9972-EWRJS,0.0252,Low Risk,No,Established Budget,67,19.25,Two year,Bank transfer (automatic),No,No
9314-IJWSQ,0.6668,High Risk,No,New High-Spend,14,84.8,Month-to-month,Electronic check,Fiber optic,No
0661-XEYAN,0.6635,High Risk,Yes,New Budget,1,25.8,Month-to-month,Mailed check,DSL,No
5799-JRCZO,0.0253,Low Risk,No,Established Budget,63,19.5,Two year,Credit card (automatic),No,No
1921-KYSAY,0.105,Low Risk,No,Established High-Value,41,68.6,One year,Electronic check,DSL,Yes
6198-RTPMF,0.5921,Medium Risk,No,New High-Spend,17,92.6,Month-to-month,Electronic check,Fiber optic,No
2924-KHUVI,0.2448,Low Risk,No,Established High-Value,56,100.55,One year,Electronic check,Fiber optic,No
1925-GMVBW,0.1208,Low Risk,No,New Budget,5,20.55,Month-to-month,Credit card (automatic),No,No
7881-EVUAD,0.5824,Medium Risk,Yes,New High-Spend,2,42.6,Month-to-month,Electronic check,DSL,No
6184-DYUOB,0.1613,Low Risk,No,New Budget,3,19.6,Month-to-month,Mailed check,No,No
9207-ZPANB,0.053,Low Risk,No,Established High-Value,37,67.45,One year,Electronic check,DSL,Yes
5766-XQXMQ,0.1281,Low Risk,Yes,New High-Spend,29,68.85,Month-to-month,Bank transfer (automatic),DSL,No
9327-QSDED,0.2202,Low Risk,No,New Budget,8,43.55,Month-to-month,Mailed check,DSL,No
1656-DRSMG,0.2805,Low Risk,No,Established High-Value,63,109.85,Month-to-month,Credit card (automatic),Fiber optic,Yes
3012-VFFMN,0.0713,Low Risk,No,New Budget,7,20.65,Month-to-month,Mailed check,No,No
2984-AFWNC,0.6663,High Risk,No,New High-Spend,3,95.4,Month-to-month,Electronic check,Fiber optic,No
0640-YJTPY,0.0243,Low Risk,No,Established Budget,72,21.0,Two year,Bank transfer (automatic),No,No
8096-LOIST,0.304,Low Risk,No,New High-Spend,19,56.2,Month-to-month,Electronic check,DSL,No
9764-REAFF,0.0256,Low Risk,No,Established Budget,59,18.4,Two year,Bank transfer (automatic),No,No
3703-VAVCL,0.6147,Medium Risk,Yes,New High-Spend,2,90.0,Month-to-month,Credit card (automatic),Fiber optic,Yes
7107-UBYKY,0.1025,Low Risk,No,Established Budget,35,25.75,Month-to-month,Electronic check,No,No
4881-GQJTW,0.0629,Low Risk,No,New Budget,14,19.6,Month-to-month,Credit card (automatic),No,No
8519-QJGJD,0.5488,Medium Risk,Yes,New High-Spend,14,75.35,Month-to-month,Electronic check,Fiber optic,No
7876-DNYAP,0.0244,Low Risk,No,Established Budget,69,19.8,Two year,Credit card (automatic),No,No
7905-NJMXS,0.1791,Low Risk,No,New High-Spend,7,64.2,Month-to-month,Electronic check,DSL,Yes
2882-WDTBA,0.0276,Low Risk,No,Established High-Value,69,75.75,Two year,Bank transfer (automatic),DSL,Yes
2091-GPPIQ,0.0343,Low Risk,No,Established High-Value,72,78.95,Two year,Electronic check,DSL,Yes
6326-MTTXK,0.6784,High Risk,Yes,New High-Spend,8,100.85,Month-to-month,Electronic check,Fiber optic,No
5071-FBJFS,0.2984,Low Risk,No,New Budget,4,50.3,Month-to-month,Electronic check,DSL,No
2796-UUZZO,0.1417,Low Risk,No,Established High-Value,63,80.3,Month-to-month,Credit card (automatic),Fiber optic,No
2429-AYKKO,0.0243,Low Risk,No,Established Budget,72,19.85,Two year,Bank transfer (automatic),No,No
9798-OPFEM,0.0351,Low Risk,No,Established Budget,46,21.1,Two year,Electronic check,No,No
0330-IVZHA,0.5996,Medium Risk,Yes,New High-Spend,5,69.95,Month-to-month,Electronic check,Fiber optic,No
3794-NFNCH,0.1337,Low Risk,No,New Budget,30,50.0,Month-to-month,Mailed check,DSL,No
5193-QLVZB,0.1022,Low Risk,No,Established High-Value,63,104.75,Two year,Bank transfer (automatic),Fiber optic,No
7114-AEOZE,0.0253,Low Risk,No,Established Budget,60,19.85,Two year,Bank transfer (automatic),No,No
2886-KEFUM,0.3148,Low Risk,Yes,Established High-Value,63,107.5,One year,Electronic check,Fiber optic,No
5522-NYKPB,0.3691,Medium Risk,No,New High-Spend,25,85.9,Month-to-month,Electronic check,Fiber optic,Yes
4237-RLAQD,0.5941,Medium Risk,Yes,New Budget,1,45.85,Month-to-month,Mailed check,DSL,No
9957-YODKZ,0.691,High Risk,No,New High-Spend,6,80.8,Month-to-month,Electronic check,Fiber optic,No
6518-KZXCB,0.0268,Low Risk,No,New Budget,22,25.25,Two year,Mailed check,No,No
2245-ADZFJ,0.035,Low Risk,No,Established High-Value,31,80.55,Two year,Bank transfer (automatic),DSL,Yes
7776-QGYJC,0.3043,Low Risk,No,New High-Spend,39,81.5,Month-to-month,Bank transfer (automatic),Fiber optic,Yes
9313-QOLTZ,0.0502,Low Risk,No,New Budget,26,20.9,Month-to-month,Mailed check,No,No
9651-GTSAQ,0.2257,Low Risk,Yes,Established High-Value,53,106.1,One year,Bank transfer (automatic),Fiber optic,No
3186-BAXNB,0.6894,High Risk,Yes,New High-Spend,1,91.7,Month-to-month,Electronic check,Fiber optic,Yes
4672-FOTSD,0.2169,Low Risk,No,New High-Spend,12,67.25,Month-to-month,Electronic check,DSL,Yes
0637-YLETY,0.5785,Medium Risk,Yes,New High-Spend,16,95.6,Month-to-month,Credit card (automatic),Fiber optic,No
9818-XQCUV,0.1248,Low Risk,No,New Budget,2,20.35,Month-to-month,Mailed check,No,No
7338-ERIVA,0.0411,Low Risk,No,Established Budget,39,45.05,One year,Bank transfer (automatic),DSL,Yes
1157-BQCUW,0.7456,High Risk,Yes,New High-Spend,1,74.95,Month-to-month,Electronic check,Fiber optic,No
8259-NFJTV,0.1715,Low Risk,No,New Budget,7,34.65,Month-to-month,Mailed check,DSL,Yes
3223-DWFIO,0.6231,Medium Risk,No,New High-Spend,4,69.35,Month-to-month,Electronic check,Fiber optic,No
2660-EMUBI,0.7033,High Risk,Yes,New High-Spend,10,95.35,Month-to-month,Electronic check,Fiber optic,No
6968-GMKPR,0.3339,Low Risk,No,Established High-Value,55,81.55,Month-to-month,Electronic check,Fiber optic,No
4751-ERMAN,0.03,Low Risk,No,Established High-Value,72,75.4,Two year,Bank transfer (automatic),DSL,No
1436-ZMJAN,0.3028,Low Risk,No,New High-Spend,10,67.8,Month-to-month,Credit card (automatic),DSL,No
3292-PBZEJ,0.6609,High Risk,No,Established High-Value,11,111.4,Month-to-month,Electronic check,Fiber optic,Yes
0799-DDIHE,0.247,Low Risk,No,New Budget,15,46.3,Month-to-month,Electronic check,DSL,No
3070-FNFZQ,0.0257,Low Risk,No,New Budget,23,20.4,Two year,Bank transfer (automatic),No,No
2812-SFXMJ,0.3511,Medium Risk,No,New Budget,1,20.05,Month-to-month,Mailed check,No,No
7675-OZCZG,0.5451,Medium Risk,Yes,New Budget,3,45.0,Month-to-month,Electronic check,DSL,No
5014-WUQMG,0.1425,Low Risk,No,Established High-Value,47,96.1,One year,Electronic check,Fiber optic,No
5312-TSZVC,0.0337,Low Risk,No,New Budget,15,19.65,One year,Mailed check,No,No
2003-CKLOR,0.3813,Medium Risk,Yes,Established High-Value,66,99.5,Month-to-month,Electronic check,Fiber optic,No
0993-OSGPT,0.0391,Low Risk,No,Established High-Value,68,60.65,One year,Bank transfer (automatic),DSL,Yes
9254-RBFON,0.2463,Low Risk,Yes,New High-Spend,17,98.6,One year,Bank transfer (automatic),Fiber optic,Yes
1205-WNWPJ,0.2828,Low Risk,Yes,New High-Spend,7,59.5,Month-to-month,Mailed check,DSL,Yes
9391-EOYLI,0.6698,High Risk,Yes,New High-Spend,12,80.45,Month-to-month,Electronic check,Fiber optic,No
7108-DGVUU,0.1017,Low Risk,No,New High-Spend,21,71.7,One year,Bank transfer (automatic),DSL,No
2782-JEEBU,0.1412,Low Risk,No,New Budget,21,36.0,Month-to-month,Mailed check,DSL,Yes
5127-BZENZ,0.0387,Low Risk,No,Established Budget,56,65.2,One year,Bank transfer (automatic),DSL,No
2720-FVBQP,0.3455,Low Risk,No,New Budget,6,48.95,Month-to-month,Credit card (automatic),DSL,No
9906-NHHVC,0.0403,Low Risk,No,Established High-Value,65,53.5,Two year,Bank transfer (automatic),DSL,No
4522-XRWWI,0.0655,Low Risk,No,Established High-Value,42,80.45,One year,Credit card (automatic),DSL,Yes
3766-EJLFL,0.0731,Low Risk,No,Established High-Value,68,109.05,Two year,Bank transfer (automatic),Fiber optic,Yes
5939-SXWHM,0.0263,Low Risk,No,Established Budget,48,26.3,Two year,Bank transfer (automatic),No,No
8152-UOBNY,0.3477,Low Risk,No,Established High-Value,50,106.8,One year,Electronic check,Fiber optic,Yes
7351-KYHQH,0.3518,Medium Risk,No,New High-Spend,7,64.95,Month-to-month,Electronic check,DSL,No
7643-RCHXS,0.0278,Low Risk,No,Established Budget,63,19.35,Two year,Electronic check,No,No
8246-SHFGA,0.0577,Low Risk,No,New Budget,17,21.1,Month-to-month,Credit card (automatic),No,No
8387-MOJJT,0.307,Low Risk,Yes,New High-Spend,42,77.95,Month-to-month,Credit card (automatic),Fiber optic,No
0620-XEFWH,0.1054,Low Risk,No,New Budget,4,18.85,Month-to-month,Mailed check,No,No
6485-QXWWE,0.0249,Low Risk,No,Established Budget,62,26.0,Two year,Bank transfer (automatic),No,No
2761-OCIAX,0.6945,High Risk,Yes,New High-Spend,2,74.7,Month-to-month,Electronic check,Fiber optic,No
7321-VGNKU,0.6879,High Risk,No,New High-Spend,2,70.35,Month-to-month,Electronic check,Fiber optic,No
5327-CNLUQ,0.057,Low Risk,No,Established High-Value,48,96.9,Two year,Bank transfer (automatic),Fiber optic,No
7552-KEYGT,0.0264,Low Risk,No,New Budget,27,19.55,Two year,Bank transfer (automatic),No,No
5816-JMLGY,0.0306,Low Risk,No,Established High-Value,70,80.4,Two year,Bank transfer (automatic),DSL,Yes
3068-OMWZA,0.7607,High Risk,Yes,New High-Spend,1,88.8,Month-to-month,Electronic check,Fiber optic,No
2927-QRRQV,0.221,Low Risk,No,Established High-Value,46,94.65,One year,Electronic check,Fiber optic,No
6032-KRXXO,0.5674,Medium Risk,Yes,New High-Spend,30,90.25,Month-to-month,Electronic check,Fiber optic,No
7459-RRWQZ,0.2168,Low Risk,Yes,New High-Spend,15,64.65,Month-to-month,Bank transfer (automatic),DSL,No
6265-SXWBU,0.0852,Low Risk,No,Established High-Value,69,95.75,One year,Credit card (automatic),Fiber optic,No
7941-RCJOW,0.0259,Low Risk,No,Established Budget,65,19.55,Two year,Credit card (automatic),No,No
6374-NTQLP,0.0345,Low Risk,No,Established High-Value,72,104.1,Two year,Credit card (automatic),Fiber optic,Yes
4154-AQUGT,0.5781,Medium Risk,Yes,New High-Spend,13,89.05,Month-to-month,Bank transfer (automatic),Fiber optic,Yes
2387-KDZQY,0.0369,Low Risk,No,New Budget,17,20.1,One year,Mailed check,No,No
3584-WKTTW,0.272,Low Risk,No,Established High-Value,51,111.55,One year,Electronic check,Fiber optic,Yes
3399-BMLVW,0.0292,Low Risk,No,Established High-Value,51,60.5,Two year,Credit card (automatic),DSL,Yes
1971-DTCZB,0.0268,Low Risk,No,Established High-Value,72,90.95,Two year,Bank transfer (automatic),DSL,Yes
3092-IGHWF,0.0804,Low Risk,Yes,Established High-Value,67,87.4,One year,Electronic check,Fiber optic,No
3374-PZLXD,0.0475,Low Risk,No,Established Budget,34,19.7,Month-to-month,Mailed check,No,No
3813-DHBBB,0.0293,Low Risk,No,Established High-Value,67,50.95,Two year,Bank transfer (automatic),DSL,Yes
2812-REYAT,0.0326,Low Risk,No,Established Budget,49,20.05,One year,Bank transfer (automatic),No,No
6518-PPLMZ,0.0262,Low Risk,No,Established Budget,53,19.4,Two year,Mailed check,No,No
4939-KYYPY,0.1466,Low Risk,No,New High-Spend,27,59.45,Month-to-month,Electronic check,DSL,Yes
8017-LXHFA,0.5987,Medium Risk,Yes,New High-Spend,23,94.75,Month-to-month,Electronic check,Fiber optic,No
5930-GBIWP,0.0298,Low Risk,No,Established High-Value,69,81.5,Two year,Credit card (automatic),DSL,Yes
6022-KOUQO,0.4591,Medium Risk,No,New Budget,2,29.05,Month-to-month,Bank transfer (automatic),DSL,Yes
6352-TWCAU,0.5938,Medium Risk,Yes,New High-Spend,35,86.45,Month-to-month,Electronic check,Fiber optic,No
2361-UPSND,0.0569,Low Risk,No,Established High-Value,46,70.6,One year,Mailed check,DSL,Yes
6035-RIIOM,0.0872,Low Risk,No,Established High-Value,54,97.2,Two year,Bank transfer (automatic),Fiber optic,No
2929-QNSRW,0.3188,Low Risk,Yes,Established High-Value,56,98.25,One year,Electronic check,Fiber optic,No
1262-OPMFY,0.5722,Medium Risk,Yes,New High-Spend,9,75.75,Month-to-month,Bank transfer (automatic),Fiber optic,No
9504-DSHWM,0.1046,Low Risk,No,New High-Spend,20,59.2,Month-to-month,Bank transfer (automatic),DSL,Yes
5035-BVCXS,0.5212,Medium Risk,No,New High-Spend,11,75.9,Month-to-month,Mailed check,Fiber optic,No
6267-DCFFZ,0.5788,Medium Risk,No,New High-Spend,30,90.05,Month-to-month,Electronic check,Fiber optic,No
3533-UVMOM,0.0297,Low Risk,No,Established High-Value,68,70.95,Two year,Bank transfer (automatic),DSL,No
2439-LYPMQ,0.6097,Medium Risk,No,Established High-Value,38,102.6,Month-to-month,Electronic check,Fiber optic,No
4248-QPAVC,0.4758,Medium Risk,Yes,New High-Spend,17,85.35,Month-to-month,Bank transfer (automatic),Fiber optic,No
1899-VXWXM,0.3353,Low Risk,Yes,Established High-Value,48,106.1,One year,Credit card (automatic),Fiber optic,No
1478-VPOAD,0.5895,Medium Risk,No,New Budget,1,43.8,Month-to-month,Electronic check,DSL,No
9995-HOTOH,0.0375,Low Risk,No,Established High-Value,63,59.0,Two year,Electronic check,DSL,No
2988-PLAHS,0.2164,Low Risk,No,New High-Spend,3,69.95,One year,Electronic check,DSL,No
1371-OJCEK,0.0331,Low Risk,No,Established Budget,48,24.35,One year,Bank transfer (automatic),No,No
4999-IEZLT,0.0343,Low Risk,No,Established Budget,66,29.45,One year,Credit card (automatic),DSL,Yes
8883-ANODQ,0.0352,Low Risk,No,Established High-Value,68,84.4,Two year,Credit card (automatic),Fiber optic,No
4690-LLKUA,0.3872,Medium Risk,Yes,New Budget,17,45.05,Month-to-month,Electronic check,DSL,No
2351-RRBUE,0.0394,Low Risk,No,New Budget,7,20.65,One year,Mailed check,No,No
5980-BDHPY,0.0264,Low Risk,No,Established High-Value,72,87.1,Two year,Bank transfer (automatic),DSL,Yes
1498-DQNRX,0.0516,Low Risk,No,New Budget,29,19.85,Month-to-month,Mailed check,No,No
9469-WEJBT,0.3466,Low Risk,No,Established High-Value,37,90.35,Month-to-month,Electronic check,Fiber optic,Yes
3331-HQDTW,0.3649,Medium Risk,Yes,Established High-Value,34,109.8,Month-to-month,Mailed check,Fiber optic,No
9490-DFPMD,0.554,Medium Risk,Yes,New High-Spend,42,84.65,Month-to-month,Electronic check,Fiber optic,No
2581-VKIRT,0.0328,Low Risk,No,Established High-Value,59,65.5,One year,Mailed check,DSL,Yes
5442-XSDCW,0.5915,Medium Risk,Yes,New High-Spend,11,79.5,Month-to-month,Bank transfer (automatic),Fiber optic,No
7426-WEIJX,0.2177,Low Risk,No,Established Budget,60,80.95,Month-to-month,Electronic check,Fiber optic,No
2851-MMUTZ,0.1074,Low Risk,No,New High-Spend,27,56.15,Month-to-month,Mailed check,DSL,Yes
3049-NDXFL,0.7059,High Risk,Yes,New High-Spend,1,85.8,Month-to-month,Mailed check,Fiber optic,No
8580-AECUZ,0.7516,High Risk,Yes,New High-Spend,1,79.1,Month-to-month,Electronic check,Fiber optic,No
3307-TLCUD,0.1393,Low Risk,No,New Budget,17,34.4,Month-to-month,Mailed check,DSL,No
6625-FLENO,0.0253,Low Risk,No,Established Budget,58,20.75,Two year,Mailed check,No,No
2967-MXRAV,0.0467,Low Risk,No,New Budget,1,18.8,One year,Mailed check,No,No
7963-GQRMY,0.3718,Medium Risk,Yes,New Budget,3,44.3,Month-to-month,Mailed check,DSL,No
8189-HBVRW,0.2197,Low Risk,No,Established High-Value,53,90.8,Month-to-month,Electronic check,Fiber optic,No
4163-KIUHY,0.1045,Low Risk,No,Established Budget,35,25.6,Month-to-month,Electronic check,No,No
1228-FZFRV,0.3352,Low Risk,Yes,Established High-Value,50,105.95,Month-to-month,Credit card (automatic),Fiber optic,No
3500-NSDOA,0.0297,Low Risk,No,Established High-Value,68,70.8,Two year,Credit card (automatic),DSL,Yes
1171-TYKUR,0.0803,Low Risk,No,Established Budget,47,25.4,Month-to-month,Electronic check,No,No
3761-FLYZI,0.3724,Medium Risk,No,Established High-Value,65,108.8,Month-to-month,Bank transfer (automatic),Fiber optic,No
2058-DCJBE,0.6627,High Risk,Yes,New High-Spend,5,69.75,Month-to-month,Electronic check,Fiber optic,No
5364-XYIRR,0.5428,Medium Risk,Yes,Established High-Value,51,94.65,Month-to-month,Electronic check,Fiber optic,No
4829-AUOAX,0.3479,Low Risk,Yes,Established High-Value,46,96.05,Month-to-month,Bank transfer (automatic),Fiber optic,No
1219-NNDDO,0.6566,High Risk,No,New High-Spend,9,76.85,Month-to-month,Electronic check,Fiber optic,No
8388-DMKAE,0.0277,Low Risk,No,New Budget,8,20.25,Two year,Mailed check,No,No
4403-BWPAY,0.047,Low Risk,No,New Budget,14,24.8,One year,Credit card (automatic),No,No
9659-QEQSY,0.4016,Medium Risk,No,Established High-Value,45,115.65,Month-to-month,Electronic check,Fiber optic,Yes
5405-ZMYXQ,0.5868,Medium Risk,No,New High-Spend,8,74.6,Month-to-month,Credit card (automatic),Fiber optic,No
5047-LHVLY,0.6289,Medium Risk,Yes,New Budget,1,50.15,Month-to-month,Mailed check,DSL,No
1442-OKRJE,0.1649,Low Risk,No,Established High-Value,66,103.15,One year,Bank transfer (automatic),Fiber optic,No
4737-AQCPU,0.0257,Low Risk,No,Established High-Value,72,72.1,Two year,Credit card (automatic),DSL,Yes
9158-VCTQB,0.3425,Low Risk,Yes,Established High-Value,41,113.6,Month-to-month,Bank transfer (automatic),Fiber optic,Yes
2808-CHTDM,0.0265,Low Risk,No,New Budget,23,25.1,Two year,Mailed check,No,No
6311-UEUME,0.5385,Medium Risk,Yes,New High-Spend,29,78.9,Month-to-month,Electronic check,Fiber optic,No
0793-TWELN,0.6463,Medium Risk,No,New High-Spend,4,80.15,Month-to-month,Electronic check,Fiber optic,No
3283-WCWXT,0.0294,Low Risk,No,New Budget,6,25.4,Two year,Mailed check,No,No
1060-ENTOF,0.1264,Low Risk,No,Established High-Value,67,105.4,One year,Credit card (automatic),Fiber optic,Yes
0999-QXNSA,0.2549,Low Risk,No,New Budget,7,45.75,Month-to-month,Mailed check,DSL,No
5451-MHQOF,0.0305,Low Risk,No,Established Budget,56,24.45,One year,Mailed check,No,No
4836-WNFNO,0.0244,Low Risk,No,Established Budget,72,25.0,Two year,Credit card (automatic),No,No
9225-BZLNZ,0.0324,Low Risk,No,Established High-Value,72,85.25,Two year,Electronic check,DSL,No
0354-VXMJC,0.0259,Low Risk,No,New Budget,23,19.6,Two year,Credit card (automatic),No,No
4422-QVIJA,0.0884,Low Risk,No,Established Budget,35,50.15,Month-to-month,Mailed check,DSL,No
9365-SRSZE,0.5101,Medium Risk,No,New High-Spend,27,70.55,Month-to-month,Electronic check,Fiber optic,No
6839-ITVZJ,0.1821,Low Risk,Yes,New High-Spend,26,60.05,Month-to-month,Electronic check,DSL,Yes
8332-OSJDW,0.0407,Low Risk,No,New Budget,12,26.4,One year,Mailed check,No,No
4735-BJKOU,0.0261,Low Risk,No,Established Budget,40,20.15,Two year,Mailed check,No,No
0274-JKUJR,0.2018,Low Risk,No,New High-Spend,7,58.85,Month-to-month,Mailed check,DSL,No
5740-YHGTW,0.1877,Low Risk,No,Established High-Value,70,97.55,Month-to-month,Credit card (automatic),Fiber optic,No
8917-SZTTJ,0.0253,Low Risk,No,Established Budget,60,19.65,Two year,Credit card (automatic),No,No
1696-MZVAU,0.0427,Low Risk,No,Established Budget,39,25.25,One year,Credit card (automatic),DSL,No
7359-WWYJV,0.0332,Low Risk,No,Established High-Value,72,114.45,Two year,Credit card (automatic),Fiber optic,Yes
0375-HVGXO,0.7011,High Risk,Yes,New Budget,1,34.7,Month-to-month,Electronic check,DSL,No
4906-ZHGPK,0.0653,Low Risk,No,Established High-Value,54,70.7,One year,Electronic check,DSL,Yes
8593-WHYHV,0.7128,High Risk,Yes,New High-Spend,3,85.3,Month-to-month,Electronic check,Fiber optic,No
3795-GWTRD,0.0276,Low Risk,No,Established High-Value,63,75.55,Two year,Credit card (automatic),DSL,Yes
1298-PHBTI,0.0397,Low Risk,No,Established High-Value,71,84.8,Two year,Electronic check,Fiber optic,Yes
6223-DHJGV,0.0312,Low Risk,No,Established Budget,42,20.65,One year,Mailed check,No,No
6961-MJKBO,0.0262,Low Risk,No,Established Budget,47,20.45,Two year,Bank transfer (automatic),No,No
6097-EQISJ,0.2005,Low Risk,Yes,Established High-Value,66,102.45,One year,Credit card (automatic),Fiber optic,No
4423-YLHDV,0.5337,Medium Risk,Yes,New High-Spend,21,104.4,Month-to-month,Bank transfer (automatic),Fiber optic,No
8158-WPEZG,0.2814,Low Risk,No,New Budget,11,35.65,Month-to-month,Electronic check,DSL,Yes
0107-YHINA,0.7624,High Risk,Yes,New High-Spend,1,99.75,Month-to-month,Electronic check,Fiber optic,No
4918-FYJNT,0.2317,Low Risk,No,Established High-Value,55,90.45,Month-to-month,Electronic check,Fiber optic,Yes
0727-BNRLG,0.0556,Low Risk,No,Established High-Value,69,97.65,Two year,Credit card (automatic),Fiber optic,Yes
4854-CIDCF,0.6417,Medium Risk,No,New High-Spend,3,73.85,Month-to-month,Electronic check,Fiber optic,No
8640-SDGKB,0.491,Medium Risk,Yes,New High-Spend,4,74.4,Month-to-month,Electronic check,DSL,Yes
3280-MRDOF,0.0372,Low Risk,No,New High-Spend,30,69.1,Two year,Credit card (automatic),DSL,Yes
6435-SRWBJ,0.6692,High Risk,No,New High-Spend,5,82.75,Month-to-month,Electronic check,Fiber optic,Yes
9964-WBQDJ,0.0252,Low Risk,No,Established Budget,71,24.4,Two year,Credit card (automatic),No,No
6303-KFWSL,0.0795,Low Risk,No,New High-Spend,29,55.25,One year,Electronic check,DSL,No
1702-CCFNJ,0.0838,Low Risk,No,Established Budget,52,61.35,Month-to-month,Bank transfer (automatic),DSL,Yes
8932-CZHRQ,0.0529,Low Risk,No,Established High-Value,68,76.75,One year,Credit card (automatic),DSL,No
0386-CWRGM,0.0256,Low Risk,No,Established Budget,46,19.4,Two year,Mailed check,No,No
5515-RUGKN,0.3113,Low Risk,No,New Budget,8,54.75,Month-to-month,Credit card (automatic),DSL,No
0404-AHASP,0.0242,Low Risk,No,Established Budget,72,19.7,Two year,Credit card (automatic),No,No
7279-NMVJC,0.0337,Low Risk,No,New Budget,17,19.9,One year,Bank transfer (automatic),No,No
2081-VEYEH,0.6923,High Risk,No,New High-Spend,3,107.95,Month-to-month,Electronic check,Fiber optic,Yes
6407-UTSLV,0.6894,High Risk,No,New High-Spend,2,83.8,Month-to-month,Bank transfer (automatic),Fiber optic,No
4116-TZAQJ,0.5076,Medium Risk,Yes,New High-Spend,9,74.25,Month-to-month,Credit card (automatic),Fiber optic,No
9060-HJJRW,0.116,Low Risk,No,Established High-Value,51,56.4,One year,Credit card (automatic),DSL,No
2587-YNLES,0.0291,Low Risk,No,New Budget,6,20.1,Two year,Mailed check,No,No
7398-SKNQZ,0.679,High Risk,No,New High-Spend,3,94.9,Month-to-month,Electronic check,Fiber optic,No
5935-FCCNB,0.6749,High Risk,No,New High-Spend,17,94.2,Month-to-month,Electronic check,Fiber optic,No
1958-RNRKS,0.183,Low Risk,No,New Budget,30,49.9,Month-to-month,Electronic check,DSL,No
5136-RGMZO,0.2127,Low Risk,No,New High-Spend,31,71.05,Month-to-month,Electronic check,DSL,Yes
8345-MVDYC,0.0314,Low Risk,No,Established High-Value,45,81.65,Two year,Bank transfer (automatic),DSL,Yes
8226-BXGES,0.0431,Low Risk,No,Established High-Value,64,89.45,One year,Bank transfer (automatic),Fiber optic,No
3877-JRJIP,0.685,High Risk,Yes,New High-Spend,1,59.85,Month-to-month,Electronic check,DSL,No
8375-DKEBR,0.745,High Risk,Yes,New High-Spend,1,69.6,Month-to-month,Electronic check,Fiber optic,No
9705-IOVQQ,0.2132,Low Risk,No,Established High-Value,61,99.0,One year,Electronic check,Fiber optic,No
1015-OWJKI,0.2311,Low Risk,No,New Budget,1,19.05,Month-to-month,Mailed check,No,No
7511-YMXVQ,0.5014,Medium Risk,Yes,New Budget,9,45.4,Month-to-month,Electronic check,DSL,No
2040-XBAVJ,0.0331,Low Risk,No,Established High-Value,72,114.45,Two year,Bank transfer (automatic),Fiber optic,Yes
7551-JOHTI,0.3367,Low Risk,Yes,New Budget,1,19.5,Month-to-month,Mailed check,No,No
8887-IPQNC,0.2543,Low Risk,No,New Budget,7,44.25,Month-to-month,Mailed check,DSL,No
8646-JCOMS,0.049,Low Risk,No,Established High-Value,66,90.55,One year,Bank transfer (automatic),Fiber optic,Yes
9804-ICWBG,0.7371,High Risk,Yes,New High-Spend,1,69.9,Month-to-month,Electronic check,Fiber optic,No
1222-KJNZD,0.0537,Low Risk,No,Established Budget,40,20.4,Month-to-month,Bank transfer (automatic),No,No
0106-GHRQR,0.2451,Low Risk,No,New High-Spend,16,71.4,Month-to-month,Bank transfer (automatic),DSL,No
5318-IXUZF,0.696,High Risk,Yes,New High-Spend,2,87.15,Month-to-month,Bank transfer (automatic),Fiber optic,No
3768-VHXQO,0.0261,Low Risk,No,Established Budget,67,24.85,Two year,Credit card (automatic),No,No
8952-WCVCD,0.2102,Low Risk,No,Established High-Value,41,104.45,One year,Bank transfer (automatic),Fiber optic,No
2418-TPEUN,0.0259,Low Risk,No,Established Budget,56,19.8,Two year,Credit card (automatic),No,No
3963-RYFNS,0.0331,Low Risk,No,Established High-Value,72,116.45,Two year,Bank transfer (automatic),Fiber optic,Yes
3198-VELRD,0.6853,High Risk,Yes,New High-Spend,3,84.75,Month-to-month,Bank transfer (automatic),Fiber optic,No
8540-ZQGEA,0.0255,Low Risk,No,Established Budget,54,20.05,Two year,Credit card (automatic),No,No
1320-REHCS,0.4434,Medium Risk,No,Established High-Value,52,110.75,Month-to-month,Electronic check,Fiber optic,Yes
4137-JOPHL,0.0378,Low Risk,No,Established High-Value,50,89.7,Two year,Bank transfer (automatic),Fiber optic,Yes
9436-ZBZCT,0.6218,Medium Risk,Yes,New High-Spend,14,89.95,Month-to-month,Electronic check,Fiber optic,Yes
7801-CEDNV,0.0369,Low Risk,No,New Budget,27,48.7,One year,Credit card (automatic),DSL,No
2057-BOYKM,0.0292,Low Risk,No,Established High-Value,72,96.6,Two year,Bank transfer (automatic),Fiber optic,Yes
3658-QQJYD,0.0562,Low Risk,No,Established High-Value,62,74.3,One year,Credit card (automatic),DSL,No
1803-BGNBD,0.2704,Low Risk,No,New High-Spend,12,54.3,Month-to-month,Electronic check,DSL,Yes
0134-XWXCE,0.0932,Low Risk,No,Established High-Value,44,74.85,One year,Bank transfer (automatic),DSL,Yes
6950-TWMYB,0.0331,Low Risk,No,Established High-Value,54,79.95,Two year,Bank transfer (automatic),Fiber optic,Yes
5848-FHRFC,0.0247,Low Risk,No,Established Budget,68,20.05,Two year,Bank transfer (automatic),No,No
2243-FNMMI,0.0502,Low Risk,No,New Budget,20,19.4,Month-to-month,Mailed check,No,No
2511-MORQY,0.0439,Low Risk,No,Established Budget,50,54.9,One year,Bank transfer (automatic),DSL,No
5356-KZCKT,0.0263,Low Risk,No,Established Budget,58,24.45,Two year,Credit card (automatic),No,No
9470-XCCEM,0.3907,Medium Risk,No,New High-Spend,35,89.65,Month-to-month,Bank transfer (automatic),Fiber optic,No
6519-CFDBX,0.617,Medium Risk,No,New Budget,2,45.4,Month-to-month,Electronic check,DSL,No
3902-MIVLE,0.028,Low Risk,No,Established High-Value,63,75.7,Two year,Mailed check,DSL,Yes
0409-WTMPL,0.2213,Low Risk,No,Established High-Value,58,110.65,One year,Credit card (automatic),Fiber optic,No
8763-KIAFH,0.0306,Low Risk,No,New Budget,27,20.55,One year,Mailed check,No,No
3669-WHAFY,0.0409,Low Risk,No,Established High-Value,71,115.15,Two year,Credit card (automatic),Fiber optic,Yes
3055-VTCGS,0.049,Low Risk,No,Established Budget,63,58.55,One year,Credit card (automatic),DSL,No
3144-KMTWZ,0.1694,Low Risk,No,Established High-Value,71,93.25,Month-to-month,Bank transfer (automatic),Fiber optic,No
7279-BUYWN,0.521,Medium Risk,Yes,Established High-Value,41,113.2,Month-to-month,Electronic check,Fiber optic,No
7156-MHUGY,0.6865,High Risk,Yes,New High-Spend,13,90.5,Month-to-month,Electronic check,Fiber optic,No
7198-GLXTC,0.6511,High Risk,Yes,New High-Spend,2,79.0,Month-to-month,Electronic check,Fiber optic,No
2007-QVGAW,0.0261,Low Risk,No,Established Budget,68,19.35,Two year,Bank transfer (automatic),No,No
5207-PLSTK,0.5036,Medium Risk,No,New Budget,1,48.75,Month-to-month,Mailed check,DSL,No
2307-FYNNL,0.1026,Low Risk,No,Established High-Value,65,109.05,Two year,Electronic check,Fiber optic,Yes
5605-XNWEN,0.0255,Low Risk,No,Established Budget,72,25.0,Two year,Bank transfer (automatic),No,No
2155-AMQRX,0.1295,Low Risk,No,New High-Spend,28,54.9,Month-to-month,Credit card (automatic),DSL,Yes
6181-AXXYF,0.0243,Low Risk,No,Established Budget,72,24.75,Two year,Credit card (automatic),No,No
5091-HFAZW,0.6404,Medium Risk,No,New High-Spend,2,91.15,Month-to-month,Electronic check,Fiber optic,No
0516-VRYBW,0.0323,Low Risk,Yes,New Budget,18,20.15,One year,Bank transfer (automatic),No,No
2519-LBNQL,0.3594,Medium Risk,No,Established High-Value,60,104.35,One year,Electronic check,Fiber optic,No
8623-ULFNQ,0.2604,Low Risk,No,New High-Spend,26,66.05,Month-to-month,Electronic check,DSL,Yes
8380-PEFPE,0.7354,High Risk,Yes,New High-Spend,1,71.65,Month-to-month,Electronic check,Fiber optic,No
5687-DKDTV,0.1536,Low Risk,Yes,New Budget,4,20.35,Month-to-month,Mailed check,No,No
1568-LJSZU,0.0331,Low Risk,No,Established High-Value,68,92.2,Two year,Credit card (automatic),DSL,Yes
7530-HDYDS,0.2578,Low Risk,Yes,Established High-Value,38,84.25,Month-to-month,Credit card (automatic),Fiber optic,Yes
7789-HKSBS,0.3013,Low Risk,No,Established High-Value,42,105.2,One year,Bank transfer (automatic),Fiber optic,No
7416-CKTEP,0.0264,Low Risk,No,Established Budget,57,19.6,Two year,Bank transfer (automatic),No,No
2586-CWXVV,0.2163,Low Risk,No,Established Budget,54,30.4,Month-to-month,Electronic check,DSL,No
3096-IZETN,0.5188,Medium Risk,Yes,New High-Spend,12,78.1,Month-to-month,Bank transfer (automatic),Fiber optic,No
2348-KCJLT,0.0444,Low Risk,No,Established High-Value,44,61.5,One year,Mailed check,DSL,No
8401-EMUWF,0.1056,Low Risk,No,Established High-Value,42,69.4,Month-to-month,Bank transfer (automatic),DSL,No
4193-IBKSW,0.0242,Low Risk,No,Established Budget,72,24.75,Two year,Bank transfer (automatic),No,No
5377-NDTOU,0.0272,Low Risk,No,Established High-Value,71,91.05,Two year,Mailed check,DSL,Yes
5922-ABDVO,0.3997,Medium Risk,Yes,New High-Spend,19,89.65,Month-to-month,Mailed check,Fiber optic,No
2474-LCNUE,0.1671,Low Risk,No,New High-Spend,23,73.65,Month-to-month,Credit card (automatic),DSL,Yes
0839-QNXME,0.0268,Low Risk,No,New Budget,30,19.4,Two year,Credit card (automatic),No,No
3506-OVLKD,0.0344,Low Risk,No,Established Budget,35,26.2,One year,Bank transfer (automatic),No,No
9172-ANCRX,0.6862,High Risk,Yes,New High-Spend,10,98.7,Month-to-month,Electronic check,Fiber optic,No
6650-VJONK,0.5952,Medium Risk,No,New Budget,1,43.85,Month-to-month,Bank transfer (automatic),DSL,No
2178-PMGCJ,0.3755,Medium Risk,No,New High-Spend,22,69.7,Month-to-month,Mailed check,Fiber optic,No
7492-TAFJD,0.0316,Low Risk,No,New High-Spend,7,38.55,Two year,Mailed check,DSL,No
2773-MADBQ,0.0336,Low Risk,No,Established High-Value,36,53.1,Two year,Mailed check,DSL,Yes
6016-LVTJQ,0.0424,Low Risk,No,Established Budget,34,20.65,Month-to-month,Mailed check,No,No
7860-KSUGX,0.0253,Low Risk,No,Established High-Value,72,64.45,Two year,Credit card (automatic),DSL,No
8966-KZXXA,0.0256,Low Risk,No,Established Budget,36,25.1,Two year,Credit card (automatic),No,No
6910-HADCM,0.7113,High Risk,Yes,New High-Spend,1,76.35,Month-to-month,Electronic check,Fiber optic,No
4816-LXZYW,0.5452,Medium Risk,Yes,New High-Spend,23,79.15,Month-to-month,Electronic check,Fiber optic,No
9606-PBKBQ,0.5913,Medium Risk,Yes,New High-Spend,32,85.0,Month-to-month,Electronic check,Fiber optic,No
5149-QYTTU,0.0365,Low Risk,No,Established High-Value,71,95.15,One year,Credit card (automatic),Fiber optic,Yes
2070-XYMFH,0.4523,Medium Risk,No,New High-Spend,23,79.35,Month-to-month,Mailed check,Fiber optic,No
2085-BOJKI,0.3178,Low Risk,No,New High-Spend,17,96.65,One year,Bank transfer (automatic),Fiber optic,No
0817-HSUSE,0.6319,Medium Risk,No,New High-Spend,1,75.5,Month-to-month,Electronic check,DSL,Yes
5442-PPTJY,0.0274,Low Risk,No,New Budget,12,19.7,Two year,Mailed check,No,No
1927-QEWMY,0.0238,Low Risk,No,Established Budget,72,20.5,Two year,Credit card (automatic),No,No
1663-MHLHE,0.2574,Low Risk,No,New Budget,1,19.2,Month-to-month,Mailed check,No,No
5663-QBGIS,0.0417,Low Risk,No,Established High-Value,72,98.35,Two year,Bank transfer (automatic),Fiber optic,No
4450-MDZFX,0.1288,Low Risk,No,Established Budget,60,74.35,Month-to-month,Bank transfer (automatic),Fiber optic,No
6701-DHKWQ,0.03,Low Risk,No,Established High-Value,61,51.35,Two year,Credit card (automatic),DSL,Yes
7554-AKDQF,0.236,Low Risk,No,New Budget,6,45.65,Month-to-month,Mailed check,DSL,No
3536-IQCTX,0.5098,Medium Risk,Yes,New High-Spend,32,85.3,Month-to-month,Electronic check,Fiber optic,No
4911-BANWH,0.4184,Medium Risk,Yes,New High-Spend,31,86.55,Month-to-month,Credit card (automatic),Fiber optic,No
8496-EJAUI,0.3947,Medium Risk,Yes,New High-Spend,19,73.85,Month-to-month,Credit card (automatic),Fiber optic,No
0794-YVSGE,0.0247,Low Risk,No,Established Budget,72,20.3,Two year,Bank transfer (automatic),No,No
5423-BHIXO,0.2607,Low Risk,No,New High-Spend,32,54.2,Month-to-month,Electronic check,DSL,No
6908-VVYHM,0.3242,Low Risk,No,Established High-Value,65,90.65,Month-to-month,Electronic check,Fiber optic,No
2959-EEXWB,0.1452,Low Risk,No,Established Budget,45,50.9,Month-to-month,Bank transfer (automatic),DSL,No
1839-UMACK,0.0418,Low Risk,No,Established Budget,42,25.05,One year,Electronic check,No,No
3030-YDNRM,0.6571,High Risk,No,New High-Spend,8,74.85,Month-to-month,Electronic check,Fiber optic,No
7321-KKSDU,0.025,Low Risk,No,New Budget,32,20.5,Two year,Mailed check,No,No
3402-XRIUO,0.1473,Low Risk,No,New High-Spend,22,63.55,Month-to-month,Mailed check,DSL,Yes
3132-TVFDZ,0.3774,Medium Risk,Yes,Established Budget,57,44.85,Month-to-month,Electronic check,DSL,No
8286-AFUYI,0.5194,Medium Risk,No,New Budget,1,47.95,Month-to-month,Electronic check,DSL,No
8080-DDEMJ,0.6307,Medium Risk,Yes,New Budget,1,45.1,Month-to-month,Electronic check,DSL,No
8356-WUAOJ,0.6571,High Risk,No,New Budget,1,45.0,Month-to-month,Electronic check,DSL,No
6365-MTGZX,0.5031,Medium Risk,Yes,New High-Spend,24,96.0,Month-to-month,Electronic check,Fiber optic,Yes
1349-WXNGG,0.3763,Medium Risk,Yes,New Budget,1,20.05,Month-to-month,Bank transfer (automatic),No,No
8058-DMYRU,0.423,Medium Risk,No,Established High-Value,54,90.05,Month-to-month,Electronic check,Fiber optic,No
9350-ZXYJC,0.0361,Low Risk,No,New Budget,4,25.3,Two year,Credit card (automatic),No,No
6990-YNRIO,0.089,Low Risk,Yes,Established High-Value,65,108.65,Two year,Bank transfer (automatic),Fiber optic,Yes
8958-JPTRR,0.0397,Low Risk,No,Established Budget,56,24.3,One year,Electronic check,No,No
6959-GQEGV,0.1947,Low Risk,No,Established High-Value,45,75.95,Month-to-month,Electronic check,DSL,No
3173-WSSUE,0.0242,Low Risk,No,Established Budget,71,19.7,Two year,Credit card (automatic),No,No
1265-HVPZB,0.0388,Low Risk,No,Established High-Value,59,66.4,One year,Credit card (automatic),DSL,No
4115-UMJFQ,0.0445,Low Risk,No,Established Budget,69,35.75,One year,Bank transfer (automatic),DSL,No
7369-TRPFD,0.0332,Low Risk,No,New Budget,19,18.8,One year,Mailed check,No,No
1098-KFQEC,0.0256,Low Risk,No,Established Budget,55,19.4,Two year,Credit card (automatic),No,No
7190-XHTWJ,0.0296,Low Risk,No,Established Budget,38,19.3,One year,Mailed check,No,No
0621-TWIEM,0.3873,Medium Risk,Yes,New Budget,10,45.55,Month-to-month,Electronic check,DSL,No
3537-RYBHH,0.1403,Low Risk,No,Established High-Value,47,67.45,Month-to-month,Credit card (automatic),DSL,No
2485-ITVKB,0.6768,High Risk,Yes,New Budget,2,35.1,Month-to-month,Electronic check,DSL,No
3669-OYSJI,0.5219,Medium Risk,Yes,New Budget,1,46.2,Month-to-month,Credit card (automatic),DSL,No
1612-EOHDH,0.5905,Medium Risk,Yes,New Budget,1,45.15,Month-to-month,Electronic check,DSL,No
6702-OHFWR,0.7075,High Risk,Yes,New High-Spend,1,43.3,Month-to-month,Electronic check,DSL,No
5296-BFCYD,0.0259,Low Risk,No,Established Budget,46,20.1,Two year,Mailed check,No,No
4510-PYUSH,0.1381,Low Risk,Yes,New High-Spend,38,57.15,Month-to-month,Credit card (automatic),DSL,No
9359-JANWS,0.027,Low Risk,No,Established High-Value,65,58.9,Two year,Credit card (automatic),DSL,Yes
7517-SAWMO,0.4493,Medium Risk,Yes,New High-Spend,19,73.2,Month-to-month,Electronic check,Fiber optic,No
4143-HHPMK,0.3778,Medium Risk,Yes,Established High-Value,52,85.35,Month-to-month,Electronic check,Fiber optic,No
3279-DYZQM,0.0246,Low Risk,No,Established Budget,71,19.45,Two year,Mailed check,No,No
7054-LGEQW,0.5282,Medium Risk,Yes,New Budget,1,45.95,Month-to-month,Mailed check,DSL,No
0523-VNGTF,0.2667,Low Risk,No,Established High-Value,52,50.5,Month-to-month,Electronic check,DSL,Yes
9575-IWCAZ,0.0462,Low Risk,No,New Budget,6,25.1,One year,Mailed check,No,No
7105-MXJLL,0.0744,Low Risk,No,New High-Spend,26,60.7,One year,Mailed check,DSL,No
7064-FRRSW,0.3701,Medium Risk,No,Established High-Value,48,99.0,One year,Electronic check,Fiber optic,No
7940-UQQUG,0.1447,Low Risk,No,Established High-Value,64,104.4,One year,Bank transfer (automatic),Fiber optic,Yes
0923-PNFUB,0.6405,Medium Risk,Yes,New High-Spend,3,83.75,Month-to-month,Electronic check,Fiber optic,No
3961-SXAXY,0.5944,Medium Risk,No,New Budget,1,44.05,Month-to-month,Bank transfer (automatic),DSL,No
7010-BRBUU,0.0243,Low Risk,No,Established Budget,72,24.1,Two year,Credit card (automatic),No,No
3566-HJGPK,0.5941,Medium Risk,No,New Budget,1,45.55,Month-to-month,Mailed check,DSL,No
3062-ICYZQ,0.2918,Low Risk,No,Established High-Value,51,93.8,Month-to-month,Electronic check,Fiber optic,No
9938-PRCVK,0.0265,Low Risk,No,Established Budget,41,19.7,Two year,Bank transfer (automatic),No,No
0973-KYVNF,0.0262,Low Risk,No,Established High-Value,72,70.65,Two year,Credit card (automatic),DSL,No
5129-HHMZC,0.0319,Low Risk,No,Established High-Value,43,86.45,Two year,Credit card (automatic),DSL,Yes
9637-CDTKZ,0.0341,Low Risk,No,Established High-Value,72,114.1,Two year,Credit card (automatic),Fiber optic,Yes
3946-JEWRQ,0.237,Low Risk,No,Established High-Value,47,95.2,One year,Credit card (automatic),Fiber optic,No
7873-CVMAW,0.0266,Low Risk,No,Established High-Value,72,88.55,Two year,Credit card (automatic),DSL,Yes
0463-WZZKO,0.1465,Low Risk,No,New Budget,3,20.75,Month-to-month,Credit card (automatic),No,No
3494-JCHRQ,0.7372,High Risk,Yes,New High-Spend,1,70.05,Month-to-month,Electronic check,Fiber optic,No
6474-FVJLC,0.7188,High Risk,Yes,New High-Spend,2,86.0,Month-to-month,Electronic check,Fiber optic,No
4524-QCSSM,0.1813,Low Risk,No,New High-Spend,26,44.65,Month-to-month,Bank transfer (automatic),DSL,No
5832-EXGTT,0.1004,Low Risk,No,New High-Spend,29,60.2,Month-to-month,Mailed check,DSL,No
8840-DQLGN,0.3828,Medium Risk,Yes,Established High-Value,35,100.5,Month-to-month,Bank transfer (automatic),Fiber optic,Yes
2039-JONDJ,0.0407,Low Risk,No,New High-Spend,27,55.45,One year,Bank transfer (automatic),DSL,No
7217-JYHOQ,0.1052,Low Risk,No,New High-Spend,24,70.3,Month-to-month,Credit card (automatic),DSL,Yes
6695-FRVEC,0.0276,Low Risk,No,Established High-Value,67,60.4,Two year,Bank transfer (automatic),DSL,Yes
4547-LYTDD,0.517,Medium Risk,Yes,New High-Spend,16,72.65,Month-to-month,Electronic check,Fiber optic,No
9894-QMIMJ,0.0442,Low Risk,No,New High-Spend,23,55.8,One year,Bank transfer (automatic),DSL,No
8069-YQQAJ,0.2785,Low Risk,No,New Budget,14,31.1,Month-to-month,Mailed check,DSL,No
6770-XUAGN,0.5095,Medium Risk,Yes,New Budget,1,21.0,Month-to-month,Electronic check,No,No
4193-ORFCL,0.5857,Medium Risk,Yes,New Budget,1,45.1,Month-to-month,Mailed check,DSL,No
1636-NTNCO,0.5497,Medium Risk,No,New High-Spend,4,50.95,Month-to-month,Credit card (automatic),DSL,No
3466-WAESX,0.284,Low Risk,No,New High-Spend,16,69.1,Month-to-month,Electronic check,DSL,No
9281-PKKZE,0.3683,Medium Risk,No,Established Budget,46,43.95,Month-to-month,Electronic check,DSL,No
3638-VBZTA,0.0315,Low Risk,No,Established High-Value,68,86.5,Two year,Bank transfer (automatic),DSL,Yes
7459-IMVYU,0.1328,Low Risk,No,Established High-Value,38,69.95,Month-to-month,Electronic check,DSL,Yes
7776-QWNFX,0.1774,Low Risk,Yes,New Budget,30,50.4,Month-to-month,Bank transfer (automatic),DSL,No
6689-TCZHQ,0.648,Medium Risk,Yes,New High-Spend,5,78.95,Month-to-month,Electronic check,Fiber optic,No
8563-OYMQY,0.4801,Medium Risk,No,New High-Spend,17,90.95,Month-to-month,Credit card (automatic),Fiber optic,No
0754-EEBDC,0.0302,Low Risk,No,New Budget,4,19.9,Two year,Mailed check,No,No
5777-ZPQNC,0.0406,Low Risk,No,New Budget,12,20.15,One year,Electronic check,No,No
1951-IEYXM,0.0269,Low Risk,No,Established High-Value,72,90.6,Two year,Credit card (automatic),DSL,Yes
3318-NMQXL,0.7019,High Risk,No,New High-Spend,3,92.0,Month-to-month,Electronic check,Fiber optic,No
3143-ILDAL,0.2818,Low Risk,Yes,Established High-Value,56,94.45,Month-to-month,Electronic check,Fiber optic,Yes
1022-RKXDR,0.0357,Low Risk,No,Established Budget,41,24.85,One year,Mailed check,No,No
2361-FJWNO,0.0451,Low Risk,No,Established Budget,40,36.0,One year,Credit card (automatic),DSL,Yes
2272-UOINI,0.2229,Low Risk,No,New High-Spend,7,78.5,Month-to-month,Electronic check,DSL,Yes
8232-UTFOZ,0.0245,Low Risk,No,Established Budget,69,19.95,Two year,Credit card (automatic),No,No
3750-YHRYO,0.0342,Low Risk,No,New Budget,7,20.65,One year,Mailed check,No,No
6637-KYRCV,0.4906,Medium Risk,No,New Budget,5,30.5,Month-to-month,Electronic check,DSL,No
5668-MEISB,0.0329,Low Risk,No,Established High-Value,72,106.1,Two year,Credit card (automatic),Fiber optic,Yes
0129-QMPDR,0.0333,Low Risk,No,Established Budget,44,20.5,One year,Bank transfer (automatic),No,No
7188-CBBBA,0.1926,Low Risk,No,Established High-Value,65,95.5,One year,Electronic check,Fiber optic,No
5356-CSVSQ,0.4624,Medium Risk,No,New High-Spend,3,64.6,Month-to-month,Electronic check,DSL,Yes
3221-CJMSG,0.11,Low Risk,No,New Budget,24,51.1,Month-to-month,Credit card (automatic),DSL,Yes
4720-VSTSI,0.3107,Low Risk,Yes,New High-Spend,44,84.8,Month-to-month,Bank transfer (automatic),Fiber optic,No
3219-JQRSL,0.0281,Low Risk,No,Established High-Value,72,89.1,Two year,Credit card (automatic),DSL,Yes
2801-NISEI,0.112,Low Risk,No,New High-Spend,24,54.95,Month-to-month,Electronic check,DSL,Yes
3946-MHCZW,0.5389,Medium Risk,Yes,New Budget,1,50.9,Month-to-month,Mailed check,DSL,No
4623-ZKHLY,0.0585,Low Risk,No,New Budget,22,20.45,Month-to-month,Bank transfer (automatic),No,No
6732-VAILE,0.0326,Low Risk,No,Established High-Value,70,85.95,Two year,Credit card (automatic),DSL,Yes
8201-AAXCB,0.1917,Low Risk,No,New High-Spend,25,60.35,Month-to-month,Electronic check,DSL,No
7696-CFTAT,0.0262,Low Risk,No,Established Budget,37,19.8,Two year,Bank transfer (automatic),No,No
1845-CSBRZ,0.4115,Medium Risk,No,New High-Spend,22,85.35,Month-to-month,Bank transfer (automatic),Fiber optic,No
2123-VSCOT,0.03,Low Risk,No,Established High-Value,59,72.1,Two year,Bank transfer (automatic),DSL,Yes
6651-AZVTJ,0.5429,Medium Risk,Yes,Established High-Value,49,99.8,Month-to-month,Electronic check,Fiber optic,No
4566-GOLUK,0.3958,Medium Risk,Yes,Established High-Value,47,107.35,Month-to-month,Bank transfer (automatic),Fiber optic,Yes
2484-DGXPZ,0.0592,Low Risk,Yes,New Budget,31,19.55,Month-to-month,Mailed check,No,No
2018-QKYGT,0.742,High Risk,No,New High-Spend,1,81.05,Month-to-month,Electronic check,Fiber optic,No
2792-VPPET,0.2109,Low Risk,No,New Budget,3,20.5,Month-to-month,Electronic check,No,No
7409-JURKQ,0.2487,Low Risk,No,Established High-Value,53,111.8,One year,Bank transfer (automatic),Fiber optic,Yes
3247-MHJKM,0.3775,Medium Risk,No,New Budget,1,20.2,Month-to-month,Mailed check,No,No
1964-SVLEA,0.0329,Low Risk,No,New Budget,20,19.7,One year,Mailed check,No,No
4587-NUKOX,0.5922,Medium Risk,Yes,New High-Spend,3,79.1,Month-to-month,Electronic check,Fiber optic,No
7297-DVYGA,0.0335,Low Risk,No,Established Budget,51,19.85,One year,Bank transfer (automatic),No,No
2239-CGBUZ,0.0405,Low Risk,No,Established High-Value,51,60.5,One year,Bank transfer (automatic),DSL,Yes
0854-UYHZD,0.0266,Low Risk,No,New Budget,13,19.55,Two year,Mailed check,No,No
7243-LCGGZ,0.37,Medium Risk,No,New Budget,1,20.9,Month-to-month,Mailed check,No,No
8267-KFGYD,0.4224,Medium Risk,No,New Budget,1,21.05,Month-to-month,Mailed check,No,No
4890-VMUAV,0.0399,Low Risk,No,Established High-Value,63,71.5,One year,Electronic check,DSL,Yes
9261-WDCAF,0.3772,Medium Risk,No,New Budget,3,54.65,Month-to-month,Mailed check,DSL,No
3764-MNMOI,0.0254,Low Risk,No,Established Budget,46,19.2,Two year,Credit card (automatic),No,No
7442-YGZFK,0.5958,Medium Risk,No,New Budget,1,49.8,Month-to-month,Credit card (automatic),DSL,No
0420-BWTPW,0.1842,Low Risk,Yes,New Budget,8,25.5,Month-to-month,Mailed check,DSL,No
8229-BUJHX,0.0243,Low Risk,No,Established Budget,71,20.5,Two year,Bank transfer (automatic),No,No
7449-HVPIV,0.2425,Low Risk,No,Established High-Value,55,90.4,Month-to-month,Credit card (automatic),Fiber optic,No
5504-WSIUR,0.0479,Low Risk,No,Established High-Value,70,90.25,One year,Bank transfer (automatic),Fiber optic,Yes
8183-ONMXC,0.6626,High Risk,Yes,New High-Spend,2,80.75,Month-to-month,Electronic check,Fiber optic,No
8466-PZBLH,0.0639,Low Risk,No,Established High-Value,67,104.6,Two year,Bank transfer (automatic),Fiber optic,Yes
9614-RMGHA,0.2365,Low Risk,Yes,Established High-Value,65,91.85,Month-to-month,Bank transfer (automatic),Fiber optic,No
8735-IJJEG,0.1764,Low Risk,No,New Budget,14,50.2,Month-to-month,Credit card (automatic),DSL,No
0564-MUUQK,0.4505,Medium Risk,No,New High-Spend,20,95.5,Month-to-month,Bank transfer (automatic),Fiber optic,Yes
5054-IEXZT,0.7321,High Risk,Yes,New High-Spend,1,75.35,Month-to-month,Electronic check,Fiber optic,No
5834-ASPWA,0.7459,High Risk,Yes,New High-Spend,1,75.45,Month-to-month,Electronic check,Fiber optic,No
0701-RFGFI,0.3725,Medium Risk,No,Established High-Value,49,95.4,Month-to-month,Bank transfer (automatic),Fiber optic,No
0019-EFAEP,0.0307,Low Risk,No,Established High-Value,72,101.3,Two year,Bank transfer (automatic),Fiber optic,No
5619-PTMIK,0.1256,Low Risk,No,Established Budget,46,53.1,Month-to-month,Electronic check,DSL,No
3737-XBQDD,0.4026,Medium Risk,No,New High-Spend,24,84.85,Month-to-month,Bank transfer (automatic),Fiber optic,No
5882-CMAZQ,0.3949,Medium Risk,No,New Budget,5,34.25,Month-to-month,Electronic check,DSL,Yes
5846-QFDFI,0.2542,Low Risk,No,New High-Spend,33,88.6,Month-to-month,Credit card (automatic),Fiber optic,Yes
4445-KWOKW,0.0484,Low Risk,No,New High-Spend,42,60.15,One year,Bank transfer (automatic),DSL,No
3511-APPBJ,0.2518,Low Risk,No,Established High-Value,23,99.95,One year,Credit card (automatic),Fiber optic,No
7967-HYCDE,0.5181,Medium Risk,No,New High-Spend,8,70.7,Month-to-month,Bank transfer (automatic),Fiber optic,No
2430-RRYUW,0.0345,Low Risk,No,Established Budget,66,54.8,One year,Mailed check,DSL,No
3948-XHGNA,0.1202,Low Risk,Yes,New Budget,24,49.55,Month-to-month,Bank transfer (automatic),DSL,No
3723-BFBGR,0.154,Low Risk,No,New High-Spend,24,54.8,Month-to-month,Credit card (automatic),DSL,No
0565-IYCGT,0.0497,Low Risk,Yes,Established High-Value,69,78.6,One year,Credit card (automatic),DSL,Yes
5447-WZAFP,0.196,Low Risk,No,Established High-Value,53,100.3,One year,Mailed check,Fiber optic,No
5110-CHOPY,0.0454,Low Risk,No,Established High-Value,60,53.6,Two year,Electronic check,DSL,No
5445-UTODQ,0.6702,High Risk,Yes,New High-Spend,7,81.1,Month-to-month,Electronic check,Fiber optic,No
4425-OWHWB,0.0359,Low Risk,No,New Budget,20,19.35,One year,Credit card (automatic),No,No
7892-QVYKW,0.4404,Medium Risk,No,New High-Spend,23,85.6,Month-to-month,Electronic check,Fiber optic,No
9675-ICXCT,0.0301,Low Risk,No,Established High-Value,72,80.8,Two year,Electronic check,DSL,Yes
1024-VRZHF,0.6671,High Risk,Yes,New High-Spend,11,74.95,Month-to-month,Electronic check,Fiber optic,No
4703-MQYKT,0.0261,Low Risk,No,New Budget,21,19.6,Two year,Mailed check,No,No
9497-QCMMS,0.7657,High Risk,Yes,New High-Spend,1,93.55,Month-to-month,Electronic check,Fiber optic,No
5692-ICXLW,0.5884,Medium Risk,No,New High-Spend,31,90.7,Month-to-month,Electronic check,Fiber optic,No
0602-DDUML,0.0293,Low Risk,No,Established High-Value,57,69.75,Two year,Mailed check,DSL,Yes
2208-MPXIO,0.0269,Low Risk,No,Established Budget,45,20.0,Two year,Bank transfer (automatic),No,No
1960-UYCNN,0.69,High Risk,No,New High-Spend,10,95.25,Month-to-month,Electronic check,Fiber optic,No
0348-SDKOL,0.3376,Low Risk,Yes,Established High-Value,58,102.1,Month-to-month,Credit card (automatic),Fiber optic,Yes
3190-FZATL,0.0623,Low Risk,No,New Budget,14,19.95,Month-to-month,Mailed check,No,No
7336-RLLRH,0.0649,Low Risk,No,Established High-Value,27,80.85,One year,Mailed check,DSL,Yes
4373-MAVJG,0.5877,Medium Risk,Yes,New High-Spend,14,90.9,Month-to-month,Bank transfer (automatic),Fiber optic,No
8901-HJXTF,0.2043,Low Risk,Yes,New Budget,12,29.2,Month-to-month,Mailed check,DSL,No
7710-JSYOA,0.0409,Low Risk,No,Established High-Value,69,93.3,Two year,Bank transfer (automatic),Fiber optic,Yes
5419-KLXBN,0.4172,Medium Risk,Yes,New High-Spend,25,89.15,Month-to-month,Bank transfer (automatic),Fiber optic,No
3424-NMNBO,0.2954,Low Risk,Yes,Established High-Value,58,108.85,One year,Electronic check,Fiber optic,No
9885-MFVSU,0.0314,Low Risk,No,New High-Spend,35,46.35,Two year,Credit card (automatic),DSL,Yes
4514-GFCFI,0.6703,High Risk,Yes,New High-Spend,16,84.75,Month-to-month,Electronic check,Fiber optic,No
0607-MVMGC,0.0723,Low Risk,No,Established High-Value,45,78.75,One year,Credit card (automatic),DSL,No
3365-SAIGS,0.5976,Medium Risk,No,New High-Spend,17,83.55,Month-to-month,Electronic check,Fiber optic,No
9828-AOQLM,0.65,Medium Risk,Yes,New Budget,1,45.7,Month-to-month,Electronic check,DSL,No
8022-BECSI,0.031,Low Risk,No,New Budget,22,19.6,One year,Mailed check,No,No
8000-REIQB,0.7441,High Risk,Yes,New High-Spend,1,69.95,Month-to-month,Electronic check,Fiber optic,No
9993-LHIEB,0.0276,Low Risk,No,Established High-Value,67,67.85,Two year,Mailed check,DSL,Yes
0266-CLZKZ,0.0671,Low Risk,No,Established High-Value,67,105.65,Two year,Bank transfer (automatic),Fiber optic,Yes
7615-ESMYF,0.5991,Medium Risk,Yes,New Budget,2,44.6,Month-to-month,Electronic check,DSL,No
3858-VOBET,0.5548,Medium Risk,Yes,New High-Spend,23,74.95,Month-to-month,Electronic check,Fiber optic,No
7020-OZKXZ,0.5545,Medium Risk,No,New High-Spend,9,75.5,Month-to-month,Credit card (automatic),Fiber optic,No
3977-QCRSL,0.1077,Low Risk,No,New Budget,5,20.15,Month-to-month,Mailed check,No,No
0017-DINOC,0.0302,Low Risk,No,Established Budget,54,45.2,Two year,Credit card (automatic),DSL,Yes
1447-PJGGA,0.1312,Low Risk,Yes,Established High-Value,57,95.25,Two year,Electronic check,Fiber optic,No
8565-CLBZW,0.4585,Medium Risk,Yes,New High-Spend,24,89.85,Month-to-month,Mailed check,Fiber optic,No
9139-WQQDY,0.2084,Low Risk,Yes,Established High-Value,49,100.45,One year,Mailed check,Fiber optic,No
0224-HJAPT,0.4626,Medium Risk,Yes,New Budget,5,47.15,Month-to-month,Electronic check,DSL,No
8086-OVPWV,0.7119,High Risk,Yes,New High-Spend,2,80.2,Month-to-month,Electronic check,Fiber optic,No
9430-FRQOC,0.6374,Medium Risk,Yes,New High-Spend,4,87.1,Month-to-month,Mailed check,Fiber optic,Yes
7639-OPLNG,0.0287,Low Risk,No,Established High-Value,70,79.25,Two year,Bank transfer (automatic),DSL,Yes
3074-GQWYX,0.6324,Medium Risk,Yes,New High-Spend,5,75.9,Month-to-month,Bank transfer (automatic),Fiber optic,No
1492-QGCLU,0.1094,Low Risk,No,Established High-Value,53,85.7,Month-to-month,Electronic check,DSL,Yes
6845-RGTYS,0.4253,Medium Risk,Yes,Established High-Value,47,98.75,Month-to-month,Electronic check,Fiber optic,No
7328-OWMOM,0.0294,Low Risk,No,New Budget,31,20.1,One year,Credit card (automatic),No,No
4418-LZMSV,0.1398,Low Risk,No,New High-Spend,13,61.8,Month-to-month,Bank transfer (automatic),DSL,Yes
5155-AZQPB,0.0955,Low Risk,No,New Budget,28,49.9,Month-to-month,Mailed check,DSL,No
8861-HGGKB,0.6269,Medium Risk,Yes,New High-Spend,10,86.45,Month-to-month,Electronic check,Fiber optic,No
1087-GRUYI,0.0268,Low Risk,No,Established Budget,38,20.4,Two year,Bank transfer (automatic),No,No
7065-YUNRY,0.5956,Medium Risk,Yes,New Budget,1,45.3,Month-to-month,Mailed check,DSL,No
7694-VLBWQ,0.2846,Low Risk,Yes,Established High-Value,67,104.1,One year,Electronic check,Fiber optic,No
2546-KZAAT,0.0602,Low Risk,No,Established High-Value,52,75.4,One year,Mailed check,DSL,No
0181-RITDD,0.0551,Low Risk,No,Established High-Value,62,108.15,Two year,Mailed check,Fiber optic,Yes
5989-PGKJB,0.605,Medium Risk,No,New High-Spend,16,86.25,Month-to-month,Electronic check,Fiber optic,No
4795-KTRTH,0.6906,High Risk,Yes,New High-Spend,5,81.0,Month-to-month,Electronic check,Fiber optic,No
8272-ONJLV,0.3684,Medium Risk,No,New High-Spend,12,95.7,One year,Electronic check,Fiber optic,No
1488-PBLJN,0.0312,Low Risk,No,Established High-Value,72,116.85,Two year,Bank transfer (automatic),Fiber optic,Yes
0308-GIQJT,0.1193,Low Risk,No,Established High-Value,71,105.75,One year,Bank transfer (automatic),Fiber optic,Yes
3778-FOAQW,0.0295,Low Risk,No,New Budget,24,20.15,One year,Mailed check,No,No
4452-ROHMO,0.0273,Low Risk,No,New Budget,15,19.6,Two year,Mailed check,No,No
6481-OGDOO,0.0702,Low Risk,Yes,Established High-Value,67,90.6,One year,Credit card (automatic),Fiber optic,No
3090-LETTY,0.3178,Low Risk,No,New High-Spend,2,60.95,Month-to-month,Bank transfer (automatic),DSL,No
5349-AZPEW,0.3605,Medium Risk,No,New Budget,5,25.05,Month-to-month,Mailed check,DSL,No
3753-TSEMP,0.5789,Medium Risk,Yes,New High-Spend,15,88.15,Month-to-month,Electronic check,Fiber optic,No
8305-VHZBZ,0.4574,Medium Risk,Yes,New Budget,1,20.2,Month-to-month,Mailed check,No,No
9720-JJJOR,0.0453,Low Risk,No,Established High-Value,41,60.3,One year,Bank transfer (automatic),DSL,No
8100-HZZLJ,0.1817,Low Risk,No,Established High-Value,43,63.95,Month-to-month,Electronic check,DSL,No
8775-ERLNB,0.7262,High Risk,No,New High-Spend,1,74.3,Month-to-month,Electronic check,Fiber optic,No
8309-IEYJD,0.7201,High Risk,No,New High-Spend,1,70.6,Month-to-month,Mailed check,Fiber optic,No
9172-JITSM,0.5837,Medium Risk,Yes,New High-Spend,26,90.8,Month-to-month,Electronic check,Fiber optic,No
6298-QDFNH,0.566,Medium Risk,Yes,New High-Spend,22,79.35,Month-to-month,Electronic check,Fiber optic,No
7398-HPYZQ,0.0278,Low Risk,No,Established High-Value,71,90.55,Two year,Bank transfer (automatic),DSL,Yes
3546-GHEAE,0.0282,Low Risk,No,New Budget,7,19.45,Two year,Mailed check,No,No
7361-YPXFS,0.1095,Low Risk,No,New High-Spend,28,64.45,Month-to-month,Bank transfer (automatic),DSL,Yes
6557-BZXLQ,0.5351,Medium Risk,No,New High-Spend,16,69.65,Month-to-month,Electronic check,Fiber optic,No
2550-QHZGP,0.0362,Low Risk,No,New Budget,7,19.5,One year,Mailed check,No,No
7519-JTWQH,0.0867,Low Risk,No,Established High-Value,69,110.5,Two year,Bank transfer (automatic),Fiber optic,Yes
2538-OIMXF,0.512,Medium Risk,No,New Budget,1,24.7,Month-to-month,Mailed check,DSL,No
8543-MSDMF,0.4805,Medium Risk,No,New High-Spend,3,77.4,Month-to-month,Electronic check,DSL,No
9961-JBNMK,0.5549,Medium Risk,Yes,New High-Spend,21,96.8,Month-to-month,Bank transfer (automatic),Fiber optic,No
1170-SASML,0.1795,Low Risk,No,Established High-Value,69,85.4,Month-to-month,Bank transfer (automatic),Fiber optic,No
4872-JCVCA,0.0268,Low Risk,No,Established High-Value,71,47.6,Two year,Bank transfer (automatic),DSL,Yes
5346-BZCHP,0.0251,Low Risk,No,Established Budget,69,19.4,Two year,Mailed check,No,No
2038-LLMLM,0.4951,Medium Risk,No,Established High-Value,48,103.85,Month-to-month,Electronic check,Fiber optic,Yes
6173-ITPWD,0.278,Low Risk,Yes,Established High-Value,47,83.35,Month-to-month,Bank transfer (automatic),Fiber optic,No
9734-UYXQI,0.6063,Medium Risk,Yes,New Budget,2,49.4,Month-to-month,Electronic check,DSL,No
1216-BGTSP,0.3566,Medium Risk,No,Established High-Value,45,108.45,Month-to-month,Credit card (automatic),Fiber optic,Yes
4138-NAXED,0.2176,Low Risk,No,New High-Spend,51,81.0,Month-to-month,Bank transfer (automatic),Fiber optic,No
2189-UXTKY,0.2771,Low Risk,Yes,New High-Spend,22,79.2,Month-to-month,Electronic check,DSL,Yes
0744-BIKKF,0.0265,Low Risk,No,Established High-Value,72,86.65,Two year,Bank transfer (automatic),DSL,Yes
7483-IQWIB,0.4685,Medium Risk,No,Established High-Value,37,92.95,Month-to-month,Electronic check,Fiber optic,No
5248-KWLAR,0.0309,Low Risk,No,Established High-Value,71,90.35,Two year,Electronic check,DSL,Yes
4958-GZWIY,0.3184,Low Risk,Yes,New Budget,7,48.7,Month-to-month,Electronic check,DSL,No
7996-MHXLW,0.0256,Low Risk,No,Established Budget,66,25.15,Two year,Credit card (automatic),No,No
7833-PKIHD,0.0553,Low Risk,No,Established High-Value,51,76.4,One year,Bank transfer (automatic),DSL,Yes
7061-OVMIM,0.0302,Low Risk,No,New Budget,30,19.55,One year,Bank transfer (automatic),No,No
5153-RTHKF,0.4874,Medium Risk,No,New High-Spend,34,85.35,Month-to-month,Electronic check,Fiber optic,No
1852-QSWCD,0.026,Low Risk,No,Established Budget,64,24.8,Two year,Mailed check,No,No
4832-VRBMR,0.2588,Low Risk,No,Established High-Value,65,103.15,One year,Bank transfer (automatic),Fiber optic,No
9079-LWTFD,0.2056,Low Risk,No,Established High-Value,47,100.75,Month-to-month,Mailed check,Fiber optic,Yes
6356-ELRKD,0.7341,High Risk,Yes,New High-Spend,1,95.6,Month-to-month,Electronic check,Fiber optic,No
8624-GIOUT,0.111,Low Risk,Yes,Established Budget,49,59.75,Month-to-month,Credit card (automatic),DSL,No
3392-EHMNK,0.0519,Low Risk,No,Established High-Value,67,94.1,Two year,Credit card (automatic),Fiber optic,Yes
5986-WWXDV,0.0298,Low Risk,No,Established Budget,39,19.35,One year,Bank transfer (automatic),No,No
3061-BCKYI,0.0608,Low Risk,No,New Budget,14,19.9,Month-to-month,Mailed check,No,No
6179-GJPSO,0.383,Medium Risk,Yes,Established High-Value,43,108.15,Month-to-month,Credit card (automatic),Fiber optic,Yes
7901-TBKJX,0.4973,Medium Risk,No,Established High-Value,56,101.05,Month-to-month,Electronic check,Fiber optic,No
7228-PAQPD,0.0872,Low Risk,No,New High-Spend,14,59.1,One year,Credit card (automatic),DSL,Yes
3177-LASXD,0.7048,High Risk,Yes,New High-Spend,1,71.35,Month-to-month,Electronic check,Fiber optic,No
7746-QYVCO,0.0554,Low Risk,No,New High-Spend,16,55.85,One year,Mailed check,DSL,No
5804-HYIEZ,0.3873,Medium Risk,No,Established High-Value,70,106.05,Month-to-month,Electronic check,Fiber optic,No
9919-FZDED,0.0291,Low Risk,No,Established High-Value,72,84.1,Two year,Credit card (automatic),DSL,No
5934-TSSAU,0.3685,Medium Risk,No,New High-Spend,23,75.3,Month-to-month,Credit card (automatic),Fiber optic,No
3486-KHMLI,0.0595,Low Risk,No,New Budget,21,24.7,Month-to-month,Mailed check,No,No
4897-QSUYC,0.4587,Medium Risk,Yes,New Budget,1,20.15,Month-to-month,Mailed check,No,No
1084-UQCHV,0.6709,High Risk,Yes,New High-Spend,1,69.75,Month-to-month,Bank transfer (automatic),Fiber optic,No
8290-YWKHZ,0.6068,Medium Risk,Yes,New High-Spend,32,93.2,Month-to-month,Electronic check,Fiber optic,No
2955-BJZHG,0.5171,Medium Risk,Yes,New High-Spend,17,80.85,Month-to-month,Electronic check,Fiber optic,No
3806-DXQOM,0.4851,Medium Risk,Yes,New Budget,4,33.65,Month-to-month,Electronic check,DSL,No
6784-XYJAE,0.0636,Low Risk,No,Established Budget,36,55.8,One year,Electronic check,DSL,No
3933-DQPWX,0.0299,Low Risk,No,Established Budget,50,39.7,Two year,Credit card (automatic),DSL,Yes
6661-EIPZC,0.1083,Low Risk,No,Established Budget,48,29.5,Month-to-month,Credit card (automatic),DSL,Yes
8957-THMOA,0.0265,Low Risk,No,Established Budget,50,20.15,Two year,Credit card (automatic),No,No
2251-PYLPB,0.0257,Low Risk,No,Established High-Value,72,79.55,Two year,Credit card (automatic),DSL,Yes
5555-RNPGT,0.0988,Low Risk,No,New Budget,10,24.8,Month-to-month,Credit card (automatic),No,No
1057-FOGLZ,0.0542,Low Risk,No,New Budget,18,19.65,Month-to-month,Mailed check,No,No
9300-RENDD,0.7459,High Risk,Yes,New High-Spend,1,79.95,Month-to-month,Electronic check,Fiber optic,No
0761-AETCS,0.4102,Medium Risk,Yes,New Budget,1,19.3,Month-to-month,Electronic check,No,No
8087-LGYHQ,0.6774,High Risk,No,New High-Spend,9,94.05,Month-to-month,Electronic check,Fiber optic,No
4137-BTIKL,0.5867,Medium Risk,No,New High-Spend,2,90.75,Month-to-month,Mailed check,Fiber optic,No
2190-BCXEC,0.3277,Low Risk,No,New High-Spend,40,78.85,Month-to-month,Credit card (automatic),Fiber optic,Yes
6227-FBDXH,0.1751,Low Risk,No,Established High-Value,69,99.5,One year,Bank transfer (automatic),Fiber optic,No
2153-MREFK,0.2067,Low Risk,Yes,Established High-Value,37,99.2,One year,Electronic check,Fiber optic,Yes
2911-WDXMV,0.435,Medium Risk,No,New High-Spend,18,80.55,Month-to-month,Credit card (automatic),Fiber optic,No
7206-PQBBZ,0.6047,Medium Risk,No,New High-Spend,11,70.2,Month-to-month,Electronic check,Fiber optic,No
3106-ULWFW,0.6241,Medium Risk,Yes,New High-Spend,8,85.2,Month-to-month,Credit card (automatic),Fiber optic,No
0925-VYDLG,0.6366,Medium Risk,Yes,New High-Spend,3,75.25,Month-to-month,Electronic check,Fiber optic,No
4547-FZJWE,0.0546,Low Risk,No,Established Budget,55,59.45,One year,Credit card (automatic),DSL,No
7422-WNBTY,0.5389,Medium Risk,No,New High-Spend,33,93.35,Month-to-month,Electronic check,Fiber optic,No
0842-IWYCP,0.08,Low Risk,No,Established Budget,46,44.95,Month-to-month,Bank transfer (automatic),DSL,No
3521-HTQTV,0.0281,Low Risk,No,Established Budget,34,26.1,Two year,Bank transfer (automatic),No,No
3744-ZBHON,0.167,Low Risk,No,New Budget,3,20.2,Month-to-month,Electronic check,No,No
3373-DIUUN,0.0258,Low Risk,No,New Budget,30,21.25,Two year,Mailed check,No,No
8383-SGHJU,0.0541,Low Risk,No,New High-Spend,33,59.4,One year,Electronic check,DSL,Yes
7607-QKKTJ,0.1597,Low Risk,No,Established High-Value,45,95.0,One year,Credit card (automatic),Fiber optic,No
7707-PYBBH,0.0793,Low Risk,No,New High-Spend,40,61.9,Month-to-month,Mailed check,DSL,Yes
8984-HPEMB,0.0434,Low Risk,No,Established High-Value,71,118.65,Two year,Electronic check,Fiber optic,Yes
4349-GFQHK,0.6174,Medium Risk,Yes,New Budget,1,54.35,Month-to-month,Electronic check,DSL,No
4139-DETXS,0.0264,Low Risk,No,Established High-Value,72,64.45,Two year,Bank transfer (automatic),DSL,Yes
9779-DPNEJ,0.5459,Medium Risk,No,New High-Spend,22,80.15,Month-to-month,Electronic check,Fiber optic,No
9805-FILKB,0.0332,Low Risk,No,Established Budget,46,20.2,One year,Bank transfer (automatic),No,No
5793-YOLJN,0.0249,Low Risk,No,Established Budget,55,21.0,Two year,Mailed check,No,No
0673-IGUQO,0.3329,Low Risk,No,New Budget,1,20.45,Month-to-month,Mailed check,No,No
4123-FCVCB,0.1476,Low Risk,No,New High-Spend,12,75.85,One year,Mailed check,DSL,Yes
8819-IMISP,0.5315,Medium Risk,No,New High-Spend,31,80.45,Month-to-month,Electronic check,Fiber optic,No
7802-EFKNY,0.5851,Medium Risk,Yes,New Budget,5,24.95,Month-to-month,Electronic check,DSL,No
8311-UEUAB,0.0428,Low Risk,No,Established High-Value,67,75.5,Two year,Electronic check,DSL,No
5858-EAFCZ,0.5216,Medium Risk,No,New Budget,1,44.45,Month-to-month,Mailed check,DSL,No
8035-BUYVG,0.0734,Low Risk,Yes,Established Budget,40,42.35,One year,Electronic check,DSL,No
1163-ONYEY,0.1282,Low Risk,No,Established High-Value,41,74.55,Month-to-month,Credit card (automatic),DSL,No
9787-XVQIU,0.7459,High Risk,Yes,New High-Spend,1,75.3,Month-to-month,Electronic check,Fiber optic,No
8945-MUQUF,0.1743,Low Risk,Yes,Established High-Value,51,94.8,One year,Electronic check,Fiber optic,No
5656-MJEFC,0.0303,Low Risk,No,Established High-Value,42,48.15,Two year,Credit card (automatic),DSL,Yes
6082-OQFBA,0.0296,Low Risk,No,New Budget,23,19.65,One year,Mailed check,No,No
8051-HJRLT,0.7436,High Risk,Yes,New High-Spend,1,70.55,Month-to-month,Electronic check,Fiber optic,No
8974-OVACP,0.3797,Medium Risk,No,New Budget,1,20.15,Month-to-month,Mailed check,No,No
4010-YLMVT,0.3237,Low Risk,No,Established High-Value,56,106.6,Month-to-month,Credit card (automatic),Fiber optic,No
1379-FRVEB,0.6608,High Risk,No,New High-Spend,15,91.0,Month-to-month,Electronic check,Fiber optic,No
8612-GXIDD,0.0304,Low Risk,No,New Budget,12,25.4,Two year,Bank transfer (automatic),No,No
6288-CHQJB,0.0288,Low Risk,No,Established High-Value,54,69.95,Two year,Bank transfer (automatic),DSL,Yes
8160-HOWOX,0.4357,Medium Risk,No,New High-Spend,7,66.85,Month-to-month,Electronic check,DSL,No
3023-GFLBR,0.3636,Medium Risk,Yes,New High-Spend,33,86.15,Month-to-month,Credit card (automatic),Fiber optic,No
6648-INWPS,0.0742,Low Risk,No,New Budget,16,20.15,Month-to-month,Electronic check,No,No
4223-BKEOR,0.0628,Low Risk,No,New High-Spend,21,64.85,One year,Mailed check,DSL,No
4079-VTGLK,0.0529,Low Risk,No,New High-Spend,30,74.85,Two year,Electronic check,DSL,No
1763-WQFUK,0.4304,Medium Risk,No,New Budget,3,50.5,Month-to-month,Mailed check,DSL,Yes
1391-UBDAR,0.5396,Medium Risk,No,New High-Spend,11,72.9,Month-to-month,Electronic check,Fiber optic,No
8894-JVDCV,0.1439,Low Risk,No,Established High-Value,62,115.05,One year,Credit card (automatic),Fiber optic,Yes
2023-VQFDL,0.0847,Low Risk,No,New Budget,18,19.0,Month-to-month,Electronic check,No,No
1345-GKDZZ,0.0805,Low Risk,No,New Budget,6,19.55,Month-to-month,Mailed check,No,No
2014-MKGMH,0.38,Medium Risk,No,Established High-Value,46,101.1,One year,Electronic check,Fiber optic,No
5628-FCGYG,0.5876,Medium Risk,No,New High-Spend,21,84.1,Month-to-month,Electronic check,Fiber optic,No
2560-WBWXF,0.0276,Low Risk,No,Established Budget,68,24.15,Two year,Bank transfer (automatic),No,No
0248-IPDFW,0.6625,High Risk,No,New Budget,1,50.1,Month-to-month,Electronic check,DSL,No
7978-DKUQH,0.5236,Medium Risk,No,New High-Spend,25,74.6,Month-to-month,Electronic check,Fiber optic,No
4335-UPJSI,0.0255,Low Risk,No,New Budget,24,19.75,Two year,Mailed check,No,No
0524-IAVZO,0.5641,Medium Risk,Yes,New High-Spend,30,85.0,Month-to-month,Electronic check,Fiber optic,No
2737-YNGYW,0.6734,High Risk,Yes,New High-Spend,2,80.55,Month-to-month,Electronic check,Fiber optic,No
1784-EZDKJ,0.3172,Low Risk,No,Established High-Value,51,106.8,One year,Bank transfer (automatic),Fiber optic,No
9297-FVVDH,0.0374,Low Risk,No,Established High-Value,57,84.5,Two year,Electronic check,DSL,Yes
8007-YYPWD,0.0299,Low Risk,No,New Budget,15,25.05,Two year,Bank transfer (automatic),No,No
7101-HRBLJ,0.0259,Low Risk,No,Established High-Value,72,83.7,Two year,Bank transfer (automatic),DSL,Yes
5159-YFPKQ,0.6837,High Risk,Yes,New High-Spend,2,75.8,Month-to-month,Electronic check,Fiber optic,No
6635-CPNUN,0.3566,Medium Risk,No,New High-Spend,28,96.6,Month-to-month,Credit card (automatic),Fiber optic,No
4021-RQSNY,0.6439,Medium Risk,Yes,New High-Spend,29,98.5,Month-to-month,Electronic check,Fiber optic,No
5453-YBTWV,0.0412,Low Risk,No,Established High-Value,70,101.1,Two year,Credit card (automatic),Fiber optic,Yes
5039-LZRQT,0.0323,Low Risk,No,New Budget,13,20.2,One year,Mailed check,No,No
2931-VUVJN,0.0758,Low Risk,No,Established High-Value,59,94.05,One year,Electronic check,Fiber optic,Yes
9061-TIHDA,0.7172,High Risk,Yes,New High-Spend,13,95.25,Month-to-month,Electronic check,Fiber optic,No
8699-ASUFO,0.6266,Medium Risk,Yes,New High-Spend,7,74.4,Month-to-month,Mailed check,Fiber optic,No
6418-PIQSP,0.0287,Low Risk,No,Established High-Value,62,81.0,Two year,Mailed check,DSL,Yes
8220-OCUFY,0.0741,Low Risk,No,New High-Spend,21,60.25,One year,Electronic check,DSL,Yes
3995-WFCSM,0.5247,Medium Risk,No,New High-Spend,2,60.85,Month-to-month,Electronic check,DSL,No
1895-QTKDO,0.5205,Medium Risk,No,New Budget,1,43.95,Month-to-month,Credit card (automatic),DSL,No
2038-OEQZH,0.6218,Medium Risk,No,New High-Spend,4,86.05,Month-to-month,Electronic check,Fiber optic,No
1178-PZGAB,0.0342,Low Risk,No,New Budget,19,20.25,One year,Credit card (automatic),No,No
7927-AUXBZ,0.4145,Medium Risk,Yes,New High-Spend,30,85.15,Month-to-month,Electronic check,Fiber optic,Yes
2626-VEEWG,0.0259,Low Risk,No,Established Budget,67,19.4,Two year,Credit card (automatic),No,No
2878-RMWXY,0.0364,Low Risk,No,Established High-Value,72,102.65,Two year,Credit card (automatic),Fiber optic,No
1657-DYMBM,0.0252,Low Risk,No,Established Budget,53,19.9,Two year,Credit card (automatic),No,No
7311-MQJCH,0.0502,Low Risk,No,New Budget,5,19.55,One year,Electronic check,No,No
7375-WMVMT,0.0389,Low Risk,No,Established High-Value,71,95.5,Two year,Credit card (automatic),Fiber optic,Yes
1136-XGEQU,0.0727,Low Risk,No,Established High-Value,50,84.15,One year,Credit card (automatic),DSL,Yes
2530-FMFXO,0.1349,Low Risk,No,Established High-Value,56,103.2,Two year,Electronic check,Fiber optic,Yes
6844-DZKRF,0.4252,Medium Risk,No,New Budget,2,50.2,Month-to-month,Credit card (automatic),DSL,Yes
4695-WJZUE,0.7383,High Risk,Yes,New High-Spend,2,88.55,Month-to-month,Electronic check,Fiber optic,No
7619-ODSGN,0.1439,Low Risk,Yes,New High-Spend,24,54.75,Month-to-month,Electronic check,DSL,No
5970-GHJAW,0.0256,Low Risk,No,Established Budget,46,19.95,Two year,Credit card (automatic),No,No
8879-XUAHX,0.052,Low Risk,No,Established High-Value,71,116.25,Two year,Electronic check,Fiber optic,Yes
3689-MOZGR,0.2303,Low Risk,No,New Budget,29,31.2,Month-to-month,Electronic check,DSL,Yes
4195-PNGZS,0.0249,Low Risk,No,Established Budget,69,24.45,Two year,Bank transfer (automatic),No,No
5003-XZWWO,0.0298,Low Risk,No,Established High-Value,71,84.2,Two year,Credit card (automatic),DSL,Yes
3988-RQIXO,0.7599,High Risk,Yes,New High-Spend,1,91.3,Month-to-month,Electronic check,Fiber optic,No
7622-FWGEW,0.0328,Low Risk,No,Established High-Value,56,85.65,Two year,Bank transfer (automatic),DSL,Yes
6922-NCEDI,0.0296,Low Risk,No,Established Budget,56,21.2,One year,Mailed check,No,No
2514-GINMM,0.7459,High Risk,Yes,New High-Spend,1,79.5,Month-to-month,Electronic check,Fiber optic,No
9891-NQDBD,0.0336,Low Risk,No,New Budget,28,25.55,One year,Mailed check,No,No
6131-IUNXN,0.0591,Low Risk,No,New Budget,19,20.2,Month-to-month,Mailed check,No,No
8548-AWOFC,0.0978,Low Risk,No,Established Budget,66,63.85,Month-to-month,Electronic check,DSL,Yes
9798-DRYDS,0.0609,Low Risk,No,New High-Spend,17,61.95,One year,Mailed check,DSL,Yes
8532-UEFWH,0.0255,Low Risk,No,Established Budget,52,25.75,Two year,Mailed check,No,No
6296-DDOOR,0.0891,Low Risk,No,New High-Spend,19,58.2,One year,Electronic check,DSL,No
7951-VRDVK,0.0704,Low Risk,No,Established High-Value,36,85.85,One year,Bank transfer (automatic),DSL,Yes
5931-FLJJF,0.5916,Medium Risk,Yes,New High-Spend,7,70.1,Month-to-month,Mailed check,Fiber optic,No
4815-YOSUK,0.0486,Low Risk,No,Established High-Value,72,104.9,One year,Credit card (automatic),Fiber optic,Yes
2659-VXMWZ,0.2252,Low Risk,Yes,Established High-Value,67,111.3,One year,Electronic check,Fiber optic,No
0380-NEAVX,0.3357,Low Risk,No,Established High-Value,34,99.85,One year,Electronic check,Fiber optic,No
3207-OYBWH,0.3284,Low Risk,Yes,Established High-Value,57,95.25,Month-to-month,Bank transfer (automatic),Fiber optic,No
4285-GYRQC,0.6727,High Risk,Yes,New High-Spend,7,86.25,Month-to-month,Electronic check,Fiber optic,No
7216-EWTRS,0.769,High Risk,Yes,New High-Spend,1,100.8,Month-to-month,Electronic check,Fiber optic,No
4365-MSDYN,0.1021,Low Risk,No,New Budget,8,19.55,Month-to-month,Bank transfer (automatic),No,No
7036-TYDEC,0.0924,Low Risk,No,Established High-Value,69,104.0,Two year,Electronic check,Fiber optic,Yes
5802-ADBRC,0.2405,Low Risk,No,Established High-Value,50,104.4,One year,Mailed check,Fiber optic,No
8076-FEZKJ,0.0357,Low Risk,No,New Budget,10,19.5,One year,Mailed check,No,No
5197-YPYBZ,0.032,Low Risk,No,New Budget,12,25.25,Two year,Credit card (automatic),No,No
8337-MSSXB,0.6384,Medium Risk,Yes,New High-Spend,14,86.3,Month-to-month,Electronic check,Fiber optic,No
4312-GVYNH,0.0303,Low Risk,No,Established High-Value,70,49.85,Two year,Bank transfer (automatic),DSL,Yes
8495-LJDFO,0.2296,Low Risk,No,Established High-Value,64,108.95,Month-to-month,Bank transfer (automatic),Fiber optic,Yes
0839-JTCUD,0.0303,Low Risk,No,Established High-Value,66,89.9,Two year,Credit card (automatic),DSL,Yes
5494-WOZRZ,0.0278,Low Risk,No,Established High-Value,71,82.0,Two year,Credit card (automatic),DSL,Yes
1302-UHBDD,0.5067,Medium Risk,No,New High-Spend,20,89.95,Month-to-month,Electronic check,Fiber optic,No
2234-EOFPT,0.0263,Low Risk,No,Established High-Value,72,79.35,Two year,Bank transfer (automatic),DSL,Yes
8619-IJNDK,0.0257,Low Risk,No,Established High-Value,71,64.05,Two year,Credit card (automatic),DSL,Yes
8378-LKJAF,0.4779,Medium Risk,No,Established High-Value,38,101.15,Month-to-month,Credit card (automatic),Fiber optic,No
8182-BJDSI,0.5666,Medium Risk,Yes,New High-Spend,28,89.95,Month-to-month,Electronic check,Fiber optic,No
2528-HFYZX,0.6032,Medium Risk,Yes,New High-Spend,17,76.45,Month-to-month,Electronic check,Fiber optic,No
1153-GNOLC,0.1042,Low Risk,No,Established Budget,33,39.1,One year,Electronic check,DSL,No
3298-QEICA,0.0287,Low Risk,No,New Budget,23,34.6,Two year,Mailed check,DSL,Yes
0788-DXBFY,0.0394,Low Risk,No,Established Budget,58,19.55,One year,Electronic check,No,No
3597-YASZG,0.0756,Low Risk,No,Established High-Value,70,104.45,Two year,Bank transfer (automatic),Fiber optic,Yes
3496-LFSZU,0.5756,Medium Risk,No,New High-Spend,4,70.5,Month-to-month,Electronic check,Fiber optic,No
5242-UOWHD,0.0249,Low Risk,No,Established Budget,45,20.35,Two year,Mailed check,No,No
2482-CZGBB,0.5902,Medium Risk,Yes,New High-Spend,10,70.0,Month-to-month,Electronic check,Fiber optic,No
6479-SZPLM,0.0252,Low Risk,No,Established Budget,36,19.45,Two year,Credit card (automatic),No,No
8097-VBQTZ,0.0643,Low Risk,No,Established High-Value,54,69.9,Month-to-month,Mailed check,DSL,Yes
4500-HKANN,0.03,Low Risk,No,New High-Spend,23,59.7,Two year,Mailed check,DSL,Yes
9917-KWRBE,0.0571,Low Risk,No,Established High-Value,41,78.35,One year,Credit card (automatic),DSL,No
3420-ZDBMA,0.602,Medium Risk,No,New High-Spend,5,71.45,Month-to-month,Mailed check,Fiber optic,No
2212-LYASK,0.0872,Low Risk,No,New High-Spend,27,45.85,One year,Credit card (automatic),DSL,No
1393-IMKZG,0.7353,High Risk,No,New High-Spend,1,95.85,Month-to-month,Electronic check,Fiber optic,Yes
8069-RHUXK,0.0263,Low Risk,No,Established Budget,67,35.7,Two year,Credit card (automatic),DSL,Yes
3398-GCPMU,0.0278,Low Risk,No,Established High-Value,72,89.55,Two year,Credit card (automatic),DSL,Yes
2908-WGAXL,0.026,Low Risk,No,Established Budget,56,24.95,Two year,Credit card (automatic),No,No
3378-AJRAO,0.0395,Low Risk,No,Established Budget,44,24.85,One year,Electronic check,No,No
1013-QCWAM,0.4817,Medium Risk,No,Established High-Value,66,100.8,Month-to-month,Electronic check,Fiber optic,No
0866-QLSIR,0.0434,Low Risk,Yes,New High-Spend,34,64.4,One year,Mailed check,DSL,Yes
6050-FFXES,0.0729,Low Risk,No,Established High-Value,69,105.35,Two year,Bank transfer (automatic),Fiber optic,Yes
7181-BQYBV,0.7427,High Risk,Yes,New High-Spend,1,102.45,Month-to-month,Electronic check,Fiber optic,No
0362-RAOQO,0.0253,Low Risk,No,Established Budget,40,19.65,Two year,Credit card (automatic),No,No
9554-DFKIC,0.1142,Low Risk,No,New High-Spend,30,54.45,Month-to-month,Bank transfer (automatic),DSL,No
5527-ACHSO,0.1771,Low Risk,No,New High-Spend,11,70.5,Month-to-month,Mailed check,DSL,Yes
0829-DDVLK,0.0367,Low Risk,No,New Budget,15,20.1,One year,Credit card (automatic),No,No
1399-UBQIU,0.4027,Medium Risk,No,New High-Spend,11,69.35,Month-to-month,Electronic check,DSL,No
1813-JLKWR,0.0276,Low Risk,No,Established Budget,64,19.8,One year,Bank transfer (automatic),No,No
0336-PIKEI,0.0267,Low Risk,No,Established High-Value,72,74.4,Two year,Bank transfer (automatic),DSL,Yes
7322-OCWHC,0.0277,Low Risk,No,Established High-Value,72,93.05,Two year,Bank transfer (automatic),Fiber optic,Yes
9537-VHDTA,0.4576,Medium Risk,No,New Budget,1,51.2,Month-to-month,Mailed check,DSL,No
4957-TIALW,0.0457,Low Risk,No,New High-Spend,15,65.6,One year,Credit card (automatic),DSL,Yes
2054-PJOCK,0.0641,Low Risk,No,Established High-Value,60,80.55,One year,Credit card (automatic),DSL,Yes
9150-HEPMB,0.0351,Low Risk,No,Established Budget,56,52.7,One year,Mailed check,DSL,No
9030-QGZNL,0.0299,Low Risk,No,New Budget,8,20.85,Two year,Mailed check,No,No
6204-IEUXJ,0.5605,Medium Risk,Yes,New High-Spend,3,80.1,Month-to-month,Credit card (automatic),Fiber optic,Yes
3126-WQMGH,0.1183,Low Risk,No,Established Budget,49,52.15,Month-to-month,Credit card (automatic),DSL,No
4529-CKBCL,0.6998,High Risk,Yes,New High-Spend,2,80.2,Month-to-month,Electronic check,Fiber optic,No
2506-CLAKW,0.61,Medium Risk,Yes,New High-Spend,6,98.15,Month-to-month,Bank transfer (automatic),Fiber optic,Yes
7176-WRTNX,0.0791,Low Risk,No,Established High-Value,70,114.95,Two year,Bank transfer (automatic),Fiber optic,Yes
1583-IHQZE,0.6297,Medium Risk,Yes,Established High-Value,12,112.95,Month-to-month,Mailed check,Fiber optic,Yes
5732-IKGQH,0.2192,Low Risk,No,Established High-Value,52,104.45,One year,Bank transfer (automatic),Fiber optic,Yes
9239-GZHZE,0.032,Low Risk,No,Established High-Value,72,113.65,Two year,Credit card (automatic),Fiber optic,Yes
7205-BAIAD,0.027,Low Risk,No,Established Budget,40,20.6,Two year,Bank transfer (automatic),No,No
0151-ONTOV,0.6733,High Risk,Yes,New High-Spend,1,70.9,Month-to-month,Mailed check,Fiber optic,No
4140-MUHUG,0.6932,High Risk,Yes,New High-Spend,3,86.85,Month-to-month,Electronic check,Fiber optic,No
0093-EXYQL,0.5588,Medium Risk,No,New High-Spend,40,91.55,Month-to-month,Electronic check,Fiber optic,No
8064-RAVOH,0.6477,Medium Risk,No,New Budget,1,49.85,Month-to-month,Electronic check,DSL,No
0219-QAERP,0.0307,Low Risk,No,New Budget,30,19.8,One year,Credit card (automatic),No,No
0320-JDNQG,0.4804,Medium Risk,Yes,Established High-Value,23,99.85,Month-to-month,Electronic check,Fiber optic,Yes
7180-PISOG,0.7433,High Risk,Yes,New High-Spend,1,74.5,Month-to-month,Electronic check,Fiber optic,No
9168-INPSZ,0.4537,Medium Risk,No,Established High-Value,44,104.15,Month-to-month,Electronic check,Fiber optic,Yes
3571-RFHAR,0.4054,Medium Risk,Yes,Established High-Value,65,109.15,Month-to-month,Electronic check,Fiber optic,Yes
0015-UOCOJ,0.3468,Low Risk,No,New Budget,7,48.2,Month-to-month,Electronic check,DSL,No
5334-AFQJB,0.0254,Low Risk,No,Established Budget,72,25.1,Two year,Credit card (automatic),No,No
2754-SDJRD,0.6886,High Risk,No,New High-Spend,8,100.15,Month-to-month,Credit card (automatic),Fiber optic,Yes
9578-VRMNM,0.3062,Low Risk,Yes,New High-Spend,16,65.2,Month-to-month,Credit card (automatic),DSL,No
1587-FKLZB,0.426,Medium Risk,Yes,Established High-Value,66,99.5,Month-to-month,Credit card (automatic),Fiber optic,No
6140-QNRQQ,0.7066,High Risk,Yes,New High-Spend,1,71.55,Month-to-month,Mailed check,Fiber optic,No
8963-JLGJT,0.2915,Low Risk,No,New High-Spend,3,55.9,Month-to-month,Mailed check,DSL,No
4307-KTUMW,0.2877,Low Risk,Yes,Established High-Value,53,93.9,Month-to-month,Electronic check,Fiber optic,No
1465-LNTLJ,0.2376,Low Risk,No,New High-Spend,8,64.4,Month-to-month,Credit card (automatic),DSL,Yes
5440-FLBQG,0.1078,Low Risk,Yes,Established High-Value,69,108.4,Two year,Bank transfer (automatic),Fiber optic,Yes
2135-DQWAQ,0.6432,Medium Risk,No,New High-Spend,5,85.3,Month-to-month,Mailed check,Fiber optic,No
4056-QHXHZ,0.0329,Low Risk,No,Established High-Value,72,107.45,Two year,Mailed check,Fiber optic,Yes
7470-MCQTK,0.4122,Medium Risk,Yes,New High-Spend,13,48.75,Month-to-month,Bank transfer (automatic),DSL,No
7488-MXJIV,0.6991,High Risk,Yes,New High-Spend,4,85.65,Month-to-month,Electronic check,Fiber optic,No
7401-JIXNM,0.0309,Low Risk,No,Established High-Value,54,91.3,Two year,Credit card (automatic),DSL,Yes
9339-FIIJL,0.0282,Low Risk,No,Established High-Value,72,85.95,Two year,Bank transfer (automatic),DSL,Yes
2027-FECZV,0.7068,High Risk,Yes,New High-Spend,12,106.7,Month-to-month,Electronic check,Fiber optic,No
2672-DZUOY,0.6768,High Risk,Yes,New Budget,1,25.15,Month-to-month,Electronic check,DSL,No
4706-DGAHW,0.6307,Medium Risk,No,New Budget,1,45.2,Month-to-month,Electronic check,DSL,No
3870-MQAMG,0.2698,Low Risk,Yes,Established High-Value,54,110.35,One year,Electronic check,Fiber optic,Yes
6670-MFRPK,0.0342,Low Risk,No,Established Budget,69,79.2,Two year,Credit card (automatic),Fiber optic,No
6177-PEVRA,0.0305,Low Risk,No,Established Budget,48,55.5,Two year,Credit card (automatic),DSL,No
4800-CZMPC,0.2417,Low Risk,Yes,Established High-Value,48,103.25,One year,Credit card (automatic),Fiber optic,No
4813-HQMGZ,0.6591,High Risk,No,New High-Spend,8,90.25,Month-to-month,Electronic check,Fiber optic,Yes
7579-KKLOE,0.0275,Low Risk,No,Established High-Value,71,91.25,Two year,Mailed check,DSL,Yes
7377-DMMRI,0.5507,Medium Risk,Yes,New Budget,2,47.8,Month-to-month,Electronic check,DSL,No
8402-EIVQS,0.1493,Low Risk,No,Established High-Value,67,100.9,One year,Credit card (automatic),Fiber optic,No
4947-DSMXK,0.4302,Medium Risk,No,Established High-Value,34,97.7,Month-to-month,Bank transfer (automatic),Fiber optic,No
7245-NIIWQ,0.6684,High Risk,No,New High-Spend,3,69.85,Month-to-month,Electronic check,Fiber optic,No
0002-ORFBO,0.0772,Low Risk,No,New High-Spend,9,65.6,One year,Mailed check,DSL,Yes
3324-OIRTO,0.0838,Low Risk,No,Established High-Value,71,104.65,One year,Bank transfer (automatic),Fiber optic,No
5414-OFQCB,0.0374,Low Risk,No,Established High-Value,57,90.45,Two year,Credit card (automatic),Fiber optic,Yes
4967-WPNCF,0.0268,Low Risk,No,Established High-Value,72,63.7,Two year,Bank transfer (automatic),DSL,Yes
8552-OBVRU,0.3886,Medium Risk,No,Established High-Value,48,104.5,Month-to-month,Electronic check,Fiber optic,Yes
8499-BRXTD,0.0313,Low Risk,No,New Budget,18,20.1,One year,Mailed check,No,No
9154-QDGTH,0.2616,Low Risk,No,Established High-Value,43,104.3,One year,Credit card (automatic),Fiber optic,Yes
8197-BFWVU,0.0276,Low Risk,No,Established High-Value,72,93.25,Two year,Bank transfer (automatic),DSL,Yes
2577-GVSIL,0.0925,Low Risk,No,New High-Spend,35,73.45,One year,Bank transfer (automatic),DSL,Yes
9367-OIUXP,0.095,Low Risk,No,New Budget,4,20.7,Month-to-month,Mailed check,No,No
6770-UAYGJ,0.026,Low Risk,No,Established Budget,49,25.25,Two year,Mailed check,No,No
6463-HHXJR,0.0334,Low Risk,No,Established High-Value,71,100.5,Two year,Bank transfer (automatic),Fiber optic,No
7928-VJYAB,0.6223,Medium Risk,No,New High-Spend,11,90.6,Month-to-month,Electronic check,Fiber optic,No
1187-WILMM,0.0301,Low Risk,No,Established High-Value,63,89.4,Two year,Credit card (automatic),DSL,Yes
9776-OJUZI,0.2857,Low Risk,No,Established High-Value,65,95.45,Month-to-month,Bank transfer (automatic),Fiber optic,No
1306-RPWXZ,0.025,Low Risk,No,Established Budget,49,20.45,Two year,Credit card (automatic),No,No
8949-JTMAY,0.5371,Medium Risk,Yes,New High-Spend,29,98.6,Month-to-month,Credit card (automatic),Fiber optic,No
2774-LVQUS,0.6232,Medium Risk,Yes,New High-Spend,15,83.05,Month-to-month,Electronic check,Fiber optic,Yes
3097-PYWXL,0.1924,Low Risk,No,New Budget,4,19.95,Month-to-month,Electronic check,No,No
2266-SJNAT,0.0753,Low Risk,No,Established High-Value,72,109.15,One year,Credit card (automatic),Fiber optic,Yes
0869-PAPRP,0.4294,Medium Risk,No,New High-Spend,26,85.7,Month-to-month,Credit card (automatic),Fiber optic,No
4238-JSSWH,0.4049,Medium Risk,No,Established High-Value,35,102.05,Month-to-month,Bank transfer (automatic),Fiber optic,No
2972-YDYUW,0.1253,Low Risk,No,Established High-Value,57,94.7,One year,Electronic check,Fiber optic,Yes
1104-FEJAM,0.1719,Low Risk,No,New High-Spend,28,64.4,Month-to-month,Electronic check,DSL,No
2809-ILCYT,0.0433,Low Risk,No,New Budget,25,26.8,One year,Mailed check,No,No
5499-ECUTN,0.053,Low Risk,No,Established High-Value,47,66.05,One year,Credit card (automatic),DSL,No
4981-FLTMF,0.0619,Low Risk,No,Established High-Value,57,65.2,Month-to-month,Bank transfer (automatic),DSL,Yes
9121-PHQSR,0.5835,Medium Risk,No,New High-Spend,16,85.05,Month-to-month,Credit card (automatic),Fiber optic,No
3113-IWHLC,0.3337,Low Risk,No,New High-Spend,5,55.8,Month-to-month,Mailed check,DSL,No
3211-ILJTT,0.4265,Medium Risk,Yes,New High-Spend,17,70.4,Month-to-month,Bank transfer (automatic),Fiber optic,No
4612-THJBS,0.2483,Low Risk,Yes,Established High-Value,56,104.75,One year,Bank transfer (automatic),Fiber optic,No
4277-BWBML,0.0245,Low Risk,No,Established Budget,72,19.95,Two year,Bank transfer (automatic),No,No
4094-NSEDU,0.6537,High Risk,Yes,New High-Spend,21,94.25,Month-to-month,Electronic check,Fiber optic,No
0234-TEVTT,0.0537,Low Risk,No,Established Budget,48,45.0,One year,Credit card (automatic),DSL,No
4304-TSPVK,0.0707,Low Risk,No,Established High-Value,68,114.9,Two year,Bank transfer (automatic),Fiber optic,Yes
1552-AAGRX,0.358,Medium Risk,No,Established High-Value,30,106.4,Month-to-month,Bank transfer (automatic),Fiber optic,Yes
2637-FKFSY,0.4699,Medium Risk,No,New Budget,3,46.1,Month-to-month,Mailed check,DSL,No
9796-MVYXX,0.0362,Low Risk,No,New High-Spend,14,39.7,Two year,Mailed check,DSL,Yes
7874-ECPQJ,0.1425,Low Risk,No,New Budget,4,20.05,Month-to-month,Bank transfer (automatic),No,No
0020-INWCK,0.0409,Low Risk,No,Established High-Value,71,95.75,Two year,Credit card (automatic),Fiber optic,No
7089-RKVSZ,0.0375,Low Risk,No,New Budget,8,24.4,One year,Mailed check,No,No
2683-JXWQQ,0.0647,Low Risk,No,Established Budget,61,33.6,Month-to-month,Bank transfer (automatic),DSL,No
9548-ZMVTX,0.027,Low Risk,No,Established High-Value,72,90.45,Two year,Bank transfer (automatic),Fiber optic,Yes
8739-XNIKG,0.7114,High Risk,No,New High-Spend,5,84.0,Month-to-month,Electronic check,Fiber optic,No
9755-JHNMN,0.0306,Low Risk,No,Established High-Value,49,67.4,Two year,Bank transfer (automatic),DSL,Yes
3981-QSVQI,0.0968,Low Risk,No,New Budget,8,19.7,Month-to-month,Bank transfer (automatic),No,No
2789-HQBOU,0.6781,High Risk,No,New High-Spend,3,80.35,Month-to-month,Electronic check,Fiber optic,No
9424-CMPOG,0.0277,Low Risk,No,New Budget,9,19.6,Two year,Mailed check,No,No
5067-WJEUN,0.0264,Low Risk,No,Established Budget,67,54.2,Two year,Bank transfer (automatic),DSL,No
3450-WXOAT,0.1225,Low Risk,No,Established Budget,46,45.2,Month-to-month,Credit card (automatic),DSL,No
9251-WNSOD,0.0457,Low Risk,No,Established High-Value,67,75.1,One year,Mailed check,DSL,No
6974-DAFLI,0.0333,Low Risk,No,Established Budget,55,19.7,One year,Electronic check,No,No
2616-UUTFK,0.1273,Low Risk,No,Established High-Value,33,72.75,Month-to-month,Bank transfer (automatic),DSL,No
7064-JHXCE,0.0243,Low Risk,No,Established Budget,62,20.05,Two year,Credit card (automatic),No,No
5103-MHMHY,0.521,Medium Risk,Yes,New Budget,1,45.95,Month-to-month,Mailed check,DSL,No
7989-AWGEH,0.1965,Low Risk,No,Established Budget,49,39.2,Month-to-month,Electronic check,DSL,No
4373-VVHQL,0.6562,High Risk,No,New Budget,1,44.75,Month-to-month,Electronic check,DSL,No
4559-UWIHT,0.6426,Medium Risk,No,New High-Spend,14,82.65,Month-to-month,Electronic check,Fiber optic,No
7268-IGMFD,0.4075,Medium Risk,No,New High-Spend,18,93.9,Month-to-month,Bank transfer (automatic),Fiber optic,Yes
1846-XWOQN,0.744,High Risk,Yes,New High-Spend,1,70.15,Month-to-month,Electronic check,Fiber optic,No
0235-KGSLC,0.7245,High Risk,Yes,New High-Spend,1,85.55,Month-to-month,Credit card (automatic),Fiber optic,No
6650-BWFRT,0.0325,Low Risk,No,Established High-Value,72,117.15,Two year,Credit card (automatic),Fiber optic,Yes
9570-KYEUA,0.0508,Low Risk,No,Established High-Value,64,99.25,Two year,Credit card (automatic),Fiber optic,Yes
6993-YGFJV,0.0769,Low Risk,No,Established High-Value,69,112.55,Two year,Bank transfer (automatic),Fiber optic,Yes
2712-SYWAY,0.5009,Medium Risk,No,New Budget,1,25.7,Month-to-month,Electronic check,No,No
0730-BGQGF,0.0281,Low Risk,No,Established High-Value,71,90.3,Two year,Credit card (automatic),DSL,Yes
5498-IBWPI,0.0392,Low Risk,No,Established Budget,66,49.4,One year,Credit card (automatic),DSL,Yes
9101-NTIXF,0.1286,Low Risk,No,New Budget,2,19.4,Month-to-month,Mailed check,No,No
0013-SMEOE,0.0375,Low Risk,No,Established High-Value,71,109.7,Two year,Bank transfer (automatic),Fiber optic,Yes
9314-QDMDW,0.1142,Low Risk,No,New High-Spend,11,61.25,One year,Electronic check,DSL,No
9308-ANMVE,0.1358,Low Risk,No,Established Budget,47,55.3,Month-to-month,Electronic check,DSL,No
2884-GBPFB,0.5135,Medium Risk,Yes,New High-Spend,35,70.3,Month-to-month,Electronic check,Fiber optic,No
3757-NJYBX,0.4511,Medium Risk,Yes,Established High-Value,32,106.35,Month-to-month,Bank transfer (automatic),Fiber optic,No
3413-DHLPB,0.2276,Low Risk,No,Established High-Value,60,103.75,Month-to-month,Bank transfer (automatic),Fiber optic,Yes
7649-PHJVR,0.0345,Low Risk,No,New Budget,11,19.5,One year,Mailed check,No,No
6114-TCFID,0.0422,Low Risk,No,New High-Spend,29,39.5,One year,Credit card (automatic),DSL,Yes
3787-TRIAL,0.2544,Low Risk,No,New Budget,21,26.05,Month-to-month,Electronic check,DSL,No
2573-GYRUU,0.4067,Medium Risk,No,Established High-Value,48,91.05,Month-to-month,Credit card (automatic),Fiber optic,No
5156-UMKOW,0.3855,Medium Risk,No,New Budget,3,29.65,Month-to-month,Mailed check,DSL,No
1247-QBVSH,0.0896,Low Risk,No,Established Budget,43,50.2,Month-to-month,Mailed check,DSL,No
6734-GMPVK,0.692,High Risk,No,New High-Spend,5,105.3,Month-to-month,Electronic check,Fiber optic,No
9822-OAOVB,0.6712,High Risk,No,New Budget,1,55.45,Month-to-month,Electronic check,DSL,No
6161-ERDGD,0.0563,Low Risk,No,Established High-Value,71,85.45,One year,Electronic check,DSL,Yes
1226-JZNKR,0.048,Low Risk,No,New Budget,8,19.8,One year,Electronic check,No,No
7318-EIVKO,0.44,Medium Risk,No,New High-Spend,8,59.25,Month-to-month,Electronic check,DSL,No
3771-PZOBW,0.4605,Medium Risk,No,New High-Spend,20,90.7,Month-to-month,Credit card (automatic),Fiber optic,No
5136-KCKGI,0.255,Low Risk,Yes,Established High-Value,33,103.7,One year,Mailed check,Fiber optic,No
8231-BSWXX,0.0406,Low Risk,No,Established Budget,71,79.05,One year,Credit card (automatic),Fiber optic,No
6486-LHTMA,0.2538,Low Risk,No,New High-Spend,31,90.7,One year,Electronic check,Fiber optic,No
4083-BFNYK,0.1449,Low Risk,No,Established High-Value,38,95.0,One year,Credit card (automatic),Fiber optic,No
3722-WPXTK,0.7511,High Risk,Yes,New High-Spend,1,88.35,Month-to-month,Electronic check,Fiber optic,No
7389-KBFIT,0.4923,Medium Risk,No,New Budget,2,30.25,Month-to-month,Mailed check,DSL,No
7176-WIONM,0.3548,Medium Risk,No,New High-Spend,12,49.85,Month-to-month,Bank transfer (automatic),DSL,No
5141-ZUVBH,0.5076,Medium Risk,No,New High-Spend,9,93.0,Month-to-month,Bank transfer (automatic),Fiber optic,Yes
1089-HDMKP,0.3045,Low Risk,No,New High-Spend,11,54.55,Month-to-month,Electronic check,DSL,Yes
7623-HKYRK,0.0686,Low Risk,No,New Budget,6,19.7,Month-to-month,Mailed check,No,No
0310-SUCIN,0.0413,Low Risk,No,Established High-Value,71,84.8,One year,Bank transfer (automatic),DSL,Yes
5197-PYEPU,0.0854,Low Risk,No,Established High-Value,42,94.45,One year,Credit card (automatic),Fiber optic,No
2929-ERCFZ,0.6903,High Risk,Yes,New High-Spend,8,94.2,Month-to-month,Electronic check,Fiber optic,No
7548-SEPYI,0.714,High Risk,Yes,New High-Spend,5,96.25,Month-to-month,Electronic check,Fiber optic,No
8835-VSDSE,0.7026,High Risk,Yes,New High-Spend,2,70.7,Month-to-month,Electronic check,Fiber optic,No
6619-RPLQZ,0.0265,Low Risk,No,Established Budget,45,20.85,Two year,Mailed check,No,No
3275-RHRNE,0.0947,Low Risk,No,Established High-Value,28,60.0,One year,Credit card (automatic),DSL,Yes
3503-TYDAY,0.3624,Medium Risk,No,New High-Spend,43,80.45,Month-to-month,Electronic check,Fiber optic,No
6901-GOGZG,0.0367,Low Risk,No,Established High-Value,60,84.95,Two year,Electronic check,DSL,Yes
1623-NLDOT,0.0432,Low Risk,Yes,Established Budget,42,33.55,One year,Mailed check,DSL,Yes
7021-XSNYE,0.0379,Low Risk,No,New High-Spend,7,49.65,Two year,Credit card (automatic),DSL,Yes
9621-OUPYD,0.0348,Low Risk,No,New Budget,25,20.2,One year,Bank transfer (automatic),No,No
9898-KZQDZ,0.4573,Medium Risk,Yes,New High-Spend,40,94.55,Month-to-month,Credit card (automatic),Fiber optic,No
8982-NHAVY,0.306,Low Risk,No,New High-Spend,27,100.5,One year,Bank transfer (automatic),Fiber optic,No
4307-KWMXE,0.2178,Low Risk,No,New Budget,10,35.75,Month-to-month,Electronic check,DSL,Yes
0141-YEAYS,0.4501,Medium Risk,No,New High-Spend,27,86.45,Month-to-month,Bank transfer (automatic),Fiber optic,No
2450-ZKEED,0.0543,Low Risk,No,New High-Spend,11,53.8,One year,Bank transfer (automatic),DSL,Yes
3694-DELSO,0.3539,Medium Risk,No,New Budget,4,38.55,Month-to-month,Credit card (automatic),DSL,No
3893-JRNFS,0.1347,Low Risk,No,Established Budget,68,39.9,Month-to-month,Bank transfer (automatic),DSL,No
9603-OAIHC,0.7441,High Risk,No,New High-Spend,1,70.05,Month-to-month,Electronic check,Fiber optic,No
1133-KXCGE,0.0319,Low Risk,No,New Budget,18,20.1,One year,Mailed check,No,No
5236-PERKL,0.1082,Low Risk,Yes,Established High-Value,57,112.95,Two year,Bank transfer (automatic),Fiber optic,No
0142-GVYSN,0.0983,Low Risk,No,New Budget,26,20.3,Month-to-month,Electronic check,No,No
1049-FYSYG,0.21,Low Risk,No,New Budget,17,35.65,Month-to-month,Credit card (automatic),DSL,No
7854-FOKSF,0.6411,Medium Risk,Yes,New Budget,1,35.9,Month-to-month,Electronic check,DSL,No
2519-FAKOD,0.4478,Medium Risk,Yes,Established High-Value,38,99.25,Month-to-month,Bank transfer (automatic),Fiber optic,No
8406-LNMHF,0.0498,Low Risk,No,Established High-Value,59,82.95,One year,Credit card (automatic),Fiber optic,No
1821-BUCWY,0.0317,Low Risk,No,New High-Spend,30,55.65,Two year,Mailed check,DSL,No
8263-JQAIK,0.6108,Medium Risk,Yes,New Budget,2,24.45,Month-to-month,Mailed check,DSL,No
0023-UYUPN,0.0395,Low Risk,No,Established Budget,50,25.2,One year,Electronic check,No,No
8314-DPQHL,0.0757,Low Risk,No,New High-Spend,9,50.8,One year,Mailed check,DSL,Yes
1465-WCZVT,0.1297,Low Risk,No,New Budget,3,19.65,Month-to-month,Mailed check,No,No
9481-SFCQY,0.2543,Low Risk,No,New High-Spend,14,59.8,Month-to-month,Credit card (automatic),DSL,No
6360-SVNWV,0.3423,Low Risk,No,New High-Spend,31,73.55,Month-to-month,Credit card (automatic),Fiber optic,No
0567-GGCAC,0.1817,Low Risk,No,New High-Spend,7,61.4,Month-to-month,Electronic check,DSL,No
7089-IVVAZ,0.6696,High Risk,Yes,New High-Spend,8,103.35,Month-to-month,Bank transfer (automatic),Fiber optic,Yes
8884-MRNSU,0.0363,Low Risk,No,New Budget,17,19.9,One year,Bank transfer (automatic),No,No
2171-UDMFD,0.0564,Low Risk,No,New Budget,32,19.45,Month-to-month,Credit card (automatic),No,No
9050-IKDZA,0.6686,High Risk,No,New High-Spend,2,81.5,Month-to-month,Mailed check,Fiber optic,No
2205-YMZZJ,0.6914,High Risk,Yes,New High-Spend,7,84.8,Month-to-month,Electronic check,Fiber optic,No
9802-CAQUT,0.0332,Low Risk,No,Established High-Value,72,109.55,Two year,Credit card (automatic),Fiber optic,No
1254-IZEYF,0.6252,Medium Risk,Yes,New High-Spend,31,99.95,Month-to-month,Electronic check,Fiber optic,No
0187-WZNAB,0.2098,Low Risk,No,New High-Spend,27,74.4,Month-to-month,Mailed check,Fiber optic,No
9492-TOKRI,0.465,Medium Risk,Yes,New High-Spend,18,90.0,Month-to-month,Credit card (automatic),Fiber optic,No
1475-VWVDO,0.6486,Medium Risk,No,New High-Spend,7,74.9,Month-to-month,Electronic check,Fiber optic,No
9221-OTIVJ,0.7036,High Risk,Yes,New High-Spend,14,104.85,Month-to-month,Electronic check,Fiber optic,No
1357-MVDOZ,0.2422,Low Risk,No,New High-Spend,11,59.65,Month-to-month,Bank transfer (automatic),DSL,No
7602-MVRMB,0.0335,Low Risk,No,Established High-Value,72,110.45,Two year,Bank transfer (automatic),Fiber optic,Yes
3325-FUYCG,0.2414,Low Risk,Yes,Established High-Value,28,106.1,One year,Electronic check,Fiber optic,No
5908-QMGOE,0.5768,Medium Risk,Yes,New High-Spend,15,74.2,Month-to-month,Credit card (automatic),Fiber optic,No
1197-BVMVG,0.7011,High Risk,No,New High-Spend,4,74.45,Month-to-month,Electronic check,Fiber optic,No
5406-KGRMX,0.0287,Low Risk,No,Established Budget,71,24.55,Two year,Electronic check,No,No
8481-YYXWG,0.6419,Medium Risk,Yes,New High-Spend,5,89.35,Month-to-month,Electronic check,Fiber optic,Yes
5968-HYJRZ,0.0258,Low Risk,No,Established Budget,47,24.55,Two year,Mailed check,No,No
5198-EFNBM,0.1362,Low Risk,No,Established High-Value,57,90.65,One year,Electronic check,Fiber optic,No
7516-GMHUV,0.111,Low Risk,No,Established High-Value,50,105.05,Two year,Credit card (automatic),Fiber optic,No
7140-ADSMJ,0.1107,Low Risk,No,New Budget,8,20.45,Month-to-month,Credit card (automatic),No,No
2230-XTUWL,0.0258,Low Risk,No,Established Budget,48,19.55,Two year,Mailed check,No,No
7706-YLMQA,0.0286,Low Risk,No,Established Budget,70,19.7,One year,Bank transfer (automatic),No,No
2585-KTFRE,0.4684,Medium Risk,No,New High-Spend,1,70.45,Month-to-month,Bank transfer (automatic),DSL,Yes
7994-UYIVZ,0.6311,Medium Risk,No,New High-Spend,8,85.65,Month-to-month,Bank transfer (automatic),Fiber optic,No
2609-IAICY,0.747,High Risk,Yes,New High-Spend,1,77.15,Month-to-month,Electronic check,Fiber optic,No
1740-CSDJP,0.6455,Medium Risk,Yes,New Budget,1,35.25,Month-to-month,Bank transfer (automatic),DSL,No
7717-BICXI,0.0248,Low Risk,No,Established Budget,60,20.55,Two year,Mailed check,No,No
6559-RAKOZ,0.2715,Low Risk,No,Established High-Value,49,97.95,One year,Electronic check,Fiber optic,Yes
2636-OHFMN,0.5974,Medium Risk,Yes,New High-Spend,4,48.55,Month-to-month,Electronic check,DSL,No
4716-MRVEN,0.0293,Low Risk,No,New Budget,29,20.0,One year,Mailed check,No,No
2143-LJULT,0.0255,Low Risk,No,Established Budget,67,25.25,Two year,Credit card (automatic),No,No
1323-OOEPC,0.3589,Medium Risk,Yes,Established High-Value,53,98.4,Month-to-month,Credit card (automatic),Fiber optic,No
3200-MNQTF,0.0283,Low Risk,No,Established High-Value,67,70.9,Two year,Credit card (automatic),DSL,Yes
6164-HXUGH,0.1081,Low Risk,No,New Budget,6,19.85,Month-to-month,Mailed check,No,No
5630-IXDXV,0.5354,Medium Risk,No,Established High-Value,47,106.35,Month-to-month,Electronic check,Fiber optic,No
0320-DWVTU,0.0469,Low Risk,No,Established High-Value,53,99.5,Two year,Mailed check,Fiber optic,Yes
9135-MGVPY,0.0287,Low Risk,No,Established High-Value,69,84.7,Two year,Mailed check,DSL,Yes
1212-GLHMD,0.5478,Medium Risk,No,New High-Spend,3,86.05,Month-to-month,Mailed check,Fiber optic,No
7878-JGDKK,0.3408,Low Risk,No,New Budget,4,44.55,Month-to-month,Mailed check,DSL,No
1088-AUUZZ,0.0304,Low Risk,No,Established High-Value,56,75.85,Two year,Credit card (automatic),DSL,Yes
0397-GZBBC,0.343,Low Risk,Yes,Established High-Value,59,93.85,Month-to-month,Bank transfer (automatic),Fiber optic,No
6614-YWYSC,0.0266,Low Risk,No,Established Budget,61,25.0,Two year,Bank transfer (automatic),No,No
9588-OZDMQ,0.6263,Medium Risk,No,New Budget,2,45.0,Month-to-month,Electronic check,DSL,No
7641-EUYET,0.4533,Medium Risk,Yes,Established High-Value,46,100.7,Month-to-month,Electronic check,Fiber optic,No
6476-EPYZR,0.0607,Low Risk,No,New Budget,12,20.5,Month-to-month,Mailed check,No,No
9921-ZVRHG,0.6458,Medium Risk,Yes,New High-Spend,14,80.45,Month-to-month,Electronic check,Fiber optic,No
1174-FGIFN,0.199,Low Risk,No,New High-Spend,28,90.45,One year,Electronic check,Fiber optic,Yes
6620-HVDUJ,0.0899,Low Risk,No,New High-Spend,24,60.45,Month-to-month,Bank transfer (automatic),DSL,Yes
4701-MLJPN,0.209,Low Risk,Yes,New High-Spend,31,55.25,Month-to-month,Electronic check,DSL,Yes
1032-MAELW,0.0556,Low Risk,No,Established High-Value,68,78.45,One year,Electronic check,DSL,Yes
7641-TQFHN,0.0624,Low Risk,No,Established High-Value,39,100.55,Two year,Mailed check,Fiber optic,Yes
1552-TKMXS,0.0445,Low Risk,No,Established Budget,42,20.35,Month-to-month,Credit card (automatic),No,No
9206-GVPEQ,0.371,Medium Risk,Yes,New High-Spend,13,54.45,Month-to-month,Electronic check,DSL,Yes
8622-ZLFKO,0.6836,High Risk,No,New High-Spend,6,90.75,Month-to-month,Electronic check,Fiber optic,No
1596-BBVTG,0.3156,Low Risk,Yes,New High-Spend,35,75.35,Month-to-month,Credit card (automatic),Fiber optic,No
6188-UXBBR,0.0306,Low Risk,No,Established Budget,38,20.25,One year,Credit card (automatic),No,No
2333-KWEWW,0.0262,Low Risk,No,New Budget,18,20.05,Two year,Credit card (automatic),No,No
5702-SKUOB,0.1163,Low Risk,No,New Budget,4,19.6,Month-to-month,Mailed check,No,No
1134-YWTYF,0.1764,Low Risk,No,New High-Spend,27,53.8,Month-to-month,Electronic check,DSL,Yes
6061-GWWAV,0.0454,Low Risk,No,Established High-Value,41,70.2,One year,Mailed check,DSL,No
0679-TDGAK,0.0542,Low Risk,No,Established High-Value,50,75.5,One year,Electronic check,DSL,Yes
6585-WCEWR,0.0275,Low Risk,No,Established Budget,72,20.35,Two year,Electronic check,No,No
9067-YGSCA,0.0289,Low Risk,No,Established Budget,70,26.05,One year,Credit card (automatic),No,No
9067-SQTNS,0.0289,Low Risk,No,Established Budget,44,20.6,One year,Bank transfer (automatic),No,No
8433-WXGNA,0.6499,Medium Risk,Yes,New High-Spend,2,75.7,Month-to-month,Electronic check,Fiber optic,No
1776-SPBWV,0.0333,Low Risk,No,Established Budget,34,20.1,One year,Bank transfer (automatic),No,No
8735-SDUFN,0.025,Low Risk,No,Established Budget,72,24.3,Two year,Bank transfer (automatic),No,No
9668-PUGNU,0.0298,Low Risk,No,Established Budget,71,24.5,Two year,Electronic check,No,No
9405-GPBBG,0.0818,Low Risk,No,Established High-Value,64,110.5,Two year,Credit card (automatic),Fiber optic,Yes
1926-QUZNN,0.0246,Low Risk,No,Established Budget,72,25.25,Two year,Bank transfer (automatic),No,No
3707-GNWHM,0.7174,High Risk,Yes,New High-Spend,1,74.25,Month-to-month,Mailed check,Fiber optic,No
7016-NVRIC,0.1114,Low Risk,No,New High-Spend,29,90.1,One year,Bank transfer (automatic),Fiber optic,No
5829-NVSQN,0.0532,Low Risk,No,New High-Spend,23,68.75,One year,Bank transfer (automatic),DSL,Yes
9565-AXSMR,0.0249,Low Risk,No,Established Budget,52,19.2,Two year,Mailed check,No,No
8922-LIEGH,0.5963,Medium Risk,Yes,New High-Spend,25,89.7,Month-to-month,Electronic check,Fiber optic,No
8869-LIHMK,0.0664,Low Risk,No,Established High-Value,64,115.1,Two year,Bank transfer (automatic),Fiber optic,Yes
8245-UMPYT,0.6843,High Risk,Yes,New High-Spend,16,96.4,Month-to-month,Electronic check,Fiber optic,No
5186-SAMNZ,0.7215,High Risk,Yes,New High-Spend,1,69.5,Month-to-month,Bank transfer (automatic),Fiber optic,No
0447-RXSGD,0.5452,Medium Risk,No,New High-Spend,24,99.65,Month-to-month,Bank transfer (automatic),Fiber optic,No
4927-WWOOZ,0.7201,High Risk,No,New High-Spend,2,91.45,Month-to-month,Electronic check,Fiber optic,No
5788-YPOEG,0.0318,Low Risk,No,Established High-Value,34,84.75,Two year,Mailed check,DSL,Yes
5373-SFODM,0.4926,Medium Risk,Yes,New High-Spend,36,85.25,Month-to-month,Credit card (automatic),Fiber optic,No
0661-KBKPA,0.0644,Low Risk,No,Established High-Value,53,78.75,One year,Mailed check,DSL,Yes
9081-WWXKP,0.0259,Low Risk,No,Established Budget,47,20.25,Two year,Credit card (automatic),No,No
0784-ZQJZX,0.024,Low Risk,No,Established Budget,72,19.9,Two year,Credit card (automatic),No,No
3133-PZNSR,0.0291,Low Risk,No,Established High-Value,72,97.75,Two year,Credit card (automatic),Fiber optic,Yes
5766-ZJYBB,0.3381,Low Risk,Yes,New Budget,1,19.4,Month-to-month,Mailed check,No,No
8931-GJJIQ,0.6806,High Risk,Yes,New High-Spend,9,83.3,Month-to-month,Electronic check,Fiber optic,No
4277-PVRAN,0.598,Medium Risk,Yes,New High-Spend,8,80.1,Month-to-month,Bank transfer (automatic),Fiber optic,No
0022-TCJCI,0.0776,Low Risk,Yes,Established High-Value,45,62.7,One year,Credit card (automatic),DSL,No
0722-SVSFK,0.6809,High Risk,No,New High-Spend,7,100.4,Month-to-month,Electronic check,Fiber optic,Yes
3612-YVGSJ,0.0254,Low Risk,No,Established Budget,71,24.45,Two year,Credit card (automatic),No,No
9825-YCXWZ,0.2081,Low Risk,No,Established High-Value,41,101.1,One year,Bank transfer (automatic),Fiber optic,Yes
5397-NSKQG,0.033,Low Risk,No,Established High-Value,67,50.9,Two year,Credit card (automatic),DSL,No
8565-HBFNN,0.1274,Low Risk,No,Established High-Value,69,107.2,One year,Credit card (automatic),Fiber optic,Yes
2000-DHJUY,0.0355,Low Risk,No,Established High-Value,70,92.2,Two year,Bank transfer (automatic),DSL,Yes
0203-HHYIJ,0.0381,Low Risk,Yes,New Budget,25,25.3,One year,Bank transfer (automatic),No,No
8670-ERCJH,0.0333,Low Risk,No,Established High-Value,72,113.4,Two year,Bank transfer (automatic),Fiber optic,Yes
7758-UJWYS,0.0456,Low Risk,No,Established Budget,34,40.55,Two year,Electronic check,DSL,Yes
2050-ONYDQ,0.0252,Low Risk,No,Established Budget,65,26.0,Two year,Credit card (automatic),No,No
7055-JCGNI,0.0709,Low Risk,No,Established High-Value,70,111.95,Two year,Credit card (automatic),Fiber optic,Yes
0739-UUAJR,0.0282,Low Risk,No,Established High-Value,72,53.8,Two year,Credit card (automatic),DSL,No
4826-DXMUP,0.0871,Low Risk,No,New High-Spend,35,72.1,One year,Mailed check,DSL,Yes
0952-KMEEH,0.5518,Medium Risk,Yes,New High-Spend,13,98.15,Month-to-month,Mailed check,Fiber optic,No
7285-KLOTR,0.128,Low Risk,No,New High-Spend,12,78.85,One year,Electronic check,DSL,No
0654-PQKDW,0.0364,Low Risk,No,Established High-Value,62,70.75,One year,Bank transfer (automatic),DSL,Yes
7175-NTIXE,0.1115,Low Risk,No,New High-Spend,25,76.15,Month-to-month,Credit card (automatic),DSL,Yes
7963-SHNDT,0.0282,Low Risk,No,Established Budget,52,39.1,Two year,Mailed check,DSL,Yes
9796-BPKIW,0.5901,Medium Risk,No,New High-Spend,8,69.95,Month-to-month,Credit card (automatic),Fiber optic,No
0188-GWFLE,0.1697,Low Risk,No,New Budget,2,20.05,Month-to-month,Mailed check,No,No
8129-GMVGI,0.0256,Low Risk,No,Established Budget,56,20.05,Two year,Mailed check,No,No
2882-DDZPG,0.0729,Low Risk,No,New Budget,12,19.45,Month-to-month,Bank transfer (automatic),No,No
3547-LQRIK,0.04,Low Risk,No,Established Budget,47,26.9,One year,Electronic check,No,No
9137-NOQKA,0.248,Low Risk,No,New Budget,2,19.2,Month-to-month,Electronic check,No,No
5843-TTHGI,0.1763,Low Risk,No,New Budget,18,50.0,Month-to-month,Mailed check,DSL,No
1849-RJYIG,0.3148,Low Risk,No,New High-Spend,8,60.0,Month-to-month,Electronic check,DSL,No
8868-GAGIO,0.2221,Low Risk,No,New High-Spend,45,84.55,Month-to-month,Mailed check,Fiber optic,No
4061-UKJWL,0.3512,Medium Risk,No,New Budget,3,45.45,Month-to-month,Mailed check,DSL,No
5380-XPJNZ,0.0295,Low Risk,No,Established Budget,38,20.05,One year,Mailed check,No,No
8263-QMNTJ,0.0375,Low Risk,No,Established High-Value,72,115.55,Two year,Electronic check,Fiber optic,Yes
8178-EYZUO,0.3611,Medium Risk,Yes,Established High-Value,46,93.7,Month-to-month,Electronic check,Fiber optic,No
3230-JCNZS,0.0338,Low Risk,No,Established High-Value,71,99.0,Two year,Credit card (automatic),Fiber optic,No
0277-ORXQS,0.0314,Low Risk,No,Established High-Value,66,50.55,Two year,Bank transfer (automatic),DSL,Yes
5130-IEKQT,0.5231,Medium Risk,Yes,Established High-Value,25,105.95,Month-to-month,Mailed check,Fiber optic,No
3230-WYKIR,0.1257,Low Risk,Yes,New High-Spend,18,82.0,One year,Credit card (automatic),DSL,Yes
7996-BPXHY,0.0303,Low Risk,No,New Budget,13,25.0,Two year,Bank transfer (automatic),No,No
3227-WLKLI,0.0309,Low Risk,No,Established High-Value,65,91.55,Two year,Bank transfer (automatic),DSL,Yes
0407-BDJKB,0.4365,Medium Risk,Yes,Established High-Value,60,95.75,Month-to-month,Electronic check,Fiber optic,No
2266-FUBDZ,0.028,Low Risk,No,New Budget,15,19.35,Two year,Mailed check,No,No
8237-ULIXL,0.0245,Low Risk,No,Established Budget,72,24.85,Two year,Credit card (automatic),No,No
9600-UDOPK,0.4971,Medium Risk,Yes,New High-Spend,30,94.05,Month-to-month,Credit card (automatic),Fiber optic,No
8216-AZUUZ,0.1055,Low Risk,No,Established High-Value,42,100.4,Two year,Electronic check,Fiber optic,Yes
9153-BTBVV,0.0248,Low Risk,No,Established Budget,71,25.0,Two year,Bank transfer (automatic),No,No
4074-SJFFA,0.6125,Medium Risk,Yes,New Budget,1,54.75,Month-to-month,Mailed check,DSL,No
3269-ATYWD,0.5079,Medium Risk,Yes,New High-Spend,39,95.65,Month-to-month,Bank transfer (automatic),Fiber optic,No
5186-PEIZU,0.0462,Low Risk,No,Established Budget,35,19.25,Month-to-month,Bank transfer (automatic),No,No
1074-AMIOH,0.3014,Low Risk,No,Established High-Value,53,108.25,Month-to-month,Bank transfer (automatic),Fiber optic,Yes
4910-GMJOT,0.764,High Risk,Yes,New High-Spend,1,94.6,Month-to-month,Electronic check,Fiber optic,No
0354-WYROK,0.4895,Medium Risk,Yes,Established High-Value,31,98.9,Month-to-month,Electronic check,Fiber optic,Yes
4361-FEBGN,0.0253,Low Risk,No,Established Budget,48,20.15,Two year,Credit card (automatic),No,No
7748-UMTRK,0.5541,Medium Risk,No,New High-Spend,30,101.3,Month-to-month,Electronic check,Fiber optic,Yes
0380-ZCSBI,0.0927,Low Risk,No,New Budget,10,20.0,Month-to-month,Credit card (automatic),No,No
7145-FEJWU,0.7014,High Risk,No,New High-Spend,12,105.3,Month-to-month,Electronic check,Fiber optic,No
6463-MVYRY,0.0306,Low Risk,No,Established High-Value,57,69.85,Two year,Bank transfer (automatic),DSL,Yes
3969-JQABI,0.0931,Low Risk,No,Established High-Value,58,65.25,Month-to-month,Credit card (automatic),DSL,No
9624-EGDEQ,0.0256,Low Risk,No,Established Budget,37,19.8,Two year,Mailed check,No,No
1051-EQPZR,0.0424,Low Risk,No,Established Budget,44,19.6,Month-to-month,Mailed check,No,No
5849-ASHZJ,0.0288,Low Risk,No,New Budget,27,20.05,One year,Credit card (automatic),No,No
5780-INQIK,0.2133,Low Risk,No,New Budget,8,49.4,Month-to-month,Electronic check,DSL,Yes
7576-OYWBN,0.705,High Risk,Yes,New High-Spend,3,76.05,Month-to-month,Electronic check,Fiber optic,No
4526-ZJJTM,0.4029,Medium Risk,No,New High-Spend,25,88.4,Month-to-month,Bank transfer (automatic),Fiber optic,No
8384-FZBJK,0.44,Medium Risk,No,Established High-Value,57,100.6,Month-to-month,Electronic check,Fiber optic,No
3750-RNQKR,0.0684,Low Risk,No,New Budget,12,19.45,Month-to-month,Mailed check,No,No
0962-CQPWQ,0.0244,Low Risk,No,Established Budget,62,20.3,Two year,Bank transfer (automatic),No,No
3096-YXENJ,0.0877,Low Risk,No,Established High-Value,65,107.65,Two year,Bank transfer (automatic),Fiber optic,Yes
1265-BCFEO,0.0312,Low Risk,No,Established High-Value,71,80.45,Two year,Bank transfer (automatic),DSL,Yes
5837-LXSDN,0.074,Low Risk,No,New High-Spend,21,58.85,One year,Credit card (automatic),DSL,No
5945-AZYHT,0.1348,Low Risk,No,Established High-Value,71,109.6,One year,Electronic check,Fiber optic,No
8325-QRPZR,0.6596,High Risk,No,New High-Spend,7,75.15,Month-to-month,Electronic check,Fiber optic,No
6384-VMJHP,0.0259,Low Risk,No,Established High-Value,72,73.0,Two year,Credit card (automatic),DSL,Yes
2262-SLNVK,0.705,High Risk,No,New High-Spend,1,70.1,Month-to-month,Electronic check,Fiber optic,No
7730-CLDSV,0.0317,Low Risk,No,Established High-Value,72,98.65,Two year,Bank transfer (automatic),Fiber optic,Yes
1135-HIORI,0.2127,Low Risk,No,Established High-Value,64,111.45,One year,Electronic check,Fiber optic,Yes
0164-APGRB,0.0395,Low Risk,No,Established High-Value,72,114.9,Two year,Electronic check,Fiber optic,Yes
6481-ESCNL,0.4119,Medium Risk,No,New High-Spend,29,100.55,Month-to-month,Bank transfer (automatic),Fiber optic,No
1790-NESIO,0.0295,Low Risk,No,New Budget,13,20.4,Two year,Mailed check,No,No
1550-EENBN,0.4265,Medium Risk,No,Established High-Value,31,104.35,Month-to-month,Electronic check,Fiber optic,No
5539-TMZLF,0.7451,High Risk,Yes,New High-Spend,1,69.75,Month-to-month,Electronic check,Fiber optic,No
4323-SADQS,0.248,Low Risk,Yes,New Budget,7,34.5,Month-to-month,Electronic check,DSL,Yes
4446-BZKHU,0.4735,Medium Risk,Yes,Established High-Value,61,105.55,Month-to-month,Electronic check,Fiber optic,No
5202-IVJNU,0.1238,Low Risk,Yes,Established Budget,39,30.1,Month-to-month,Credit card (automatic),DSL,No
5976-JCJRH,0.5902,Medium Risk,Yes,New High-Spend,10,70.3,Month-to-month,Electronic check,Fiber optic,No
8198-RKSZG,0.1984,Low Risk,No,New High-Spend,14,80.45,Month-to-month,Credit card (automatic),DSL,Yes
0137-OCGAB,0.7175,High Risk,Yes,New High-Spend,1,80.2,Month-to-month,Mailed check,Fiber optic,No
3351-NQLDI,0.0937,Low Risk,Yes,Established High-Value,67,94.35,One year,Credit card (automatic),Fiber optic,Yes
9297-EONCV,0.0268,Low Risk,No,Established High-Value,72,91.35,Two year,Bank transfer (automatic),DSL,Yes
7593-JNWRU,0.3426,Low Risk,Yes,New Budget,6,44.6,Month-to-month,Bank transfer (automatic),DSL,No
4588-YBNIB,0.4343,Medium Risk,Yes,New Budget,1,19.6,Month-to-month,Mailed check,No,No
1069-QJOEE,0.0345,Low Risk,No,New Budget,25,19.9,One year,Electronic check,No,No
3336-JORSO,0.5214,Medium Risk,Yes,Established High-Value,33,110.45,Month-to-month,Electronic check,Fiber optic,Yes
7799-DSEWS,0.15,Low Risk,No,New High-Spend,18,68.35,Month-to-month,Electronic check,DSL,Yes
8766-PAFNE,0.0297,Low Risk,No,Established High-Value,71,79.1,Two year,Credit card (automatic),DSL,Yes
5315-CKEQK,0.097,Low Risk,No,New Budget,28,51.0,One year,Electronic check,DSL,No
3130-ICDUP,0.6182,Medium Risk,No,New High-Spend,2,80.55,Month-to-month,Credit card (automatic),Fiber optic,No
0820-FNRNX,0.1537,Low Risk,No,New High-Spend,17,66.7,Month-to-month,Mailed check,DSL,Yes
0880-FVFWF,0.2397,Low Risk,No,Established High-Value,56,86.4,Month-to-month,Electronic check,Fiber optic,No
4611-ANLQC,0.0709,Low Risk,No,Established High-Value,60,50.05,One year,Electronic check,DSL,No
4213-HKBJO,0.0272,Low Risk,No,New Budget,33,25.7,Two year,Credit card (automatic),No,No
2792-LSHWX,0.6379,Medium Risk,No,New High-Spend,1,83.4,Month-to-month,Mailed check,Fiber optic,Yes
5028-GZLDO,0.613,Medium Risk,Yes,New High-Spend,2,70.7,Month-to-month,Credit card (automatic),Fiber optic,No
0014-BMAQU,0.0298,Low Risk,No,Established High-Value,63,84.65,Two year,Credit card (automatic),Fiber optic,Yes
6861-XWTWQ,0.7202,High Risk,Yes,New High-Spend,7,99.25,Month-to-month,Electronic check,Fiber optic,No
9018-PCIOK,0.0324,Low Risk,No,Established High-Value,55,64.75,Two year,Mailed check,DSL,No
4837-QUSFT,0.0798,Low Risk,No,Established High-Value,65,100.15,One year,Bank transfer (automatic),Fiber optic,Yes
6877-TJMBR,0.723,High Risk,Yes,New High-Spend,1,84.8,Month-to-month,Electronic check,Fiber optic,Yes
9953-ZMKSM,0.0251,Low Risk,No,Established Budget,63,25.25,Two year,Mailed check,No,No
0907-HQNTS,0.0607,Low Risk,No,Established High-Value,70,113.0,Two year,Credit card (automatic),Fiber optic,Yes
7665-NKLAV,0.0275,Low Risk,No,Established Budget,36,40.65,Two year,Credit card (automatic),DSL,Yes
6769-DCQLI,0.2458,Low Risk,Yes,Established High-Value,52,105.0,One year,Bank transfer (automatic),Fiber optic,Yes
2433-KMEAS,0.2744,Low Risk,Yes,New High-Spend,22,54.45,Month-to-month,Electronic check,DSL,No
4391-LNRXK,0.3724,Medium Risk,No,New High-Spend,22,94.95,Month-to-month,Bank transfer (automatic),Fiber optic,Yes
8250-ZNGGW,0.3078,Low Risk,No,New High-Spend,5,59.9,Month-to-month,Credit card (automatic),DSL,Yes
2195-ZRVAX,0.4256,Medium Risk,Yes,Established High-Value,47,85.3,Month-to-month,Electronic check,Fiber optic,No
3550-SAHFP,0.5781,Medium Risk,Yes,New High-Spend,33,83.35,Month-to-month,Electronic check,Fiber optic,No
2011-TRQYE,0.2333,Low Risk,Yes,New Budget,18,33.5,Month-to-month,Credit card (automatic),DSL,No
8562-GHPPI,0.3468,Low Risk,No,New Budget,1,19.8,Month-to-month,Credit card (automatic),No,No
5893-PYOLZ,0.0336,Low Risk,No,Established High-Value,56,81.8,Two year,Credit card (automatic),DSL,Yes
4986-MXSFP,0.1864,Low Risk,No,New Budget,2,20.0,Month-to-month,Mailed check,No,No
6131-FOYAS,0.2034,Low Risk,No,New High-Spend,35,59.6,Month-to-month,Electronic check,DSL,No
3027-YNWZU,0.0253,Low Risk,No,Established Budget,64,25.0,Two year,Credit card (automatic),No,No
5609-IMCGG,0.482,Medium Risk,No,New High-Spend,15,84.35,Month-to-month,Credit card (automatic),Fiber optic,No
4873-ILOLJ,0.5824,Medium Risk,Yes,New High-Spend,24,90.35,Month-to-month,Electronic check,Fiber optic,No
4727-MCYZG,0.5464,Medium Risk,No,New Budget,1,55.55,Month-to-month,Mailed check,DSL,No
9481-WHGWY,0.0293,Low Risk,No,Established High-Value,70,75.35,Two year,Credit card (automatic),DSL,Yes
2725-KXXWT,0.7542,High Risk,Yes,New High-Spend,1,90.75,Month-to-month,Electronic check,Fiber optic,No
9565-DJPIB,0.6397,Medium Risk,Yes,New High-Spend,4,89.6,Month-to-month,Mailed check,Fiber optic,No
4328-VUFWD,0.0707,Low Risk,No,New High-Spend,39,59.3,One year,Electronic check,DSL,Yes
3301-LSLWQ,0.2191,Low Risk,No,New High-Spend,29,66.1,Month-to-month,Electronic check,DSL,No
7473-ZBDSN,0.0269,Low Risk,No,New Budget,14,18.8,Two year,Mailed check,No,No
3166-PNEOF,0.0307,Low Risk,No,Established High-Value,61,86.45,Two year,Credit card (automatic),DSL,Yes
5639-NTUPK,0.1866,Low Risk,No,New Budget,13,52.1,Month-to-month,Credit card (automatic),DSL,No
8780-YRMTT,0.0285,Low Risk,No,Established High-Value,66,47.4,Two year,Mailed check,DSL,Yes
8348-HFYIV,0.6719,High Risk,Yes,New High-Spend,2,49.25,Month-to-month,Electronic check,DSL,No
5140-FOMCQ,0.1943,Low Risk,No,Established High-Value,59,109.15,One year,Credit card (automatic),Fiber optic,No
6242-SGYTS,0.0685,Low Risk,No,Established High-Value,62,94.95,One year,Credit card (automatic),Fiber optic,No
8166-ORCHU,0.1619,Low Risk,No,Established High-Value,33,93.55,One year,Electronic check,Fiber optic,Yes
8414-OOEEL,0.0326,Low Risk,No,Established High-Value,66,79.5,Two year,Credit card (automatic),DSL,Yes
8454-AATJP,0.0319,Low Risk,No,Established High-Value,72,115.05,Two year,Credit card (automatic),Fiber optic,Yes
6849-WLEYG,0.3416,Low Risk,Yes,New Budget,1,19.75,Month-to-month,Mailed check,No,No
4659-NZRUF,0.5444,Medium Risk,Yes,New High-Spend,19,95.15,Month-to-month,Electronic check,Fiber optic,No
4531-AUZNK,0.0728,Low Risk,No,Established High-Value,51,95.15,One year,Mailed check,Fiber optic,Yes
4191-XOVOM,0.3411,Low Risk,No,Established High-Value,63,105.4,Month-to-month,Electronic check,Fiber optic,Yes
2150-OEGBV,0.0296,Low Risk,No,New Budget,27,20.1,One year,Bank transfer (automatic),No,No
8429-XIBUM,0.539,Medium Risk,Yes,New High-Spend,22,101.35,Month-to-month,Bank transfer (automatic),Fiber optic,No
1855-CFULU,0.1575,Low Risk,No,New Budget,4,20.05,Month-to-month,Mailed check,No,No
4878-BUNFV,0.0259,Low Risk,No,Established Budget,42,20.7,Two year,Mailed check,No,No
1872-EBWSC,0.0292,Low Risk,No,New Budget,29,20.35,One year,Mailed check,No,No
2608-BHKFN,0.6197,Medium Risk,Yes,New High-Spend,4,70.05,Month-to-month,Credit card (automatic),Fiber optic,No
7026-YMSBE,0.0293,Low Risk,No,New Budget,30,19.7,One year,Mailed check,No,No
7341-LXCAF,0.6902,High Risk,Yes,New High-Spend,4,74.65,Month-to-month,Electronic check,Fiber optic,No
6997-UVGOX,0.027,Low Risk,No,Established High-Value,71,85.45,Two year,Bank transfer (automatic),DSL,Yes
9674-EHPPG,0.03,Low Risk,No,Established Budget,46,40.4,Two year,Credit card (automatic),DSL,Yes
9462-MJUAW,0.3777,Medium Risk,Yes,New Budget,4,50.4,Month-to-month,Mailed check,DSL,No
8128-YVJRG,0.54,Medium Risk,Yes,New High-Spend,7,79.65,Month-to-month,Mailed check,Fiber optic,No
5440-VHLUL,0.2228,Low Risk,No,Established High-Value,69,105.2,One year,Bank transfer (automatic),Fiber optic,Yes
5781-BKHOP,0.0302,Low Risk,No,Established High-Value,72,100.65,Two year,Bank transfer (automatic),Fiber optic,No
4283-FUTGF,0.6192,Medium Risk,Yes,New High-Spend,19,79.85,Month-to-month,Electronic check,Fiber optic,No
5213-TWWJU,0.3372,Low Risk,No,New High-Spend,28,91.0,Month-to-month,Electronic check,Fiber optic,Yes
1569-TTNYJ,0.6822,High Risk,Yes,New High-Spend,5,78.75,Month-to-month,Electronic check,Fiber optic,No
8628-MFKAX,0.0333,Low Risk,No,Established High-Value,72,116.75,Two year,Credit card (automatic),Fiber optic,Yes
2397-BRLOM,0.6131,Medium Risk,Yes,New High-Spend,8,80.45,Month-to-month,Credit card (automatic),Fiber optic,No
7629-WIXZF,0.1289,Low Risk,No,New High-Spend,7,59.1,One year,Electronic check,DSL,No
5445-GLVOT,0.2555,Low Risk,No,New Budget,22,49.8,Month-to-month,Electronic check,DSL,No
3976-HXHCE,0.0243,Low Risk,No,Established Budget,72,19.3,Two year,Bank transfer (automatic),No,No
2466-NEJOJ,0.0752,Low Risk,No,New Budget,8,19.65,Month-to-month,Credit card (automatic),No,No
0254-KCJGT,0.0532,Low Risk,No,Established High-Value,52,81.4,One year,Credit card (automatic),DSL,Yes
5472-CVMDX,0.0268,Low Risk,No,Established Budget,68,38.9,Two year,Mailed check,DSL,Yes
6461-SZMCV,0.0274,Low Risk,No,Established High-Value,71,87.95,Two year,Bank transfer (automatic),DSL,Yes
8150-QUDFX,0.1286,Low Risk,No,New Budget,2,19.85,Month-to-month,Mailed check,No,No
9508-ILZDG,0.5009,Medium Risk,No,Established High-Value,34,96.35,Month-to-month,Electronic check,Fiber optic,Yes
2346-DJQTB,0.1831,Low Risk,No,Established Budget,35,24.15,Month-to-month,Electronic check,DSL,No
1697-LYYYX,0.0286,Low Risk,No,Established Budget,61,19.1,One year,Credit card (automatic),No,No
1942-OQFRW,0.5877,Medium Risk,No,New Budget,1,44.0,Month-to-month,Electronic check,DSL,No
4749-VFKVB,0.6028,Medium Risk,Yes,New Budget,1,50.1,Month-to-month,Mailed check,DSL,No
9640-ZSLDC,0.0565,Low Risk,No,Established Budget,53,60.6,One year,Credit card (automatic),DSL,No
4231-LZUYM,0.0244,Low Risk,No,Established Budget,72,25.65,Two year,Bank transfer (automatic),No,No
7598-UAASY,0.6597,High Risk,Yes,New High-Spend,2,76.4,Month-to-month,Electronic check,Fiber optic,No
7938-OUHIO,0.6992,High Risk,Yes,New High-Spend,3,98.7,Month-to-month,Electronic check,Fiber optic,Yes
8510-AWCXC,0.6878,High Risk,Yes,New High-Spend,13,100.8,Month-to-month,Electronic check,Fiber optic,No
6128-AQBMT,0.448,Medium Risk,No,Established High-Value,41,53.95,Month-to-month,Electronic check,DSL,No
3594-BDSOA,0.0316,Low Risk,No,New Budget,24,20.4,One year,Credit card (automatic),No,No
0431-APWVY,0.1978,Low Risk,Yes,New High-Spend,28,90.1,One year,Bank transfer (automatic),Fiber optic,No
5133-VRSAB,0.2177,Low Risk,No,New Budget,8,29.35,Month-to-month,Mailed check,DSL,No
5996-DAOQL,0.4112,Medium Risk,No,New Budget,1,20.45,Month-to-month,Mailed check,No,No
6838-YAUVY,0.0619,Low Risk,No,Established High-Value,54,95.1,Two year,Bank transfer (automatic),Fiber optic,Yes
0484-JPBRU,0.0714,Low Risk,No,Established Budget,41,25.25,Month-to-month,Bank transfer (automatic),No,No
7883-ROJOC,0.1254,Low Risk,No,New Budget,19,44.9,Month-to-month,Mailed check,DSL,No
0244-LGNFY,0.0273,Low Risk,No,Established High-Value,72,92.65,Two year,Bank transfer (automatic),DSL,Yes
7274-CGTOD,0.0289,Low Risk,No,Established High-Value,62,43.7,Two year,Bank transfer (automatic),DSL,Yes
4295-YURET,0.0337,Low Risk,No,Established High-Value,56,72.6,Two year,Credit card (automatic),DSL,Yes
3426-NIYYL,0.2971,Low Risk,Yes,New Budget,15,51.55,Month-to-month,Electronic check,DSL,No
8225-BTJAU,0.6824,High Risk,Yes,New High-Spend,10,79.25,Month-to-month,Electronic check,Fiber optic,No
4635-EJYPD,0.0252,Low Risk,No,New Budget,32,18.95,Two year,Mailed check,No,No
1866-ZSLJM,0.0475,Low Risk,No,New Budget,21,20.5,Month-to-month,Credit card (automatic),No,No
4636-TVXVG,0.0281,Low Risk,No,Established Budget,62,19.95,One year,Bank transfer (automatic),No,No
4236-UJPWO,0.5668,Medium Risk,No,New Budget,2,24.5,Month-to-month,Electronic check,DSL,No
9392-XBGTD,0.0249,Low Risk,No,New Budget,27,20.6,Two year,Mailed check,No,No
3387-VATUS,0.7007,High Risk,Yes,New High-Spend,5,94.85,Month-to-month,Bank transfer (automatic),Fiber optic,No
6402-SSEJG,0.0994,Low Risk,No,Established High-Value,25,61.05,One year,Electronic check,DSL,No
1143-NMNQJ,0.7289,High Risk,Yes,New High-Spend,2,85.7,Month-to-month,Electronic check,Fiber optic,No
1169-SAOCL,0.2692,Low Risk,No,Established High-Value,49,106.65,One year,Bank transfer (automatic),Fiber optic,Yes
1110-KYLGQ,0.2474,Low Risk,No,Established High-Value,63,108.25,Month-to-month,Credit card (automatic),Fiber optic,No
9929-PLVPA,0.1062,Low Risk,No,New Budget,4,20.4,Month-to-month,Credit card (automatic),No,No
3518-PZXZQ,0.6147,Medium Risk,No,New Budget,1,55.3,Month-to-month,Mailed check,DSL,No
2371-JUNGC,0.0618,Low Risk,No,New Budget,11,20.25,Month-to-month,Mailed check,No,No
7693-QPEFS,0.2473,Low Risk,No,Established Budget,52,72.95,Month-to-month,Bank transfer (automatic),Fiber optic,No
0924-BJCRC,0.2532,Low Risk,No,Established High-Value,60,89.45,Month-to-month,Electronic check,Fiber optic,No
5074-FBGHB,0.2275,Low Risk,No,Established High-Value,64,104.65,One year,Credit card (automatic),Fiber optic,Yes
2351-BKRZW,0.0343,Low Risk,No,Established High-Value,43,75.2,Two year,Bank transfer (automatic),DSL,No
4455-BFSPD,0.1745,Low Risk,No,Established High-Value,61,101.15,One year,Bank transfer (automatic),Fiber optic,Yes
0415-MOSGF,0.5242,Medium Risk,Yes,New Budget,1,44.4,Month-to-month,Mailed check,DSL,No
1724-BQUHA,0.7119,High Risk,Yes,New High-Spend,5,89.5,Month-to-month,Electronic check,Fiber optic,No
3948-KXDUF,0.0277,Low Risk,No,Established High-Value,66,68.75,Two year,Bank transfer (automatic),DSL,Yes
2323-ARSVR,0.0787,Low Risk,No,Established High-Value,67,111.05,Two year,Electronic check,Fiber optic,Yes
0815-MFZGM,0.0716,Low Risk,No,Established High-Value,42,99.0,Two year,Credit card (automatic),Fiber optic,Yes
4826-XTSOH,0.7606,High Risk,Yes,New High-Spend,1,86.05,Month-to-month,Electronic check,Fiber optic,No
5480-XTFFL,0.0257,Low Risk,No,New Budget,31,21.0,Two year,Mailed check,No,No
8295-FHIVV,0.0994,Low Risk,No,New Budget,7,19.4,Month-to-month,Mailed check,No,No
2495-INZWQ,0.6429,Medium Risk,Yes,New Budget,4,44.55,Month-to-month,Electronic check,DSL,No
9086-YJYXS,0.087,Low Risk,No,New High-Spend,34,77.2,One year,Bank transfer (automatic),DSL,No
1179-INLAT,0.0417,Low Risk,No,New Budget,3,19.45,One year,Mailed check,No,No
7909-FIOIY,0.1589,Low Risk,No,New Budget,19,24.85,Month-to-month,Mailed check,DSL,No
4139-SUGLD,0.0995,Low Risk,Yes,Established Budget,31,35.4,Month-to-month,Bank transfer (automatic),DSL,Yes
6857-VWJDT,0.7259,High Risk,Yes,New High-Spend,1,95.65,Month-to-month,Mailed check,Fiber optic,No
6351-SCJKT,0.3421,Low Risk,No,New High-Spend,3,41.35,Month-to-month,Mailed check,DSL,Yes
5468-BPMMO,0.0563,Low Risk,No,Established Budget,46,19.6,Month-to-month,Electronic check,No,No
5624-BQSSA,0.3739,Medium Risk,Yes,New Budget,1,20.95,Month-to-month,Mailed check,No,No
0197-PNKNK,0.0432,Low Risk,No,Established High-Value,69,84.45,One year,Bank transfer (automatic),Fiber optic,No
2439-QKJUL,0.0987,Low Risk,No,New Budget,5,20.25,Month-to-month,Mailed check,No,No
1194-SPVSP,0.3632,Medium Risk,No,New Budget,1,19.65,Month-to-month,Bank transfer (automatic),No,No
9534-NSXEM,0.0315,Low Risk,No,New Budget,26,20.65,One year,Credit card (automatic),No,No
2408-WITXK,0.5308,Medium Risk,Yes,New Budget,10,34.7,Month-to-month,Electronic check,DSL,No
8929-KSWIH,0.0682,Low Risk,No,Established High-Value,25,99.3,Two year,Bank transfer (automatic),Fiber optic,Yes
2250-IVBWA,0.1482,Low Risk,No,Established High-Value,64,81.05,Month-to-month,Electronic check,Fiber optic,No
1810-MVMAI,0.1114,Low Risk,No,Established High-Value,30,67.6,Month-to-month,Electronic check,DSL,Yes
9506-UXUSK,0.6036,Medium Risk,No,New High-Spend,13,70.15,Month-to-month,Electronic check,Fiber optic,No
1229-RCALF,0.1613,Low Risk,No,Established High-Value,64,115.0,One year,Electronic check,Fiber optic,Yes
3572-UOLYZ,0.2211,Low Risk,No,Established High-Value,46,84.8,Month-to-month,Bank transfer (automatic),Fiber optic,Yes
1429-UYJSV,0.0354,Low Risk,No,New Budget,12,19.7,One year,Mailed check,No,No
5577-OTWWW,0.0872,Low Risk,Yes,New Budget,15,19.75,Month-to-month,Bank transfer (automatic),No,No
6100-QQHEB,0.64,Medium Risk,Yes,New High-Spend,17,92.55,Month-to-month,Electronic check,Fiber optic,No
6366-XIVKZ,0.1994,Low Risk,No,New High-Spend,13,63.15,Month-to-month,Mailed check,DSL,No
3470-OBUET,0.0292,Low Risk,No,Established High-Value,67,74.0,Two year,Credit card (automatic),DSL,Yes
2770-NSVDG,0.2545,Low Risk,No,New Budget,24,29.1,Month-to-month,Electronic check,DSL,No
9375-MHRRS,0.2485,Low Risk,No,New Budget,6,50.05,Month-to-month,Mailed check,DSL,Yes
2634-HCZGT,0.0647,Low Risk,Yes,Established Budget,53,60.05,One year,Electronic check,DSL,Yes
7503-QQRVF,0.5434,Medium Risk,Yes,New High-Spend,16,74.3,Month-to-month,Credit card (automatic),Fiber optic,No
4860-YZGZM,0.0884,Low Risk,No,New Budget,10,20.0,Month-to-month,Electronic check,No,No
6599-GZWCM,0.1228,Low Risk,No,New High-Spend,13,74.65,One year,Mailed check,Fiber optic,No
2691-NZETQ,0.6867,High Risk,Yes,New High-Spend,9,85.35,Month-to-month,Electronic check,Fiber optic,No
4404-HIBDJ,0.0491,Low Risk,Yes,Established High-Value,25,74.3,One year,Mailed check,DSL,Yes
5533-NHFRF,0.4321,Medium Risk,No,New High-Spend,7,44.4,Month-to-month,Electronic check,DSL,Yes
7037-MTYVW,0.0347,Low Risk,No,Established High-Value,38,85.4,Two year,Bank transfer (automatic),DSL,Yes
4760-THGOT,0.3891,Medium Risk,No,Established High-Value,43,94.1,Month-to-month,Electronic check,Fiber optic,No
7295-JOMMD,0.6793,High Risk,Yes,New High-Spend,4,98.1,Month-to-month,Bank transfer (automatic),Fiber optic,Yes
4016-BJKTZ,0.151,Low Risk,No,Established High-Value,25,108.9,Two year,Electronic check,Fiber optic,Yes
6584-VQMYT,0.0368,Low Risk,No,New High-Spend,27,56.2,One year,Mailed check,DSL,No
9838-BFCQT,0.024,Low Risk,No,Established Budget,72,26.1,Two year,Mailed check,No,No
2790-XUYMV,0.0347,Low Risk,No,Established High-Value,71,85.45,One year,Credit card (automatic),Fiber optic,No
0581-MDMPW,0.4311,Medium Risk,No,New High-Spend,24,88.95,Month-to-month,Credit card (automatic),Fiber optic,No
5013-SBUIH,0.1258,Low Risk,Yes,Established High-Value,50,109.65,Two year,Electronic check,Fiber optic,Yes
1023-BQXZE,0.0325,Low Risk,No,Established High-Value,57,74.35,Two year,Bank transfer (automatic),DSL,No
9163-GHAYE,0.2399,Low Risk,No,New Budget,15,48.85,Month-to-month,Electronic check,DSL,No
3904-UKFRE,0.6208,Medium Risk,No,New High-Spend,4,80.1,Month-to-month,Electronic check,Fiber optic,No
5353-WILCI,0.1254,Low Risk,No,New High-Spend,28,56.05,Month-to-month,Electronic check,DSL,No
0709-TVGUR,0.6669,High Risk,Yes,New High-Spend,9,74.55,Month-to-month,Electronic check,Fiber optic,No
0058-EVZWM,0.1912,Low Risk,No,Established High-Value,55,89.8,Month-to-month,Bank transfer (automatic),Fiber optic,No
6023-YEBUP,0.7377,High Risk,Yes,New High-Spend,3,100.95,Month-to-month,Electronic check,Fiber optic,No
7209-JCUDS,0.6909,High Risk,Yes,New High-Spend,10,94.9,Month-to-month,Electronic check,Fiber optic,No
7009-PCARS,0.0305,Low Risk,No,Established Budget,55,19.1,One year,Bank transfer (automatic),No,No
0519-DRGTI,0.0475,Low Risk,No,New Budget,20,20.35,Month-to-month,Mailed check,No,No
1017-FBQMM,0.1773,Low Risk,No,Established High-Value,62,106.05,One year,Credit card (automatic),Fiber optic,Yes
3001-CBHLQ,0.5596,Medium Risk,Yes,Established High-Value,32,104.9,Month-to-month,Electronic check,Fiber optic,Yes
1985-MBRYP,0.0281,Low Risk,No,Established Budget,43,19.65,Two year,Bank transfer (automatic),No,No
6158-DWPZT,0.0659,Low Risk,Yes,New Budget,9,24.1,One year,Bank transfer (automatic),DSL,No
9372-TXXPS,0.0269,Low Risk,No,Established High-Value,60,59.85,Two year,Bank transfer (automatic),DSL,Yes
3259-QMXUN,0.0424,Low Risk,No,Established High-Value,58,86.1,Two year,Electronic check,DSL,No
1015-JPFYW,0.04,Low Risk,No,New Budget,7,19.45,One year,Mailed check,No,No
6645-MXQJT,0.6083,Medium Risk,No,New High-Spend,2,97.1,Month-to-month,Electronic check,Fiber optic,No
4360-QRAVE,0.2591,Low Risk,No,Established Budget,37,36.65,Month-to-month,Electronic check,DSL,No
8433-WPJTV,0.205,Low Risk,No,Established High-Value,65,103.9,One year,Bank transfer (automatic),Fiber optic,Yes
5804-JMYIO,0.026,Low Risk,No,Established Budget,39,19.75,Two year,Mailed check,No,No
3763-GCZHZ,0.2898,Low Risk,Yes,Established High-Value,66,104.05,One year,Electronic check,Fiber optic,Yes
6484-LATFU,0.0253,Low Risk,No,Established Budget,68,24.55,Two year,Mailed check,No,No
7599-NTMDP,0.0294,Low Risk,No,Established High-Value,62,48.7,Two year,Bank transfer (automatic),DSL,Yes
0772-GYEQQ,0.6321,Medium Risk,Yes,New High-Spend,3,88.35,Month-to-month,Mailed check,Fiber optic,Yes
0536-ACXIP,0.0477,Low Risk,No,Established High-Value,72,109.55,Two year,Electronic check,Fiber optic,No
0936-NQLJU,0.0251,Low Risk,No,Established Budget,41,20.65,Two year,Credit card (automatic),No,No
4831-EOBFE,0.312,Low Risk,Yes,New High-Spend,29,94.65,Month-to-month,Credit card (automatic),Fiber optic,No
1575-KRZZE,0.3697,Medium Risk,No,New High-Spend,4,55.2,Month-to-month,Electronic check,DSL,No
3251-YMVWZ,0.0308,Low Risk,No,Established Budget,53,24.05,One year,Bank transfer (automatic),No,No
4102-OQUPX,0.7524,High Risk,Yes,New High-Spend,1,74.4,Month-to-month,Electronic check,Fiber optic,No
9170-GYZJC,0.0886,Low Risk,Yes,Established High-Value,41,79.9,Month-to-month,Credit card (automatic),DSL,Yes
4884-LEVMQ,0.0271,Low Risk,No,Established Budget,39,20.45,Two year,Bank transfer (automatic),No,No
8857-CUPFQ,0.0247,Low Risk,No,Established Budget,63,19.25,Two year,Mailed check,No,No
7610-TVOPG,0.1782,Low Risk,No,New Budget,15,26.35,Month-to-month,Electronic check,No,No
3638-DIMPH,0.0671,Low Risk,No,New Budget,13,43.8,One year,Electronic check,DSL,No
1845-ZLLIG,0.5854,Medium Risk,No,New Budget,1,50.15,Month-to-month,Mailed check,DSL,No
8559-WNQZS,0.0349,Low Risk,No,New Budget,1,20.45,Two year,Mailed check,No,No
3999-QGRJH,0.6512,High Risk,Yes,New High-Spend,8,69.7,Month-to-month,Electronic check,Fiber optic,No
1699-UOTXU,0.0339,Low Risk,No,Established High-Value,60,61.4,Two year,Electronic check,DSL,No
2454-RPBRZ,0.6894,High Risk,Yes,New High-Spend,12,98.1,Month-to-month,Electronic check,Fiber optic,No
0635-WKOLD,0.0496,Low Risk,No,Established High-Value,40,70.75,One year,Credit card (automatic),DSL,Yes
5993-JSUWV,0.0283,Low Risk,No,Established High-Value,66,61.15,Two year,Bank transfer (automatic),DSL,No
4518-FZBSX,0.0292,Low Risk,No,Established Budget,42,20.25,One year,Mailed check,No,No
5387-ASZNZ,0.0384,Low Risk,No,Established High-Value,66,63.85,One year,Credit card (automatic),DSL,Yes
6988-CJEYV,0.4446,Medium Risk,No,Established High-Value,49,98.7,Month-to-month,Electronic check,Fiber optic,No
2002-MZHWP,0.3454,Low Risk,Yes,New Budget,1,20.5,Month-to-month,Mailed check,No,No
3097-FQTVJ,0.0259,Low Risk,No,Established Budget,41,20.0,Two year,Mailed check,No,No
5465-BUBFA,0.026,Low Risk,No,Established Budget,41,19.3,Two year,Bank transfer (automatic),No,No
7299-GNVPL,0.213,Low Risk,No,New High-Spend,23,84.4,Month-to-month,Mailed check,Fiber optic,Yes
9743-DQKQW,0.4784,Medium Risk,No,New Budget,3,25.1,Month-to-month,Electronic check,DSL,No
1215-VFYVK,0.2931,Low Risk,No,New High-Spend,4,48.25,Month-to-month,Mailed check,DSL,Yes
9371-BITHB,0.0249,Low Risk,No,Established Budget,52,19.85,Two year,Mailed check,No,No
2265-CYWIV,0.6849,High Risk,Yes,New High-Spend,4,99.6,Month-to-month,Electronic check,Fiber optic,No
9093-FPDLG,0.6097,Medium Risk,No,New High-Spend,11,94.2,Month-to-month,Electronic check,Fiber optic,Yes
0541-FITGH,0.4257,Medium Risk,No,New High-Spend,2,62.15,Month-to-month,Mailed check,DSL,No
6985-HAYWX,0.2887,Low Risk,No,New High-Spend,26,79.3,Month-to-month,Bank transfer (automatic),Fiber optic,No
7508-KBIMB,0.0427,Low Risk,No,New High-Spend,24,56.25,One year,Credit card (automatic),DSL,No
6838-HVLXG,0.0703,Low Risk,No,New Budget,12,20.3,Month-to-month,Mailed check,No,No
2277-DJJDL,0.3705,Medium Risk,No,Established High-Value,60,99.0,Month-to-month,Electronic check,Fiber optic,Yes
1897-OKVMW,0.0295,Low Risk,No,Established High-Value,64,90.6,Two year,Mailed check,DSL,Yes
5485-ITNPC,0.0301,Low Risk,No,Established High-Value,66,85.9,Two year,Bank transfer (automatic),DSL,Yes
0233-FTHAV,0.0493,Low Risk,No,Established Budget,60,79.2,One year,Bank transfer (automatic),Fiber optic,No
4644-PIZRT,0.0672,Low Risk,No,New High-Spend,17,70.35,One year,Bank transfer (automatic),DSL,No
8922-NPKBJ,0.0251,Low Risk,No,Established Budget,42,19.35,Two year,Mailed check,No,No
2740-TVLFN,0.663,High Risk,No,New Budget,1,50.15,Month-to-month,Electronic check,DSL,No
7771-CFQRQ,0.0341,Low Risk,No,Established High-Value,47,63.8,Two year,Bank transfer (automatic),DSL,Yes
9512-PHSMG,0.0807,Low Risk,No,New Budget,10,20.55,Month-to-month,Mailed check,No,No
6963-EZQEE,0.0324,Low Risk,No,Established High-Value,70,88.55,Two year,Credit card (automatic),DSL,Yes
2452-KDRRH,0.4129,Medium Risk,No,Established High-Value,67,101.4,Month-to-month,Credit card (automatic),Fiber optic,No
2004-OCQXK,0.7444,High Risk,Yes,New High-Spend,1,81.95,Month-to-month,Electronic check,Fiber optic,No
5027-QPKTE,0.6386,Medium Risk,Yes,New High-Spend,7,69.35,Month-to-month,Electronic check,Fiber optic,No
4146-SVFUD,0.5216,Medium Risk,No,New Budget,1,44.6,Month-to-month,Mailed check,DSL,No
1564-HJUVY,0.3892,Medium Risk,No,New High-Spend,4,63.75,Month-to-month,Bank transfer (automatic),DSL,Yes
3617-XLSGQ,0.0788,Low Risk,No,Established High-Value,66,109.25,Two year,Bank transfer (automatic),Fiber optic,No
7517-LDMPS,0.6605,High Risk,No,New High-Spend,12,84.6,Month-to-month,Electronic check,Fiber optic,No
7244-KXYZN,0.0301,Low Risk,No,New Budget,24,20.45,One year,Credit card (automatic),No,No
5226-NOZFC,0.5357,Medium Risk,No,New High-Spend,26,85.75,Month-to-month,Electronic check,Fiber optic,No
2672-HUYVI,0.6812,High Risk,Yes,New High-Spend,6,91.1,Month-to-month,Electronic check,Fiber optic,No
1400-WIVLL,0.1171,Low Risk,No,Established High-Value,57,107.95,Two year,Electronic check,Fiber optic,Yes
7508-MYBOG,0.6723,High Risk,Yes,New High-Spend,14,86.1,Month-to-month,Electronic check,Fiber optic,No
8148-NLEGT,0.0295,Low Risk,No,Established Budget,42,22.95,Two year,Electronic check,No,No
0148-DCDOS,0.5416,Medium Risk,Yes,New High-Spend,25,94.7,Month-to-month,Bank transfer (automatic),Fiber optic,No
8347-GDTMP,0.0251,Low Risk,No,Established Budget,64,19.45,Two year,Credit card (automatic),No,No
9992-RRAMN,0.6063,Medium Risk,Yes,New High-Spend,22,85.1,Month-to-month,Electronic check,Fiber optic,No
6746-WAUWT,0.034,Low Risk,No,New Budget,19,19.7,One year,Credit card (automatic),No,No
0310-MVLET,0.4223,Medium Risk,Yes,Established High-Value,61,99.15,Month-to-month,Electronic check,Fiber optic,No
0428-IKYCP,0.4145,Medium Risk,No,New High-Spend,22,87.0,Month-to-month,Bank transfer (automatic),Fiber optic,No
4550-VBOFE,0.4656,Medium Risk,Yes,Established High-Value,70,102.95,Month-to-month,Electronic check,Fiber optic,No
2187-PKZAY,0.5726,Medium Risk,No,New High-Spend,12,79.95,Month-to-month,Bank transfer (automatic),Fiber optic,No
4003-OCTMP,0.0753,Low Risk,No,New High-Spend,31,64.0,One year,Electronic check,DSL,Yes
6652-YFFJO,0.4272,Medium Risk,No,New High-Spend,11,64.9,Month-to-month,Electronic check,DSL,No
7225-IILWY,0.0255,Low Risk,No,Established Budget,68,25.75,Two year,Mailed check,No,No
5248-RPYWW,0.0288,Low Risk,No,Established High-Value,72,90.15,Two year,Bank transfer (automatic),DSL,Yes
7923-IYJWY,0.0752,Low Risk,No,Established High-Value,67,116.1,Two year,Credit card (automatic),Fiber optic,Yes
3170-GWYKC,0.2203,Low Risk,No,Established High-Value,60,104.95,Month-to-month,Bank transfer (automatic),Fiber optic,Yes
5696-QURRL,0.5934,Medium Risk,Yes,New Budget,1,45.05,Month-to-month,Mailed check,DSL,No
7409-KIUTL,0.7427,High Risk,Yes,New High-Spend,1,71.0,Month-to-month,Electronic check,Fiber optic,No
9830-ECLEN,0.0432,Low Risk,No,Established High-Value,58,50.0,One year,Mailed check,DSL,No
1732-VHUBQ,0.2707,Low Risk,Yes,Established Budget,47,70.55,Month-to-month,Bank transfer (automatic),Fiber optic,No
0495-RVCBF,0.7432,High Risk,Yes,New High-Spend,1,79.7,Month-to-month,Electronic check,Fiber optic,No
2668-TZSPS,0.3329,Low Risk,No,New Budget,1,20.45,Month-to-month,Mailed check,No,No
7854-EDSSA,0.1797,Low Risk,Yes,New High-Spend,22,59.0,Month-to-month,Electronic check,DSL,No
8869-TORSS,0.0478,Low Risk,Yes,Established High-Value,48,60.35,One year,Credit card (automatic),DSL,Yes
7446-SFAOA,0.0342,Low Risk,No,Established Budget,37,19.85,One year,Bank transfer (automatic),No,No
9522-ZSINC,0.0547,Low Risk,No,New Budget,13,19.95,One year,Electronic check,No,No
8234-GSZYK,0.027,Low Risk,No,Established Budget,43,26.45,Two year,Bank transfer (automatic),No,No
6505-OZNPG,0.0399,Low Risk,No,New High-Spend,6,63.4,Two year,Mailed check,DSL,Yes
6164-HAQTX,0.0263,Low Risk,No,Established High-Value,71,53.95,Two year,Bank transfer (automatic),DSL,Yes
0679-IDSTG,0.7437,High Risk,Yes,New High-Spend,1,69.25,Month-to-month,Electronic check,Fiber optic,No
7765-LWVVH,0.0396,Low Risk,No,Established High-Value,72,95.1,Two year,Electronic check,Fiber optic,No
1658-TJVOA,0.607,Medium Risk,No,New High-Spend,6,74.1,Month-to-month,Electronic check,Fiber optic,No
0953-LGOVU,0.1541,Low Risk,No,New Budget,12,35.5,Month-to-month,Mailed check,DSL,Yes
2115-BFTIW,0.2758,Low Risk,Yes,New High-Spend,25,70.95,Month-to-month,Mailed check,Fiber optic,No
4692-NNQRU,0.0836,Low Risk,No,New High-Spend,21,79.2,One year,Electronic check,Fiber optic,Yes
7742-MYPGI,0.2574,Low Risk,No,New Budget,6,48.8,Month-to-month,Mailed check,DSL,Yes
0611-DFXKO,0.4707,Medium Risk,Yes,New High-Spend,20,89.0,Month-to-month,Mailed check,Fiber optic,No
7780-OTDSO,0.5993,Medium Risk,Yes,New High-Spend,18,99.4,Month-to-month,Electronic check,Fiber optic,No
9619-GSATL,0.0511,Low Risk,No,Established Budget,43,55.45,One year,Electronic check,DSL,Yes
5622-UEJFI,0.0283,Low Risk,No,Established Budget,35,25.4,Two year,Credit card (automatic),No,No
9747-DDZOS,0.6758,High Risk,Yes,New High-Spend,1,73.5,Month-to-month,Bank transfer (automatic),Fiber optic,No
0674-DGMAQ,0.5828,Medium Risk,No,New High-Spend,32,93.5,Month-to-month,Electronic check,Fiber optic,No
6203-HBZPA,0.0314,Low Risk,No,Established High-Value,52,63.9,Two year,Credit card (automatic),DSL,Yes
0484-FFVBJ,0.1007,Low Risk,No,New High-Spend,32,64.85,One year,Bank transfer (automatic),DSL,No
0301-FIDRB,0.0263,Low Risk,No,Established High-Value,72,63.8,Two year,Bank transfer (automatic),DSL,Yes
4139-JPIAM,0.1158,Low Risk,No,Established Budget,51,44.45,Month-to-month,Credit card (automatic),DSL,Yes
2181-TIDSV,0.0261,Low Risk,No,Established Budget,68,19.95,Two year,Bank transfer (automatic),No,No
2761-XECQW,0.3609,Medium Risk,No,New High-Spend,8,43.35,Month-to-month,Mailed check,DSL,No
1936-CZAKF,0.04,Low Risk,No,Established Budget,49,49.65,Two year,Credit card (automatic),DSL,No
9453-PATOS,0.0257,Low Risk,No,Established High-Value,72,85.1,Two year,Mailed check,DSL,Yes
0564-JJHGS,0.7013,High Risk,Yes,New High-Spend,9,95.5,Month-to-month,Electronic check,Fiber optic,No
3348-CFRNX,0.3845,Medium Risk,Yes,New High-Spend,28,92.35,Month-to-month,Mailed check,Fiber optic,No
4402-FTBXC,0.1352,Low Risk,No,Established High-Value,54,89.8,Month-to-month,Mailed check,Fiber optic,No
1428-GTBJJ,0.6274,Medium Risk,Yes,New High-Spend,11,74.55,Month-to-month,Electronic check,Fiber optic,No
2931-XIQBR,0.1872,Low Risk,No,Established High-Value,50,103.05,One year,Mailed check,Fiber optic,Yes
0106-UGRDO,0.0741,Low Risk,No,Established High-Value,69,116.0,Two year,Electronic check,Fiber optic,Yes
5542-TBBWB,0.7371,High Risk,No,New High-Spend,1,69.9,Month-to-month,Electronic check,Fiber optic,No
1930-QPBVZ,0.0401,Low Risk,No,Established High-Value,68,95.1,Two year,Bank transfer (automatic),Fiber optic,Yes
2606-PKWJB,0.0377,Low Risk,No,Established Budget,40,40.25,One year,Mailed check,DSL,Yes
5322-ZSMZY,0.0267,Low Risk,No,New Budget,31,25.75,Two year,Mailed check,No,No
8059-UDZFY,0.4992,Medium Risk,No,Established High-Value,33,105.35,Month-to-month,Bank transfer (automatic),Fiber optic,No
7740-BTPUX,0.1416,Low Risk,No,Established High-Value,55,113.6,Two year,Electronic check,Fiber optic,Yes
5220-AGAAX,0.0255,Low Risk,No,Established Budget,68,24.0,Two year,Bank transfer (automatic),No,No
0208-BPQEJ,0.084,Low Risk,No,New Budget,12,19.4,Month-to-month,Bank transfer (automatic),No,No
9435-JMLSX,0.0274,Low Risk,No,Established High-Value,71,86.1,Two year,Bank transfer (automatic),DSL,Yes
3352-ALMCK,0.4862,Medium Risk,No,Established High-Value,40,102.65,Month-to-month,Mailed check,Fiber optic,No
5312-IRCFR,0.1203,Low Risk,No,Established High-Value,64,92.85,One year,Electronic check,Fiber optic,No
5294-IMHHT,0.1181,Low Risk,No,Established High-Value,53,97.75,One year,Bank transfer (automatic),Fiber optic,Yes
8802-UNOJF,0.5424,Medium Risk,Yes,New High-Spend,12,83.8,Month-to-month,Mailed check,Fiber optic,Yes
6313-GIDIT,0.3968,Medium Risk,Yes,Established High-Value,53,54.45,Month-to-month,Electronic check,DSL,No
6176-YJWAS,0.0305,Low Risk,No,Established High-Value,72,97.95,Two year,Credit card (automatic),Fiber optic,No
5310-NOOVA,0.0303,Low Risk,No,Established Budget,46,19.95,Two year,Electronic check,No,No
4526-EXKKN,0.0276,Low Risk,No,Established Budget,40,24.6,Two year,Mailed check,No,No
5311-IHLEI,0.2398,Low Risk,No,New High-Spend,12,50.95,Month-to-month,Bank transfer (automatic),DSL,Yes
3987-KQDDU,0.5214,Medium Risk,No,New High-Spend,9,75.6,Month-to-month,Electronic check,Fiber optic,No
3404-JNXAX,0.3772,Medium Risk,No,New High-Spend,51,80.75,Month-to-month,Electronic check,Fiber optic,Yes
5131-PONJI,0.2537,Low Risk,No,Established High-Value,49,90.4,Month-to-month,Credit card (automatic),Fiber optic,No
2845-AFFTX,0.6223,Medium Risk,Yes,Established High-Value,41,99.8,Month-to-month,Electronic check,Fiber optic,No
3489-VSFRD,0.0396,Low Risk,No,Established High-Value,56,60.25,One year,Credit card (automatic),DSL,Yes
3345-JHUEO,0.2288,Low Risk,No,New Budget,4,20.2,Month-to-month,Electronic check,No,No
5815-HGGHV,0.0712,Low Risk,No,New High-Spend,20,64.15,One year,Mailed check,DSL,Yes
5260-UMPWX,0.0531,Low Risk,No,New Budget,26,20.25,Month-to-month,Credit card (automatic),No,No
2249-YPRNG,0.5509,Medium Risk,Yes,New High-Spend,20,105.85,Month-to-month,Bank transfer (automatic),Fiber optic,No
7410-YTJIK,0.5262,Medium Risk,Yes,New High-Spend,7,75.45,Month-to-month,Mailed check,Fiber optic,No
4626-GYCZP,0.7061,High Risk,Yes,New High-Spend,7,93.85,Month-to-month,Electronic check,Fiber optic,No
5649-RXQTV,0.5167,Medium Risk,No,Established High-Value,51,99.0,Month-to-month,Electronic check,Fiber optic,No
2674-MIAHT,0.6478,Medium Risk,No,New High-Spend,4,80.3,Month-to-month,Mailed check,Fiber optic,No
2576-HXMPA,0.3259,Low Risk,No,New Budget,1,19.55,Month-to-month,Credit card (automatic),No,No
7587-AOVVU,0.3737,Medium Risk,No,Established High-Value,27,100.75,Month-to-month,Electronic check,Fiber optic,Yes
5590-BYNII,0.5817,Medium Risk,Yes,New High-Spend,22,100.75,Month-to-month,Electronic check,Fiber optic,No
6898-MDLZW,0.1952,Low Risk,No,New High-Spend,12,53.75,Month-to-month,Mailed check,DSL,Yes
3237-AJGEH,0.4348,Medium Risk,Yes,New Budget,3,31.0,Month-to-month,Mailed check,DSL,Yes
4707-YNOQA,0.0352,Low Risk,No,Established Budget,34,25.6,One year,Credit card (automatic),No,No
9357-UJRUN,0.0691,Low Risk,No,New High-Spend,24,58.35,One year,Electronic check,DSL,Yes
1591-NFNLQ,0.2318,Low Risk,Yes,New High-Spend,51,80.0,Month-to-month,Credit card (automatic),Fiber optic,No
8648-PFRMP,0.4898,Medium Risk,No,New High-Spend,14,46.35,Month-to-month,Electronic check,DSL,No
7663-CUXZB,0.0859,Low Risk,No,Established High-Value,59,113.75,Two year,Electronic check,Fiber optic,Yes
0258-NOKBL,0.645,Medium Risk,No,New High-Spend,3,90.4,Month-to-month,Electronic check,Fiber optic,No
1163-VIPRI,0.0819,Low Risk,No,Established High-Value,65,109.3,Two year,Electronic check,Fiber optic,Yes
2815-CPTUL,0.6226,Medium Risk,Yes,New High-Spend,5,70.25,Month-to-month,Mailed check,Fiber optic,No
9348-ROUAI,0.03,Low Risk,No,Established High-Value,59,90.3,Two year,Credit card (automatic),DSL,Yes
9443-JUBUO,0.0265,Low Risk,No,Established High-Value,72,65.25,Two year,Credit card (automatic),DSL,Yes
0596-BQCEQ,0.4181,Medium Risk,Yes,Established High-Value,62,100.15,Month-to-month,Electronic check,Fiber optic,No
1481-ZUWZA,0.3987,Medium Risk,Yes,New High-Spend,28,94.5,Month-to-month,Credit card (automatic),Fiber optic,No
3043-TYBNO,0.3088,Low Risk,No,New High-Spend,3,60.65,Month-to-month,Mailed check,DSL,Yes
4830-FAXFM,0.0826,Low Risk,No,New Budget,19,24.1,Month-to-month,Credit card (automatic),No,No
5906-BFOZT,0.4163,Medium Risk,No,New Budget,1,19.5,Month-to-month,Mailed check,No,No
2960-NKRSO,0.4215,Medium Risk,No,New High-Spend,24,85.95,Month-to-month,Electronic check,Fiber optic,Yes
8996-ZROXE,0.0725,Low Risk,No,Established Budget,57,53.5,One year,Electronic check,DSL,Yes
5598-IKHQQ,0.0242,Low Risk,No,Established Budget,72,25.45,Two year,Credit card (automatic),No,No
0397-ZXWQF,0.0246,Low Risk,No,Established Budget,67,20.5,Two year,Bank transfer (automatic),No,No
5266-PFRQK,0.0315,Low Risk,No,Established Budget,52,20.85,One year,Credit card (automatic),No,No
4674-HGNUA,0.0274,Low Risk,No,Established High-Value,71,89.9,Two year,Credit card (automatic),DSL,Yes
6765-MBQNU,0.0322,Low Risk,No,New Budget,26,26.0,One year,Mailed check,No,No
9786-IJYDL,0.0834,Low Risk,No,Established High-Value,35,113.2,Two year,Mailed check,Fiber optic,Yes
1303-SRDOK,0.0331,Low Risk,No,Established Budget,55,69.05,Two year,Credit card (automatic),Fiber optic,No
3769-MHZNV,0.0256,Low Risk,No,New Budget,33,20.1,Two year,Mailed check,No,No
6295-OSINB,0.0437,Low Risk,No,Established High-Value,72,109.65,Two year,Electronic check,Fiber optic,No
3308-MHOOC,0.3697,Medium Risk,No,New Budget,1,19.2,Month-to-month,Mailed check,No,No
2309-OSFEU,0.3534,Medium Risk,Yes,New Budget,10,33.9,Month-to-month,Mailed check,DSL,No
2207-QPJED,0.332,Low Risk,No,Established High-Value,37,90.0,Month-to-month,Electronic check,Fiber optic,Yes
4177-JPDFU,0.1564,Low Risk,No,New Budget,12,34.0,Month-to-month,Mailed check,DSL,Yes
2239-CFOUJ,0.0573,Low Risk,No,New Budget,1,20.4,One year,Mailed check,No,No
8046-DNVTL,0.0284,Low Risk,No,Established Budget,62,38.6,Two year,Credit card (automatic),DSL,Yes
2209-XADXF,0.5492,Medium Risk,No,New Budget,1,25.25,Month-to-month,Bank transfer (automatic),DSL,No
6620-JDYNW,0.1253,Low Risk,No,New High-Spend,18,60.6,Month-to-month,Mailed check,DSL,No
1891-FZYSA,0.3909,Medium Risk,Yes,Established High-Value,69,89.95,Month-to-month,Electronic check,Fiber optic,No
4770-UEZOX,0.6865,High Risk,No,New High-Spend,2,74.75,Month-to-month,Electronic check,Fiber optic,No
1038-RQOST,0.0456,Low Risk,No,New Budget,19,20.6,Month-to-month,Mailed check,No,No
7613-LLQFO,0.681,High Risk,Yes,New High-Spend,12,84.45,Month-to-month,Electronic check,Fiber optic,No
4568-TTZRT,0.0933,Low Risk,No,New Budget,9,20.4,Month-to-month,Mailed check,No,No
9513-DXHDA,0.0795,Low Risk,No,Established High-Value,27,81.7,One year,Electronic check,DSL,Yes
2640-PMGFL,0.4598,Medium Risk,Yes,New High-Spend,27,79.5,Month-to-month,Electronic check,Fiber optic,Yes
3801-HMYNL,0.7011,High Risk,Yes,New High-Spend,1,89.15,Month-to-month,Mailed check,Fiber optic,No
0516-QREYC,0.0736,Low Risk,No,New Budget,24,20.3,Month-to-month,Mailed check,No,No
9685-WKZGT,0.6619,High Risk,Yes,New High-Spend,14,74.95,Month-to-month,Electronic check,Fiber optic,No
6022-UGGSO,0.5369,Medium Risk,Yes,New High-Spend,32,74.4,Month-to-month,Electronic check,Fiber optic,No
8084-OIVBS,0.0402,Low Risk,No,New Budget,11,20.0,One year,Mailed check,No,No
8896-BQTTI,0.4229,Medium Risk,No,New Budget,1,25.0,Month-to-month,Mailed check,No,No
3865-QBWSJ,0.3557,Medium Risk,No,New High-Spend,38,80.45,Month-to-month,Mailed check,Fiber optic,No
3352-RICWQ,0.028,Low Risk,No,New Budget,9,19.75,Two year,Mailed check,No,No
2160-GPFXD,0.0286,Low Risk,No,Established High-Value,54,65.65,Two year,Credit card (automatic),DSL,Yes
2065-MMKGR,0.1096,Low Risk,No,New High-Spend,29,71.0,One year,Credit card (automatic),DSL,No
5857-TYBCJ,0.5335,Medium Risk,No,New High-Spend,44,89.2,Month-to-month,Electronic check,Fiber optic,No
1498-NHTLT,0.0323,Low Risk,No,Established High-Value,59,86.75,Two year,Electronic check,DSL,Yes
4484-CGXFK,0.5418,Medium Risk,Yes,New Budget,3,55.3,Month-to-month,Electronic check,DSL,No
1402-PTHGN,0.049,Low Risk,No,New High-Spend,18,61.5,One year,Mailed check,DSL,Yes
4176-RELJR,0.0265,Low Risk,No,Established Budget,67,25.1,Two year,Credit card (automatic),No,No
6214-EDAKZ,0.1699,Low Risk,Yes,New High-Spend,22,55.15,Month-to-month,Electronic check,DSL,Yes
5199-FPUSP,0.0395,Low Risk,No,Established Budget,33,34.05,One year,Credit card (automatic),DSL,Yes
6377-KSLXC,0.0981,Low Risk,No,New Budget,5,19.95,Month-to-month,Mailed check,No,No
1796-JANOW,0.1583,Low Risk,No,New Budget,2,19.95,Month-to-month,Mailed check,No,No
0238-WHBIQ,0.0269,Low Risk,No,Established High-Value,72,89.7,Two year,Credit card (automatic),DSL,Yes
8735-NBLWT,0.0888,Low Risk,No,New Budget,9,20.4,Month-to-month,Mailed check,No,No
6651-RLGGM,0.0254,Low Risk,No,Established Budget,67,26.3,Two year,Mailed check,No,No
6127-ISGTU,0.6522,High Risk,Yes,New High-Spend,16,84.95,Month-to-month,Electronic check,Fiber optic,No
1614-JBEBI,0.0918,Low Risk,No,New Budget,8,20.7,Month-to-month,Mailed check,No,No
8740-XLHDR,0.3243,Low Risk,Yes,New High-Spend,5,43.25,Month-to-month,Mailed check,DSL,Yes
1208-DNHLN,0.0605,Low Risk,Yes,New Budget,23,48.35,One year,Credit card (automatic),DSL,No
1761-AEZZR,0.7459,High Risk,Yes,New High-Spend,1,79.55,Month-to-month,Electronic check,Fiber optic,No
3923-CSIHK,0.3996,Medium Risk,Yes,Established Budget,50,71.05,Month-to-month,Electronic check,Fiber optic,No
5696-EXCYS,0.027,Low Risk,No,New Budget,17,19.45,Two year,Credit card (automatic),No,No
5795-KTGUD,0.0867,Low Risk,No,Established High-Value,68,110.8,Two year,Bank transfer (automatic),Fiber optic,No
7120-RFMVS,0.7284,High Risk,Yes,New High-Spend,1,84.5,Month-to-month,Electronic check,Fiber optic,No
7924-GJZFI,0.4921,Medium Risk,No,New High-Spend,25,69.3,Month-to-month,Electronic check,Fiber optic,No
4702-HDRKD,0.0412,Low Risk,No,Established High-Value,67,49.35,One year,Bank transfer (automatic),DSL,Yes
8512-WIWYV,0.03,Low Risk,No,New Budget,32,20.35,One year,Credit card (automatic),No,No
5897-ZYEKH,0.2297,Low Risk,No,Established High-Value,67,105.6,One year,Electronic check,Fiber optic,No
5456-ITGIC,0.0287,Low Risk,No,Established High-Value,72,64.45,Two year,Credit card (automatic),DSL,Yes
7317-GGVPB,0.0694,Low Risk,Yes,Established High-Value,71,108.6,Two year,Credit card (automatic),Fiber optic,Yes
1406-PUQVY,0.6317,Medium Risk,No,New Budget,1,49.9,Month-to-month,Electronic check,DSL,No
1322-AGOQM,0.1303,Low Risk,Yes,Established Budget,46,30.3,Month-to-month,Bank transfer (automatic),DSL,No
3677-IYRBF,0.6623,High Risk,Yes,New Budget,2,30.4,Month-to-month,Electronic check,DSL,No
5692-FPTAH,0.5956,Medium Risk,Yes,New Budget,1,45.4,Month-to-month,Mailed check,DSL,No
9114-AAFQH,0.1128,Low Risk,No,Established High-Value,48,65.65,One year,Electronic check,DSL,No
8715-KKTFG,0.226,Low Risk,No,Established High-Value,61,103.3,One year,Bank transfer (automatic),Fiber optic,Yes
1550-LOAHA,0.3224,Low Risk,Yes,New High-Spend,32,84.15,Month-to-month,Bank transfer (automatic),Fiber optic,No
1728-BQDMA,0.5443,Medium Risk,No,New Budget,2,44.45,Month-to-month,Electronic check,DSL,No
0268-QKIWO,0.2406,Low Risk,Yes,New Budget,3,19.75,Month-to-month,Electronic check,No,No
0876-WDUUZ,0.6334,Medium Risk,Yes,New High-Spend,5,85.4,Month-to-month,Credit card (automatic),Fiber optic,Yes
5117-ZSMHQ,0.0273,Low Risk,No,Established High-Value,71,89.9,Two year,Bank transfer (automatic),DSL,Yes
5151-HQRDG,0.1062,Low Risk,No,Established Budget,37,55.05,Month-to-month,Mailed check,DSL,No
0960-HUWBM,0.0808,Low Risk,No,Established High-Value,65,104.1,Two year,Bank transfer (automatic),Fiber optic,Yes
6465-GSRCL,0.1862,Low Risk,No,Established High-Value,67,106.6,One year,Bank transfer (automatic),Fiber optic,Yes
0617-FHSGK,0.1975,Low Risk,Yes,Established Budget,49,75.2,Month-to-month,Credit card (automatic),Fiber optic,No
0263-FJTQO,0.0305,Low Risk,No,Established High-Value,50,70.5,Two year,Credit card (automatic),DSL,Yes
7319-ZNRTR,0.0373,Low Risk,No,New Budget,25,19.6,One year,Electronic check,No,No
2858-MOFSQ,0.0719,Low Risk,Yes,New High-Spend,17,55.85,One year,Mailed check,DSL,No
7503-EPSZW,0.0252,Low Risk,No,Established Budget,64,24.05,Two year,Mailed check,No,No
7089-XXAYG,0.0777,Low Risk,No,New Budget,25,38.1,One year,Credit card (automatic),DSL,No
8118-LSUEL,0.6446,Medium Risk,Yes,Established High-Value,23,106.4,Month-to-month,Electronic check,Fiber optic,No
8070-AAWZP,0.1705,Low Risk,No,New Budget,24,34.25,Month-to-month,Mailed check,DSL,Yes
1666-JXLKU,0.5938,Medium Risk,No,Established High-Value,37,100.05,Month-to-month,Electronic check,Fiber optic,No
7855-DIWPO,0.5058,Medium Risk,No,New High-Spend,21,68.65,Month-to-month,Electronic check,Fiber optic,No
5133-POWUA,0.5941,Medium Risk,No,New Budget,1,45.8,Month-to-month,Mailed check,DSL,No
5652-MSDEY,0.5777,Medium Risk,No,New High-Spend,10,75.75,Month-to-month,Mailed check,Fiber optic,No
7005-CCBKV,0.6752,High Risk,Yes,New High-Spend,6,84.4,Month-to-month,Electronic check,Fiber optic,No
1810-BOHSY,0.1343,Low Risk,No,Established High-Value,51,96.4,One year,Credit card (automatic),Fiber optic,No
1784-BXEFA,0.0846,Low Risk,No,New Budget,10,20.55,Month-to-month,Mailed check,No,No
7351-MHQVU,0.2429,Low Risk,No,New High-Spend,6,50.95,Month-to-month,Credit card (automatic),DSL,Yes
9224-VTYID,0.0309,Low Risk,No,Established High-Value,47,90.5,Two year,Mailed check,DSL,Yes
9500-IWPXQ,0.0514,Low Risk,No,Established High-Value,61,79.4,One year,Electronic check,DSL,Yes
5762-TJXGK,0.039,Low Risk,No,Established High-Value,52,58.75,Two year,Bank transfer (automatic),DSL,No
4504-YOULA,0.1106,Low Risk,No,New High-Spend,35,59.45,Month-to-month,Credit card (automatic),DSL,No
5569-IDSEY,0.1498,Low Risk,No,Established High-Value,71,105.7,One year,Bank transfer (automatic),Fiber optic,No
4250-FDVOU,0.216,Low Risk,Yes,New High-Spend,6,56.25,Month-to-month,Electronic check,DSL,No
7284-ZZLOH,0.0299,Low Risk,No,Established Budget,45,53.3,Two year,Credit card (automatic),DSL,No
5277-ZLOOR,0.74,High Risk,Yes,New High-Spend,2,85.55,Month-to-month,Electronic check,Fiber optic,No
2141-RRYGO,0.455,Medium Risk,Yes,New High-Spend,4,68.65,Month-to-month,Bank transfer (automatic),DSL,No
1777-JYQPJ,0.459,Medium Risk,No,New Budget,2,24.3,Month-to-month,Mailed check,DSL,No
6376-GAHQE,0.6359,Medium Risk,Yes,New High-Spend,4,77.85,Month-to-month,Electronic check,Fiber optic,No
3401-URHDA,0.0402,Low Risk,No,Established Budget,51,59.9,One year,Credit card (automatic),DSL,Yes
1599-EAHXY,0.0282,Low Risk,No,Established Budget,60,23.95,One year,Credit card (automatic),No,No
8631-XVRZL,0.0412,Low Risk,No,New Budget,9,20.15,One year,Mailed check,No,No
5052-PNLOS,0.7237,High Risk,Yes,New High-Spend,3,105.35,Month-to-month,Bank transfer (automatic),Fiber optic,No
3853-LYGAM,0.4796,Medium Risk,No,New High-Spend,17,95.65,Month-to-month,Bank transfer (automatic),Fiber optic,Yes
6979-ZNSFF,0.7036,High Risk,Yes,New High-Spend,8,87.05,Month-to-month,Electronic check,Fiber optic,No
5751-USDBL,0.0296,Low Risk,No,Established High-Value,46,81.0,Two year,Mailed check,DSL,Yes
5680-LQOGP,0.0293,Low Risk,No,Established High-Value,68,82.45,Two year,Credit card (automatic),DSL,Yes
2386-LAHRK,0.6167,Medium Risk,Yes,New Budget,1,53.5,Month-to-month,Mailed check,DSL,No
8189-DUKMV,0.0493,Low Risk,No,New Budget,4,20.5,One year,Bank transfer (automatic),No,No
6032-IGALN,0.6103,Medium Risk,Yes,New Budget,1,25.1,Month-to-month,Mailed check,DSL,No
9931-DCEZH,0.0485,Low Risk,No,New High-Spend,28,54.4,One year,Credit card (automatic),DSL,Yes
1898-JSNDC,0.0623,Low Risk,No,New High-Spend,39,58.6,One year,Credit card (automatic),DSL,No
0315-LVCRK,0.5749,Medium Risk,No,New High-Spend,11,84.8,Month-to-month,Electronic check,Fiber optic,No
3911-RSNHI,0.0306,Low Risk,No,Established High-Value,71,61.4,Two year,Credit card (automatic),DSL,Yes
2410-CIYFZ,0.119,Low Risk,No,New Budget,2,20.4,Month-to-month,Mailed check,No,No
4248-HCETZ,0.4191,Medium Risk,Yes,New High-Spend,30,79.65,Month-to-month,Mailed check,Fiber optic,No
5505-OVWQW,0.0314,Low Risk,No,New Budget,17,20.15,One year,Mailed check,No,No
7271-AJDTL,0.2585,Low Risk,No,Established High-Value,55,94.45,Month-to-month,Credit card (automatic),Fiber optic,No
1867-TJHTS,0.1375,Low Risk,No,Established Budget,58,79.8,Month-to-month,Bank transfer (automatic),Fiber optic,No
0516-WJVXC,0.2808,Low Risk,Yes,New High-Spend,5,54.2,Month-to-month,Electronic check,DSL,Yes
9174-FKWZE,0.5615,Medium Risk,Yes,New Budget,1,19.45,Month-to-month,Electronic check,No,No
6860-YRJZP,0.6676,High Risk,No,New High-Spend,9,74.05,Month-to-month,Electronic check,Fiber optic,No
4429-WYGFR,0.093,Low Risk,No,New Budget,26,49.15,Month-to-month,Bank transfer (automatic),DSL,Yes
2817-LVCPP,0.0255,Low Risk,No,Established Budget,50,19.4,Two year,Credit card (automatic),No,No
5038-ETMLM,0.0323,Low Risk,No,Established High-Value,72,113.65,Two year,Bank transfer (automatic),Fiber optic,Yes
5056-FIMPT,0.208,Low Risk,No,Established High-Value,43,106.0,One year,Credit card (automatic),Fiber optic,Yes
4521-WFJAI,0.0273,Low Risk,No,Established Budget,56,25.95,Two year,Bank transfer (automatic),No,No
6569-KTMDU,0.2489,Low Risk,No,New Budget,1,19.1,Month-to-month,Mailed check,No,No
8809-RIHDD,0.0626,Low Risk,Yes,Established High-Value,72,103.4,Two year,Electronic check,Fiber optic,No
8809-XKHMD,0.0307,Low Risk,No,Established High-Value,72,100.55,Two year,Bank transfer (automatic),Fiber optic,Yes
0396-YCHWO,0.575,Medium Risk,No,New High-Spend,36,95.4,Month-to-month,Electronic check,Fiber optic,No
0867-LDTTC,0.3058,Low Risk,No,New High-Spend,5,75.15,Month-to-month,Bank transfer (automatic),DSL,Yes
4822-NGOCH,0.6547,High Risk,Yes,New High-Spend,13,84.45,Month-to-month,Electronic check,Fiber optic,No
9391-DXGGG,0.1068,Low Risk,No,Established High-Value,44,89.15,One year,Credit card (automatic),Fiber optic,No
9844-FELAJ,0.2095,Low Risk,No,Established High-Value,70,107.9,One year,Electronic check,Fiber optic,Yes
2122-SZZZD,0.0292,Low Risk,No,Established Budget,44,19.5,One year,Credit card (automatic),No,No
5307-DZCVC,0.468,Medium Risk,Yes,New High-Spend,32,85.95,Month-to-month,Credit card (automatic),Fiber optic,No
3148-AOIQT,0.026,Low Risk,No,Established Budget,69,24.95,Two year,Credit card (automatic),No,No
8679-JOEVF,0.2317,Low Risk,Yes,New High-Spend,16,59.4,Month-to-month,Electronic check,DSL,Yes
8395-ETZKQ,0.0306,Low Risk,No,Established Budget,68,19.5,One year,Bank transfer (automatic),No,No
6692-YQHXC,0.4159,Medium Risk,No,New High-Spend,16,69.95,Month-to-month,Credit card (automatic),Fiber optic,No
3889-VWBID,0.0291,Low Risk,No,Established High-Value,68,82.85,Two year,Bank transfer (automatic),DSL,Yes
5222-JCXZT,0.1129,Low Risk,No,New Budget,4,19.0,Month-to-month,Mailed check,No,No
9754-CLVZW,0.091,Low Risk,No,New High-Spend,26,38.85,Month-to-month,Credit card (automatic),DSL,Yes
1432-FPAXX,0.3188,Low Risk,Yes,New Budget,29,30.6,Month-to-month,Electronic check,DSL,No
2739-CCZMB,0.0979,Low Risk,No,New Budget,5,20.35,Month-to-month,Credit card (automatic),No,No
7080-TNUWP,0.0972,Low Risk,No,Established High-Value,70,95.0,One year,Bank transfer (automatic),Fiber optic,No
0496-AHOOK,0.0656,Low Risk,No,New High-Spend,24,74.4,One year,Bank transfer (automatic),DSL,Yes
8336-TAVKX,0.0269,Low Risk,No,Established High-Value,72,78.45,Two year,Bank transfer (automatic),DSL,Yes
2468-SJFLM,0.6793,High Risk,No,New High-Spend,1,74.3,Month-to-month,Mailed check,Fiber optic,Yes
3181-VTHOE,0.0574,Low Risk,No,Established High-Value,70,51.05,One year,Bank transfer (automatic),DSL,Yes
7168-HDQHG,0.0489,Low Risk,No,Established Budget,36,19.2,Month-to-month,Bank transfer (automatic),No,No
4803-AXVYP,0.5087,Medium Risk,Yes,Established High-Value,38,99.55,Month-to-month,Electronic check,Fiber optic,Yes
3884-HCSWG,0.588,Medium Risk,Yes,New High-Spend,17,70.0,Month-to-month,Electronic check,Fiber optic,No
4567-AKPIA,0.2538,Low Risk,No,Established High-Value,41,109.1,One year,Bank transfer (automatic),Fiber optic,Yes
5077-DXTCG,0.658,High Risk,Yes,New Budget,1,45.3,Month-to-month,Electronic check,DSL,No
1142-WACZW,0.4292,Medium Risk,Yes,New Budget,2,29.85,Month-to-month,Bank transfer (automatic),DSL,Yes
7901-HXJVA,0.5031,Medium Risk,No,New High-Spend,14,76.45,Month-to-month,Electronic check,Fiber optic,No
5649-ANRML,0.6742,High Risk,Yes,New High-Spend,2,95.1,Month-to-month,Credit card (automatic),Fiber optic,Yes
4892-VLANZ,0.36,Medium Risk,Yes,New Budget,1,19.8,Month-to-month,Mailed check,No,No
5924-IFQTT,0.3238,Low Risk,No,New High-Spend,13,72.8,Month-to-month,Electronic check,DSL,Yes
7968-QUXNS,0.072,Low Risk,No,New Budget,6,18.95,Month-to-month,Mailed check,No,No
2919-HBCJO,0.6262,Medium Risk,Yes,New High-Spend,4,76.65,Month-to-month,Bank transfer (automatic),Fiber optic,No
4236-XPXAV,0.6425,Medium Risk,Yes,New High-Spend,5,99.15,Month-to-month,Mailed check,Fiber optic,Yes
8903-WMRNW,0.5137,Medium Risk,No,New High-Spend,15,101.75,Month-to-month,Electronic check,Fiber optic,No
2452-SNHFZ,0.2054,Low Risk,No,New High-Spend,47,75.45,Month-to-month,Credit card (automatic),Fiber optic,No
3629-WEAAM,0.211,Low Risk,No,New High-Spend,8,64.1,Month-to-month,Mailed check,DSL,Yes
6029-CSMJE,0.2079,Low Risk,No,New Budget,17,25.65,Month-to-month,Mailed check,DSL,No
7993-NQLJE,0.3317,Low Risk,No,New High-Spend,15,75.1,Month-to-month,Mailed check,Fiber optic,No
9909-DFRJA,0.1458,Low Risk,No,Established High-Value,26,95.85,One year,Bank transfer (automatic),Fiber optic,Yes
9099-FTUHS,0.171,Low Risk,No,New High-Spend,23,54.4,Month-to-month,Electronic check,DSL,No
0581-BXBUB,0.5935,Medium Risk,No,New High-Spend,4,72.75,Month-to-month,Electronic check,Fiber optic,No
4962-CHQPW,0.0287,Low Risk,No,New Budget,29,19.85,One year,Mailed check,No,No
9467-ROOLM,0.0443,Low Risk,No,New Budget,25,19.05,Month-to-month,Mailed check,No,No
3030-YZADT,0.1641,Low Risk,Yes,New Budget,9,44.95,Month-to-month,Mailed check,DSL,No
7410-KTVFV,0.1708,Low Risk,Yes,New Budget,18,49.55,Month-to-month,Mailed check,DSL,No
5150-ITWWB,0.7372,High Risk,No,New High-Spend,3,94.85,Month-to-month,Electronic check,Fiber optic,No
2253-KPMNB,0.0282,Low Risk,No,Established High-Value,69,46.25,Two year,Bank transfer (automatic),DSL,Yes
1345-ZUKID,0.0342,Low Risk,No,New Budget,14,19.35,One year,Mailed check,No,No
6429-SHBCB,0.1494,Low Risk,No,New High-Spend,19,69.6,Month-to-month,Mailed check,DSL,No
9281-OFDMF,0.4428,Medium Risk,No,New High-Spend,39,90.7,Month-to-month,Electronic check,Fiber optic,No
2603-HVKCG,0.5863,Medium Risk,No,Established High-Value,31,101.4,Month-to-month,Electronic check,Fiber optic,No
1834-WULEG,0.0297,Low Risk,No,New Budget,24,20.25,One year,Mailed check,No,No
9097-ZUBYC,0.1601,Low Risk,No,New Budget,14,48.8,Month-to-month,Bank transfer (automatic),DSL,Yes
5148-ORICT,0.0281,Low Risk,No,Established High-Value,64,74.35,Two year,Mailed check,DSL,Yes
4893-GYUJU,0.0312,Low Risk,No,Established Budget,50,19.35,One year,Mailed check,No,No
4578-PHJYZ,0.0606,Low Risk,No,Established High-Value,52,68.75,One year,Electronic check,DSL,Yes
7272-QDCKA,0.2788,Low Risk,No,New High-Spend,28,100.2,One year,Electronic check,Fiber optic,No
8908-SLFCJ,0.0288,Low Risk,No,New Budget,21,20.85,Two year,Credit card (automatic),No,No
8393-DLHGA,0.5905,Medium Risk,Yes,New High-Spend,25,95.9,Month-to-month,Electronic check,Fiber optic,No
9766-HGEDE,0.0337,Low Risk,No,New Budget,17,19.35,One year,Mailed check,No,No
6968-MHOMU,0.1078,Low Risk,No,Established Budget,58,45.0,One year,Credit card (automatic),DSL,No
7395-IGJOS,0.4735,Medium Risk,Yes,New High-Spend,17,81.5,Month-to-month,Bank transfer (automatic),Fiber optic,No
5044-XDPYX,0.0259,Low Risk,No,Established Budget,51,25.5,Two year,Mailed check,No,No
1814-WFGVS,0.0257,Low Risk,No,Established High-Value,72,48.9,Two year,Mailed check,DSL,Yes
2834-SPCJV,0.2733,Low Risk,Yes,Established High-Value,52,84.1,Month-to-month,Electronic check,Fiber optic,No
3721-WKIIL,0.0265,Low Risk,No,New Budget,27,19.6,Two year,Mailed check,No,No
6734-CKRSM,0.1166,Low Risk,No,New Budget,3,20.0,Month-to-month,Mailed check,No,No
1265-ZFOSD,0.0279,Low Risk,No,Established High-Value,64,81.3,Two year,Mailed check,DSL,Yes
6568-POCUI,0.072,Low Risk,No,Established High-Value,45,95.2,Two year,Credit card (automatic),Fiber optic,Yes
7890-VYYWG,0.6171,Medium Risk,Yes,New Budget,3,36.45,Month-to-month,Mailed check,DSL,No
5197-LQXXH,0.0304,Low Risk,No,Established High-Value,71,83.3,Two year,Credit card (automatic),DSL,Yes
9907-SWKKF,0.61,Medium Risk,Yes,New Budget,1,25.05,Month-to-month,Mailed check,DSL,No
3457-PQBYH,0.0253,Low Risk,No,Established Budget,58,20.3,Two year,Credit card (automatic),No,No
7682-AZNDK,0.5158,Medium Risk,No,New High-Spend,34,89.85,Month-to-month,Electronic check,Fiber optic,No
0587-DMGBH,0.3227,Low Risk,Yes,New Budget,8,49.85,Month-to-month,Electronic check,DSL,No
5384-ZTTWP,0.0541,Low Risk,No,New Budget,15,19.8,Month-to-month,Mailed check,No,No
3745-HRPHI,0.0316,Low Risk,No,Established High-Value,66,54.65,Two year,Bank transfer (automatic),DSL,Yes
7636-OWBPG,0.2862,Low Risk,No,New Budget,12,29.35,Month-to-month,Credit card (automatic),DSL,No
1231-YNDEK,0.0279,Low Risk,No,Established Budget,58,19.15,Two year,Bank transfer (automatic),No,No
1407-DIGZV,0.0304,Low Risk,No,New Budget,3,19.1,Two year,Mailed check,No,No
6397-JNZZG,0.251,Low Risk,Yes,Established High-Value,43,55.55,Month-to-month,Credit card (automatic),DSL,No
0570-BFQHT,0.55,Medium Risk,No,New High-Spend,9,80.55,Month-to-month,Electronic check,Fiber optic,No
4393-OBCRR,0.0375,Low Risk,No,New Budget,3,20.25,One year,Mailed check,No,No
3523-QRQLL,0.1289,Low Risk,Yes,New High-Spend,22,69.5,One year,Bank transfer (automatic),DSL,No
8564-LDKFL,0.3183,Low Risk,No,Established High-Value,40,106.0,One year,Bank transfer (automatic),Fiber optic,No
3696-DFHHB,0.0256,Low Risk,No,Established Budget,68,25.5,Two year,Bank transfer (automatic),No,No
0895-DQHEW,0.5006,Medium Risk,Yes,Established High-Value,54,104.3,Month-to-month,Electronic check,Fiber optic,No
4717-GHADL,0.0334,Low Risk,No,Established High-Value,50,79.6,Two year,Mailed check,DSL,Yes
5501-TVMGM,0.671,High Risk,No,New Budget,1,55.25,Month-to-month,Electronic check,DSL,No
5879-HMFFH,0.0274,Low Risk,No,Established High-Value,72,88.05,Two year,Bank transfer (automatic),DSL,Yes
6772-WFQRD,0.0304,Low Risk,No,Established Budget,40,20.4,One year,Bank transfer (automatic),No,No
3810-DVDQQ,0.0326,Low Risk,No,Established High-Value,72,117.6,Two year,Bank transfer (automatic),Fiber optic,Yes
6972-SNKKW,0.0667,Low Risk,No,New Budget,6,20.0,Month-to-month,Mailed check,No,No
3694-GLTJM,0.1328,Low Risk,No,New Budget,5,19.65,Month-to-month,Credit card (automatic),No,No
8550-XSXUQ,0.0721,Low Risk,No,Established High-Value,48,70.55,One year,Credit card (automatic),DSL,No
8149-RSOUN,0.763,High Risk,Yes,New High-Spend,1,93.85,Month-to-month,Electronic check,Fiber optic,No
9055-MOJJJ,0.0352,Low Risk,No,Established High-Value,64,65.8,One year,Mailed check,DSL,Yes
4359-INNWN,0.0356,Low Risk,No,New Budget,17,20.05,One year,Credit card (automatic),No,No
0585-EGDDA,0.5083,Medium Risk,No,New High-Spend,40,80.0,Month-to-month,Electronic check,Fiber optic,No
4032-RMHCI,0.0403,Low Risk,No,Established Budget,41,35.4,One year,Credit card (automatic),DSL,No
0549-CYCQN,0.081,Low Risk,No,New High-Spend,51,79.6,One year,Bank transfer (automatic),Fiber optic,No
3481-JHUZH,0.4687,Medium Risk,No,New High-Spend,41,80.25,Month-to-month,Electronic check,Fiber optic,No
7250-EQKIY,0.5346,Medium Risk,Yes,New Budget,1,50.45,Month-to-month,Mailed check,DSL,No
3594-IVHJZ,0.169,Low Risk,No,New Budget,2,20.45,Month-to-month,Mailed check,No,No
6869-FGJJC,0.0455,Low Risk,No,Established High-Value,68,79.6,One year,Credit card (automatic),Fiber optic,No
3896-ZVNET,0.0275,Low Risk,No,New Budget,24,24.7,Two year,Mailed check,No,No
8205-VSLRB,0.0294,Low Risk,No,Established High-Value,70,77.3,Two year,Credit card (automatic),DSL,Yes
5960-MVTUK,0.5127,Medium Risk,No,New Budget,3,29.75,Month-to-month,Electronic check,DSL,Yes
6817-WTYHE,0.4149,Medium Risk,No,New Budget,2,44.9,Month-to-month,Bank transfer (automatic),DSL,No
3082-VQXNH,0.4093,Medium Risk,No,New Budget,3,29.8,Month-to-month,Credit card (automatic),DSL,No
4013-UBXWQ,0.4233,Medium Risk,Yes,New High-Spend,7,74.65,Month-to-month,Electronic check,DSL,Yes
4931-TRZWN,0.3374,Low Risk,No,New High-Spend,13,71.95,Month-to-month,Electronic check,DSL,No
0750-EKNGL,0.094,Low Risk,No,New Budget,7,20.75,Month-to-month,Mailed check,No,No
7669-LCRSD,0.2593,Low Risk,No,New High-Spend,12,56.3,Month-to-month,Mailed check,DSL,No
3567-PQTSO,0.3807,Medium Risk,No,Established High-Value,53,105.25,One year,Electronic check,Fiber optic,No
5519-NPHVG,0.6874,High Risk,Yes,New High-Spend,12,94.2,Month-to-month,Electronic check,Fiber optic,No
8043-PNYSD,0.0246,Low Risk,No,Established Budget,63,19.55,Two year,Mailed check,No,No
9938-EKRGF,0.1444,Low Risk,No,Established High-Value,15,84.45,Month-to-month,Mailed check,DSL,Yes
2703-AMTUL,0.039,Low Risk,No,New High-Spend,36,53.65,One year,Mailed check,DSL,No
0928-JMXNP,0.6491,Medium Risk,No,New Budget,4,29.9,Month-to-month,Electronic check,DSL,No
8173-RXAYP,0.0258,Low Risk,No,New Budget,24,19.7,Two year,Mailed check,No,No
4825-XJGDM,0.0358,Low Risk,No,Established High-Value,61,43.7,One year,Credit card (automatic),DSL,Yes
5402-HTOTQ,0.2687,Low Risk,No,New High-Spend,16,55.3,Month-to-month,Electronic check,DSL,No
6734-JDTTV,0.0256,Low Risk,No,Established Budget,65,19.85,Two year,Credit card (automatic),No,No
7850-THJMU,0.0256,Low Risk,No,New Budget,26,19.65,Two year,Credit card (automatic),No,No
3890-RTCMS,0.1735,Low Risk,No,New Budget,16,49.45,Month-to-month,Mailed check,DSL,Yes
8849-GYOKR,0.2344,Low Risk,Yes,Established High-Value,54,106.55,One year,Bank transfer (automatic),Fiber optic,No
3148-BLQJT,0.3775,Medium Risk,Yes,New Budget,1,20.1,Month-to-month,Mailed check,No,No
3717-FDJFU,0.0274,Low Risk,No,New Budget,5,20.45,Two year,Mailed check,No,No
3665-JATSN,0.3995,Medium Risk,No,New Budget,19,39.7,Month-to-month,Electronic check,DSL,No
7966-YOTQW,0.1838,Low Risk,No,New Budget,10,54.5,Month-to-month,Credit card (automatic),DSL,No
0461-CVKMU,0.3424,Low Risk,Yes,New High-Spend,23,83.8,Month-to-month,Electronic check,Fiber optic,Yes
8806-EAGWC,0.43,Medium Risk,Yes,New Budget,3,55.15,Month-to-month,Mailed check,DSL,No
8853-TZDGH,0.0378,Low Risk,No,Established High-Value,72,111.6,Two year,Bank transfer (automatic),Fiber optic,Yes
7779-LGOVN,0.6948,High Risk,Yes,New High-Spend,10,86.65,Month-to-month,Electronic check,Fiber optic,No
4324-BZCKL,0.2475,Low Risk,No,New High-Spend,10,55.55,Month-to-month,Mailed check,DSL,No
6924-TDGMT,0.0413,Low Risk,No,New Budget,11,20.55,One year,Mailed check,No,No
9710-ZUSHQ,0.4669,Medium Risk,Yes,Established High-Value,37,106.75,Month-to-month,Bank transfer (automatic),Fiber optic,No
1536-YHDOE,0.0501,Low Risk,No,New High-Spend,17,62.1,One year,Mailed check,DSL,Yes
8123-QBNAZ,0.3863,Medium Risk,No,Established High-Value,36,104.5,Month-to-month,Credit card (automatic),Fiber optic,No
3629-ZNKXA,0.6535,High Risk,No,New High-Spend,17,101.8,Month-to-month,Electronic check,Fiber optic,No
4827-LTQRJ,0.1363,Low Risk,No,Established High-Value,66,110.6,One year,Credit card (automatic),Fiber optic,Yes
7711-YIJWC,0.0471,Low Risk,No,Established High-Value,61,84.9,One year,Bank transfer (automatic),DSL,Yes
5482-VXSXJ,0.4709,Medium Risk,No,New High-Spend,22,93.2,Month-to-month,Mailed check,Fiber optic,No
7365-BVCJH,0.6741,High Risk,No,New Budget,1,24.4,Month-to-month,Electronic check,DSL,No
9620-ENEJV,0.505,Medium Risk,No,New High-Spend,6,70.55,Month-to-month,Credit card (automatic),Fiber optic,No
4183-WCSEP,0.4533,Medium Risk,Yes,New High-Spend,31,78.45,Month-to-month,Electronic check,Fiber optic,Yes
2378-YIZKA,0.0292,Low Risk,No,Established High-Value,68,85.0,Two year,Credit card (automatic),DSL,Yes
5498-TXHLF,0.462,Medium Risk,Yes,New High-Spend,34,87.45,Month-to-month,Electronic check,Fiber optic,No
0689-DSXGL,0.1413,Low Risk,No,Established High-Value,52,85.8,Month-to-month,Bank transfer (automatic),Fiber optic,Yes
6818-DJXAA,0.6219,Medium Risk,No,New High-Spend,10,91.1,Month-to-month,Electronic check,Fiber optic,Yes
9722-UJOJR,0.4967,Medium Risk,Yes,New High-Spend,29,70.75,Month-to-month,Electronic check,Fiber optic,No
0464-WJTKO,0.024,Low Risk,No,Established Budget,72,20.1,Two year,Bank transfer (automatic),No,No
8902-ZEOVF,0.0292,Low Risk,No,Established Budget,47,20.05,One year,Mailed check,No,No
6778-EICRF,0.0696,Low Risk,No,New High-Spend,24,74.8,One year,Mailed check,DSL,No
2662-NNTDK,0.0296,Low Risk,No,Established Budget,65,24.8,One year,Credit card (automatic),No,No
4132-KALRO,0.6937,High Risk,No,New High-Spend,4,100.85,Month-to-month,Mailed check,Fiber optic,Yes
3902-FOIGH,0.7218,High Risk,Yes,New High-Spend,12,101.35,Month-to-month,Electronic check,Fiber optic,No
6772-KSATR,0.7167,High Risk,Yes,New High-Spend,1,81.7,Month-to-month,Electronic check,Fiber optic,No
7112-OPOTK,0.3889,Medium Risk,Yes,New High-Spend,33,68.25,Month-to-month,Electronic check,Fiber optic,No
2874-YXVVA,0.4639,Medium Risk,No,Established High-Value,34,105.1,Month-to-month,Electronic check,Fiber optic,Yes
1245-HARPS,0.0266,Low Risk,No,New Budget,14,20.4,Two year,Mailed check,No,No
4210-QFJMF,0.6942,High Risk,Yes,New High-Spend,4,79.15,Month-to-month,Electronic check,Fiber optic,No
4323-ELYYB,0.0342,Low Risk,No,New Budget,13,20.0,One year,Mailed check,No,No
4293-ETKAP,0.033,Low Risk,No,Established High-Value,65,79.4,Two year,Bank transfer (automatic),DSL,Yes
6064-PUPMC,0.0378,Low Risk,No,New High-Spend,23,57.2,One year,Credit card (automatic),DSL,Yes
6504-VBLFL,0.0403,Low Risk,No,Established High-Value,55,58.6,Two year,Electronic check,DSL,No
6322-PJJDJ,0.1295,Low Risk,No,Established High-Value,49,94.8,Two year,Electronic check,Fiber optic,No
0330-BGYZE,0.2259,Low Risk,No,Established High-Value,60,102.5,One year,Bank transfer (automatic),Fiber optic,No
1085-LDWAM,0.0279,Low Risk,No,Established Budget,69,20.35,One year,Credit card (automatic),No,No
7586-ZATGZ,0.5264,Medium Risk,No,New High-Spend,40,84.9,Month-to-month,Electronic check,Fiber optic,No
7197-VOJMM,0.0288,Low Risk,No,Established High-Value,67,69.2,Two year,Credit card (automatic),DSL,Yes
3318-OSATS,0.5962,Medium Risk,Yes,New High-Spend,35,95.45,Month-to-month,Electronic check,Fiber optic,No
5828-AVIPD,0.3726,Medium Risk,Yes,New High-Spend,19,100.95,One year,Electronic check,Fiber optic,Yes
1843-TLSGD,0.0277,Low Risk,No,New Budget,13,20.85,Two year,Mailed check,No,No
9626-VFRGG,0.3474,Low Risk,No,New High-Spend,41,88.5,Month-to-month,Bank transfer (automatic),Fiber optic,No
7075-BNDVQ,0.3675,Medium Risk,No,New Budget,4,35.0,Month-to-month,Mailed check,DSL,No
9143-CANJF,0.1366,Low Risk,No,New High-Spend,24,55.15,Month-to-month,Electronic check,DSL,Yes
7284-BUYEC,0.5039,Medium Risk,No,New High-Spend,5,50.95,Month-to-month,Credit card (automatic),DSL,No
2041-JIJCI,0.4951,Medium Risk,No,New High-Spend,5,64.0,Month-to-month,Electronic check,DSL,No
1086-LXKFY,0.7049,High Risk,Yes,New High-Spend,1,69.1,Month-to-month,Mailed check,Fiber optic,No
4900-MSOMT,0.0256,Low Risk,No,Established High-Value,72,80.2,Two year,Bank transfer (automatic),DSL,Yes
2229-VWQJH,0.1364,Low Risk,No,New Budget,24,49.3,Month-to-month,Credit card (automatic),DSL,No
9194-GFVOI,0.032,Low Risk,No,Established High-Value,42,84.35,Two year,Credit card (automatic),DSL,Yes
1336-EZFZY,0.1104,Low Risk,No,New Budget,4,20.05,Month-to-month,Mailed check,No,No
4282-MSACW,0.1659,Low Risk,No,Established High-Value,68,117.2,One year,Credit card (automatic),Fiber optic,Yes
1403-LKLIK,0.0295,Low Risk,No,New Budget,33,20.1,One year,Mailed check,No,No
2636-ALXXZ,0.745,High Risk,Yes,New High-Spend,1,69.6,Month-to-month,Electronic check,Fiber optic,No
7774-OJSXI,0.389,Medium Risk,Yes,Established High-Value,31,103.45,One year,Electronic check,Fiber optic,No
7786-WBJYI,0.6028,Medium Risk,Yes,New High-Spend,4,77.95,Month-to-month,Bank transfer (automatic),Fiber optic,No
0136-IFMYD,0.1181,Low Risk,No,Established High-Value,69,109.95,Two year,Electronic check,Fiber optic,Yes
5144-TVGLP,0.4907,Medium Risk,No,New High-Spend,38,94.75,Month-to-month,Electronic check,Fiber optic,No
9643-AVVWI,0.6243,Medium Risk,No,New High-Spend,3,80.0,Month-to-month,Electronic check,Fiber optic,Yes
0253-ZTEOB,0.0379,Low Risk,No,Established High-Value,48,79.65,Two year,Electronic check,DSL,Yes
2706-QZIHY,0.028,Low Risk,No,New Budget,15,25.2,Two year,Mailed check,No,No
6061-PQHMK,0.0299,Low Risk,No,New Budget,25,19.9,One year,Credit card (automatic),No,No
9885-CSMWE,0.7269,High Risk,Yes,New High-Spend,1,78.45,Month-to-month,Electronic check,Fiber optic,No
6137-MFAJN,0.2376,Low Risk,No,Established Budget,48,44.8,Month-to-month,Electronic check,DSL,No
9122-UMROB,0.3354,Low Risk,No,New Budget,1,20.3,Month-to-month,Mailed check,No,No
4232-JGKIY,0.3253,Low Risk,No,New Budget,1,19.2,Month-to-month,Electronic check,No,No
2402-TAIRZ,0.1061,Low Risk,No,New High-Spend,37,80.05,One year,Electronic check,Fiber optic,No
9659-ZTWSM,0.222,Low Risk,No,Established High-Value,66,107.35,One year,Bank transfer (automatic),Fiber optic,Yes
9139-TWBAS,0.0518,Low Risk,No,New High-Spend,26,47.85,One year,Bank transfer (automatic),DSL,No
6685-GBWJZ,0.0382,Low Risk,No,Established High-Value,63,70.8,One year,Credit card (automatic),DSL,Yes
5016-ETTFF,0.2501,Low Risk,Yes,New Budget,10,29.5,Month-to-month,Mailed check,DSL,No
3866-MDTUB,0.5007,Medium Risk,Yes,New High-Spend,2,70.75,Month-to-month,Electronic check,DSL,No
2195-VVRJF,0.2125,Low Risk,No,New High-Spend,18,59.1,Month-to-month,Credit card (automatic),DSL,No
3913-RDSJZ,0.025,Low Risk,No,Established Budget,64,25.55,Two year,Mailed check,No,No
8058-JMEQO,0.7026,High Risk,Yes,New High-Spend,9,84.45,Month-to-month,Electronic check,Fiber optic,No
4203-QGNZA,0.0427,Low Risk,No,New Budget,28,20.25,Month-to-month,Mailed check,No,No
5043-TRZWM,0.7095,High Risk,No,New High-Spend,1,75.55,Month-to-month,Electronic check,Fiber optic,No
0697-ZMSWS,0.7086,High Risk,Yes,New High-Spend,4,85.65,Month-to-month,Electronic check,Fiber optic,No
7657-DYEPJ,0.0692,Low Risk,Yes,Established High-Value,38,70.15,One year,Credit card (automatic),DSL,Yes
9494-BDNNC,0.1758,Low Risk,No,Established High-Value,66,95.3,One year,Electronic check,Fiber optic,No
1640-PLFMP,0.7373,High Risk,No,New High-Spend,1,70.25,Month-to-month,Electronic check,Fiber optic,No
5366-OBVMR,0.1468,Low Risk,No,New Budget,18,50.3,Month-to-month,Mailed check,DSL,Yes
8276-MQBYC,0.5465,Medium Risk,Yes,Established High-Value,51,97.8,Month-to-month,Electronic check,Fiber optic,No
7644-OMVMY,0.0292,Low Risk,No,New Budget,0,19.85,Two year,Mailed check,No,No
7593-XFKDI,0.5256,Medium Risk,Yes,New Budget,1,46.3,Month-to-month,Mailed check,DSL,No
4573-JKNAE,0.0312,Low Risk,No,New Budget,12,19.35,Two year,Bank transfer (automatic),No,No
0337-CNPZE,0.5862,Medium Risk,Yes,Established High-Value,41,106.3,Month-to-month,Electronic check,Fiber optic,No
9817-APLHW,0.1092,Low Risk,No,New Budget,12,25.0,Month-to-month,Electronic check,No,No
8380-MQINP,0.0257,Low Risk,No,Established Budget,55,20.3,Two year,Mailed check,No,No
0840-DFEZH,0.6578,High Risk,No,New High-Spend,7,75.35,Month-to-month,Electronic check,Fiber optic,No
1513-XNPPH,0.6071,Medium Risk,Yes,New High-Spend,12,89.4,Month-to-month,Electronic check,Fiber optic,Yes
8690-ZVLCL,0.0301,Low Risk,No,Established High-Value,68,88.0,Two year,Credit card (automatic),DSL,Yes
6015-VVHHE,0.6949,High Risk,Yes,New High-Spend,5,83.15,Month-to-month,Credit card (automatic),Fiber optic,No
1125-SNVCK,0.117,Low Risk,No,Established Budget,49,43.8,Month-to-month,Mailed check,DSL,No
0384-LPITE,0.0841,Low Risk,No,Established High-Value,40,62.05,One year,Credit card (automatic),DSL,No
4616-EWBNJ,0.0378,Low Risk,No,New Budget,16,20.1,One year,Bank transfer (automatic),No,No
6347-DCUIK,0.5779,Medium Risk,Yes,New High-Spend,10,74.15,Month-to-month,Mailed check,Fiber optic,No
1335-HQMKX,0.1322,Low Risk,No,Established High-Value,72,101.35,One year,Electronic check,Fiber optic,No
2545-EBUPK,0.7377,High Risk,No,New High-Spend,2,84.05,Month-to-month,Electronic check,Fiber optic,No
6923-AQONU,0.0266,Low Risk,No,New Budget,23,20.9,Two year,Mailed check,No,No
2172-EJXVF,0.1912,Low Risk,No,Established High-Value,71,105.9,One year,Electronic check,Fiber optic,No
0897-FEGMU,0.7124,High Risk,Yes,New High-Spend,11,99.5,Month-to-month,Electronic check,Fiber optic,No
7663-RGWBC,0.5929,Medium Risk,Yes,New Budget,1,44.15,Month-to-month,Mailed check,DSL,No
1120-BMWUB,0.1913,Low Risk,Yes,New High-Spend,16,53.9,Month-to-month,Mailed check,DSL,Yes
9124-LHCJQ,0.7344,High Risk,Yes,New High-Spend,1,85.45,Month-to-month,Mailed check,Fiber optic,No
4536-PLEQY,0.5985,Medium Risk,No,New High-Spend,12,85.05,Month-to-month,Credit card (automatic),Fiber optic,No
7029-IJEJK,0.058,Low Risk,No,Established Budget,54,44.1,One year,Bank transfer (automatic),DSL,Yes
8871-JLMHM,0.0323,Low Risk,No,Established High-Value,68,90.2,Two year,Credit card (automatic),Fiber optic,Yes
2235-ZGKPT,0.3721,Medium Risk,Yes,New Budget,4,50.85,Month-to-month,Mailed check,DSL,No
3891-PUQOD,0.6091,Medium Risk,Yes,New High-Spend,1,59.2,Month-to-month,Electronic check,DSL,No
5447-VYTKW,0.072,Low Risk,No,New High-Spend,27,53.45,Month-to-month,Mailed check,DSL,Yes
3623-FQBOX,0.0695,Low Risk,No,New Budget,21,19.95,Month-to-month,Mailed check,No,No
0689-NKYLF,0.6625,High Risk,Yes,New High-Spend,13,83.2,Month-to-month,Electronic check,Fiber optic,No
8659-HDIYE,0.0818,Low Risk,No,Established High-Value,64,74.65,Month-to-month,Credit card (automatic),DSL,Yes
3658-KIBGF,0.586,Medium Risk,Yes,New High-Spend,1,54.9,Month-to-month,Electronic check,DSL,No
3474-BAFSJ,0.0381,Low Risk,No,Established High-Value,57,57.5,Two year,Bank transfer (automatic),DSL,Yes
5519-YLDGW,0.6182,Medium Risk,Yes,New High-Spend,21,103.9,Month-to-month,Electronic check,Fiber optic,No
3865-ZFZIB,0.0265,Low Risk,No,New Budget,19,19.65,Two year,Mailed check,No,No
1855-AGAWH,0.3488,Low Risk,No,New High-Spend,31,93.8,One year,Electronic check,Fiber optic,No
7109-CQYUZ,0.0314,Low Risk,No,Established High-Value,52,89.25,Two year,Mailed check,DSL,Yes
1370-GGAWX,0.2334,Low Risk,No,Established High-Value,46,94.15,One year,Electronic check,Fiber optic,No
4680-KUTAJ,0.3498,Low Risk,No,New High-Spend,11,55.6,Month-to-month,Electronic check,DSL,No
5307-UVGNB,0.1317,Low Risk,No,Established High-Value,53,48.7,Month-to-month,Bank transfer (automatic),DSL,No
4946-EDSEW,0.1057,Low Risk,Yes,New Budget,11,19.25,Month-to-month,Mailed check,No,No
2883-ILGWO,0.3415,Low Risk,No,Established High-Value,57,104.9,Month-to-month,Bank transfer (automatic),Fiber optic,Yes
2516-VQRRV,0.6861,High Risk,Yes,New High-Spend,2,75.45,Month-to-month,Mailed check,Fiber optic,No
7580-UGXNC,0.4224,Medium Risk,Yes,New High-Spend,2,54.85,Month-to-month,Mailed check,DSL,No
3642-BYHDO,0.0248,Low Risk,No,Established Budget,71,19.9,Two year,Bank transfer (automatic),No,No
9629-NHXFW,0.4032,Medium Risk,No,New Budget,1,19.4,Month-to-month,Mailed check,No,No
2696-RZVZW,0.0261,Low Risk,No,Established Budget,68,25.05,Two year,Credit card (automatic),No,No
5766-FTRTS,0.0258,Low Risk,No,Established High-Value,72,84.45,Two year,Mailed check,DSL,Yes
0396-HUJBP,0.1334,Low Risk,No,New Budget,2,19.3,Month-to-month,Mailed check,No,No
5178-LMXOP,0.7667,High Risk,Yes,New High-Spend,1,95.1,Month-to-month,Electronic check,Fiber optic,No
8879-ZKJOF,0.0651,Low Risk,No,Established High-Value,41,79.85,One year,Bank transfer (automatic),DSL,Yes
6285-FTQBF,0.024,Low Risk,No,Established Budget,72,25.55,Two year,Credit card (automatic),No,No
8185-UPYBR,0.6796,High Risk,Yes,New High-Spend,6,75.5,Month-to-month,Electronic check,Fiber optic,No
4585-HETAI,0.6521,High Risk,Yes,New High-Spend,4,73.75,Month-to-month,Electronic check,Fiber optic,No
7526-BEZQB,0.7157,High Risk,Yes,New High-Spend,12,96.05,Month-to-month,Electronic check,Fiber optic,No
1474-JUWSM,0.0673,Low Risk,No,Established High-Value,58,68.4,One year,Electronic check,DSL,Yes
3530-CRZSB,0.074,Low Risk,No,New Budget,7,20.65,Month-to-month,Mailed check,No,No
8498-XXGWA,0.0559,Low Risk,No,Established Budget,65,55.15,Month-to-month,Mailed check,DSL,No
9617-INGJY,0.705,High Risk,No,New High-Spend,1,70.6,Month-to-month,Mailed check,Fiber optic,No
0621-TSSMU,0.0293,Low Risk,No,Established Budget,56,19.95,One year,Credit card (automatic),No,No
7234-KMNRQ,0.0993,Low Risk,No,New Budget,4,19.0,Month-to-month,Mailed check,No,No
7636-PEPNS,0.0416,Low Risk,No,Established Budget,58,44.1,One year,Mailed check,DSL,No
4683-WYDOU,0.1088,Low Risk,No,Established High-Value,62,107.6,Two year,Bank transfer (automatic),Fiber optic,Yes
9052-DHNKM,0.0517,Low Risk,No,New High-Spend,26,61.55,One year,Electronic check,DSL,No
6794-HKIAJ,0.1123,Low Risk,No,Established High-Value,62,90.7,Month-to-month,Bank transfer (automatic),Fiber optic,No
5578-NKCXI,0.1303,Low Risk,No,Established High-Value,58,99.25,One year,Credit card (automatic),Fiber optic,No
1642-HMARX,0.0378,Low Risk,No,Established High-Value,68,91.7,Two year,Electronic check,DSL,Yes
3096-WPXBT,0.0936,Low Risk,No,Established High-Value,61,100.7,One year,Credit card (automatic),Fiber optic,No
8434-PNQZX,0.0359,Low Risk,No,Established High-Value,42,78.45,Two year,Credit card (automatic),DSL,Yes
5950-AAAGJ,0.3799,Medium Risk,No,New High-Spend,18,84.3,Month-to-month,Bank transfer (automatic),Fiber optic,No
4299-OPXEJ,0.0273,Low Risk,No,Established Budget,56,19.55,Two year,Bank transfer (automatic),No,No
4951-UKAAQ,0.7116,High Risk,Yes,New High-Spend,4,88.95,Month-to-month,Electronic check,Fiber optic,No
9618-LFJRU,0.1213,Low Risk,No,New Budget,4,20.45,Month-to-month,Credit card (automatic),No,No
6693-DJWTY,0.0384,Low Risk,No,New High-Spend,35,55.6,One year,Credit card (automatic),DSL,No
0744-GKNGE,0.097,Low Risk,No,Established High-Value,64,86.8,Month-to-month,Bank transfer (automatic),Fiber optic,Yes
6447-EGDIV,0.0304,Low Risk,No,New Budget,31,20.95,One year,Mailed check,No,No
1167-OYZJF,0.0269,Low Risk,No,Established Budget,67,20.05,Two year,Bank transfer (automatic),No,No
2108-YKQTY,0.4035,Medium Risk,Yes,New Budget,4,50.7,Month-to-month,Credit card (automatic),DSL,No
4806-DXQCE,0.0766,Low Risk,No,Established High-Value,70,113.65,Two year,Electronic check,Fiber optic,Yes
4918-QLLIW,0.4026,Medium Risk,Yes,New Budget,3,53.4,Month-to-month,Credit card (automatic),DSL,No
7056-IMHCC,0.5714,Medium Risk,Yes,Established High-Value,53,101.9,Month-to-month,Electronic check,Fiber optic,No
4854-SSLTN,0.0327,Low Risk,No,New High-Spend,2,59.5,Two year,Mailed check,DSL,Yes
5294-DMSFH,0.4299,Medium Risk,No,New High-Spend,29,87.8,Month-to-month,Credit card (automatic),Fiber optic,No
4837-PZTIC,0.0294,Low Risk,No,Established Budget,47,41.9,Two year,Mailed check,DSL,Yes
1625-JAIIY,0.126,Low Risk,Yes,Established High-Value,68,83.0,One year,Electronic check,Fiber optic,No
0603-OLQDC,0.2473,Low Risk,No,New High-Spend,12,69.85,Month-to-month,Mailed check,DSL,No
3272-VUHPV,0.1813,Low Risk,No,New High-Spend,8,56.3,Month-to-month,Bank transfer (automatic),DSL,Yes
4176-FXYBO,0.4032,Medium Risk,No,Established High-Value,54,109.55,Month-to-month,Electronic check,Fiber optic,No
1063-DHQJF,0.0346,Low Risk,No,Established High-Value,69,92.15,Two year,Mailed check,Fiber optic,Yes
8663-UPDGF,0.1296,Low Risk,No,New High-Spend,26,69.5,Month-to-month,Bank transfer (automatic),DSL,No
6719-FGEDO,0.0278,Low Risk,No,Established High-Value,72,97.0,Two year,Bank transfer (automatic),Fiber optic,Yes
1837-YQUCE,0.03,Low Risk,No,Established High-Value,70,58.35,Two year,Bank transfer (automatic),DSL,Yes
2947-DOMLJ,0.454,Medium Risk,Yes,New Budget,1,50.6,Month-to-month,Mailed check,DSL,No
4112-LUEIZ,0.6726,High Risk,Yes,New High-Spend,10,89.5,Month-to-month,Electronic check,Fiber optic,No
0369-ZGOVK,0.0772,Low Risk,No,New High-Spend,28,70.4,One year,Bank transfer (automatic),Fiber optic,No
4510-HIMLV,0.7378,High Risk,Yes,New High-Spend,1,69.8,Month-to-month,Electronic check,Fiber optic,No
9919-KNPOO,0.6235,Medium Risk,No,New High-Spend,21,94.3,Month-to-month,Electronic check,Fiber optic,No
8749-JMNKX,0.3108,Low Risk,Yes,Established High-Value,51,93.8,Month-to-month,Bank transfer (automatic),Fiber optic,No
7872-BAAZR,0.0303,Low Risk,No,Established Budget,53,19.55,One year,Bank transfer (automatic),No,No
9391-LMANN,0.1243,Low Risk,No,Established High-Value,53,95.95,One year,Electronic check,Fiber optic,No
2430-USGXP,0.6294,Medium Risk,Yes,New High-Spend,24,101.05,Month-to-month,Electronic check,Fiber optic,No
8174-TBVCF,0.0407,Low Risk,No,Established High-Value,70,94.8,Two year,Credit card (automatic),DSL,Yes
1698-XFZCI,0.2599,Low Risk,No,Established High-Value,61,107.75,One year,Electronic check,Fiber optic,No
1877-HKBQX,0.0523,Low Risk,No,New High-Spend,11,54.6,One year,Mailed check,DSL,Yes
4450-DLLMH,0.6239,Medium Risk,No,New High-Spend,2,71.3,Month-to-month,Credit card (automatic),Fiber optic,No
0428-AXXLJ,0.0333,Low Risk,No,New Budget,25,19.5,One year,Bank transfer (automatic),No,No
2746-DIJLO,0.0526,Low Risk,No,Established Budget,41,56.3,One year,Credit card (automatic),DSL,No
5955-ERIHD,0.6409,Medium Risk,Yes,New High-Spend,18,94.7,Month-to-month,Electronic check,Fiber optic,No
0917-EZOLA,0.0739,Low Risk,Yes,Established High-Value,72,104.15,Two year,Bank transfer (automatic),Fiber optic,No
3508-VLHCZ,0.0277,Low Risk,No,Established High-Value,71,90.55,Two year,Credit card (automatic),DSL,Yes
4086-ATNFV,0.0427,Low Risk,No,New High-Spend,34,60.8,One year,Mailed check,DSL,No
0468-YRPXN,0.3961,Medium Risk,No,Established High-Value,29,98.8,Month-to-month,Credit card (automatic),Fiber optic,Yes
5996-NRVXR,0.1069,Low Risk,No,Established High-Value,40,98.15,One year,Credit card (automatic),Fiber optic,Yes
3739-YBWAB,0.0393,Low Risk,No,Established Budget,36,35.35,One year,Mailed check,DSL,No
7047-FWEYA,0.2748,Low Risk,No,Established High-Value,46,103.15,One year,Electronic check,Fiber optic,Yes
2000-MPKCA,0.2844,Low Risk,No,Established High-Value,58,107.75,One year,Electronic check,Fiber optic,No
9762-YAQAA,0.0703,Low Risk,No,New High-Spend,39,81.4,One year,Credit card (automatic),Fiber optic,No
5949-EBSQK,0.3374,Low Risk,Yes,New High-Spend,4,61.45,Month-to-month,Credit card (automatic),DSL,Yes
5473-KHBPS,0.118,Low Risk,No,Established High-Value,52,95.7,One year,Credit card (automatic),Fiber optic,No
0100-DUVFC,0.3153,Low Risk,No,Established High-Value,70,104.8,One year,Electronic check,Fiber optic,No
5397-TUPSH,0.0494,Low Risk,No,Established Budget,65,70.95,One year,Bank transfer (automatic),Fiber optic,No
8950-MTZNV,0.5934,Medium Risk,No,New Budget,1,44.95,Month-to-month,Mailed check,DSL,No
0326-VDYXE,0.251,Low Risk,No,Established High-Value,70,97.65,One year,Electronic check,Fiber optic,No
6773-LQTVT,0.2175,Low Risk,No,New Budget,29,35.65,Month-to-month,Mailed check,DSL,No
7274-RTAPZ,0.7542,High Risk,Yes,New High-Spend,1,90.55,Month-to-month,Electronic check,Fiber optic,No
0436-TWFFZ,0.0314,Low Risk,No,Established High-Value,67,85.25,Two year,Mailed check,DSL,Yes
8566-YPRGL,0.4168,Medium Risk,No,New Budget,1,19.5,Month-to-month,Mailed check,No,No
0311-UNPFF,0.4397,Medium Risk,Yes,New High-Spend,26,88.8,Month-to-month,Bank transfer (automatic),Fiber optic,No
6609-MXJHJ,0.0274,Low Risk,No,New Budget,30,25.1,Two year,Mailed check,No,No
2669-OIDSD,0.3296,Low Risk,No,Established High-Value,48,100.05,Month-to-month,Credit card (automatic),Fiber optic,Yes
8400-WZICQ,0.0914,Low Risk,No,Established Budget,55,55.7,Month-to-month,Electronic check,DSL,No
3834-XUIFC,0.6429,Medium Risk,Yes,New High-Spend,7,85.2,Month-to-month,Mailed check,Fiber optic,No
9576-SYUHJ,0.4484,Medium Risk,No,New High-Spend,37,91.15,Month-to-month,Electronic check,Fiber optic,No
0410-IPFTY,0.3941,Medium Risk,No,New High-Spend,31,83.85,Month-to-month,Bank transfer (automatic),Fiber optic,No
2831-EBWRN,0.4955,Medium Risk,No,New Budget,4,45.9,Month-to-month,Electronic check,DSL,No
9430-NKQLY,0.0245,Low Risk,No,Established Budget,72,25.1,Two year,Credit card (automatic),No,No
8414-MYSHR,0.7134,High Risk,Yes,New High-Spend,5,91.4,Month-to-month,Electronic check,Fiber optic,No
0247-SLUJI,0.3418,Low Risk,No,New Budget,1,19.7,Month-to-month,Mailed check,No,No
9402-ORRAH,0.6721,High Risk,No,New High-Spend,15,91.5,Month-to-month,Electronic check,Fiber optic,No
6483-OATDN,0.2095,Low Risk,No,New Budget,8,51.3,Month-to-month,Credit card (automatic),DSL,No
1293-HHSHJ,0.0317,Low Risk,No,Established Budget,35,21.1,One year,Mailed check,No,No
4840-ORQXB,0.4321,Medium Risk,No,Established High-Value,56,104.75,Month-to-month,Electronic check,Fiber optic,No
7599-FKVXZ,0.4406,Medium Risk,Yes,Established High-Value,42,106.15,Month-to-month,Bank transfer (automatic),Fiber optic,Yes
3982-DQLUS,0.2108,Low Risk,No,Established High-Value,65,85.75,Month-to-month,Electronic check,Fiber optic,No
8610-ZIKJJ,0.0499,Low Risk,No,New Budget,2,20.3,One year,Mailed check,No,No
3756-VNWDH,0.2354,Low Risk,No,Established High-Value,65,100.75,One year,Electronic check,Fiber optic,No
7801-KICAO,0.5845,Medium Risk,No,New High-Spend,18,74.15,Month-to-month,Electronic check,Fiber optic,No
7673-LPRNY,0.1278,Low Risk,No,New High-Spend,23,78.55,One year,Electronic check,DSL,No
8229-TNIQA,0.4009,Medium Risk,Yes,New Budget,4,45.3,Month-to-month,Mailed check,DSL,No
6060-QBMGV,0.0245,Low Risk,No,Established Budget,70,19.85,Two year,Credit card (automatic),No,No
7339-POGZN,0.4537,Medium Risk,No,New Budget,4,50.7,Month-to-month,Electronic check,DSL,No
2828-SLQPF,0.1626,Low Risk,No,New Budget,19,45.0,Month-to-month,Bank transfer (automatic),DSL,No
4465-VDKIQ,0.4542,Medium Risk,No,New High-Spend,18,77.8,Month-to-month,Electronic check,Fiber optic,No
2921-XWDJH,0.4885,Medium Risk,No,New High-Spend,38,83.45,Month-to-month,Electronic check,Fiber optic,No
6221-AVQYL,0.6574,High Risk,Yes,New High-Spend,2,73.25,Month-to-month,Credit card (automatic),Fiber optic,No
2558-BUOZZ,0.0819,Low Risk,No,Established High-Value,47,94.8,One year,Bank transfer (automatic),Fiber optic,No
9257-AZMTZ,0.0253,Low Risk,No,Established Budget,52,20.1,Two year,Bank transfer (automatic),No,No
0003-MKNFE,0.2452,Low Risk,No,New High-Spend,9,59.9,Month-to-month,Mailed check,DSL,No
0975-UYDTX,0.0817,Low Risk,No,Established High-Value,26,90.1,One year,Credit card (automatic),DSL,Yes
7743-EXURX,0.3439,Low Risk,Yes,New Budget,8,51.05,Month-to-month,Electronic check,DSL,No
4682-BLBUC,0.074,Low Risk,No,Established High-Value,44,70.95,One year,Electronic check,DSL,Yes
0975-VOOVL,0.3858,Medium Risk,No,New Budget,3,29.2,Month-to-month,Mailed check,DSL,No
5968-VXZLG,0.5437,Medium Risk,No,New Budget,2,46.6,Month-to-month,Bank transfer (automatic),DSL,No
5569-KGJHX,0.6311,Medium Risk,Yes,New High-Spend,9,85.35,Month-to-month,Bank transfer (automatic),Fiber optic,No
4988-IQIGL,0.753,High Risk,Yes,New High-Spend,1,75.35,Month-to-month,Electronic check,Fiber optic,No
5201-FRKKS,0.1874,Low Risk,No,New High-Spend,25,74.3,Month-to-month,Bank transfer (automatic),Fiber optic,No
9799-CAYJJ,0.6774,High Risk,No,New High-Spend,2,69.3,Month-to-month,Electronic check,Fiber optic,No
7730-IUTDZ,0.4082,Medium Risk,Yes,New High-Spend,43,75.2,Month-to-month,Electronic check,Fiber optic,No
0426-TIRNE,0.37,Medium Risk,Yes,New Budget,1,20.9,Month-to-month,Mailed check,No,No
5443-SCMKX,0.2041,Low Risk,No,Established High-Value,58,94.3,One year,Electronic check,Fiber optic,No
8295-KMENE,0.0286,Low Risk,No,Established High-Value,59,76.45,Two year,Mailed check,DSL,Yes
6738-ISCBM,0.128,Low Risk,No,Established High-Value,44,54.0,One year,Electronic check,DSL,No
9821-BESNZ,0.2807,Low Risk,No,Established High-Value,66,104.25,One year,Electronic check,Fiber optic,Yes
3678-MNGZX,0.0246,Low Risk,No,Established Budget,68,19.95,Two year,Bank transfer (automatic),No,No
1335-NTIUC,0.4516,Medium Risk,No,New Budget,9,24.95,Month-to-month,Electronic check,DSL,No
2916-BQZLN,0.5021,Medium Risk,No,New High-Spend,19,84.75,Month-to-month,Electronic check,Fiber optic,No
4558-CGYCZ,0.1564,Low Risk,No,New Budget,4,19.75,Month-to-month,Mailed check,No,No
2368-GAKKQ,0.0648,Low Risk,No,Established High-Value,70,113.65,Two year,Bank transfer (automatic),Fiber optic,Yes
8710-YGLWG,0.5934,Medium Risk,No,New Budget,1,44.9,Month-to-month,Mailed check,DSL,No
3199-XGZCY,0.6567,High Risk,No,New High-Spend,8,75.25,Month-to-month,Electronic check,Fiber optic,No
3785-KTYSH,0.0263,Low Risk,No,Established Budget,53,24.6,Two year,Mailed check,No,No
6814-ZPWFQ,0.0343,Low Risk,No,Established Budget,51,25.0,One year,Bank transfer (automatic),No,No
4063-EIKNQ,0.0769,Low Risk,No,New Budget,11,20.95,Month-to-month,Bank transfer (automatic),No,No
6993-YCOBK,0.0906,Low Risk,No,Established High-Value,60,110.6,Two year,Electronic check,Fiber optic,Yes
5206-HPJKM,0.174,Low Risk,No,New High-Spend,17,55.5,Month-to-month,Credit card (automatic),DSL,No
7587-RZNME,0.577,Medium Risk,Yes,New Budget,3,43.3,Month-to-month,Electronic check,DSL,No
0748-RDGGM,0.1681,Low Risk,Yes,Established High-Value,70,109.5,One year,Bank transfer (automatic),Fiber optic,Yes
8393-JMVMB,0.3363,Low Risk,No,New Budget,1,19.45,Month-to-month,Mailed check,No,No
5019-GQVCR,0.5529,Medium Risk,No,New High-Spend,43,84.85,Month-to-month,Electronic check,Fiber optic,No
6036-TTFYU,0.0761,Low Risk,No,New Budget,16,19.6,Month-to-month,Mailed check,No,No
2550-AEVRU,0.0498,Low Risk,No,Established Budget,57,53.45,One year,Electronic check,DSL,No
0969-RGKCU,0.0297,Low Risk,No,Established Budget,37,19.8,One year,Credit card (automatic),No,No
0378-CJKPV,0.0319,Low Risk,No,Established High-Value,72,112.1,Two year,Credit card (automatic),Fiber optic,Yes
4706-AXVKM,0.653,High Risk,Yes,New High-Spend,11,84.8,Month-to-month,Credit card (automatic),Fiber optic,No
5889-JTMUL,0.5198,Medium Risk,Yes,Established High-Value,50,95.05,Month-to-month,Electronic check,Fiber optic,No
9026-RNUJS,0.4972,Medium Risk,Yes,New Budget,5,50.35,Month-to-month,Electronic check,DSL,No
3746-EUBYR,0.718,High Risk,Yes,New High-Spend,1,74.6,Month-to-month,Bank transfer (automatic),Fiber optic,No
2332-EFBJY,0.0768,Low Risk,Yes,New Budget,16,19.7,Month-to-month,Mailed check,No,No
2880-FPNAE,0.7017,High Risk,No,New High-Spend,2,74.2,Month-to-month,Electronic check,Fiber optic,No
1703-MGIAB,0.1845,Low Risk,No,New High-Spend,17,69.0,Month-to-month,Mailed check,DSL,Yes
4311-QTTAI,0.0346,Low Risk,No,New Budget,16,19.35,One year,Credit card (automatic),No,No
9474-PHLYD,0.4148,Medium Risk,Yes,New High-Spend,15,59.45,Month-to-month,Electronic check,DSL,No
4318-RAJVY,0.0443,Low Risk,No,New Budget,10,19.8,One year,Mailed check,No,No
2165-VOEGB,0.2019,Low Risk,Yes,Established High-Value,46,105.2,One year,Bank transfer (automatic),Fiber optic,Yes
3612-YUNGG,0.0779,Low Risk,No,Established High-Value,64,109.2,Two year,Credit card (automatic),Fiber optic,Yes
2254-DLXRI,0.7162,High Risk,No,New High-Spend,1,79.15,Month-to-month,Mailed check,Fiber optic,No
5062-CJJKH,0.0445,Low Risk,No,New High-Spend,25,53.65,One year,Mailed check,DSL,No
9028-LIHRP,0.0316,Low Risk,No,Established High-Value,71,100.2,Two year,Credit card (automatic),Fiber optic,Yes
2219-MVUSO,0.2274,Low Risk,Yes,New Budget,8,45.15,Month-to-month,Mailed check,DSL,No
1053-MXTTK,0.0353,Low Risk,No,Established High-Value,72,108.65,Two year,Bank transfer (automatic),Fiber optic,Yes
1530-ZTDOZ,0.1062,Low Risk,No,Established Budget,49,40.65,Month-to-month,Bank transfer (automatic),DSL,No
1301-LOPVR,0.0593,Low Risk,No,Established High-Value,29,55.35,One year,Credit card (automatic),DSL,Yes
0853-TWRVK,0.0318,Low Risk,No,Established High-Value,72,105.6,Two year,Bank transfer (automatic),Fiber optic,Yes
8914-RBTSB,0.4785,Medium Risk,Yes,New High-Spend,31,93.8,Month-to-month,Electronic check,Fiber optic,No
6212-ATMLK,0.5214,Medium Risk,No,Established High-Value,50,95.7,Month-to-month,Electronic check,Fiber optic,No
8200-LGKSR,0.0333,Low Risk,No,Established High-Value,71,83.2,Two year,Electronic check,DSL,Yes
1568-BEKZM,0.0329,Low Risk,No,Established High-Value,70,90.05,Two year,Credit card (automatic),DSL,Yes
0670-ANMUU,0.0555,Low Risk,No,Established High-Value,71,97.65,One year,Credit card (automatic),Fiber optic,Yes
6897-RWMUB,0.0273,Low Risk,No,Established High-Value,61,68.05,Two year,Bank transfer (automatic),DSL,Yes
0963-ZBDRN,0.4845,Medium Risk,Yes,New High-Spend,32,96.2,Month-to-month,Electronic check,Fiber optic,Yes
7594-RQHXR,0.7419,High Risk,Yes,New High-Spend,1,79.6,Month-to-month,Electronic check,Fiber optic,No
6999-CHVCF,0.0647,Low Risk,No,Established High-Value,68,102.1,Two year,Bank transfer (automatic),Fiber optic,No
6134-KWTBV,0.0255,Low Risk,No,Established Budget,62,23.4,Two year,Bank transfer (automatic),No,No
1077-HUUJM,0.634,Medium Risk,No,New High-Spend,7,71.05,Month-to-month,Electronic check,Fiber optic,No
6331-EWIEB,0.6054,Medium Risk,Yes,New High-Spend,20,85.25,Month-to-month,Electronic check,Fiber optic,No
0895-LNKRC,0.0348,Low Risk,No,New Budget,6,19.45,One year,Mailed check,No,No
2045-BMBTJ,0.2091,Low Risk,No,Established High-Value,33,59.45,Month-to-month,Bank transfer (automatic),DSL,No
8417-GSODA,0.1668,Low Risk,No,New High-Spend,28,92.2,One year,Bank transfer (automatic),Fiber optic,No
5171-EPLKN,0.026,Low Risk,No,New Budget,27,19.85,Two year,Credit card (automatic),No,No
4452-QIIEB,0.2223,Low Risk,No,New Budget,7,43.9,Month-to-month,Mailed check,DSL,No
5998-VVEJY,0.4878,Medium Risk,Yes,New High-Spend,26,80.5,Month-to-month,Electronic check,Fiber optic,Yes
1624-NALOJ,0.7228,High Risk,Yes,New High-Spend,5,89.8,Month-to-month,Electronic check,Fiber optic,No
6741-EGCBI,0.4201,Medium Risk,No,New High-Spend,30,90.5,Month-to-month,Credit card (automatic),Fiber optic,No
7820-ZYGNY,0.0742,Low Risk,No,Established High-Value,63,90.45,One year,Credit card (automatic),Fiber optic,No
4317-VTEOA,0.6565,High Risk,Yes,New Budget,1,50.75,Month-to-month,Electronic check,DSL,No
9677-AVKED,0.0914,Low Risk,No,Established High-Value,53,84.6,One year,Electronic check,DSL,Yes
1670-SVOWZ,0.5059,Medium Risk,Yes,New High-Spend,14,89.65,Month-to-month,Credit card (automatic),Fiber optic,Yes
2227-JRSJX,0.4321,Medium Risk,No,New High-Spend,21,99.15,Month-to-month,Bank transfer (automatic),Fiber optic,Yes
9847-HNVGP,0.0316,Low Risk,No,New Budget,17,19.95,One year,Mailed check,No,No
6696-YDAYZ,0.0271,Low Risk,No,New Budget,16,20.5,Two year,Mailed check,No,No
8980-WQFWL,0.2625,Low Risk,No,New High-Spend,35,62.1,Month-to-month,Electronic check,DSL,No
1730-ZMAME,0.5416,Medium Risk,No,New High-Spend,32,79.5,Month-to-month,Electronic check,Fiber optic,No
6506-EYCNH,0.069,Low Risk,No,New Budget,28,19.55,Month-to-month,Bank transfer (automatic),No,No
4634-JLRJT,0.4171,Medium Risk,No,New Budget,1,20.35,Month-to-month,Mailed check,No,No
9501-UKKNL,0.2391,Low Risk,No,Established High-Value,59,51.7,Month-to-month,Electronic check,DSL,Yes
2560-QTSBS,0.0283,Low Risk,No,Established Budget,72,23.3,One year,Bank transfer (automatic),No,No
7541-YLXCL,0.0663,Low Risk,Yes,New High-Spend,36,65.4,One year,Mailed check,DSL,Yes
4795-WRNVT,0.0962,Low Risk,No,Established High-Value,40,65.1,Month-to-month,Mailed check,DSL,No
6080-TCMYC,0.5151,Medium Risk,No,New High-Spend,40,81.2,Month-to-month,Electronic check,Fiber optic,No
0260-ZDLGK,0.2835,Low Risk,Yes,New High-Spend,9,72.9,Month-to-month,Mailed check,DSL,Yes
7860-UXCRM,0.0279,Low Risk,No,Established High-Value,63,74.5,Two year,Credit card (automatic),DSL,Yes
6357-JJPQT,0.6873,High Risk,No,New High-Spend,3,80.5,Month-to-month,Electronic check,Fiber optic,No
2292-XQWSV,0.0793,Low Risk,No,Established High-Value,40,60.3,One year,Mailed check,DSL,Yes
9552-TGUZV,0.4552,Medium Risk,No,New High-Spend,8,75.0,Month-to-month,Mailed check,Fiber optic,No
5913-INRQV,0.0699,Low Risk,No,New High-Spend,34,90.15,One year,Mailed check,Fiber optic,Yes
8722-NGNBH,0.2799,Low Risk,Yes,New High-Spend,5,40.0,Month-to-month,Mailed check,DSL,Yes
6210-KBBPI,0.7079,High Risk,Yes,New High-Spend,9,99.45,Month-to-month,Credit card (automatic),Fiber optic,No
9643-YBLUR,0.2655,Low Risk,No,New High-Spend,9,69.05,Month-to-month,Credit card (automatic),DSL,No
8734-FNWVH,0.1231,Low Risk,No,New High-Spend,31,59.7,Month-to-month,Bank transfer (automatic),DSL,No
9447-YPTBX,0.0323,Low Risk,No,Established Budget,50,19.85,One year,Bank transfer (automatic),No,No
0133-BMFZO,0.5895,Medium Risk,Yes,New High-Spend,2,86.25,Month-to-month,Electronic check,Fiber optic,Yes
6128-CZOMY,0.658,High Risk,Yes,New Budget,1,45.65,Month-to-month,Electronic check,DSL,No
9540-JYROE,0.5578,Medium Risk,Yes,New High-Spend,8,70.1,Month-to-month,Mailed check,Fiber optic,No
9026-LHEVG,0.3655,Medium Risk,No,New Budget,9,40.75,Month-to-month,Electronic check,DSL,No
2260-USTRB,0.6682,High Risk,Yes,New High-Spend,2,70.2,Month-to-month,Bank transfer (automatic),Fiber optic,No
3656-TKRVZ,0.3893,Medium Risk,Yes,New High-Spend,3,55.35,Month-to-month,Electronic check,DSL,No
7011-CVEUC,0.4235,Medium Risk,No,New High-Spend,25,95.7,Month-to-month,Credit card (automatic),Fiber optic,Yes
6185-TASNN,0.6314,Medium Risk,No,New Budget,1,46.3,Month-to-month,Electronic check,DSL,No
7925-PNRGI,0.0724,Low Risk,No,Established High-Value,45,81.3,Month-to-month,Mailed check,DSL,Yes
8623-TMRBY,0.4351,Medium Risk,Yes,Established High-Value,51,84.2,Month-to-month,Electronic check,Fiber optic,No
1552-CZCLL,0.0479,Low Risk,No,Established Budget,55,20.0,Month-to-month,Credit card (automatic),No,No
3038-PQIUY,0.1255,Low Risk,No,New High-Spend,38,66.15,Month-to-month,Bank transfer (automatic),DSL,No
1501-SGHBW,0.4722,Medium Risk,Yes,New Budget,2,45.85,Month-to-month,Mailed check,DSL,No
9313-CDOGY,0.0583,Low Risk,No,Established Budget,38,19.6,Month-to-month,Electronic check,No,No
8148-BPLZQ,0.2015,Low Risk,No,Established Budget,34,49.8,Month-to-month,Electronic check,DSL,No
2623-DRYAM,0.287,Low Risk,No,Established High-Value,70,101.75,One year,Electronic check,Fiber optic,No
9987-LUTYD,0.0446,Low Risk,No,New High-Spend,13,55.15,One year,Mailed check,DSL,Yes
3208-YPIOE,0.4213,Medium Risk,Yes,New High-Spend,39,75.25,Month-to-month,Electronic check,Fiber optic,No
4488-KQFDT,0.3386,Low Risk,No,Established High-Value,61,103.95,One year,Electronic check,Fiber optic,No
2612-RANWT,0.6751,High Risk,Yes,New High-Spend,12,100.15,Month-to-month,Bank transfer (automatic),Fiber optic,No
5693-PIPCS,0.0774,Low Risk,No,Established High-Value,41,99.65,Two year,Credit card (automatic),Fiber optic,Yes
0491-KAPQG,0.5635,Medium Risk,No,New High-Spend,21,73.7,Month-to-month,Electronic check,Fiber optic,No
1925-LFCZZ,0.1405,Low Risk,No,Established Budget,55,50.05,One year,Bank transfer (automatic),DSL,No
8039-EQPIM,0.0305,Low Risk,No,Established High-Value,69,60.25,Two year,Bank transfer (automatic),DSL,Yes
6900-PXRMS,0.5379,Medium Risk,Yes,Established High-Value,26,105.75,Month-to-month,Electronic check,Fiber optic,No
8707-RMEZH,0.0671,Low Risk,No,Established High-Value,69,87.3,One year,Credit card (automatic),Fiber optic,No
3346-BRMIS,0.4958,Medium Risk,Yes,New High-Spend,18,48.35,Month-to-month,Electronic check,DSL,No
3209-ZPKFI,0.1534,Low Risk,No,Established Budget,47,54.25,Month-to-month,Electronic check,DSL,No
6479-VDGRK,0.0261,Low Risk,No,Established High-Value,72,85.3,Two year,Bank transfer (automatic),DSL,Yes
9373-WSLOY,0.2608,Low Risk,No,New High-Spend,33,50.0,Month-to-month,Electronic check,DSL,Yes
2933-FILNV,0.4979,Medium Risk,Yes,New Budget,2,24.4,Month-to-month,Mailed check,DSL,No
3569-JFODW,0.0265,Low Risk,No,Established High-Value,72,90.95,Two year,Credit card (automatic),DSL,Yes
9819-FBNSV,0.4214,Medium Risk,No,New High-Spend,37,72.25,Month-to-month,Bank transfer (automatic),Fiber optic,No
9544-PYPSJ,0.2471,Low Risk,No,Established High-Value,62,96.1,Month-to-month,Credit card (automatic),Fiber optic,No
1591-XWLGB,0.0249,Low Risk,No,Established Budget,71,19.85,Two year,Credit card (automatic),No,No
0396-UKGAI,0.117,Low Risk,No,New High-Spend,23,55.3,Month-to-month,Bank transfer (automatic),DSL,Yes
3243-ZHOHY,0.032,Low Risk,No,New Budget,16,20.1,One year,Mailed check,No,No
5186-EJEGL,0.1604,Low Risk,No,New High-Spend,9,69.5,Month-to-month,Mailed check,DSL,Yes
7527-QNRUS,0.0303,Low Risk,No,New Budget,17,25.15,Two year,Mailed check,No,No
9986-BONCE,0.1569,Low Risk,Yes,New Budget,4,20.95,Month-to-month,Bank transfer (automatic),No,No
2722-JMONI,0.6276,Medium Risk,Yes,New Budget,1,49.55,Month-to-month,Electronic check,DSL,No
2203-GHNWN,0.3901,Medium Risk,No,New High-Spend,24,79.65,Month-to-month,Mailed check,Fiber optic,No
3878-AVSOQ,0.7437,High Risk,No,New High-Spend,1,71.25,Month-to-month,Electronic check,Fiber optic,No
3258-SYSWS,0.0366,Low Risk,No,Established High-Value,72,113.8,Two year,Bank transfer (automatic),Fiber optic,Yes
5296-PSYVW,0.0278,Low Risk,No,Established Budget,72,24.55,Two year,Electronic check,No,No
6319-QSUSR,0.0972,Low Risk,No,New Budget,11,19.7,Month-to-month,Credit card (automatic),No,No
4083-EUGRJ,0.0951,Low Risk,Yes,New Budget,9,20.25,Month-to-month,Mailed check,No,No
7579-OOPEC,0.472,Medium Risk,Yes,New Budget,2,50.15,Month-to-month,Credit card (automatic),DSL,No
0512-FLFDW,0.2305,Low Risk,No,Established High-Value,60,100.5,One year,Credit card (automatic),Fiber optic,No
1771-OADNZ,0.5989,Medium Risk,Yes,New High-Spend,29,95.9,Month-to-month,Electronic check,Fiber optic,No
0487-CRLZF,0.0341,Low Risk,No,Established High-Value,49,74.45,Two year,Bank transfer (automatic),DSL,Yes
2107-FBPTK,0.6213,Medium Risk,No,Established High-Value,30,104.1,Month-to-month,Electronic check,Fiber optic,No
9451-WLYRI,0.0296,Low Risk,No,Established Budget,53,19.05,One year,Credit card (automatic),No,No
8219-VYBVI,0.0255,Low Risk,No,Established Budget,39,25.0,Two year,Mailed check,No,No
1991-VOPLL,0.0718,Low Risk,No,New Budget,9,19.05,Month-to-month,Mailed check,No,No
9738-QLWTP,0.091,Low Risk,No,New High-Spend,39,81.9,One year,Electronic check,Fiber optic,Yes
1016-DJTSV,0.6207,Medium Risk,No,New High-Spend,8,69.7,Month-to-month,Electronic check,Fiber optic,No
9419-IPPBE,0.1633,Low Risk,No,Established High-Value,51,90.15,One year,Electronic check,Fiber optic,No
0174-QRVVY,0.0246,Low Risk,No,Established Budget,71,25.35,Two year,Credit card (automatic),No,No
5699-BNCAS,0.0255,Low Risk,No,Established Budget,71,24.65,Two year,Mailed check,No,No
2900-PHPLN,0.0259,Low Risk,No,Established Budget,70,19.55,Two year,Credit card (automatic),No,No
0612-RTZZA,0.66,High Risk,Yes,New Budget,1,25.25,Month-to-month,Electronic check,DSL,No
8106-GWQOK,0.0364,Low Risk,No,Established High-Value,38,60.0,Two year,Bank transfer (automatic),DSL,Yes
8751-EDEKA,0.3264,Low Risk,No,New High-Spend,28,89.9,Month-to-month,Credit card (automatic),Fiber optic,No
6878-GGDWG,0.0507,Low Risk,No,New Budget,32,19.4,Month-to-month,Bank transfer (automatic),No,No
4039-PIMHX,0.0342,Low Risk,No,Established Budget,49,49.8,Two year,Mailed check,DSL,No
8450-LUGUK,0.028,Low Risk,No,Established Budget,37,24.1,Two year,Bank transfer (automatic),No,No
3604-WLABM,0.1926,Low Risk,No,New High-Spend,10,54.25,Month-to-month,Electronic check,DSL,Yes
0795-GMVQO,0.1786,Low Risk,No,Established High-Value,67,109.9,One year,Credit card (automatic),Fiber optic,No
2259-OUUSZ,0.0727,Low Risk,No,New Budget,7,35.5,One year,Credit card (automatic),DSL,Yes
1142-IHLOO,0.1212,Low Risk,No,Established High-Value,51,87.55,One year,Credit card (automatic),Fiber optic,No
6410-LEFEN,0.2611,Low Risk,Yes,New Budget,9,45.15,Month-to-month,Electronic check,DSL,No
4633-MKHYU,0.6349,Medium Risk,No,New High-Spend,9,88.4,Month-to-month,Mailed check,Fiber optic,No
6257-RJOHI,0.4142,Medium Risk,No,New Budget,4,50.8,Month-to-month,Mailed check,DSL,Yes
1545-JFUML,0.0493,Low Risk,No,Established High-Value,71,99.0,Two year,Electronic check,Fiber optic,No
3194-ORPIK,0.3076,Low Risk,Yes,New High-Spend,50,84.4,Month-to-month,Bank transfer (automatic),Fiber optic,No
7826-VVKWT,0.172,Low Risk,No,New High-Spend,24,96.55,Two year,Electronic check,Fiber optic,No
1353-GHZOS,0.0542,Low Risk,No,New High-Spend,22,59.75,One year,Bank transfer (automatic),DSL,No
2587-EKXTS,0.4846,Medium Risk,No,Established High-Value,44,111.5,Month-to-month,Electronic check,Fiber optic,No
5442-BXVND,0.055,Low Risk,No,New Budget,33,24.25,Month-to-month,Bank transfer (automatic),No,No
8816-VXNZD,0.7457,High Risk,Yes,New High-Spend,1,75.1,Month-to-month,Electronic check,Fiber optic,No
9378-FXTIZ,0.0927,Low Risk,Yes,Established High-Value,54,70.15,One year,Credit card (automatic),DSL,No
1723-HKXJQ,0.5854,Medium Risk,Yes,Established High-Value,42,101.75,Month-to-month,Electronic check,Fiber optic,No
7825-GKXMW,0.5929,Medium Risk,Yes,New Budget,1,45.8,Month-to-month,Electronic check,DSL,No
9753-OYLBX,0.3454,Low Risk,No,New Budget,1,20.5,Month-to-month,Mailed check,No,No
2364-UFROM,0.0535,Low Risk,No,Established High-Value,30,70.4,One year,Electronic check,DSL,Yes
6656-JWRQX,0.5291,Medium Risk,No,New Budget,1,30.55,Month-to-month,Mailed check,DSL,Yes
6473-ULUHT,0.1851,Low Risk,No,New High-Spend,16,84.9,Month-to-month,Electronic check,DSL,Yes
1240-KNSEZ,0.4574,Medium Risk,Yes,New Budget,1,20.1,Month-to-month,Mailed check,No,No
0836-SEYLU,0.2677,Low Risk,Yes,New Budget,9,40.65,Month-to-month,Mailed check,DSL,Yes
4433-JCGCG,0.6038,Medium Risk,Yes,Established High-Value,46,101.0,Month-to-month,Electronic check,Fiber optic,No
3716-BDVDB,0.7376,High Risk,Yes,New High-Spend,1,69.1,Month-to-month,Electronic check,Fiber optic,No
7688-AWMDX,0.026,Low Risk,No,Established Budget,71,54.5,Two year,Bank transfer (automatic),DSL,Yes
2842-BCQGE,0.3645,Medium Risk,No,New High-Spend,43,75.35,Month-to-month,Credit card (automatic),Fiber optic,No
7244-QWYHG,0.0487,Low Risk,No,Established Budget,50,44.45,One year,Bank transfer (automatic),DSL,Yes
5899-MQZZL,0.5536,Medium Risk,Yes,New High-Spend,13,75.0,Month-to-month,Mailed check,Fiber optic,No
6849-OYAMU,0.2274,Low Risk,Yes,New High-Spend,19,100.0,One year,Bank transfer (automatic),Fiber optic,Yes
5312-UXESG,0.3485,Low Risk,No,Established High-Value,41,98.05,Month-to-month,Bank transfer (automatic),Fiber optic,No
9488-HGMJH,0.7437,High Risk,Yes,New High-Spend,1,71.15,Month-to-month,Electronic check,Fiber optic,No
6038-GCYEC,0.2643,Low Risk,Yes,New High-Spend,24,54.15,Month-to-month,Credit card (automatic),DSL,No
2150-WLKUW,0.0535,Low Risk,No,New High-Spend,40,63.9,One year,Bank transfer (automatic),DSL,No
7159-FVYPK,0.4545,Medium Risk,No,New High-Spend,3,69.15,Month-to-month,Bank transfer (automatic),DSL,No
7032-LMBHI,0.0493,Low Risk,No,New High-Spend,37,64.65,One year,Bank transfer (automatic),DSL,No
1150-WFARN,0.0856,Low Risk,Yes,Established High-Value,67,108.75,Two year,Credit card (automatic),Fiber optic,Yes
6088-BXMRG,0.5709,Medium Risk,No,New High-Spend,32,98.85,Month-to-month,Electronic check,Fiber optic,No
3144-AUDBS,0.4097,Medium Risk,Yes,New Budget,6,49.15,Month-to-month,Electronic check,DSL,Yes
4821-SJHJV,0.3817,Medium Risk,No,New High-Spend,32,89.6,Month-to-month,Electronic check,Fiber optic,No
7346-MEDWM,0.3025,Low Risk,No,Established High-Value,59,83.25,Month-to-month,Electronic check,Fiber optic,No
1137-DGOWI,0.0556,Low Risk,No,Established High-Value,30,70.25,One year,Bank transfer (automatic),DSL,Yes
5616-PRTNT,0.1282,Low Risk,Yes,New Budget,20,19.4,Month-to-month,Electronic check,No,No
3812-LRZIR,0.034,Low Risk,No,New Budget,27,24.5,Two year,Electronic check,No,No
4818-QIUFN,0.5484,Medium Risk,Yes,New High-Spend,20,79.15,Month-to-month,Electronic check,Fiber optic,No
9483-GCPWE,0.0339,Low Risk,No,New Budget,9,20.1,One year,Mailed check,No,No
4227-OJHAL,0.0416,Low Risk,No,Established High-Value,68,73.0,One year,Credit card (automatic),DSL,No
9220-CXRSC,0.0271,Low Risk,No,Established Budget,69,61.4,Two year,Credit card (automatic),DSL,Yes
4993-JCRGJ,0.3209,Low Risk,No,New High-Spend,26,84.3,Month-to-month,Mailed check,Fiber optic,Yes
9537-JALFH,0.025,Low Risk,No,Established Budget,69,19.9,Two year,Bank transfer (automatic),No,No
6698-OXETB,0.0272,Low Risk,No,New Budget,11,20.4,Two year,Mailed check,No,No
2103-ZRXFN,0.5486,Medium Risk,No,New Budget,1,50.75,Month-to-month,Mailed check,DSL,No
3724-BSCVH,0.0338,Low Risk,No,New Budget,10,20.45,One year,Mailed check,No,No
4877-TSOFF,0.0472,Low Risk,No,Established High-Value,55,75.75,One year,Bank transfer (automatic),DSL,Yes
9209-NWPGU,0.0585,Low Risk,No,Established High-Value,44,65.4,One year,Electronic check,DSL,Yes
6961-VCPMC,0.4996,Medium Risk,Yes,New High-Spend,46,80.4,Month-to-month,Electronic check,Fiber optic,No
7306-YDSOI,0.0278,Low Risk,No,Established High-Value,69,59.75,Two year,Bank transfer (automatic),DSL,No
5288-AHOUP,0.6559,High Risk,No,New High-Spend,11,78.5,Month-to-month,Electronic check,Fiber optic,No
6688-UZPWD,0.7202,High Risk,Yes,New High-Spend,11,102.0,Month-to-month,Electronic check,Fiber optic,No
0655-YDGFJ,0.1027,Low Risk,No,New Budget,29,48.95,Month-to-month,Bank transfer (automatic),DSL,No
8468-EHYJA,0.3778,Medium Risk,No,Established High-Value,57,99.65,Month-to-month,Electronic check,Fiber optic,No
6823-SIDFQ,0.0284,Low Risk,No,New Budget,28,18.25,One year,Credit card (automatic),No,No
1097-FSPVW,0.0708,Low Risk,No,Established Budget,42,54.55,Month-to-month,Credit card (automatic),DSL,No
2839-RFSQE,0.2147,Low Risk,Yes,New Budget,2,20.65,Month-to-month,Mailed check,No,No
8328-SKJNO,0.0405,Low Risk,No,New High-Spend,23,40.65,One year,Bank transfer (automatic),DSL,Yes
7010-ZMVBF,0.0566,Low Risk,No,New Budget,18,20.45,Month-to-month,Mailed check,No,No
5201-CBWYG,0.0302,Low Risk,No,Established Budget,62,24.8,One year,Bank transfer (automatic),No,No
0968-GSIKN,0.7077,High Risk,Yes,New High-Spend,1,70.8,Month-to-month,Mailed check,Fiber optic,No
1965-DDBWU,0.5185,Medium Risk,Yes,New High-Spend,16,89.05,Month-to-month,Credit card (automatic),Fiber optic,Yes
9057-SIHCH,0.7376,High Risk,Yes,New High-Spend,3,96.6,Month-to-month,Electronic check,Fiber optic,No
6352-GIGGQ,0.0598,Low Risk,No,Established High-Value,67,88.8,One year,Bank transfer (automatic),DSL,Yes
3635-QQRQD,0.0258,Low Risk,No,Established Budget,62,20.05,Two year,Credit card (automatic),No,No
6771-XWBDM,0.397,Medium Risk,Yes,Established High-Value,57,104.5,Month-to-month,Credit card (automatic),Fiber optic,No
2897-DOVND,0.6653,High Risk,No,New High-Spend,2,69.8,Month-to-month,Electronic check,Fiber optic,No
3082-YVEKW,0.0338,Low Risk,No,New High-Spend,23,77.15,Two year,Bank transfer (automatic),DSL,Yes
0191-EQUUH,0.0312,Low Risk,No,New Budget,25,35.05,Two year,Bank transfer (automatic),DSL,Yes
7134-HBPBS,0.0438,Low Risk,No,Established High-Value,72,108.1,Two year,Bank transfer (automatic),Fiber optic,Yes
3489-HHPFY,0.7067,High Risk,No,New High-Spend,2,84.05,Month-to-month,Electronic check,Fiber optic,No
2926-JEJJC,0.0443,Low Risk,No,New Budget,8,20.2,One year,Bank transfer (automatic),No,No
8601-QACRS,0.4342,Medium Risk,Yes,New Budget,5,50.6,Month-to-month,Mailed check,DSL,No
4950-BDEUX,0.2558,Low Risk,No,New High-Spend,35,49.2,Month-to-month,Electronic check,DSL,No
5789-LDFXO,0.0407,Low Risk,No,New Budget,24,24.6,One year,Electronic check,No,No
0508-OOLTO,0.6782,High Risk,No,New High-Spend,2,71.65,Month-to-month,Electronic check,Fiber optic,No
2984-TBYKU,0.0363,Low Risk,No,Established High-Value,72,104.9,Two year,Credit card (automatic),Fiber optic,Yes
9822-WMWVG,0.4201,Medium Risk,No,Established High-Value,41,106.5,Month-to-month,Electronic check,Fiber optic,Yes
2391-SOORI,0.3211,Low Risk,Yes,New Budget,4,49.35,Month-to-month,Electronic check,DSL,No
9040-KZVWO,0.0595,Low Risk,No,New High-Spend,26,75.5,One year,Bank transfer (automatic),Fiber optic,No
2645-QTLMB,0.6983,High Risk,Yes,New High-Spend,7,94.25,Month-to-month,Electronic check,Fiber optic,No
4806-HIPDW,0.7375,High Risk,Yes,New High-Spend,1,68.95,Month-to-month,Electronic check,Fiber optic,No
1548-ARAGG,0.3853,Medium Risk,No,New High-Spend,4,58.5,Month-to-month,Mailed check,DSL,Yes
6339-RZCBJ,0.0328,Low Risk,No,Established High-Value,48,78.9,Two year,Credit card (automatic),DSL,Yes
4424-TKOPW,0.7447,High Risk,Yes,New High-Spend,2,93.85,Month-to-month,Electronic check,Fiber optic,No
4415-WNGVR,0.1483,Low Risk,No,New High-Spend,12,79.2,One year,Electronic check,DSL,Yes
2522-AHJXR,0.2755,Low Risk,No,Established High-Value,60,109.45,Month-to-month,Bank transfer (automatic),Fiber optic,Yes
0412-UCCNP,0.0419,Low Risk,No,Established High-Value,55,59.2,Two year,Electronic check,DSL,Yes
1816-FLZDK,0.5162,Medium Risk,No,New Budget,1,29.15,Month-to-month,Mailed check,DSL,Yes
7096-UCLNH,0.3695,Medium Risk,No,New Budget,1,20.05,Month-to-month,Mailed check,No,No
8443-ZRDBZ,0.6837,High Risk,Yes,New High-Spend,4,76.05,Month-to-month,Electronic check,Fiber optic,No
9136-ALYBR,0.6052,Medium Risk,Yes,New Budget,1,24.45,Month-to-month,Mailed check,DSL,No
4615-PIVVU,0.0341,Low Risk,No,Established High-Value,42,66.5,Two year,Credit card (automatic),DSL,Yes
8885-QSQBX,0.4582,Medium Risk,No,New Budget,1,49.55,Month-to-month,Bank transfer (automatic),DSL,No
7479-NITWS,0.6609,High Risk,Yes,New High-Spend,7,89.35,Month-to-month,Credit card (automatic),Fiber optic,No
8617-ENBDS,0.5928,Medium Risk,No,New High-Spend,3,73.6,Month-to-month,Credit card (automatic),Fiber optic,No
9385-NXKDA,0.0273,Low Risk,No,Established High-Value,72,82.65,Two year,Credit card (automatic),DSL,No
0430-IHCDJ,0.3708,Medium Risk,No,New Budget,15,49.0,Month-to-month,Electronic check,DSL,No
2959-MJHIC,0.6855,High Risk,Yes,New High-Spend,4,80.35,Month-to-month,Electronic check,Fiber optic,No
6674-KVJHG,0.0592,Low Risk,No,New Budget,11,25.2,One year,Electronic check,No,No
1814-DKOLC,0.1429,Low Risk,No,New Budget,5,25.45,Month-to-month,Mailed check,No,No
4201-JMNGR,0.6334,Medium Risk,Yes,New High-Spend,1,55.8,Month-to-month,Electronic check,DSL,No
9351-HXDMR,0.0384,Low Risk,No,Established High-Value,72,110.9,Two year,Credit card (automatic),Fiber optic,Yes
3537-HPKQT,0.2033,Low Risk,No,Established Budget,55,77.75,Month-to-month,Credit card (automatic),Fiber optic,No
2129-ALKBS,0.0979,Low Risk,No,Established Budget,40,26.2,Month-to-month,Electronic check,No,No
5821-MMEIL,0.0263,Low Risk,No,Established Budget,57,19.9,Two year,Bank transfer (automatic),No,No
5960-WPXQM,0.7459,High Risk,Yes,New High-Spend,1,79.05,Month-to-month,Electronic check,Fiber optic,No
0684-AOSIH,0.7316,High Risk,Yes,New High-Spend,1,95.0,Month-to-month,Electronic check,Fiber optic,No
8260-NGFNY,0.5423,Medium Risk,Yes,New Budget,1,25.2,Month-to-month,Mailed check,DSL,No
1309-XGFSN,0.128,Low Risk,No,Established High-Value,52,80.85,One year,Electronic check,DSL,No
1866-RZZQS,0.6195,Medium Risk,Yes,Established High-Value,41,98.4,Month-to-month,Electronic check,Fiber optic,No
6968-URWQU,0.0589,Low Risk,No,Established Budget,43,56.35,One year,Mailed check,DSL,No
4742-TXUEX,0.0261,Low Risk,No,Established Budget,47,19.3,Two year,Bank transfer (automatic),No,No
9631-XEYKE,0.4367,Medium Risk,No,New Budget,3,50.4,Month-to-month,Bank transfer (automatic),DSL,No
8631-NBHFZ,0.0317,Low Risk,Yes,Established High-Value,66,79.4,Two year,Credit card (automatic),DSL,Yes
1335-MXCSE,0.0299,Low Risk,No,Established Budget,55,55.25,Two year,Credit card (automatic),DSL,Yes
8873-TMKGR,0.0297,Low Risk,No,New Budget,29,19.1,One year,Mailed check,No,No
8800-JOOCF,0.6604,High Risk,No,New High-Spend,12,84.05,Month-to-month,Electronic check,Fiber optic,No
1469-LBJQJ,0.4903,Medium Risk,No,Established High-Value,66,105.2,Month-to-month,Electronic check,Fiber optic,No
4958-XCBDQ,0.5832,Medium Risk,Yes,Established High-Value,35,101.4,Month-to-month,Electronic check,Fiber optic,No
8337-UPOAQ,0.6991,High Risk,Yes,New High-Spend,10,89.8,Month-to-month,Electronic check,Fiber optic,No
0064-YIJGF,0.3471,Low Risk,No,New High-Spend,27,75.75,Month-to-month,Bank transfer (automatic),Fiber optic,No
2386-OWURY,0.3282,Low Risk,No,Established High-Value,58,95.3,Month-to-month,Electronic check,Fiber optic,Yes
1725-IQNIY,0.0845,Low Risk,Yes,Established High-Value,54,109.75,Two year,Bank transfer (automatic),Fiber optic,Yes
0310-VQXAM,0.1027,Low Risk,No,New Budget,9,19.85,Month-to-month,Mailed check,No,No
6598-RFFVI,0.0529,Low Risk,Yes,New Budget,2,19.3,One year,Credit card (automatic),No,No
3453-RTHJQ,0.6184,Medium Risk,No,New High-Spend,6,69.1,Month-to-month,Electronic check,Fiber optic,No
6712-OAWRH,0.6037,Medium Risk,Yes,New High-Spend,26,91.25,Month-to-month,Electronic check,Fiber optic,No
6278-FEPBZ,0.0765,Low Risk,No,New Budget,9,20.25,Month-to-month,Mailed check,No,No
4280-DLSHD,0.2369,Low Risk,No,New High-Spend,8,54.75,Month-to-month,Mailed check,DSL,No
1508-DFXCU,0.6513,High Risk,No,New High-Spend,12,81.45,Month-to-month,Electronic check,Fiber optic,No
8614-VGMMV,0.3882,Medium Risk,Yes,New Budget,15,49.1,Month-to-month,Electronic check,DSL,No
7868-BGSZA,0.1044,Low Risk,No,Established High-Value,43,80.2,One year,Electronic check,DSL,No
2800-QQUSO,0.5115,Medium Risk,No,Established High-Value,42,100.3,Month-to-month,Electronic check,Fiber optic,Yes
2930-UOTMB,0.0894,Low Risk,Yes,New High-Spend,31,65.25,Month-to-month,Credit card (automatic),DSL,Yes
7973-DZRKH,0.0308,Low Risk,No,Established High-Value,66,90.95,Two year,Credit card (automatic),Fiber optic,Yes
5914-DVBWJ,0.5657,Medium Risk,Yes,New High-Spend,18,85.45,Month-to-month,Electronic check,Fiber optic,Yes
7698-YFGEZ,0.3695,Medium Risk,No,New Budget,1,20.0,Month-to-month,Mailed check,No,No
2533-QVMSK,0.084,Low Risk,Yes,Established High-Value,61,94.1,Two year,Electronic check,Fiber optic,Yes
9773-PEQBZ,0.5979,Medium Risk,No,New High-Spend,10,79.85,Month-to-month,Electronic check,Fiber optic,No
8644-XLFBW,0.7438,High Risk,Yes,New High-Spend,1,71.65,Month-to-month,Electronic check,Fiber optic,No
0650-BWOZN,0.5473,Medium Risk,No,New High-Spend,18,73.55,Month-to-month,Electronic check,Fiber optic,No
8625-AZYZY,0.6385,Medium Risk,Yes,Established High-Value,24,104.65,Month-to-month,Electronic check,Fiber optic,No
7785-RDVIG,0.1144,Low Risk,No,New Budget,3,19.3,Month-to-month,Mailed check,No,No
9602-WCXPI,0.031,Low Risk,No,Established Budget,50,20.15,One year,Credit card (automatic),No,No
2903-YYTBW,0.5773,Medium Risk,No,New Budget,1,44.55,Month-to-month,Electronic check,DSL,No
3620-MWJNE,0.4061,Medium Risk,No,New High-Spend,2,54.45,Month-to-month,Mailed check,DSL,Yes
8573-JGCZW,0.0361,Low Risk,No,New Budget,17,19.65,One year,Bank transfer (automatic),No,No
6837-HAEVO,0.161,Low Risk,No,Established High-Value,69,105.0,Two year,Electronic check,Fiber optic,No
6701-YVNQG,0.0268,Low Risk,No,Established High-Value,72,88.7,Two year,Credit card (automatic),DSL,Yes
9306-CPCBC,0.6834,High Risk,Yes,New High-Spend,3,74.25,Month-to-month,Electronic check,Fiber optic,No
4304-XUMGI,0.0347,Low Risk,No,Established High-Value,50,75.15,Two year,Bank transfer (automatic),DSL,No
9504-YAZWB,0.0261,Low Risk,No,Established Budget,53,20.25,Two year,Mailed check,No,No
8819-ZBYNA,0.0928,Low Risk,No,Established High-Value,58,109.1,Two year,Credit card (automatic),Fiber optic,Yes
6174-NRBTZ,0.0401,Low Risk,No,Established Budget,46,30.75,One year,Bank transfer (automatic),DSL,No
9481-IEBZY,0.1277,Low Risk,No,Established High-Value,72,112.9,Month-to-month,Credit card (automatic),Fiber optic,Yes
1833-VGRUM,0.751,High Risk,Yes,New High-Spend,1,74.2,Month-to-month,Electronic check,Fiber optic,No
6137-NICCO,0.6336,Medium Risk,No,New High-Spend,6,94.05,Month-to-month,Mailed check,Fiber optic,No
9065-ZCPQX,0.0257,Low Risk,No,Established High-Value,72,78.85,Two year,Bank transfer (automatic),DSL,Yes
6402-EJMWF,0.4003,Medium Risk,No,New Budget,4,55.3,Month-to-month,Mailed check,DSL,No
3620-EHIMZ,0.0253,Low Risk,No,Established Budget,52,19.35,Two year,Mailed check,No,No
3213-VVOLG,0.0304,Low Risk,No,New Budget,0,25.35,Two year,Mailed check,No,No
6870-ECSHE,0.0489,Low Risk,No,New Budget,2,20.45,One year,Mailed check,No,No
8747-UDCOI,0.0249,Low Risk,No,Established Budget,65,19.35,Two year,Bank transfer (automatic),No,No
8374-XGEJJ,0.6017,Medium Risk,Yes,Established High-Value,43,101.0,Month-to-month,Electronic check,Fiber optic,No
2656-TABEH,0.7369,High Risk,Yes,New High-Spend,4,100.2,Month-to-month,Electronic check,Fiber optic,No
6946-LMSQS,0.2187,Low Risk,Yes,New High-Spend,25,89.05,One year,Electronic check,Fiber optic,No
4626-OZDTJ,0.0732,Low Risk,No,Established High-Value,51,78.65,One year,Credit card (automatic),DSL,Yes
9169-BSVIN,0.2502,Low Risk,No,New High-Spend,12,74.75,Month-to-month,Bank transfer (automatic),DSL,No
2325-ZUSFD,0.0634,Low Risk,Yes,Established High-Value,57,70.1,One year,Bank transfer (automatic),DSL,No
8194-PEEBY,0.0302,Low Risk,No,New Budget,24,19.9,One year,Mailed check,No,No
6872-HXFNF,0.0344,Low Risk,No,Established Budget,64,58.35,One year,Bank transfer (automatic),DSL,Yes
3932-CMDTD,0.4774,Medium Risk,Yes,New High-Spend,4,105.65,One year,Electronic check,Fiber optic,Yes
7714-YXSMB,0.519,Medium Risk,No,New High-Spend,26,100.5,Month-to-month,Bank transfer (automatic),Fiber optic,No
8387-UGUSU,0.0513,Low Risk,No,New Budget,15,20.05,Month-to-month,Mailed check,No,No
1080-BWSYE,0.0267,Low Risk,No,Established Budget,64,25.65,Two year,Credit card (automatic),No,No
4039-HEUNW,0.5649,Medium Risk,Yes,Established High-Value,36,96.5,Month-to-month,Electronic check,Fiber optic,No
1194-HVAIF,0.3855,Medium Risk,No,New High-Spend,27,95.0,Month-to-month,Credit card (automatic),Fiber optic,No
0812-WUPTB,0.6933,High Risk,Yes,New High-Spend,1,70.85,Month-to-month,Mailed check,Fiber optic,No
3594-UVONA,0.0886,Low Risk,Yes,Established High-Value,35,85.95,One year,Credit card (automatic),DSL,Yes
0004-TLHLJ,0.6721,High Risk,Yes,New High-Spend,4,73.9,Month-to-month,Electronic check,Fiber optic,No
1767-TGTKO,0.3167,Low Risk,No,New Budget,8,45.45,Month-to-month,Electronic check,DSL,No
8439-LTUGF,0.1088,Low Risk,No,New Budget,10,20.0,Month-to-month,Credit card (automatic),No,No
8805-JNRAZ,0.3916,Medium Risk,No,New Budget,2,49.2,Month-to-month,Mailed check,DSL,No
5089-IFSDP,0.1133,Low Risk,Yes,Established High-Value,58,109.45,Two year,Bank transfer (automatic),Fiber optic,No
6418-HNFED,0.0311,Low Risk,No,Established High-Value,51,83.25,Two year,Credit card (automatic),DSL,Yes
0206-OYVOC,0.0268,Low Risk,No,Established Budget,46,19.25,Two year,Mailed check,No,No
7291-CDTMJ,0.4367,Medium Risk,No,New Budget,1,19.65,Month-to-month,Bank transfer (automatic),No,No
7128-GGCNO,0.2201,Low Risk,No,Established Budget,46,72.8,Month-to-month,Bank transfer (automatic),Fiber optic,No
0237-YFUTL,0.3132,Low Risk,No,Established High-Value,50,109.65,Month-to-month,Bank transfer (automatic),Fiber optic,Yes
7691-KGKGP,0.0753,Low Risk,No,Established High-Value,53,65.0,Month-to-month,Credit card (automatic),DSL,Yes
6710-HSJRD,0.4089,Medium Risk,No,Established High-Value,61,114.1,Month-to-month,Electronic check,Fiber optic,Yes
3675-EQOZA,0.0915,Low Risk,No,New Budget,5,20.65,Month-to-month,Bank transfer (automatic),No,No
0840-DCNZE,0.0598,Low Risk,No,Established High-Value,47,86.95,One year,Bank transfer (automatic),DSL,Yes
1732-FEKLD,0.1288,Low Risk,No,Established High-Value,54,94.75,One year,Bank transfer (automatic),Fiber optic,No
9862-KJTYK,0.1474,Low Risk,No,New Budget,19,25.35,Month-to-month,Credit card (automatic),DSL,No
0479-HMSWA,0.1222,Low Risk,No,Established High-Value,26,105.45,Two year,Electronic check,Fiber optic,Yes
5854-KSRBJ,0.0251,Low Risk,No,Established Budget,70,25.4,Two year,Mailed check,No,No
0365-BZUWY,0.6723,High Risk,No,New High-Spend,17,102.55,Month-to-month,Electronic check,Fiber optic,No
4817-VYYWS,0.6043,Medium Risk,Yes,New High-Spend,30,100.2,Month-to-month,Electronic check,Fiber optic,No
5701-SVCWR,0.3536,Medium Risk,No,New Budget,1,24.0,Month-to-month,Mailed check,No,No
3129-AAQOU,0.0278,Low Risk,No,New Budget,19,25.6,Two year,Mailed check,No,No
4922-CVPDX,0.0405,Low Risk,No,New High-Spend,26,73.5,Two year,Credit card (automatic),DSL,No
1396-QWFBJ,0.3759,Medium Risk,Yes,New High-Spend,21,74.05,Month-to-month,Bank transfer (automatic),Fiber optic,No
1357-BIJKI,0.3162,Low Risk,No,Established High-Value,50,98.25,One year,Electronic check,Fiber optic,No
1099-BTKWT,0.0975,Low Risk,No,Established High-Value,68,54.4,One year,Electronic check,DSL,No
5299-SJCZT,0.7161,High Risk,Yes,New High-Spend,3,101.55,Month-to-month,Bank transfer (automatic),Fiber optic,No
2018-PZKMU,0.5996,Medium Risk,No,New High-Spend,9,103.1,Month-to-month,Electronic check,Fiber optic,Yes
7340-KEFQE,0.0274,Low Risk,No,Established Budget,51,34.2,Two year,Bank transfer (automatic),DSL,Yes
4570-QHXHL,0.337,Low Risk,No,New Budget,9,43.75,Month-to-month,Electronic check,DSL,No
2403-BCASL,0.3198,Low Risk,Yes,Established High-Value,41,111.95,One year,Electronic check,Fiber optic,Yes
7392-YYPYJ,0.6424,Medium Risk,No,New High-Spend,22,100.65,Month-to-month,Electronic check,Fiber optic,No
2898-LSJGD,0.157,Low Risk,Yes,New High-Spend,21,55.95,One year,Electronic check,DSL,No
2223-GDSHL,0.0393,Low Risk,No,Established High-Value,71,116.05,Two year,Bank transfer (automatic),Fiber optic,Yes
7359-PTSXY,0.5919,Medium Risk,Yes,New Budget,1,45.75,Month-to-month,Electronic check,DSL,No
9470-RTWDV,0.0904,Low Risk,No,New High-Spend,26,82.0,One year,Credit card (automatic),DSL,Yes
2176-OSJUV,0.0256,Low Risk,No,Established High-Value,71,65.15,Two year,Bank transfer (automatic),DSL,Yes
9348-YVOMK,0.4721,Medium Risk,No,New Budget,4,44.8,Month-to-month,Credit card (automatic),DSL,No
8104-OSKWT,0.5756,Medium Risk,No,New High-Spend,12,79.8,Month-to-month,Electronic check,Fiber optic,No
4521-YEEHE,0.5713,Medium Risk,No,New High-Spend,18,88.85,Month-to-month,Electronic check,Fiber optic,Yes
4090-KPJIP,0.684,High Risk,No,New High-Spend,3,74.95,Month-to-month,Electronic check,Fiber optic,No
3786-WOVKF,0.0699,Low Risk,No,Established High-Value,72,106.85,One year,Bank transfer (automatic),Fiber optic,No
4503-BDXBD,0.5615,Medium Risk,Yes,New High-Spend,11,74.95,Month-to-month,Electronic check,Fiber optic,No
6086-ESGRL,0.6843,High Risk,Yes,New High-Spend,1,80.15,Month-to-month,Credit card (automatic),Fiber optic,No
2592-HODOV,0.0336,Low Risk,No,New Budget,13,19.3,One year,Credit card (automatic),No,No
3886-CERTZ,0.1549,Low Risk,Yes,Established High-Value,72,109.25,One year,Electronic check,Fiber optic,Yes
7995-ZHHNZ,0.0398,Low Risk,No,Established Budget,42,56.1,One year,Credit card (automatic),DSL,No
3824-RHKVR,0.0612,Low Risk,No,New Budget,17,19.7,Month-to-month,Credit card (automatic),No,No
5816-SCGFC,0.2733,Low Risk,No,New Budget,7,51.3,Month-to-month,Mailed check,DSL,No
5989-AXPUC,0.0565,Low Risk,No,Established High-Value,68,118.6,Two year,Mailed check,Fiber optic,Yes
4979-HPRFL,0.0254,Low Risk,No,Established Budget,56,24.15,Two year,Bank transfer (automatic),No,No
8590-OHDIW,0.0299,Low Risk,No,Established Budget,38,20.3,One year,Mailed check,No,No
8015-IHCGW,0.0349,Low Risk,No,Established High-Value,72,115.5,Two year,Electronic check,Fiber optic,Yes
2332-TODQS,0.0324,Low Risk,No,Established Budget,48,25.05,One year,Credit card (automatic),No,No
9278-VZKCD,0.4419,Medium Risk,No,Established High-Value,52,109.1,Month-to-month,Electronic check,Fiber optic,No
8008-OTEZX,0.0289,Low Risk,No,Established Budget,35,19.65,One year,Mailed check,No,No
2773-OVBPK,0.101,Low Risk,No,Established High-Value,67,111.3,Two year,Bank transfer (automatic),Fiber optic,Yes
5999-LCXAO,0.4943,Medium Risk,No,New Budget,1,29.9,Month-to-month,Mailed check,DSL,No
5206-XZZQI,0.1493,Low Risk,No,Established High-Value,53,80.6,Month-to-month,Mailed check,Fiber optic,Yes
4803-LBYPN,0.04,Low Risk,No,Established Budget,34,20.8,Month-to-month,Mailed check,No,No
5759-RCVCB,0.4628,Medium Risk,Yes,New Budget,3,35.2,Month-to-month,Credit card (automatic),DSL,No
6372-RFVNS,0.7172,High Risk,Yes,New High-Spend,1,78.8,Month-to-month,Electronic check,Fiber optic,No
2139-FQHLM,0.2973,Low Risk,No,New High-Spend,19,89.95,Month-to-month,Mailed check,Fiber optic,Yes
8261-GWDBQ,0.0673,Low Risk,No,Established High-Value,60,116.05,Two year,Bank transfer (automatic),Fiber optic,Yes
1093-YSWCA,0.0277,Low Risk,No,New Budget,11,19.55,Two year,Credit card (automatic),No,No
8938-UMKPI,0.5762,Medium Risk,Yes,Established High-Value,47,106.4,Month-to-month,Electronic check,Fiber optic,No
0991-BRRFB,0.1937,Low Risk,Yes,New Budget,18,49.4,Month-to-month,Electronic check,DSL,No
3882-IYOIJ,0.0604,Low Risk,No,Established High-Value,60,115.25,Two year,Credit card (automatic),Fiber optic,Yes
8749-TZYEC,0.0245,Low Risk,No,Established Budget,72,24.8,Two year,Credit card (automatic),No,No
1755-FZQEC,0.0288,Low Risk,No,Established Budget,39,19.9,One year,Mailed check,No,No
3115-JPJDD,0.0424,Low Risk,No,Established High-Value,59,81.25,One year,Credit card (automatic),Fiber optic,No
5600-KTXFM,0.5612,Medium Risk,No,New High-Spend,2,69.95,Month-to-month,Mailed check,Fiber optic,No
3871-IKPYH,0.7166,High Risk,Yes,New High-Spend,1,69.1,Month-to-month,Electronic check,Fiber optic,No
6319-IEJWJ,0.5805,Medium Risk,Yes,New High-Spend,20,90.2,Month-to-month,Electronic check,Fiber optic,No
9025-AOMKI,0.6783,High Risk,Yes,New High-Spend,6,93.55,Month-to-month,Bank transfer (automatic),Fiber optic,No
6339-TBELP,0.0294,Low Risk,No,Established High-Value,71,86.4,Two year,Credit card (automatic),Fiber optic,Yes
7964-YESJC,0.0892,Low Risk,No,New High-Spend,24,66.3,Month-to-month,Mailed check,DSL,No
6173-GOLSU,0.3192,Low Risk,No,Established High-Value,67,94.65,Month-to-month,Credit card (automatic),Fiber optic,No
5275-SQEIZ,0.7189,High Risk,Yes,New High-Spend,1,80.85,Month-to-month,Mailed check,Fiber optic,No
7716-YTYHG,0.1309,Low Risk,Yes,New High-Spend,48,82.05,One year,Mailed check,Fiber optic,No
9938-ZREHM,0.068,Low Risk,No,New High-Spend,37,72.1,One year,Mailed check,DSL,Yes
7950-XWOVN,0.2281,Low Risk,No,New Budget,11,34.7,Month-to-month,Mailed check,DSL,No
4390-KYULV,0.1676,Low Risk,Yes,New Budget,3,20.55,Month-to-month,Credit card (automatic),No,No
4647-MUZON,0.5212,Medium Risk,No,New High-Spend,18,95.95,Month-to-month,Credit card (automatic),Fiber optic,No
9702-AIUJO,0.0452,Low Risk,No,Established Budget,50,44.8,One year,Bank transfer (automatic),DSL,No
8849-PRIQJ,0.1822,Low Risk,No,Established High-Value,67,109.4,One year,Electronic check,Fiber optic,Yes
8851-RAGOV,0.0972,Low Risk,No,New High-Spend,25,71.05,Month-to-month,Mailed check,DSL,Yes
1304-NECVQ,0.7194,High Risk,Yes,New High-Spend,2,78.55,Month-to-month,Electronic check,Fiber optic,No
5396-IZEPB,0.0825,Low Risk,No,New Budget,9,19.7,Month-to-month,Credit card (automatic),No,No
1729-VLAZJ,0.0454,Low Risk,No,New High-Spend,10,40.25,One year,Mailed check,DSL,Yes
8285-ABVLB,0.0249,Low Risk,No,Established Budget,70,19.85,Two year,Credit card (automatic),No,No
0701-TJSEF,0.2001,Low Risk,No,New High-Spend,9,68.25,Month-to-month,Bank transfer (automatic),DSL,Yes
5712-VBOXD,0.1553,Low Risk,No,New Budget,4,20.15,Month-to-month,Credit card (automatic),No,No
6629-LADHQ,0.3392,Low Risk,No,New Budget,2,50.95,Month-to-month,Mailed check,DSL,No
8945-GRKHX,0.7131,High Risk,Yes,New High-Spend,1,78.65,Month-to-month,Electronic check,Fiber optic,No
1559-DTODC,0.1944,Low Risk,No,New Budget,19,25.15,Month-to-month,Bank transfer (automatic),DSL,No
4797-MIWUM,0.0895,Low Risk,No,New Budget,7,20.25,Month-to-month,Bank transfer (automatic),No,No
6959-UWKHF,0.6568,High Risk,Yes,New Budget,1,42.9,Month-to-month,Electronic check,DSL,No
8720-RQSBJ,0.6292,Medium Risk,No,New Budget,1,44.0,Month-to-month,Electronic check,DSL,No
4537-CIBHB,0.0385,Low Risk,No,New Budget,9,20.25,One year,Mailed check,No,No
3815-SLMEF,0.3337,Low Risk,Yes,New Budget,3,34.25,Month-to-month,Mailed check,DSL,Yes
5154-VEKBL,0.2134,Low Risk,Yes,New High-Spend,9,58.5,Month-to-month,Mailed check,DSL,Yes
4324-AHJKS,0.2278,Low Risk,No,New High-Spend,5,55.8,Month-to-month,Credit card (automatic),DSL,No
4355-CVPVS,0.1051,Low Risk,No,Established High-Value,56,88.9,One year,Bank transfer (automatic),Fiber optic,No
4495-LHSSK,0.1097,Low Risk,No,New High-Spend,18,57.65,Month-to-month,Mailed check,DSL,No
5655-JSMZM,0.5919,Medium Risk,Yes,Established High-Value,49,96.2,Month-to-month,Electronic check,Fiber optic,No
5915-ANOEI,0.0286,Low Risk,No,Established High-Value,70,79.15,Two year,Mailed check,DSL,Yes
9861-PDSZP,0.0436,Low Risk,No,Established High-Value,72,108.05,Two year,Credit card (automatic),Fiber optic,Yes
4505-EXZHB,0.6306,Medium Risk,Yes,New High-Spend,6,74.4,Month-to-month,Electronic check,Fiber optic,No
7225-CBZPL,0.6557,High Risk,No,New High-Spend,17,94.8,Month-to-month,Electronic check,Fiber optic,No
6704-UTUKK,0.4129,Medium Risk,No,New High-Spend,29,45.9,Month-to-month,Electronic check,DSL,No
4587-VVTOX,0.7118,High Risk,Yes,New High-Spend,6,105.3,Month-to-month,Electronic check,Fiber optic,No
2019-HDCZY,0.108,Low Risk,No,Established High-Value,63,102.6,Two year,Electronic check,Fiber optic,No
4652-NNHNY,0.4926,Medium Risk,Yes,New High-Spend,16,73.85,Month-to-month,Bank transfer (automatic),Fiber optic,No
8788-DOXSU,0.0575,Low Risk,No,Established Budget,59,61.35,One year,Bank transfer (automatic),DSL,No
7404-JLKQG,0.4914,Medium Risk,No,New High-Spend,3,57.55,Month-to-month,Electronic check,DSL,No
7421-ZLUPA,0.3067,Low Risk,No,New Budget,8,29.25,Month-to-month,Mailed check,DSL,No
8972-HJWNV,0.7044,High Risk,Yes,New High-Spend,7,84.55,Month-to-month,Electronic check,Fiber optic,No
3274-NSDWE,0.0248,Low Risk,No,Established Budget,68,19.6,Two year,Credit card (automatic),No,No
2632-IVXVF,0.0649,Low Risk,No,Established High-Value,68,111.75,Two year,Credit card (automatic),Fiber optic,Yes
3692-JHONH,0.3974,Medium Risk,No,Established High-Value,52,106.5,One year,Electronic check,Fiber optic,No
8915-NNTRC,0.0358,Low Risk,No,Established High-Value,72,107.7,Two year,Credit card (automatic),Fiber optic,Yes
5914-GXMDA,0.0304,Low Risk,No,New Budget,32,19.3,One year,Mailed check,No,No
7463-IFMQU,0.0243,Low Risk,No,Established Budget,72,20.05,Two year,Bank transfer (automatic),No,No
2920-RNCEZ,0.6995,High Risk,No,New High-Spend,1,69.95,Month-to-month,Credit card (automatic),Fiber optic,No
2541-YGPKE,0.0532,Low Risk,No,Established High-Value,42,63.7,One year,Credit card (automatic),DSL,Yes
8515-OCTJS,0.0298,Low Risk,Yes,New Budget,25,24.75,Two year,Credit card (automatic),No,No
5382-TEMLV,0.1033,Low Risk,No,Established Budget,45,50.9,Month-to-month,Bank transfer (automatic),DSL,No
3441-CGZJH,0.0786,Low Risk,No,Established High-Value,43,60.4,One year,Credit card (automatic),DSL,Yes
9592-ERDKV,0.0739,Low Risk,No,Established High-Value,37,79.25,One year,Mailed check,DSL,No
2860-RANUS,0.5225,Medium Risk,Yes,New High-Spend,20,85.8,Month-to-month,Credit card (automatic),Fiber optic,No
5261-QSHQM,0.5932,Medium Risk,Yes,New Budget,4,24.45,Month-to-month,Electronic check,DSL,No
4778-IZARL,0.0747,Low Risk,No,Established High-Value,63,110.1,Two year,Credit card (automatic),Fiber optic,Yes
0432-CAJZV,0.5911,Medium Risk,No,New High-Spend,3,90.7,Month-to-month,Mailed check,Fiber optic,No
7008-LZVOZ,0.0259,Low Risk,No,Established Budget,66,25.3,Two year,Credit card (automatic),No,No
8868-WOZGU,0.6156,Medium Risk,Yes,Established High-Value,28,105.7,Month-to-month,Electronic check,Fiber optic,No
1200-TUZHR,0.6526,High Risk,No,New High-Spend,8,85.2,Month-to-month,Electronic check,Fiber optic,No
9365-CSLBQ,0.0251,Low Risk,No,Established Budget,71,24.35,Two year,Mailed check,No,No
1334-FJSVR,0.6741,High Risk,Yes,New Budget,1,24.25,Month-to-month,Electronic check,DSL,No
5884-FBCTL,0.0244,Low Risk,No,Established Budget,72,25.1,Two year,Bank transfer (automatic),No,No
7130-CTCUS,0.2233,Low Risk,No,New High-Spend,16,54.55,Month-to-month,Bank transfer (automatic),DSL,No
6242-FEGFD,0.0388,Low Risk,No,Established High-Value,66,96.6,Two year,Mailed check,Fiber optic,Yes
7625-XCQRH,0.6637,High Risk,Yes,New High-Spend,11,76.5,Month-to-month,Electronic check,Fiber optic,No
6194-HBGQN,0.0453,Low Risk,No,Established High-Value,51,81.15,One year,Credit card (automatic),DSL,Yes
7634-WSWDB,0.2704,Low Risk,No,New Budget,8,38.5,Month-to-month,Electronic check,DSL,No
6986-IXNDM,0.6656,High Risk,No,New High-Spend,14,92.9,Month-to-month,Electronic check,Fiber optic,No
1731-TVIUK,0.6747,High Risk,Yes,New High-Spend,4,93.5,Month-to-month,Electronic check,Fiber optic,Yes
2987-BJXIK,0.0302,Low Risk,No,Established High-Value,70,84.7,Two year,Mailed check,DSL,No
9769-TSBZE,0.0316,Low Risk,No,Established High-Value,70,66.0,Two year,Electronic check,DSL,Yes
0406-BPDVR,0.2753,Low Risk,Yes,Established High-Value,54,101.5,One year,Credit card (automatic),Fiber optic,No
0618-XWMSS,0.2824,Low Risk,Yes,New High-Spend,28,74.9,Month-to-month,Bank transfer (automatic),Fiber optic,No
1395-WSWXR,0.026,Low Risk,No,New Budget,24,20.75,Two year,Mailed check,No,No
6023-GSSXW,0.031,Low Risk,No,Established Budget,69,61.45,Two year,Credit card (automatic),DSL,No
6752-APNJL,0.077,Low Risk,No,Established Budget,42,54.5,Month-to-month,Mailed check,DSL,No
5276-KQWHG,0.6968,High Risk,Yes,New High-Spend,2,69.6,Month-to-month,Electronic check,Fiber optic,No
0420-HLGXF,0.6194,Medium Risk,No,Established High-Value,39,99.75,Month-to-month,Electronic check,Fiber optic,No
7446-KQISO,0.1168,Low Risk,No,Established High-Value,45,109.75,Two year,Bank transfer (automatic),Fiber optic,Yes
9823-EALYC,0.0258,Low Risk,No,Established High-Value,72,80.85,Two year,Bank transfer (automatic),DSL,Yes
0582-AVCLN,0.0265,Low Risk,No,Established Budget,38,20.3,Two year,Mailed check,No,No
5803-NQJZO,0.0254,Low Risk,No,Established High-Value,72,67.8,Two year,Bank transfer (automatic),DSL,Yes
2565-JSLRY,0.4517,Medium Risk,Yes,New Budget,1,24.05,Month-to-month,Mailed check,No,No
2607-DHDAK,0.0244,Low Risk,No,Established Budget,72,19.8,Two year,Credit card (automatic),No,No
1073-XXCZD,0.0258,Low Risk,No,Established Budget,55,25.7,Two year,Bank transfer (automatic),No,No
0743-HRVFF,0.1126,Low Risk,No,Established High-Value,51,56.15,One year,Electronic check,DSL,Yes
4006-HKYHO,0.0293,Low Risk,No,Established High-Value,63,86.7,Two year,Bank transfer (automatic),DSL,Yes
3727-JEZTU,0.3382,Low Risk,No,New Budget,1,20.4,Month-to-month,Mailed check,No,No
8143-ETQTI,0.028,Low Risk,No,New Budget,23,19.65,Two year,Mailed check,No,No
6689-KXGBO,0.5887,Medium Risk,Yes,New Budget,1,50.55,Month-to-month,Electronic check,DSL,No
9667-TKTVZ,0.4604,Medium Risk,No,New Budget,2,54.35,Month-to-month,Mailed check,DSL,Yes
3657-COGMW,0.3417,Low Risk,No,Established High-Value,52,108.1,Month-to-month,Credit card (automatic),Fiber optic,No
8570-KLJYJ,0.0398,Low Risk,No,Established Budget,36,54.45,One year,Mailed check,DSL,No
7754-IXRMC,0.5264,Medium Risk,No,New Budget,1,45.35,Month-to-month,Mailed check,DSL,No
9473-CBZOP,0.0427,Low Risk,No,New High-Spend,28,59.0,One year,Mailed check,DSL,No
2969-WGHQO,0.0823,Low Risk,No,New High-Spend,7,69.45,One year,Electronic check,DSL,No
6615-NGGZJ,0.6987,High Risk,Yes,New High-Spend,14,100.55,Month-to-month,Electronic check,Fiber optic,No
4334-HOWRP,0.0287,Low Risk,No,Established High-Value,72,64.95,Two year,Credit card (automatic),DSL,Yes
4255-DDUOU,0.4051,Medium Risk,Yes,New Budget,1,20.5,Month-to-month,Mailed check,No,No
5863-OOKCL,0.0711,Low Risk,No,New Budget,10,18.85,Month-to-month,Mailed check,No,No
1686-STUHN,0.0296,Low Risk,No,Established Budget,42,19.8,One year,Bank transfer (automatic),No,No
1329-VHWNP,0.2265,Low Risk,No,New Budget,7,25.05,Month-to-month,Bank transfer (automatic),DSL,No
2984-MIIZL,0.6045,Medium Risk,Yes,New High-Spend,4,74.8,Month-to-month,Bank transfer (automatic),Fiber optic,No
0266-GMEAO,0.0334,Low Risk,No,Established High-Value,72,114.3,Two year,Credit card (automatic),Fiber optic,Yes
5590-YRFJT,0.351,Medium Risk,Yes,New Budget,20,24.45,Month-to-month,Electronic check,DSL,No
5574-NXZIU,0.0642,Low Risk,No,Established High-Value,63,109.2,Two year,Credit card (automatic),Fiber optic,Yes
0019-GFNTW,0.029,Low Risk,No,Established High-Value,56,45.05,Two year,Bank transfer (automatic),DSL,Yes
4256-ZWTZI,0.3212,Low Risk,No,New Budget,5,51.0,Month-to-month,Mailed check,DSL,Yes
8309-PPCED,0.0382,Low Risk,No,Established High-Value,72,110.45,Two year,Bank transfer (automatic),Fiber optic,Yes
4098-NAUKP,0.3024,Low Risk,No,Established High-Value,68,84.65,Month-to-month,Electronic check,Fiber optic,No
5196-WPYOW,0.0329,Low Risk,No,Established High-Value,67,60.05,One year,Mailed check,DSL,Yes
4608-LCIMN,0.1685,Low Risk,No,New Budget,8,44.65,Month-to-month,Bank transfer (automatic),DSL,No
1485-YDHMM,0.1895,Low Risk,No,Established High-Value,52,93.25,Month-to-month,Bank transfer (automatic),Fiber optic,Yes
4054-CUMIA,0.0608,Low Risk,No,New Budget,18,20.25,Month-to-month,Mailed check,No,No
0603-TPMIB,0.0248,Low Risk,No,Established Budget,59,25.45,Two year,Mailed check,No,No
2525-GVKQU,0.0253,Low Risk,No,Established Budget,60,20.6,Two year,Mailed check,No,No
8161-QYMTT,0.7157,High Risk,No,New High-Spend,7,94.1,Month-to-month,Electronic check,Fiber optic,No
9581-GVBXT,0.035,Low Risk,No,Established Budget,59,34.8,One year,Mailed check,DSL,No
5862-BRIXZ,0.0348,Low Risk,No,Established High-Value,46,60.75,Two year,Bank transfer (automatic),DSL,Yes
5404-GGUKR,0.4781,Medium Risk,No,New Budget,5,51.35,Month-to-month,Electronic check,DSL,No
3308-JSGML,0.0326,Low Risk,No,Established High-Value,59,64.05,Two year,Credit card (automatic),DSL,Yes
2126-GSEGL,0.0335,Low Risk,No,Established High-Value,70,84.8,Two year,Bank transfer (automatic),DSL,Yes
3677-TNKIO,0.5137,Medium Risk,Yes,New High-Spend,14,71.0,Month-to-month,Credit card (automatic),Fiber optic,No
0440-QEXBZ,0.1209,Low Risk,No,Established Budget,44,50.15,Month-to-month,Mailed check,DSL,No
2434-EEVDB,0.048,Low Risk,No,Established High-Value,64,94.6,Two year,Credit card (automatic),Fiber optic,No
6762-QVYJO,0.0287,Low Risk,No,Established High-Value,58,59.75,Two year,Mailed check,DSL,Yes
6199-IWKGC,0.2729,Low Risk,No,Established High-Value,46,100.25,One year,Electronic check,Fiber optic,Yes
2675-DHUTR,0.4858,Medium Risk,No,Established High-Value,58,98.9,Month-to-month,Electronic check,Fiber optic,No
8152-VETUR,0.0394,Low Risk,No,Established High-Value,72,97.7,Two year,Credit card (automatic),Fiber optic,No
9667-EQRXU,0.4191,Medium Risk,Yes,New Budget,30,40.3,Month-to-month,Electronic check,DSL,No
7446-YPODE,0.2304,Low Risk,No,New High-Spend,11,60.25,Month-to-month,Bank transfer (automatic),DSL,No
9522-BNTHX,0.3825,Medium Risk,No,Established High-Value,34,56.25,Month-to-month,Electronic check,DSL,No
4676-WLUHT,0.0329,Low Risk,No,Established Budget,54,46.2,Two year,Bank transfer (automatic),DSL,No
3329-WDIOK,0.616,Medium Risk,Yes,New High-Spend,3,50.6,Month-to-month,Electronic check,DSL,No
7980-MHFLQ,0.0242,Low Risk,No,Established Budget,72,24.9,Two year,Mailed check,No,No
2873-ZLIWT,0.4464,Medium Risk,Yes,New High-Spend,40,84.85,Month-to-month,Electronic check,Fiber optic,Yes
3415-TAILE,0.4418,Medium Risk,Yes,New High-Spend,2,65.7,Month-to-month,Mailed check,DSL,No
0757-WCUUZ,0.0325,Low Risk,No,Established Budget,54,63.35,Two year,Credit card (automatic),DSL,No
1629-DQQVB,0.1357,Low Risk,No,New Budget,14,50.1,Month-to-month,Bank transfer (automatic),DSL,No
1915-IOFGU,0.7043,High Risk,Yes,New High-Spend,1,70.5,Month-to-month,Electronic check,Fiber optic,No
3045-XETSH,0.6926,High Risk,Yes,New High-Spend,10,94.85,Month-to-month,Electronic check,Fiber optic,No
0374-AACSZ,0.52,Medium Risk,No,New Budget,1,50.15,Month-to-month,Electronic check,DSL,No
7239-HZZCX,0.3582,Medium Risk,Yes,New Budget,1,19.75,Month-to-month,Mailed check,No,No
4872-VXRIL,0.0365,Low Risk,No,Established High-Value,56,64.65,One year,Bank transfer (automatic),DSL,Yes
9140-CZQZZ,0.0294,Low Risk,No,Established High-Value,68,79.6,Two year,Bank transfer (automatic),DSL,Yes
3423-HHXAO,0.0419,Low Risk,No,New Budget,14,19.5,One year,Mailed check,No,No
9938-TKDGL,0.0621,Low Risk,No,Established High-Value,68,99.55,Two year,Electronic check,Fiber optic,Yes
0531-ZZJWQ,0.3918,Medium Risk,No,Established Budget,55,74.0,Month-to-month,Electronic check,Fiber optic,No
6537-QLGEX,0.3108,Low Risk,No,New Budget,16,38.9,Month-to-month,Electronic check,DSL,No
2688-BHGOG,0.6735,High Risk,No,New High-Spend,9,79.55,Month-to-month,Electronic check,Fiber optic,No
7683-CBDKJ,0.2578,Low Risk,Yes,New High-Spend,14,65.45,Month-to-month,Electronic check,DSL,No
0946-CLJTI,0.507,Medium Risk,Yes,Established High-Value,58,98.7,Month-to-month,Electronic check,Fiber optic,No
3160-TYXLT,0.1332,Low Risk,No,Established Budget,53,46.3,Month-to-month,Bank transfer (automatic),DSL,No
1325-USMEC,0.0509,Low Risk,No,Established High-Value,70,99.35,Two year,Credit card (automatic),Fiber optic,No
0916-QOFDP,0.7008,High Risk,No,New High-Spend,14,95.8,Month-to-month,Electronic check,Fiber optic,No
0628-CNQRM,0.0521,Low Risk,Yes,New High-Spend,22,67.5,One year,Bank transfer (automatic),DSL,Yes
5606-AMZBO,0.5391,Medium Risk,No,New High-Spend,10,78.15,Month-to-month,Credit card (automatic),Fiber optic,No
6199-IPCAO,0.0275,Low Risk,No,New Budget,29,26.1,Two year,Mailed check,No,No
7665-TOALD,0.7379,High Risk,Yes,New High-Spend,1,69.6,Month-to-month,Electronic check,Fiber optic,No
0112-QWPNC,0.0808,Low Risk,Yes,Established High-Value,49,84.35,One year,Electronic check,DSL,Yes
0324-BRPCJ,0.4638,Medium Risk,Yes,Established High-Value,68,100.2,Month-to-month,Electronic check,Fiber optic,No
2777-PHDEI,0.7171,High Risk,Yes,New High-Spend,1,78.05,Month-to-month,Electronic check,Fiber optic,No
5640-CAXOA,0.0799,Low Risk,No,New Budget,30,40.35,One year,Credit card (automatic),DSL,Yes
2235-EZAIK,0.0259,Low Risk,No,Established High-Value,72,79.2,Two year,Credit card (automatic),DSL,Yes
3847-BAERP,0.0873,Low Risk,No,New Budget,10,20.9,Month-to-month,Mailed check,No,No
1196-AMORA,0.6024,Medium Risk,Yes,New High-Spend,7,73.6,Month-to-month,Electronic check,Fiber optic,No
4282-YMKNA,0.6445,Medium Risk,Yes,New High-Spend,9,74.75,Month-to-month,Electronic check,Fiber optic,No
1453-RZFON,0.4382,Medium Risk,No,New Budget,1,49.9,Month-to-month,Mailed check,DSL,No
8263-OKETD,0.1791,Low Risk,No,New High-Spend,20,68.9,Month-to-month,Credit card (automatic),DSL,Yes
0670-KDOMA,0.4418,Medium Risk,No,New Budget,1,20.25,Month-to-month,Mailed check,No,No
2476-YGEFM,0.3784,Medium Risk,No,New High-Spend,29,76.0,Month-to-month,Credit card (automatic),Fiber optic,No
8687-BAFGU,0.6731,High Risk,No,New High-Spend,1,74.0,Month-to-month,Electronic check,Fiber optic,Yes
0641-EVBOJ,0.5067,Medium Risk,No,New High-Spend,3,82.3,Month-to-month,Mailed check,Fiber optic,Yes
0829-XXPLX,0.3405,Low Risk,No,New High-Spend,20,89.4,Month-to-month,Bank transfer (automatic),Fiber optic,No
9974-JFBHQ,0.2092,Low Risk,No,Established High-Value,64,99.15,Month-to-month,Credit card (automatic),Fiber optic,Yes
5356-RHIPP,0.4574,Medium Risk,Yes,New Budget,1,20.2,Month-to-month,Mailed check,No,No
6624-JDRDS,0.284,Low Risk,No,New Budget,6,29.45,Month-to-month,Bank transfer (automatic),DSL,No
0608-JDVEC,0.0289,Low Risk,No,Established Budget,50,19.8,Two year,Electronic check,No,No
9780-FKVVF,0.2744,Low Risk,No,New High-Spend,6,59.15,Month-to-month,Bank transfer (automatic),DSL,No
1919-RTPQD,0.2354,Low Risk,No,New Budget,7,44.75,Month-to-month,Electronic check,DSL,No
5214-NLTIT,0.031,Low Risk,No,Established High-Value,72,90.8,Two year,Credit card (automatic),Fiber optic,No
3345-PBBFH,0.2652,Low Risk,No,New Budget,8,49.55,Month-to-month,Bank transfer (automatic),DSL,No
5055-BRMNE,0.063,Low Risk,No,Established High-Value,67,106.7,Two year,Credit card (automatic),Fiber optic,Yes
9189-JWSHV,0.6427,Medium Risk,Yes,New High-Spend,24,93.55,Month-to-month,Electronic check,Fiber optic,No
2190-PHBHR,0.031,Low Risk,No,Established High-Value,72,94.45,Two year,Credit card (automatic),Fiber optic,No
2650-GYRYL,0.0341,Low Risk,No,New Budget,33,19.45,One year,Bank transfer (automatic),No,No
0746-JTRFU,0.6002,Medium Risk,Yes,New Budget,2,25.05,Month-to-month,Electronic check,DSL,No
5208-FVQKB,0.0279,Low Risk,No,Established High-Value,70,67.95,Two year,Mailed check,DSL,Yes
7184-LRUUR,0.0603,Low Risk,No,New High-Spend,22,65.25,One year,Bank transfer (automatic),DSL,No
6627-CFOSN,0.1997,Low Risk,No,Established High-Value,59,99.45,Month-to-month,Bank transfer (automatic),Fiber optic,No
3982-JGSFD,0.0343,Low Risk,No,Established Budget,36,20.35,One year,Credit card (automatic),No,No
1574-DYCWE,0.0251,Low Risk,No,Established Budget,51,19.95,Two year,Mailed check,No,No
7247-XOZPB,0.0407,Low Risk,No,Established High-Value,53,77.4,One year,Bank transfer (automatic),DSL,Yes
2466-FCCPT,0.034,Low Risk,No,New Budget,20,19.7,One year,Bank transfer (automatic),No,No
6211-WWLTF,0.0517,Low Risk,No,Established High-Value,63,99.7,Two year,Credit card (automatic),Fiber optic,No
4826-TZEVA,0.282,Low Risk,No,New High-Spend,40,74.8,Month-to-month,Credit card (automatic),Fiber optic,No
6016-NXBNJ,0.0328,Low Risk,No,Established Budget,35,19.15,One year,Mailed check,No,No
9138-EFSMO,0.1123,Low Risk,No,New High-Spend,26,78.95,One year,Bank transfer (automatic),Fiber optic,No
0576-WNXXC,0.5904,Medium Risk,Yes,New High-Spend,27,95.55,Month-to-month,Electronic check,Fiber optic,No
4632-XJMEX,0.0347,Low Risk,No,Established High-Value,53,62.85,One year,Credit card (automatic),DSL,Yes
8910-LEDAG,0.3452,Low Risk,No,New High-Spend,34,71.55,Month-to-month,Credit card (automatic),Fiber optic,No
3452-GWUIN,0.6442,Medium Risk,No,New High-Spend,19,94.95,Month-to-month,Electronic check,Fiber optic,No
2716-GFZOR,0.1985,Low Risk,No,Established High-Value,43,86.1,Month-to-month,Credit card (automatic),Fiber optic,No
3724-UCSHY,0.0784,Low Risk,No,New Budget,6,19.55,Month-to-month,Mailed check,No,No
8626-XHBIE,0.0258,Low Risk,No,Established Budget,56,24.8,Two year,Mailed check,No,No
4628-CTTLA,0.3001,Low Risk,Yes,Established Budget,57,39.3,Month-to-month,Electronic check,DSL,No
3192-LNKRK,0.3776,Medium Risk,No,New High-Spend,34,84.05,Month-to-month,Mailed check,Fiber optic,No
4439-YRNVD,0.224,Low Risk,No,New Budget,10,36.25,Month-to-month,Electronic check,DSL,Yes
2876-VBBBL,0.4418,Medium Risk,Yes,New Budget,1,20.25,Month-to-month,Mailed check,No,No
6834-NXDCA,0.4186,Medium Risk,Yes,New Budget,13,23.9,Month-to-month,Electronic check,DSL,No
2208-UGTGR,0.3866,Medium Risk,No,Established High-Value,56,98.6,Month-to-month,Electronic check,Fiber optic,No
3005-TYFRD,0.4008,Medium Risk,No,Established High-Value,55,103.65,Month-to-month,Credit card (automatic),Fiber optic,No
8670-MEFCP,0.0347,Low Risk,No,Established High-Value,36,92.9,Two year,Credit card (automatic),DSL,Yes
3079-BCHLN,0.0303,Low Risk,No,Established Budget,47,19.9,One year,Bank transfer (automatic),No,No
7777-UNYHB,0.1086,Low Risk,No,New Budget,12,20.1,Month-to-month,Credit card (automatic),No,No
5597-GLBUC,0.7495,High Risk,Yes,New High-Spend,1,85.45,Month-to-month,Electronic check,Fiber optic,No
7278-CKDNC,0.5699,Medium Risk,No,New High-Spend,24,80.5,Month-to-month,Electronic check,Fiber optic,No
2748-MYRVK,0.162,Low Risk,Yes,Established High-Value,63,99.9,One year,Bank transfer (automatic),Fiber optic,No
8450-UYIBU,0.3645,Medium Risk,No,Established Budget,35,39.85,Month-to-month,Electronic check,DSL,No
2969-VAPYH,0.0342,Low Risk,No,Established High-Value,67,60.5,One year,Credit card (automatic),DSL,Yes
4822-YCXMX,0.5728,Medium Risk,Yes,New High-Spend,25,84.8,Month-to-month,Electronic check,Fiber optic,No
7181-OQCUT,0.4384,Medium Risk,No,New High-Spend,21,103.85,Month-to-month,Mailed check,Fiber optic,No
8474-UMLNT,0.145,Low Risk,No,New High-Spend,13,67.8,Month-to-month,Bank transfer (automatic),DSL,Yes
9821-POOTN,0.5387,Medium Risk,Yes,New High-Spend,35,75.2,Month-to-month,Electronic check,Fiber optic,No
3836-FZSDJ,0.026,Low Risk,No,Established Budget,71,24.85,Two year,Bank transfer (automatic),No,No
9142-XMYJH,0.0489,Low Risk,No,New Budget,29,19.35,Month-to-month,Credit card (automatic),No,No
6559-ILWKJ,0.0453,Low Risk,Yes,Established Budget,71,49.35,Two year,Electronic check,DSL,No
0187-QSXOE,0.6903,High Risk,No,New High-Spend,7,89.0,Month-to-month,Electronic check,Fiber optic,No
7733-UDMTP,0.349,Low Risk,No,Established High-Value,57,55.0,Month-to-month,Electronic check,DSL,No
2649-HWLYB,0.0301,Low Risk,No,Established High-Value,65,76.15,Two year,Bank transfer (automatic),DSL,Yes
5214-CHIWJ,0.0294,Low Risk,No,New Budget,27,20.3,One year,Mailed check,No,No
4229-CZMLL,0.6684,High Risk,Yes,New High-Spend,6,74.9,Month-to-month,Electronic check,Fiber optic,No
6904-JLBGY,0.0321,Low Risk,No,Established High-Value,72,117.35,Two year,Credit card (automatic),Fiber optic,Yes
2465-BLLEU,0.4347,Medium Risk,No,New Budget,1,19.75,Month-to-month,Mailed check,No,No
1685-VAYJF,0.2087,Low Risk,No,New Budget,11,45.2,Month-to-month,Credit card (automatic),DSL,No
8874-EJNSR,0.0258,Low Risk,No,Established Budget,39,25.2,Two year,Mailed check,No,No
6917-YACBP,0.2312,Low Risk,No,Established High-Value,59,89.75,Month-to-month,Electronic check,Fiber optic,No
5049-MUBWG,0.0625,Low Risk,No,New High-Spend,26,75.0,One year,Bank transfer (automatic),DSL,Yes
4223-WOZCM,0.457,Medium Risk,No,New Budget,2,49.95,Month-to-month,Mailed check,DSL,No
0769-MURVM,0.0266,Low Risk,No,Established High-Value,72,65.7,Two year,Bank transfer (automatic),DSL,Yes
9253-VIFJQ,0.036,Low Risk,No,Established High-Value,65,67.05,One year,Credit card (automatic),DSL,No
7030-FZTFM,0.0359,Low Risk,No,Established High-Value,72,110.9,Two year,Credit card (automatic),Fiber optic,Yes
9741-YLNTD,0.6343,Medium Risk,No,New High-Spend,6,87.95,Month-to-month,Bank transfer (automatic),Fiber optic,Yes
5917-RYRMG,0.032,Low Risk,No,New Budget,32,19.8,One year,Credit card (automatic),No,No
5120-ZBLAI,0.0732,Low Risk,No,Established High-Value,50,75.7,One year,Bank transfer (automatic),DSL,No
1194-BHJYC,0.0304,Low Risk,No,Established High-Value,61,62.15,Two year,Mailed check,DSL,Yes
3663-MITLP,0.6643,High Risk,Yes,New High-Spend,15,101.25,Month-to-month,Electronic check,Fiber optic,No
0906-QVPMS,0.0326,Low Risk,No,Established High-Value,72,115.15,Two year,Bank transfer (automatic),Fiber optic,Yes
9025-ZRPVR,0.0931,Low Risk,Yes,New Budget,9,18.95,Month-to-month,Mailed check,No,No
1905-OEILC,0.3367,Low Risk,No,New Budget,1,19.5,Month-to-month,Mailed check,No,No
7858-GTZSP,0.676,High Risk,No,New High-Spend,12,86.55,Month-to-month,Electronic check,Fiber optic,No
3285-UCQVC,0.1089,Low Risk,Yes,Established Budget,37,28.6,Month-to-month,Credit card (automatic),DSL,Yes
6248-BSHKG,0.028,Low Risk,No,Established Budget,61,20.4,One year,Mailed check,No,No
4685-TFLLS,0.0339,Low Risk,No,New Budget,18,19.8,One year,Bank transfer (automatic),No,No
3470-BTGQO,0.0996,Low Risk,No,New Budget,21,45.65,Month-to-month,Mailed check,DSL,No
1209-VFFOC,0.0272,Low Risk,No,Established High-Value,68,56.4,Two year,Mailed check,DSL,Yes
8224-DWCKX,0.6011,Medium Risk,No,New High-Spend,12,73.3,Month-to-month,Credit card (automatic),Fiber optic,No
5482-PLVPE,0.6252,Medium Risk,Yes,New Budget,2,24.35,Month-to-month,Electronic check,DSL,No
4553-DVPZG,0.4454,Medium Risk,No,Established High-Value,62,101.35,Month-to-month,Electronic check,Fiber optic,No
4902-OHLSK,0.5197,Medium Risk,Yes,New High-Spend,29,98.65,Month-to-month,Electronic check,Fiber optic,Yes
6917-IAYHD,0.4878,Medium Risk,No,New Budget,1,33.6,Month-to-month,Mailed check,DSL,Yes
0495-ZBNGW,0.6617,High Risk,Yes,New High-Spend,5,79.9,Month-to-month,Bank transfer (automatic),Fiber optic,No
8620-RJPZN,0.4073,Medium Risk,No,New Budget,1,20.7,Month-to-month,Electronic check,No,No
7572-KPVKK,0.1461,Low Risk,No,Established High-Value,62,104.05,Two year,Electronic check,Fiber optic,Yes
2642-MAWLJ,0.0259,Low Risk,No,Established Budget,36,20.25,Two year,Bank transfer (automatic),No,No
2357-COQEK,0.5933,Medium Risk,Yes,Established High-Value,28,103.3,Month-to-month,Electronic check,Fiber optic,Yes
7103-ZGVNT,0.0383,Low Risk,No,Established High-Value,69,73.7,One year,Credit card (automatic),DSL,Yes
3737-GCSPV,0.6111,Medium Risk,Yes,New High-Spend,11,96.2,Month-to-month,Credit card (automatic),Fiber optic,Yes
2027-WKXMW,0.3827,Medium Risk,No,Established High-Value,63,108.75,Month-to-month,Electronic check,Fiber optic,Yes
7137-NAXML,0.0308,Low Risk,No,New Budget,23,20.15,One year,Bank transfer (automatic),No,No
2428-ZMCTB,0.0713,Low Risk,No,New Budget,10,19.75,Month-to-month,Credit card (automatic),No,No
2961-VNFKL,0.0253,Low Risk,No,Established Budget,71,25.95,Two year,Credit card (automatic),No,No
1768-HNVGJ,0.2116,Low Risk,No,Established High-Value,45,70.05,Month-to-month,Electronic check,DSL,Yes
6963-KQYQB,0.0247,Low Risk,No,Established Budget,70,24.05,Two year,Mailed check,No,No
5934-RMPOV,0.5792,Medium Risk,No,New High-Spend,22,84.75,Month-to-month,Electronic check,Fiber optic,No
1207-BLKSA,0.0254,Low Risk,No,Established Budget,52,23.05,Two year,Mailed check,No,No
4088-YLDSU,0.3586,Medium Risk,Yes,Established High-Value,55,104.15,One year,Electronic check,Fiber optic,Yes
8316-BBQAY,0.0301,Low Risk,No,Established High-Value,65,59.95,Two year,Credit card (automatic),DSL,Yes
1166-PQLGG,0.0242,Low Risk,No,Established Budget,72,19.55,Two year,Bank transfer (automatic),No,No
3146-JTQHR,0.0366,Low Risk,No,New Budget,10,19.6,One year,Bank transfer (automatic),No,No
4291-YZODP,0.0379,Low Risk,No,New Budget,7,20.05,One year,Mailed check,No,No
4395-PZMSN,0.6829,High Risk,No,New High-Spend,5,85.55,Month-to-month,Electronic check,Fiber optic,No
6427-FEFIG,0.0348,Low Risk,No,New High-Spend,24,78.6,Two year,Credit card (automatic),DSL,No
0017-IUDMW,0.0309,Low Risk,No,Established High-Value,72,116.8,Two year,Credit card (automatic),Fiber optic,Yes
8706-HRADD,0.1389,Low Risk,No,New High-Spend,21,43.55,Month-to-month,Mailed check,DSL,Yes
9955-QOPOY,0.069,Low Risk,No,Established High-Value,69,60.8,One year,Credit card (automatic),DSL,Yes
4385-ZKVNW,0.0879,Low Risk,No,Established Budget,44,54.9,Month-to-month,Bank transfer (automatic),DSL,Yes
5446-DKWYW,0.0766,Low Risk,No,Established Budget,61,65.2,One year,Electronic check,DSL,No
2034-CGRHZ,0.5772,Medium Risk,Yes,Established High-Value,24,102.95,Month-to-month,Credit card (automatic),Fiber optic,No
5797-APWZC,0.7279,High Risk,Yes,New High-Spend,1,90.6,Month-to-month,Electronic check,Fiber optic,No
3683-QKIUE,0.3116,Low Risk,Yes,New Budget,6,50.8,Month-to-month,Bank transfer (automatic),DSL,Yes
4228-ZGYUW,0.7125,High Risk,Yes,New High-Spend,4,90.05,Month-to-month,Electronic check,Fiber optic,No
9031-ZVQPT,0.0572,Low Risk,No,Established High-Value,72,108.2,Two year,Electronic check,Fiber optic,Yes
2990-IAJSV,0.0274,Low Risk,No,Established High-Value,72,92.0,Two year,Bank transfer (automatic),DSL,Yes
8107-KNCIM,0.6617,High Risk,No,New High-Spend,14,75.1,Month-to-month,Electronic check,Fiber optic,No
9027-YFHQJ,0.143,Low Risk,No,New Budget,7,25.05,Month-to-month,Bank transfer (automatic),No,No
5176-LDKUH,0.0779,Low Risk,No,New High-Spend,48,75.15,One year,Electronic check,Fiber optic,No
4644-OBGFZ,0.0293,Low Risk,No,Established Budget,55,19.5,One year,Mailed check,No,No
7926-IJOOU,0.3244,Low Risk,No,New Budget,1,19.3,Month-to-month,Credit card (automatic),No,No
6480-YAGIY,0.1833,Low Risk,No,Established High-Value,45,112.2,One year,Credit card (automatic),Fiber optic,Yes
4029-HPFVY,0.5805,Medium Risk,No,New High-Spend,3,70.3,Month-to-month,Mailed check,Fiber optic,No
7602-DBTOU,0.0242,Low Risk,No,Established Budget,71,19.6,Two year,Mailed check,No,No
5345-BMKWB,0.0955,Low Risk,No,New Budget,8,20.25,Month-to-month,Mailed check,No,No
3519-ZKXGG,0.7015,High Risk,Yes,New High-Spend,3,75.85,Month-to-month,Electronic check,Fiber optic,No
5457-COLHT,0.0301,Low Risk,No,Established High-Value,69,80.65,Two year,Bank transfer (automatic),DSL,Yes
6416-TVAIH,0.7354,High Risk,Yes,New High-Spend,1,68.5,Month-to-month,Electronic check,Fiber optic,No
5451-YHYPW,0.033,Low Risk,No,Established High-Value,72,115.75,Two year,Credit card (automatic),Fiber optic,Yes
5108-ADXWO,0.5789,Medium Risk,Yes,New High-Spend,11,73.5,Month-to-month,Electronic check,Fiber optic,No
7998-WNZEM,0.027,Low Risk,No,Established High-Value,71,80.6,Two year,Bank transfer (automatic),DSL,Yes
3066-RRJIO,0.7063,High Risk,Yes,New High-Spend,1,69.95,Month-to-month,Mailed check,Fiber optic,No
4664-NJCMS,0.0334,Low Risk,No,Established High-Value,33,59.55,Two year,Bank transfer (automatic),DSL,Yes
0307-BCOPK,0.0326,Low Risk,No,New Budget,16,19.05,One year,Mailed check,No,No
7629-WFGLW,0.0856,Low Risk,No,Established High-Value,56,95.65,One year,Electronic check,Fiber optic,Yes
2542-HYGIQ,0.3562,Medium Risk,No,New Budget,1,19.95,Month-to-month,Credit card (automatic),No,No
6715-OFDBP,0.5415,Medium Risk,Yes,New High-Spend,5,70.05,Month-to-month,Electronic check,DSL,No
5016-LIPDW,0.0301,Low Risk,No,Established Budget,57,19.4,One year,Mailed check,No,No
6481-LXPWL,0.045,Low Risk,No,Established Budget,56,36.1,One year,Credit card (automatic),DSL,No
1567-DSCIC,0.7027,High Risk,Yes,New High-Spend,8,94.0,Month-to-month,Electronic check,Fiber optic,No
2150-UWTFY,0.0798,Low Risk,Yes,New High-Spend,22,61.15,Month-to-month,Mailed check,DSL,No
6124-ACRHJ,0.3596,Medium Risk,No,New Budget,1,19.75,Month-to-month,Mailed check,No,No
9362-MWODR,0.1061,Low Risk,No,New High-Spend,40,64.1,Month-to-month,Credit card (automatic),DSL,Yes
9975-GPKZU,0.0259,Low Risk,No,Established Budget,46,19.75,Two year,Credit card (automatic),No,No
9625-RZFUK,0.0244,Low Risk,No,Established Budget,63,19.7,Two year,Mailed check,No,No
5153-LXKDT,0.105,Low Risk,No,Established High-Value,68,110.2,Two year,Electronic check,Fiber optic,No
5161-UBZXI,0.0607,Low Risk,No,Established High-Value,69,106.35,Two year,Credit card (automatic),Fiber optic,Yes
1020-JPQOW,0.1968,Low Risk,No,Established High-Value,56,90.55,Month-to-month,Electronic check,Fiber optic,Yes
7919-ZODZZ,0.127,Low Risk,No,New High-Spend,10,65.9,One year,Mailed check,DSL,No
0565-JUPYD,0.094,Low Risk,No,Established High-Value,63,104.5,One year,Credit card (automatic),Fiber optic,Yes
6867-ACCZI,0.0334,Low Risk,No,Established High-Value,24,52.5,Two year,Mailed check,DSL,Yes
5939-XAIXZ,0.1923,Low Risk,No,New High-Spend,19,56.1,Month-to-month,Mailed check,DSL,No
9054-FOWNV,0.5882,Medium Risk,No,New High-Spend,22,88.75,Month-to-month,Electronic check,Fiber optic,No
2683-BPJSO,0.4497,Medium Risk,Yes,New High-Spend,29,84.45,Month-to-month,Electronic check,Fiber optic,No
2157-MXBJS,0.1771,Low Risk,Yes,New High-Spend,13,75.3,One year,Mailed check,DSL,No
8207-VVMYB,0.027,Low Risk,No,Established Budget,70,26.0,Two year,Bank transfer (automatic),No,No
9732-EQMWY,0.4286,Medium Risk,No,Established High-Value,49,99.4,Month-to-month,Electronic check,Fiber optic,No
9360-AHGNL,0.2713,Low Risk,Yes,Established High-Value,43,109.55,One year,Mailed check,Fiber optic,Yes
1087-UDSIH,0.1891,Low Risk,Yes,New Budget,3,19.6,Month-to-month,Mailed check,No,No
5269-NRGDP,0.0896,Low Risk,No,Established High-Value,42,73.15,One year,Electronic check,DSL,Yes
6195-MELTI,0.0413,Low Risk,No,Established Budget,57,54.65,One year,Mailed check,DSL,Yes
5485-WUYWF,0.4554,Medium Risk,Yes,New High-Spend,2,66.4,Month-to-month,Bank transfer (automatic),DSL,No
2121-JAFOM,0.0319,Low Risk,No,Established High-Value,72,115.55,Two year,Credit card (automatic),Fiber optic,Yes
8818-DOPVL,0.5823,Medium Risk,No,Established High-Value,46,104.45,Month-to-month,Electronic check,Fiber optic,No
2632-UCGVD,0.3737,Medium Risk,Yes,Established High-Value,66,100.05,Month-to-month,Credit card (automatic),Fiber optic,Yes
5445-PZWGX,0.1511,Low Risk,Yes,Established High-Value,62,102.0,One year,Electronic check,Fiber optic,Yes
1227-UDMZR,0.0266,Low Risk,No,Established High-Value,72,91.15,Two year,Bank transfer (automatic),DSL,Yes
5198-HQAEN,0.1289,Low Risk,No,Established High-Value,35,89.7,One year,Electronic check,Fiber optic,Yes
9170-CCKOU,0.3148,Low Risk,Yes,New High-Spend,17,90.2,Month-to-month,Credit card (automatic),Fiber optic,No
2167-FQSTQ,0.0308,Low Risk,No,Established High-Value,72,92.4,Two year,Electronic check,DSL,Yes
2819-GWENI,0.0306,Low Risk,No,New Budget,28,19.9,One year,Mailed check,No,No
1043-YCUTE,0.0285,Low Risk,Yes,Established Budget,56,25.15,Two year,Credit card (automatic),No,No
3814-MLAXC,0.3353,Low Risk,Yes,New High-Spend,31,79.85,Month-to-month,Credit card (automatic),Fiber optic,Yes
3572-UUHRS,0.0299,Low Risk,No,Established Budget,45,18.85,One year,Bank transfer (automatic),No,No
2692-PFYTJ,0.4225,Medium Risk,No,New Budget,1,25.75,Month-to-month,Mailed check,No,No
1226-UDFZR,0.4807,Medium Risk,Yes,New Budget,2,49.6,Month-to-month,Mailed check,DSL,No
5955-EPOAZ,0.1075,Low Risk,No,New Budget,6,20.95,Month-to-month,Mailed check,No,No
6821-JPCDC,0.2884,Low Risk,No,Established High-Value,48,97.05,One year,Electronic check,Fiber optic,No
8815-LMFLX,0.076,Low Risk,No,New Budget,25,25.4,Month-to-month,Bank transfer (automatic),No,No
9135-HSWOC,0.0254,Low Risk,No,Established Budget,64,19.7,Two year,Bank transfer (automatic),No,No
8582-KRHPJ,0.1038,Low Risk,No,Established Budget,50,35.0,Month-to-month,Mailed check,DSL,No
5811-IWXYM,0.2126,Low Risk,No,Established High-Value,52,101.25,One year,Bank transfer (automatic),Fiber optic,No
7044-YAACC,0.689,High Risk,No,New High-Spend,4,70.2,Month-to-month,Electronic check,Fiber optic,No
8189-XRIKE,0.5137,Medium Risk,No,New High-Spend,32,90.95,Month-to-month,Electronic check,Fiber optic,No
1506-YJTYT,0.0287,Low Risk,No,Established High-Value,45,73.85,Two year,Credit card (automatic),DSL,Yes
4123-DVHPH,0.6295,Medium Risk,No,New High-Spend,9,88.05,Month-to-month,Electronic check,Fiber optic,No
6425-YQLLO,0.2433,Low Risk,Yes,Established High-Value,66,105.95,One year,Credit card (automatic),Fiber optic,Yes
5442-UTCVD,0.6437,Medium Risk,Yes,New High-Spend,3,91.85,Month-to-month,Electronic check,Fiber optic,No
2228-BZDEE,0.0261,Low Risk,No,Established Budget,54,20.1,Two year,Mailed check,No,No
7734-DBOAI,0.5821,Medium Risk,Yes,New Budget,1,40.1,Month-to-month,Electronic check,DSL,Yes
2789-CZANW,0.0632,Low Risk,No,Established High-Value,64,110.3,Two year,Bank transfer (automatic),Fiber optic,Yes
2091-RFFBA,0.5567,Medium Risk,Yes,New High-Spend,31,73.9,Month-to-month,Electronic check,Fiber optic,No
2114-MGINA,0.5641,Medium Risk,Yes,New High-Spend,14,89.8,Month-to-month,Mailed check,Fiber optic,No
7596-LDUXP,0.1238,Low Risk,No,New High-Spend,12,85.15,One year,Credit card (automatic),Fiber optic,No
3740-RLMVT,0.0357,Low Risk,No,Established High-Value,67,60.95,One year,Bank transfer (automatic),DSL,Yes
4489-SNOJF,0.1375,Low Risk,Yes,Established High-Value,35,72.25,Month-to-month,Electronic check,DSL,Yes
2192-OZITF,0.0301,Low Risk,No,Established High-Value,45,73.55,Two year,Mailed check,DSL,Yes
5651-CPDND,0.1536,Low Risk,No,New Budget,10,46.0,Month-to-month,Mailed check,DSL,No
2186-QZEYA,0.1421,Low Risk,No,New High-Spend,29,58.55,Month-to-month,Bank transfer (automatic),DSL,No
1131-ALZWV,0.0335,Low Risk,No,New Budget,24,24.6,One year,Bank transfer (automatic),No,No
7729-XBTWX,0.0249,Low Risk,No,Established Budget,66,19.75,Two year,Mailed check,No,No
9134-WYRVP,0.0498,Low Risk,No,Established High-Value,51,86.35,One year,Mailed check,Fiber optic,No
3284-SVCRO,0.0265,Low Risk,No,Established Budget,45,25.5,Two year,Mailed check,No,No
9732-OUYRN,0.0292,Low Risk,No,Established Budget,49,19.0,One year,Credit card (automatic),No,No
0559-CKHUS,0.0277,Low Risk,No,New Budget,29,19.55,Two year,Mailed check,No,No
2931-SVLTV,0.3413,Low Risk,No,Established High-Value,40,110.1,Month-to-month,Credit card (automatic),Fiber optic,Yes
6899-PPEEA,0.6111,Medium Risk,Yes,New High-Spend,37,96.55,Month-to-month,Electronic check,Fiber optic,No
7504-UWHNB,0.411,Medium Risk,No,New High-Spend,25,69.75,Month-to-month,Electronic check,Fiber optic,No
2582-FFFZR,0.4418,Medium Risk,No,New High-Spend,22,50.6,Month-to-month,Electronic check,DSL,No
8908-NMQTX,0.0271,Low Risk,No,Established High-Value,72,65.6,Two year,Bank transfer (automatic),DSL,Yes
2187-LZGPL,0.3211,Low Risk,Yes,New Budget,7,40.1,Month-to-month,Credit card (automatic),DSL,No
1431-AIDJQ,0.0339,Low Risk,No,Established High-Value,33,82.1,Two year,Credit card (automatic),DSL,Yes
6288-LBEAR,0.3013,Low Risk,No,New High-Spend,23,79.1,Month-to-month,Mailed check,Fiber optic,Yes
4597-NUCQV,0.656,High Risk,Yes,New High-Spend,24,101.25,Month-to-month,Electronic check,Fiber optic,No
9019-QVLZD,0.7175,High Risk,Yes,New High-Spend,1,79.55,Month-to-month,Electronic check,Fiber optic,No
8413-YNHNV,0.0298,Low Risk,No,Established High-Value,69,90.65,Two year,Mailed check,DSL,Yes
5808-TOTXO,0.0502,Low Risk,No,New Budget,3,20.55,One year,Credit card (automatic),No,No
4369-NYSCF,0.067,Low Risk,No,Established High-Value,56,75.75,One year,Bank transfer (automatic),DSL,Yes
6333-YDVLT,0.1757,Low Risk,No,Established High-Value,65,110.0,One year,Credit card (automatic),Fiber optic,Yes
5324-KTGCG,0.031,Low Risk,No,Established Budget,71,20.85,One year,Electronic check,No,No
5599-HVLTW,0.5897,Medium Risk,No,New High-Spend,14,80.35,Month-to-month,Bank transfer (automatic),Fiber optic,No
7394-LWLYN,0.6866,High Risk,No,New High-Spend,2,70.15,Month-to-month,Electronic check,Fiber optic,No
3707-LRWZD,0.157,Low Risk,Yes,New High-Spend,32,84.05,One year,Electronic check,Fiber optic,No
6873-UDNLD,0.1343,Low Risk,No,Established High-Value,40,67.45,Month-to-month,Electronic check,DSL,No
2700-LUEVA,0.3191,Low Risk,No,New Budget,1,20.75,Month-to-month,Credit card (automatic),No,No
1455-ESIQH,0.7516,High Risk,Yes,New High-Spend,1,89.1,Month-to-month,Electronic check,Fiber optic,No
0958-YHXGP,0.545,Medium Risk,No,New High-Spend,7,69.9,Month-to-month,Mailed check,Fiber optic,No
1101-SSWAG,0.3871,Medium Risk,No,New Budget,15,51.1,Month-to-month,Electronic check,DSL,No
2979-SXESE,0.5321,Medium Risk,Yes,New High-Spend,17,94.4,Month-to-month,Electronic check,Fiber optic,No
4013-TLDHQ,0.5767,Medium Risk,Yes,New High-Spend,19,78.25,Month-to-month,Electronic check,Fiber optic,No
5743-KHMNA,0.025,Low Risk,No,Established Budget,71,25.55,Two year,Bank transfer (automatic),No,No
4194-FJARJ,0.0289,Low Risk,No,Established Budget,54,60.0,Two year,Bank transfer (automatic),DSL,Yes
5325-UWTWJ,0.2729,Low Risk,No,New High-Spend,31,90.55,Month-to-month,Credit card (automatic),Fiber optic,Yes
3969-GYXEL,0.5275,Medium Risk,No,New High-Spend,11,76.4,Month-to-month,Electronic check,Fiber optic,No
9208-OLGAQ,0.6044,Medium Risk,No,New High-Spend,18,84.95,Month-to-month,Electronic check,Fiber optic,No
3244-CQPHU,0.0381,Low Risk,No,Established High-Value,72,110.1,Two year,Bank transfer (automatic),Fiber optic,Yes
2674-MLXMN,0.2591,Low Risk,No,Established High-Value,71,99.65,Month-to-month,Credit card (automatic),Fiber optic,No
9708-HPXWZ,0.4356,Medium Risk,No,New High-Spend,5,45.4,Month-to-month,Credit card (automatic),DSL,Yes
6992-TKNYO,0.0636,Low Risk,No,New High-Spend,38,69.0,One year,Credit card (automatic),DSL,Yes
4468-YDOVK,0.384,Medium Risk,No,New Budget,5,48.65,Month-to-month,Bank transfer (automatic),DSL,Yes
3754-DXMRT,0.6094,Medium Risk,Yes,New Budget,2,44.15,Month-to-month,Electronic check,DSL,No
5792-JALQC,0.0334,Low Risk,No,Established Budget,52,59.85,Two year,Bank transfer (automatic),DSL,No
7130-VTEWQ,0.689,High Risk,Yes,New High-Spend,8,75.75,Month-to-month,Electronic check,Fiber optic,No
2200-DSAAL,0.0501,Low Risk,No,Established High-Value,68,80.65,Two year,Electronic check,DSL,No
4302-ZYFEL,0.0291,Low Risk,No,Established Budget,69,20.55,One year,Credit card (automatic),No,No
9351-LZYGF,0.1055,Low Risk,No,Established High-Value,42,66.4,Month-to-month,Credit card (automatic),DSL,Yes
4366-CTOUZ,0.0667,Low Risk,No,Established High-Value,50,100.2,Two year,Mailed check,Fiber optic,Yes
6121-VZNQB,0.3666,Medium Risk,Yes,New Budget,1,19.1,Month-to-month,Mailed check,No,No
7903-CMPEY,0.7268,High Risk,Yes,New High-Spend,1,80.3,Month-to-month,Electronic check,Fiber optic,No
1518-OMDIK,0.1292,Low Risk,No,Established Budget,33,44.55,Month-to-month,Credit card (automatic),DSL,No
6671-NGWON,0.0731,Low Risk,No,New Budget,7,20.35,Month-to-month,Mailed check,No,No
0595-ITUDF,0.194,Low Risk,No,Established High-Value,64,91.8,Month-to-month,Electronic check,Fiber optic,No
6996-KNSML,0.7403,High Risk,Yes,New High-Spend,1,74.9,Month-to-month,Electronic check,Fiber optic,No
1955-IBMMB,0.0267,Low Risk,No,Established Budget,59,20.2,Two year,Bank transfer (automatic),No,No
0096-BXERS,0.3448,Low Risk,No,New Budget,6,50.35,Month-to-month,Electronic check,DSL,No
3806-YAZOV,0.1082,Low Risk,No,New Budget,3,18.8,Month-to-month,Mailed check,No,No
7998-ZLXWN,0.0592,Low Risk,No,New Budget,15,20.45,Month-to-month,Credit card (automatic),No,No
6253-WRFHY,0.1683,Low Risk,No,New High-Spend,13,64.75,One year,Electronic check,DSL,No
9133-AYJZG,0.5292,Medium Risk,No,New High-Spend,23,98.7,Month-to-month,Credit card (automatic),Fiber optic,No
2675-OTVVJ,0.426,Medium Risk,No,New High-Spend,31,89.45,Month-to-month,Electronic check,Fiber optic,No
8680-CGLTP,0.0565,Low Risk,No,New High-Spend,29,58.75,One year,Electronic check,DSL,Yes
8430-TWCBX,0.0292,Low Risk,No,Established Budget,49,20.7,One year,Credit card (automatic),No,No
5018-GWURO,0.2423,Low Risk,No,Established High-Value,56,85.6,Month-to-month,Bank transfer (automatic),Fiber optic,No
6741-QRLUP,0.0288,Low Risk,No,Established High-Value,63,80.3,Two year,Credit card (automatic),DSL,Yes
4737-HOBAX,0.0332,Low Risk,No,Established High-Value,63,79.8,Two year,Credit card (automatic),DSL,Yes
0537-QYZZN,0.5036,Medium Risk,No,New High-Spend,24,79.85,Month-to-month,Electronic check,Fiber optic,No
3340-QBBFM,0.0443,Low Risk,No,New High-Spend,36,54.1,One year,Credit card (automatic),DSL,Yes
1704-NRWYE,0.6689,High Risk,Yes,New High-Spend,9,80.85,Month-to-month,Electronic check,Fiber optic,No
2592-SEIFQ,0.5456,Medium Risk,Yes,New Budget,3,24.75,Month-to-month,Electronic check,DSL,No
8200-KLNYW,0.0734,Low Risk,No,Established High-Value,21,80.9,One year,Mailed check,DSL,Yes
3372-CDXFJ,0.037,Low Risk,No,New Budget,13,24.5,One year,Bank transfer (automatic),No,No
4781-ZXYGU,0.4397,Medium Risk,No,New Budget,1,20.15,Month-to-month,Bank transfer (automatic),No,No
7632-YUTXB,0.0295,Low Risk,No,New Budget,25,20.05,One year,Mailed check,No,No
2718-YSKCS,0.0253,Low Risk,No,Established Budget,71,19.6,Two year,Bank transfer (automatic),No,No
9896-UYMIE,0.1652,Low Risk,No,Established High-Value,66,114.3,One year,Bank transfer (automatic),Fiber optic,Yes
0853-NWIFK,0.2312,Low Risk,No,Established High-Value,45,100.3,One year,Electronic check,Fiber optic,No
8212-CRQXP,0.4075,Medium Risk,No,New High-Spend,22,80.0,Month-to-month,Credit card (automatic),Fiber optic,No
6980-CDGFC,0.0317,Low Risk,No,Established Budget,67,20.85,One year,Bank transfer (automatic),No,No
7691-XVTZH,0.0397,Low Risk,No,Established High-Value,68,89.95,Two year,Bank transfer (automatic),Fiber optic,No
2520-SGTTA,0.029,Low Risk,No,New Budget,0,20.0,Two year,Mailed check,No,No
7481-ATQQS,0.3731,Medium Risk,Yes,Established High-Value,49,90.85,Month-to-month,Credit card (automatic),Fiber optic,No
2277-VWCNI,0.4643,Medium Risk,No,New Budget,4,48.75,Month-to-month,Mailed check,DSL,No
1088-CNNKB,0.0487,Low Risk,No,Established High-Value,63,80.0,One year,Credit card (automatic),DSL,Yes
8642-GVWRF,0.61,Medium Risk,Yes,New High-Spend,2,79.7,Month-to-month,Bank transfer (automatic),Fiber optic,No
1930-BZLHI,0.0344,Low Risk,No,New Budget,21,20.35,One year,Mailed check,No,No
3400-ESFUW,0.0305,Low Risk,Yes,Established High-Value,55,57.55,Two year,Bank transfer (automatic),DSL,Yes
5868-YTYKS,0.4198,Medium Risk,No,New Budget,1,20.25,Month-to-month,Mailed check,No,No
3525-DVKFN,0.0269,Low Risk,No,New Budget,17,19.4,Two year,Mailed check,No,No
1482-OXZSY,0.4341,Medium Risk,No,New High-Spend,30,100.4,Month-to-month,Bank transfer (automatic),Fiber optic,No
0377-JBKKT,0.1168,Low Risk,No,New High-Spend,22,57.95,Month-to-month,Mailed check,DSL,Yes
5778-BVOFB,0.264,Low Risk,No,New High-Spend,9,59.5,Month-to-month,Bank transfer (automatic),DSL,Yes
3373-YZZYM,0.258,Low Risk,No,New Budget,1,19.2,Month-to-month,Mailed check,No,No
2057-ZBLPD,0.5969,Medium Risk,Yes,New High-Spend,21,86.5,Month-to-month,Electronic check,Fiber optic,No
0228-MAUWC,0.1879,Low Risk,No,New High-Spend,19,59.55,Month-to-month,Electronic check,DSL,Yes
5502-RLUYV,0.4881,Medium Risk,Yes,Established High-Value,69,103.95,Month-to-month,Electronic check,Fiber optic,No
0023-HGHWL,0.7056,High Risk,Yes,New Budget,1,25.1,Month-to-month,Electronic check,DSL,No
7663-YJHSN,0.031,Low Risk,No,Established High-Value,72,103.95,Two year,Bank transfer (automatic),Fiber optic,Yes
4915-BFSXL,0.0295,Low Risk,No,Established High-Value,70,68.95,Two year,Credit card (automatic),DSL,No
3086-RUCRN,0.1674,Low Risk,No,Established High-Value,66,103.1,Month-to-month,Bank transfer (automatic),Fiber optic,Yes
5215-LNLDJ,0.4185,Medium Risk,No,New Budget,7,24.7,Month-to-month,Electronic check,DSL,No
7576-JMYWV,0.3816,Medium Risk,No,Established High-Value,46,110.2,Month-to-month,Electronic check,Fiber optic,Yes
9039-RBEEE,0.1413,Low Risk,Yes,Established High-Value,39,48.95,Month-to-month,Credit card (automatic),DSL,Yes
0257-KXZGU,0.0933,Low Risk,No,New High-Spend,32,62.45,Month-to-month,Bank transfer (automatic),DSL,No
1307-ATKGB,0.5353,Medium Risk,No,New High-Spend,24,89.55,Month-to-month,Electronic check,Fiber optic,No
8417-FMLZI,0.6078,Medium Risk,Yes,New High-Spend,6,83.55,Month-to-month,Credit card (automatic),Fiber optic,No
3714-XPXBW,0.1129,Low Risk,No,Established High-Value,37,78.9,Month-to-month,Credit card (automatic),DSL,Yes
1850-AKQEP,0.0691,Low Risk,No,New Budget,8,20.35,Month-to-month,Mailed check,No,No
2824-DXNKN,0.0268,Low Risk,No,Established High-Value,72,71.45,Two year,Bank transfer (automatic),DSL,No
5227-JSCFE,0.0277,Low Risk,No,Established High-Value,71,46.35,Two year,Credit card (automatic),DSL,Yes
0848-ZGQIJ,0.5648,Medium Risk,No,New High-Spend,16,94.65,Month-to-month,Bank transfer (automatic),Fiber optic,No
3621-CHYVB,0.1235,Low Risk,No,Established High-Value,57,49.9,Month-to-month,Bank transfer (automatic),DSL,Yes
8042-RNLKO,0.0291,Low Risk,No,Established Budget,66,25.45,One year,Bank transfer (automatic),No,No
1792-UXAFY,0.6253,Medium Risk,Yes,New High-Spend,17,89.15,Month-to-month,Electronic check,Fiber optic,No
5372-FBKBN,0.0454,Low Risk,No,New Budget,21,20.75,Month-to-month,Mailed check,No,No
0420-TXVSG,0.0284,Low Risk,No,Established High-Value,66,66.1,Two year,Credit card (automatic),DSL,No
6217-TOWGS,0.259,Low Risk,No,New High-Spend,17,75.4,Month-to-month,Bank transfer (automatic),DSL,No
0515-YPMCW,0.7036,High Risk,Yes,New High-Spend,1,70.45,Month-to-month,Mailed check,Fiber optic,No
0378-XSZPU,0.0362,Low Risk,Yes,Established High-Value,58,60.3,One year,Credit card (automatic),DSL,No
1045-LTCYT,0.0773,Low Risk,No,New Budget,8,21.05,Month-to-month,Credit card (automatic),No,No
1544-JJMYL,0.0399,Low Risk,No,New High-Spend,27,69.35,One year,Credit card (automatic),DSL,Yes
4636-JGAAI,0.3271,Low Risk,No,New High-Spend,34,88.85,Month-to-month,Mailed check,Fiber optic,No
6874-SGLHU,0.286,Low Risk,No,New High-Spend,30,97.0,One year,Bank transfer (automatic),Fiber optic,No
5951-AOFIH,0.1385,Low Risk,No,New High-Spend,33,66.4,Month-to-month,Credit card (automatic),DSL,No
4729-XKASR,0.5909,Medium Risk,Yes,New Budget,1,24.75,Month-to-month,Electronic check,DSL,No
3059-NGMXB,0.1504,Low Risk,No,New High-Spend,14,69.2,Month-to-month,Mailed check,DSL,No
8652-YHIYU,0.1091,Low Risk,No,New High-Spend,16,79.5,One year,Credit card (automatic),Fiber optic,Yes
5278-PNYOX,0.0674,Low Risk,No,Established High-Value,49,100.65,Two year,Credit card (automatic),Fiber optic,Yes
5449-FIBXJ,0.5342,Medium Risk,Yes,New High-Spend,19,103.3,Month-to-month,Electronic check,Fiber optic,Yes
3486-HOOGQ,0.0283,Low Risk,No,Established High-Value,70,79.7,Two year,Bank transfer (automatic),DSL,Yes
5061-PBXFW,0.074,Low Risk,No,New High-Spend,32,61.4,Month-to-month,Bank transfer (automatic),DSL,Yes
8630-FJLIB,0.5626,Medium Risk,No,New High-Spend,18,69.8,Month-to-month,Electronic check,Fiber optic,No
3891-NLXJB,0.0318,Low Risk,No,Established Budget,37,40.55,Two year,Mailed check,DSL,Yes
4749-OJKQU,0.6974,High Risk,No,New High-Spend,4,75.65,Month-to-month,Electronic check,Fiber optic,No
0577-WHMEV,0.4395,Medium Risk,No,New High-Spend,16,90.7,Month-to-month,Electronic check,Fiber optic,No
5453-AXEPF,0.4726,Medium Risk,No,New High-Spend,17,80.5,Month-to-month,Bank transfer (automatic),Fiber optic,No
3639-XJHKQ,0.1749,Low Risk,No,New High-Spend,19,60.6,Month-to-month,Electronic check,DSL,No
3716-LRGXK,0.0778,Low Risk,No,Established High-Value,60,101.15,Two year,Credit card (automatic),Fiber optic,No
2263-SFSQZ,0.0275,Low Risk,No,Established Budget,51,24.95,Two year,Mailed check,No,No
9950-MTGYX,0.0272,Low Risk,No,New Budget,28,20.3,Two year,Credit card (automatic),No,No
3397-AVTKU,0.0521,Low Risk,No,New High-Spend,43,60.0,Two year,Electronic check,DSL,No
4825-FUREZ,0.03,Low Risk,No,Established Budget,42,20.25,Two year,Electronic check,No,No
9837-BMCLM,0.6818,High Risk,Yes,New High-Spend,3,78.5,Month-to-month,Electronic check,Fiber optic,No
2672-OJQZP,0.5242,Medium Risk,No,New Budget,1,44.75,Month-to-month,Mailed check,DSL,No
0137-UDEUO,0.1216,Low Risk,Yes,New Budget,3,19.85,Month-to-month,Mailed check,No,No
3134-DSHVC,0.0443,Low Risk,No,Established High-Value,63,98.0,Two year,Credit card (automatic),Fiber optic,No
6161-UUUTA,0.6972,High Risk,Yes,New High-Spend,3,79.9,Month-to-month,Electronic check,Fiber optic,No
7821-DPRQE,0.3452,Low Risk,No,Established High-Value,68,107.7,Month-to-month,Electronic check,Fiber optic,Yes
6543-XRMYR,0.6221,Medium Risk,Yes,New High-Spend,30,99.7,Month-to-month,Electronic check,Fiber optic,No
2001-EWBQU,0.1364,Low Risk,No,Established High-Value,60,104.7,Two year,Electronic check,Fiber optic,No
4925-LMHOK,0.1929,Low Risk,Yes,New High-Spend,15,58.6,Month-to-month,Credit card (automatic),DSL,Yes
1608-GMEWB,0.4493,Medium Risk,No,Established High-Value,45,93.9,Month-to-month,Bank transfer (automatic),Fiber optic,No
6695-AMZUF,0.0298,Low Risk,No,Established High-Value,70,86.45,Two year,Credit card (automatic),DSL,Yes
1455-UGQVH,0.7222,High Risk,Yes,New High-Spend,10,98.5,Month-to-month,Electronic check,Fiber optic,No
8410-BGQXN,0.1158,Low Risk,No,New Budget,4,19.4,Month-to-month,Mailed check,No,No
8280-MQRQN,0.6055,Medium Risk,Yes,New Budget,1,50.45,Month-to-month,Mailed check,DSL,No
1619-YWUBB,0.0268,Low Risk,No,Established Budget,68,24.95,Two year,Credit card (automatic),No,No
7611-YKYTC,0.2399,Low Risk,No,New High-Spend,22,75.0,Month-to-month,Bank transfer (automatic),Fiber optic,No
2037-SGXHH,0.5073,Medium Risk,Yes,Established High-Value,38,94.65,Month-to-month,Electronic check,Fiber optic,No
3178-FESZO,0.7481,High Risk,Yes,New High-Spend,1,100.25,Month-to-month,Credit card (automatic),Fiber optic,No
0365-GXEZS,0.3647,Medium Risk,No,New High-Spend,18,78.2,Month-to-month,Electronic check,Fiber optic,Yes
0082-OQIQY,0.4795,Medium Risk,No,New High-Spend,29,94.2,Month-to-month,Electronic check,Fiber optic,Yes
6087-MVHJH,0.6466,Medium Risk,Yes,New High-Spend,16,88.45,Month-to-month,Electronic check,Fiber optic,No
4603-JANFB,0.7375,High Risk,Yes,New High-Spend,1,69.85,Month-to-month,Electronic check,Fiber optic,No
3018-TFTSU,0.4422,Medium Risk,Yes,New High-Spend,12,81.7,Month-to-month,Bank transfer (automatic),Fiber optic,No
3606-SBKRY,0.1796,Low Risk,No,New High-Spend,31,50.05,One year,Electronic check,DSL,No
4806-KEXQR,0.6828,High Risk,Yes,New High-Spend,4,79.9,Month-to-month,Electronic check,Fiber optic,No
0667-NSRGI,0.0606,Low Risk,No,Established High-Value,48,69.55,One year,Mailed check,DSL,Yes
7083-YNSKY,0.101,Low Risk,Yes,New Budget,15,25.4,Month-to-month,Credit card (automatic),No,No
6893-ODYYE,0.0463,Low Risk,No,Established High-Value,50,90.1,One year,Credit card (automatic),Fiber optic,Yes
8242-JSVBO,0.2401,Low Risk,No,New Budget,7,44.65,Month-to-month,Bank transfer (automatic),DSL,No
2479-BRAMR,0.3497,Low Risk,Yes,New High-Spend,41,83.75,Month-to-month,Bank transfer (automatic),Fiber optic,No
9541-ZPSEA,0.0302,Low Risk,No,Established High-Value,68,80.35,Two year,Credit card (automatic),Fiber optic,No
2665-NPTGL,0.5498,Medium Risk,No,New High-Spend,26,98.1,Month-to-month,Bank transfer (automatic),Fiber optic,No
1139-WUOAH,0.0354,Low Risk,No,Established High-Value,57,53.35,Two year,Credit card (automatic),DSL,Yes
4693-VWVBO,0.1721,Low Risk,No,New Budget,3,19.55,Month-to-month,Electronic check,No,No
7434-SHXLS,0.37,Medium Risk,Yes,New Budget,1,20.9,Month-to-month,Mailed check,No,No
6937-GCDGQ,0.0471,Low Risk,No,New Budget,19,48.95,One year,Bank transfer (automatic),DSL,No
0988-JRWWP,0.5886,Medium Risk,No,New Budget,3,54.2,Month-to-month,Electronic check,DSL,No
5075-JSDKI,0.0293,Low Risk,No,Established Budget,59,24.45,Two year,Electronic check,No,No
7908-QCBCA,0.707,High Risk,Yes,New High-Spend,1,69.4,Month-to-month,Mailed check,Fiber optic,No
8644-XYTSV,0.1646,Low Risk,No,Established Budget,42,40.15,Month-to-month,Bank transfer (automatic),DSL,No
6711-FLDFB,0.6591,High Risk,Yes,New High-Spend,7,74.9,Month-to-month,Electronic check,Fiber optic,No
3873-WOSBC,0.0252,Low Risk,No,Established Budget,67,25.6,Two year,Credit card (automatic),No,No
7465-ZZRVX,0.7365,High Risk,No,New High-Spend,1,70.35,Month-to-month,Electronic check,Fiber optic,No
7975-JMZNT,0.0313,Low Risk,No,Established High-Value,66,91.7,Two year,Bank transfer (automatic),DSL,Yes
7251-XFOIL,0.1584,Low Risk,No,Established High-Value,61,89.2,Month-to-month,Mailed check,Fiber optic,No
4116-IQRFR,0.0454,Low Risk,No,New Budget,4,24.1,One year,Credit card (automatic),No,No
3714-JTVOV,0.3153,Low Risk,Yes,New High-Spend,42,74.15,Month-to-month,Credit card (automatic),Fiber optic,No
8259-DZLIZ,0.0377,Low Risk,No,Established Budget,64,53.85,One year,Bank transfer (automatic),DSL,No
0442-ZXKVS,0.2088,Low Risk,No,Established High-Value,54,115.6,One year,Bank transfer (automatic),Fiber optic,Yes
7853-WNZSY,0.4179,Medium Risk,No,New Budget,1,19.75,Month-to-month,Credit card (automatic),No,No
3120-FAZKD,0.0282,Low Risk,No,Established Budget,54,24.05,Two year,Bank transfer (automatic),No,No
8606-OEGQZ,0.0282,Low Risk,No,New Budget,18,25.3,Two year,Credit card (automatic),No,No
0225-ZORZP,0.6125,Medium Risk,No,New High-Spend,3,84.3,Month-to-month,Electronic check,Fiber optic,No
4702-IOQDC,0.7373,High Risk,Yes,New High-Spend,1,70.1,Month-to-month,Electronic check,Fiber optic,No
9489-JMTTN,0.0268,Low Risk,No,Established High-Value,72,89.75,Two year,Credit card (automatic),DSL,Yes
0575-CUQOV,0.2637,Low Risk,No,Established High-Value,60,97.95,One year,Electronic check,Fiber optic,No
0967-BMLBD,0.0411,Low Risk,No,New Budget,11,20.0,One year,Mailed check,No,No
6178-KFNHS,0.5943,Medium Risk,Yes,New High-Spend,12,78.3,Month-to-month,Electronic check,Fiber optic,No
2830-LEWOA,0.1568,Low Risk,No,Established High-Value,61,103.9,One year,Credit card (automatic),Fiber optic,Yes
5006-MXVRN,0.0267,Low Risk,No,Established Budget,39,20.7,Two year,Credit card (automatic),No,No
1264-BYWMS,0.5134,Medium Risk,Yes,Established High-Value,55,96.8,Month-to-month,Electronic check,Fiber optic,No
9658-WYUFB,0.5819,Medium Risk,Yes,New High-Spend,17,94.4,Month-to-month,Electronic check,Fiber optic,No
8327-WKMIE,0.0286,Low Risk,No,Established Budget,37,20.15,One year,Credit card (automatic),No,No
6917-FIJHC,0.0251,Low Risk,No,Established Budget,72,26.0,Two year,Mailed check,No,No
5329-KRDTM,0.029,Low Risk,No,Established High-Value,72,77.35,Two year,Credit card (automatic),DSL,Yes
7797-EJMDP,0.131,Low Risk,No,New High-Spend,8,66.05,Month-to-month,Bank transfer (automatic),DSL,Yes
3530-VWVGU,0.0431,Low Risk,No,New Budget,22,19.9,Month-to-month,Mailed check,No,No
2013-SGDXK,0.7128,High Risk,Yes,New High-Spend,1,84.3,Month-to-month,Electronic check,Fiber optic,No
6368-NWMCE,0.1027,Low Risk,No,New High-Spend,38,68.15,Month-to-month,Credit card (automatic),DSL,Yes
3633-CDBUW,0.0977,Low Risk,No,Established High-Value,17,80.85,One year,Electronic check,DSL,Yes
0707-HOVVN,0.0327,Low Risk,No,Established High-Value,70,75.5,Two year,Bank transfer (automatic),DSL,Yes
8580-QVLOC,0.0306,Low Risk,Yes,Established High-Value,72,92.45,Two year,Credit card (automatic),DSL,Yes
3956-MGXOG,0.5425,Medium Risk,No,New High-Spend,28,80.6,Month-to-month,Electronic check,Fiber optic,No
9274-UARKJ,0.5315,Medium Risk,No,New High-Spend,15,83.2,Month-to-month,Bank transfer (automatic),Fiber optic,No
4077-HWUYD,0.0273,Low Risk,No,Established High-Value,72,87.55,Two year,Bank transfer (automatic),DSL,Yes
2012-NWRPA,0.7287,High Risk,Yes,New High-Spend,11,99.55,Month-to-month,Electronic check,Fiber optic,No
8808-ELEHO,0.6787,High Risk,Yes,New High-Spend,8,81.25,Month-to-month,Electronic check,Fiber optic,No
0103-CSITQ,0.2544,Low Risk,No,Established High-Value,57,109.4,One year,Bank transfer (automatic),Fiber optic,Yes
3506-LCJDC,0.3594,Medium Risk,Yes,New Budget,1,19.95,Month-to-month,Bank transfer (automatic),No,No
8671-KKKOS,0.1828,Low Risk,No,Established Budget,46,45.55,Month-to-month,Electronic check,DSL,No
7305-ZWMAJ,0.0312,Low Risk,No,New Budget,30,20.7,One year,Credit card (automatic),No,No
9518-XXBXE,0.5484,Medium Risk,No,New High-Spend,10,75.3,Month-to-month,Electronic check,Fiber optic,No
3934-HXCFZ,0.5382,Medium Risk,Yes,Established High-Value,23,99.25,Month-to-month,Electronic check,Fiber optic,No
6578-KRMAW,0.3299,Low Risk,No,Established High-Value,32,93.4,Month-to-month,Credit card (automatic),Fiber optic,No
4860-IJUDE,0.4912,Medium Risk,No,New High-Spend,13,73.75,Month-to-month,Credit card (automatic),Fiber optic,No
7666-WKRON,0.0717,Low Risk,Yes,New High-Spend,39,80.45,Two year,Electronic check,Fiber optic,Yes
9688-YGXVR,0.2717,Low Risk,No,Established High-Value,44,88.15,Month-to-month,Credit card (automatic),Fiber optic,No
0423-UDIJQ,0.2104,Low Risk,No,New Budget,9,49.2,Month-to-month,Mailed check,DSL,Yes
1945-XISKS,0.0246,Low Risk,No,Established Budget,67,19.65,Two year,Mailed check,No,No
4910-AQFFX,0.587,Medium Risk,Yes,New High-Spend,9,79.35,Month-to-month,Bank transfer (automatic),Fiber optic,No
2154-KVJFF,0.6313,Medium Risk,Yes,New High-Spend,15,79.75,Month-to-month,Electronic check,Fiber optic,No
5360-LJCNJ,0.0764,Low Risk,No,Established High-Value,71,105.15,Two year,Bank transfer (automatic),Fiber optic,No
2607-FBDFF,0.4821,Medium Risk,No,New Budget,1,49.0,Month-to-month,Credit card (automatic),DSL,Yes
9647-ERGBE,0.6177,Medium Risk,Yes,New High-Spend,30,100.05,Month-to-month,Electronic check,Fiber optic,No
3428-XZMAZ,0.7378,High Risk,Yes,New High-Spend,1,69.35,Month-to-month,Electronic check,Fiber optic,No
1100-DDVRV,0.3279,Low Risk,No,New High-Spend,17,49.8,Month-to-month,Mailed check,DSL,No
0378-TOVMS,0.6025,Medium Risk,Yes,New High-Spend,3,85.8,Month-to-month,Electronic check,Fiber optic,Yes
4355-HBJHH,0.046,Low Risk,Yes,Established High-Value,67,79.7,Two year,Electronic check,DSL,No
6728-WYQBC,0.3805,Medium Risk,No,New Budget,1,20.95,Month-to-month,Bank transfer (automatic),No,No
9058-CBREO,0.6042,Medium Risk,Yes,New Budget,1,50.55,Month-to-month,Mailed check,DSL,No
9029-FEGVJ,0.3497,Low Risk,No,New High-Spend,32,79.3,Month-to-month,Mailed check,Fiber optic,No
7216-KAOID,0.032,Low Risk,No,Established Budget,41,19.5,One year,Bank transfer (automatic),No,No
0318-QUUOB,0.746,High Risk,Yes,New High-Spend,1,80.55,Month-to-month,Electronic check,Fiber optic,No
6145-NNPNO,0.5283,Medium Risk,No,New Budget,1,44.15,Month-to-month,Bank transfer (automatic),DSL,No
5520-FVEWJ,0.6372,Medium Risk,Yes,New High-Spend,12,84.5,Month-to-month,Electronic check,Fiber optic,No
5339-TJFEK,0.3601,Medium Risk,No,Established High-Value,62,105.5,Month-to-month,Electronic check,Fiber optic,No
5572-ZDXHY,0.4521,Medium Risk,Yes,New High-Spend,22,84.3,Month-to-month,Mailed check,Fiber optic,No
2074-GUHPQ,0.4195,Medium Risk,No,New High-Spend,17,92.7,Month-to-month,Credit card (automatic),Fiber optic,Yes
4625-XMOYM,0.0255,Low Risk,No,Established Budget,72,26.25,Two year,Bank transfer (automatic),No,No
5827-MWCZK,0.2412,Low Risk,No,Established High-Value,56,96.95,Month-to-month,Credit card (automatic),Fiber optic,Yes
1385-TQOZW,0.0944,Low Risk,No,New Budget,9,20.45,Month-to-month,Credit card (automatic),No,No
5914-XRFQB,0.0336,Low Risk,No,Established High-Value,72,115.8,Two year,Bank transfer (automatic),Fiber optic,Yes
4329-YPDDQ,0.3872,Medium Risk,No,Established High-Value,20,108.2,Month-to-month,Bank transfer (automatic),Fiber optic,Yes
4804-NCPET,0.0261,Low Risk,No,New Budget,19,20.2,Two year,Mailed check,No,No
3750-CKVKH,0.6857,High Risk,Yes,New High-Spend,2,67.75,Month-to-month,Electronic check,Fiber optic,No
5944-UGLLK,0.0759,Low Risk,No,Established High-Value,53,54.9,One year,Credit card (automatic),DSL,Yes
8063-GBATB,0.6003,Medium Risk,Yes,New High-Spend,27,85.25,Month-to-month,Electronic check,Fiber optic,No
7787-BNTZM,0.0887,Low Risk,No,New Budget,6,20.15,Month-to-month,Bank transfer (automatic),No,No
2252-ISRNH,0.2756,Low Risk,No,New High-Spend,9,90.35,One year,Electronic check,Fiber optic,No
9415-TPKRV,0.294,Low Risk,No,New High-Spend,8,55.75,Month-to-month,Electronic check,DSL,No
5322-TEUJK,0.0373,Low Risk,No,Established High-Value,71,114.6,Two year,Bank transfer (automatic),Fiber optic,Yes
4547-KQRTM,0.6004,Medium Risk,Yes,New High-Spend,10,80.05,Month-to-month,Bank transfer (automatic),Fiber optic,No
4877-EVATK,0.3695,Medium Risk,Yes,New Budget,1,20.0,Month-to-month,Mailed check,No,No
1866-DIOQZ,0.047,Low Risk,No,Established High-Value,71,66.8,One year,Bank transfer (automatic),DSL,Yes
8375-KVTHK,0.1885,Low Risk,No,Established High-Value,68,100.3,One year,Electronic check,Fiber optic,Yes
2697-NQBPF,0.4977,Medium Risk,No,Established High-Value,34,105.35,Month-to-month,Electronic check,Fiber optic,Yes
3709-OIJEA,0.1147,Low Risk,No,New High-Spend,26,85.2,One year,Electronic check,Fiber optic,Yes
7639-SUPCW,0.1506,Low Risk,Yes,New Budget,22,48.8,Month-to-month,Credit card (automatic),DSL,No
1386-ZIKUV,0.0983,Low Risk,No,New Budget,7,18.95,Month-to-month,Mailed check,No,No
0599-XNYDO,0.3391,Low Risk,No,New High-Spend,20,69.8,Month-to-month,Bank transfer (automatic),Fiber optic,No
6377-WHAOX,0.4766,Medium Risk,No,Established High-Value,60,106.15,Month-to-month,Electronic check,Fiber optic,No
6855-VLGOS,0.0269,Low Risk,No,Established Budget,72,20.55,Two year,Electronic check,No,No
8999-XXGNS,0.1082,Low Risk,No,Established High-Value,72,105.75,One year,Credit card (automatic),Fiber optic,No
8746-OQQRW,0.1636,Low Risk,No,New Budget,4,25.25,Month-to-month,Mailed check,No,No
3181-MIZBN,0.1087,Low Risk,No,New Budget,16,19.75,Month-to-month,Electronic check,No,No
0471-ARVMX,0.2294,Low Risk,No,Established High-Value,62,104.85,One year,Electronic check,Fiber optic,No
7766-CLTIC,0.1933,Low Risk,No,New High-Spend,10,60.95,Month-to-month,Mailed check,DSL,Yes
5650-YLIBA,0.5291,Medium Risk,No,New High-Spend,31,81.15,Month-to-month,Electronic check,Fiber optic,No
0825-CPPQH,0.0244,Low Risk,No,Established Budget,71,19.1,Two year,Credit card (automatic),No,No
9084-OAYKL,0.0255,Low Risk,No,Established Budget,58,20.8,Two year,Mailed check,No,No
6122-LJADA,0.0306,Low Risk,No,Established High-Value,70,90.15,Two year,Credit card (automatic),DSL,Yes
2400-XIWIO,0.0315,Low Risk,No,Established High-Value,71,90.1,Two year,Electronic check,DSL,Yes
7524-VRLPL,0.0325,Low Risk,No,Established High-Value,69,74.1,Two year,Credit card (automatic),DSL,Yes
1069-XAIEM,0.7599,High Risk,Yes,New High-Spend,1,85.05,Month-to-month,Electronic check,Fiber optic,No
7569-NMZYQ,0.0319,Low Risk,No,Established High-Value,72,118.75,Two year,Bank transfer (automatic),Fiber optic,Yes
5201-USSQZ,0.288,Low Risk,No,New High-Spend,26,85.9,Month-to-month,Credit card (automatic),Fiber optic,Yes
2105-PHWON,0.3835,Medium Risk,No,New High-Spend,33,95.0,Month-to-month,Credit card (automatic),Fiber optic,Yes
1494-EJZDW,0.0273,Low Risk,No,New Budget,10,20.15,Two year,Mailed check,No,No
4884-TVUQF,0.0614,Low Risk,No,Established High-Value,57,101.3,Two year,Credit card (automatic),Fiber optic,Yes
8003-EWNDZ,0.1318,Low Risk,No,New Budget,10,21.2,Month-to-month,Electronic check,No,No
1897-RCFUM,0.0337,Low Risk,No,Established Budget,39,24.2,One year,Mailed check,No,No
9256-JTBNZ,0.0736,Low Risk,No,New Budget,11,20.3,Month-to-month,Bank transfer (automatic),No,No
4658-HCOHW,0.5141,Medium Risk,Yes,Established High-Value,21,102.8,Month-to-month,Electronic check,Fiber optic,Yes
2211-RMNHO,0.0318,Low Risk,No,Established High-Value,68,85.3,Two year,Bank transfer (automatic),DSL,Yes
2432-TFSMK,0.1465,Low Risk,No,New High-Spend,18,89.6,One year,Credit card (automatic),Fiber optic,No
3440-JPSCL,0.6441,Medium Risk,Yes,New High-Spend,6,99.95,Month-to-month,Mailed check,Fiber optic,Yes
4929-ROART,0.1129,Low Risk,No,New High-Spend,18,56.25,Month-to-month,Mailed check,DSL,No
1834-ABKHQ,0.0469,Low Risk,No,Established Budget,52,50.95,One year,Bank transfer (automatic),DSL,No
1741-WTPON,0.0665,Low Risk,No,Established High-Value,56,115.85,Two year,Mailed check,Fiber optic,Yes
3932-IJWDZ,0.4253,Medium Risk,No,Established High-Value,45,103.65,Month-to-month,Bank transfer (automatic),Fiber optic,Yes
1240-HCBOH,0.0256,Low Risk,No,Established Budget,67,26.1,Two year,Mailed check,No,No
3594-KADLU,0.3741,Medium Risk,No,New Budget,3,35.1,Month-to-month,Mailed check,DSL,Yes
8065-BVEPF,0.3067,Low Risk,No,Established High-Value,65,99.1,Month-to-month,Bank transfer (automatic),Fiber optic,No
3796-ENZGF,0.0297,Low Risk,No,Established High-Value,63,67.25,Two year,Mailed check,DSL,Yes
1734-ZMNTZ,0.0299,Low Risk,No,New Budget,11,25.0,Two year,Mailed check,No,No
2853-CWQFQ,0.5569,Medium Risk,No,New High-Spend,1,59.55,Month-to-month,Mailed check,DSL,Yes
0813-TAXXS,0.0381,Low Risk,No,Established High-Value,55,77.8,Two year,Bank transfer (automatic),DSL,No
2519-TWKFS,0.0501,Low Risk,No,New High-Spend,25,55.1,One year,Mailed check,DSL,Yes
2889-FPWRM,0.0761,Low Risk,Yes,Established High-Value,72,117.8,One year,Bank transfer (automatic),Fiber optic,Yes
0626-QXNGV,0.0247,Low Risk,No,Established Budget,72,24.15,Two year,Credit card (automatic),No,No
6723-CEGQI,0.0293,Low Risk,No,Established Budget,65,45.25,Two year,Mailed check,DSL,Yes
6987-XQSJT,0.4104,Medium Risk,Yes,Established Budget,54,79.5,Month-to-month,Electronic check,Fiber optic,No
4732-RRJZC,0.0753,Low Risk,No,New Budget,7,20.25,Month-to-month,Mailed check,No,No
9499-XPZXM,0.0257,Low Risk,No,Established High-Value,72,64.75,Two year,Bank transfer (automatic),DSL,Yes
4338-EYCER,0.1506,Low Risk,No,New High-Spend,21,54.6,Month-to-month,Bank transfer (automatic),DSL,No
3007-FDPEA,0.273,Low Risk,No,New Budget,2,20.7,Month-to-month,Bank transfer (automatic),No,No
6350-XFYGW,0.7206,High Risk,No,New High-Spend,4,94.75,Month-to-month,Electronic check,Fiber optic,No
4290-BSXUX,0.6291,Medium Risk,Yes,New High-Spend,3,79.65,Month-to-month,Bank transfer (automatic),Fiber optic,Yes
8513-OLYGY,0.0331,Low Risk,No,Established High-Value,72,115.8,Two year,Credit card (automatic),Fiber optic,Yes
0311-QYWSS,0.2715,Low Risk,No,New Budget,6,49.45,Month-to-month,Electronic check,DSL,No
8705-DWKTI,0.2671,Low Risk,No,Established High-Value,52,83.8,Month-to-month,Credit card (automatic),Fiber optic,No
8755-IWJHN,0.2549,Low Risk,No,Established High-Value,69,95.35,Month-to-month,Bank transfer (automatic),Fiber optic,No
0325-XBFAC,0.6942,High Risk,Yes,New High-Spend,8,94.7,Month-to-month,Electronic check,Fiber optic,No
4480-QQRHC,0.5922,Medium Risk,No,New High-Spend,8,74.05,Month-to-month,Bank transfer (automatic),Fiber optic,No
0929-PECLO,0.2164,Low Risk,No,Established High-Value,63,89.6,Month-to-month,Bank transfer (automatic),Fiber optic,No
3680-CTHUH,0.1483,Low Risk,No,Established High-Value,60,116.6,One year,Credit card (automatic),Fiber optic,Yes
1202-KKGFU,0.1211,Low Risk,No,New High-Spend,12,54.2,Month-to-month,Bank transfer (automatic),DSL,Yes
6112-KTHFQ,0.0853,Low Risk,No,New Budget,13,19.3,Month-to-month,Mailed check,No,No
1852-XEMDW,0.1071,Low Risk,No,New High-Spend,22,65.05,Month-to-month,Mailed check,DSL,No
2462-XIIJB,0.7167,High Risk,Yes,New High-Spend,5,92.5,Month-to-month,Electronic check,Fiber optic,No
4760-XOHVN,0.3233,Low Risk,Yes,New Budget,1,19.45,Month-to-month,Mailed check,No,No
1820-DJFPH,0.0247,Low Risk,No,Established Budget,72,24.05,Two year,Bank transfer (automatic),No,No
9426-SXNHE,0.1438,Low Risk,No,New Budget,2,18.75,Month-to-month,Bank transfer (automatic),No,No
9068-FHQHD,0.0267,Low Risk,No,Established Budget,40,20.15,Two year,Bank transfer (automatic),No,No
1269-FOYWN,0.031,Low Risk,No,Established Budget,44,20.0,One year,Bank transfer (automatic),No,No
9470-YFUYI,0.0352,Low Risk,No,Established High-Value,71,71.0,One year,Bank transfer (automatic),DSL,Yes
7817-BOQPW,0.7132,High Risk,Yes,New High-Spend,2,75.55,Month-to-month,Electronic check,Fiber optic,No
7402-EYFXX,0.6186,Medium Risk,No,New High-Spend,26,93.6,Month-to-month,Electronic check,Fiber optic,No
1853-UDXBW,0.7358,High Risk,Yes,New High-Spend,1,70.0,Month-to-month,Electronic check,Fiber optic,No
9895-VFOXH,0.5378,Medium Risk,No,New Budget,1,24.4,Month-to-month,Mailed check,DSL,No
5458-CQJTA,0.0312,Low Risk,Yes,Established High-Value,65,74.8,Two year,Bank transfer (automatic),DSL,Yes
1230-QAJDW,0.4209,Medium Risk,No,New High-Spend,3,65.25,Month-to-month,Mailed check,DSL,Yes
5701-ZIKJE,0.1936,Low Risk,No,New Budget,13,50.55,Month-to-month,Mailed check,DSL,Yes
5219-YIPTK,0.5727,Medium Risk,Yes,Established High-Value,33,104.4,Month-to-month,Electronic check,Fiber optic,No
5032-MIYKT,0.7073,High Risk,No,New High-Spend,1,70.7,Month-to-month,Mailed check,Fiber optic,No
7396-VJUZB,0.3696,Medium Risk,No,New Budget,4,45.25,Month-to-month,Mailed check,DSL,No
9717-QEBGU,0.676,High Risk,No,New High-Spend,2,70.3,Month-to-month,Electronic check,Fiber optic,No
5172-RKOCB,0.0348,Low Risk,No,Established High-Value,72,108.95,Two year,Credit card (automatic),Fiber optic,Yes
6509-TSGWN,0.0521,Low Risk,No,Established Budget,37,26.45,Month-to-month,Mailed check,No,No
3540-RZJYU,0.516,Medium Risk,Yes,New High-Spend,15,86.2,Month-to-month,Electronic check,Fiber optic,No
3178-CIFOT,0.0329,Low Risk,No,New Budget,23,19.65,One year,Credit card (automatic),No,No
2091-MJTFX,0.1265,Low Risk,Yes,New High-Spend,30,51.2,Month-to-month,Credit card (automatic),DSL,Yes
4530-NDRKU,0.0429,Low Risk,No,Established Budget,42,19.05,One year,Electronic check,No,No
5985-TBABQ,0.0651,Low Risk,No,New High-Spend,32,74.75,One year,Mailed check,DSL,No
9800-ONTFE,0.4024,Medium Risk,No,New High-Spend,22,75.8,Month-to-month,Bank transfer (automatic),Fiber optic,No
6743-HHQPF,0.127,Low Risk,No,Established Budget,42,25.1,Month-to-month,Credit card (automatic),DSL,No
8455-HIRAQ,0.1705,Low Risk,No,New Budget,8,44.45,Month-to-month,Mailed check,DSL,No
6616-AALSR,0.0718,Low Risk,No,Established High-Value,65,104.3,Two year,Credit card (automatic),Fiber optic,No
0883-EIBTI,0.1812,Low Risk,Yes,New Budget,2,19.5,Month-to-month,Mailed check,No,No
9415-ZNBSX,0.0295,Low Risk,No,Established High-Value,70,89.0,Two year,Bank transfer (automatic),DSL,Yes
4018-KJYUY,0.0552,Low Risk,No,New Budget,22,20.15,Month-to-month,Credit card (automatic),No,No
0722-TROQR,0.694,High Risk,Yes,New High-Spend,4,74.9,Month-to-month,Electronic check,Fiber optic,No
7571-YXDAD,0.6373,Medium Risk,Yes,New High-Spend,2,74.9,Month-to-month,Credit card (automatic),Fiber optic,No
3884-UEBXB,0.0275,Low Risk,No,Established Budget,67,36.15,Two year,Bank transfer (automatic),DSL,No
8780-RSYYU,0.0637,Low Risk,No,New Budget,25,19.2,Month-to-month,Credit card (automatic),No,No
5537-UXXVS,0.052,Low Risk,No,New Budget,20,19.25,Month-to-month,Bank transfer (automatic),No,No
1791-PQHBB,0.4022,Medium Risk,No,New High-Spend,2,61.2,Month-to-month,Credit card (automatic),DSL,No
8701-DGLVH,0.0259,Low Risk,No,Established Budget,51,20.45,Two year,Mailed check,No,No
8741-LQOBK,0.0931,Low Risk,No,Established Budget,46,35.05,Month-to-month,Bank transfer (automatic),DSL,No
3393-FMZPV,0.6222,Medium Risk,Yes,New High-Spend,25,100.25,Month-to-month,Electronic check,Fiber optic,No
8082-GHXOP,0.1382,Low Risk,No,New Budget,13,44.0,Month-to-month,Mailed check,DSL,No
6402-ZFPPI,0.5386,Medium Risk,Yes,Established High-Value,25,102.8,Month-to-month,Mailed check,Fiber optic,No
0980-FEXWF,0.0429,Low Risk,No,New Budget,26,50.35,One year,Mailed check,DSL,No
7486-KSRVI,0.2853,Low Risk,Yes,Established High-Value,43,100.0,One year,Electronic check,Fiber optic,Yes
3011-WQKSZ,0.1267,Low Risk,No,New Budget,19,20.0,Month-to-month,Electronic check,No,No
8443-WVPSS,0.6577,High Risk,Yes,New High-Spend,10,99.85,Month-to-month,Electronic check,Fiber optic,Yes
3006-XIMLN,0.7235,High Risk,Yes,New High-Spend,2,94.2,Month-to-month,Bank transfer (automatic),Fiber optic,No
8218-FFJDS,0.0268,Low Risk,No,Established High-Value,72,86.4,Two year,Bank transfer (automatic),DSL,Yes
1986-PHGZF,0.1968,Low Risk,No,New High-Spend,18,58.4,Month-to-month,Credit card (automatic),DSL,No
9965-YOKZB,0.6899,High Risk,Yes,New High-Spend,9,83.85,Month-to-month,Electronic check,Fiber optic,No
0504-HHAPI,0.4336,Medium Risk,Yes,New High-Spend,27,88.3,Month-to-month,Credit card (automatic),Fiber optic,No
9360-OMDZZ,0.6286,Medium Risk,No,New High-Spend,24,94.1,Month-to-month,Electronic check,Fiber optic,No
6305-YLBMM,0.1875,Low Risk,Yes,Established High-Value,69,104.05,One year,Bank transfer (automatic),Fiber optic,Yes
0345-XMMUG,0.1156,Low Risk,No,Established High-Value,46,108.9,Two year,Credit card (automatic),Fiber optic,Yes
8024-XNAFQ,0.0345,Low Risk,No,Established High-Value,72,107.4,Two year,Bank transfer (automatic),Fiber optic,Yes
3647-GMGDH,0.457,Medium Risk,Yes,New High-Spend,22,94.7,Month-to-month,Credit card (automatic),Fiber optic,No
2988-GBIVW,0.2379,Low Risk,No,Established High-Value,70,90.85,Month-to-month,Electronic check,Fiber optic,No
2832-SCUCO,0.174,Low Risk,No,New Budget,2,19.9,Month-to-month,Electronic check,No,No
7036-ZZKBD,0.1347,Low Risk,No,New High-Spend,31,66.4,Month-to-month,Credit card (automatic),DSL,Yes
3791-LGQCY,0.4337,Medium Risk,Yes,Established High-Value,56,100.65,Month-to-month,Bank transfer (automatic),Fiber optic,No
0265-PSUAE,0.445,Medium Risk,No,New High-Spend,16,100.7,Month-to-month,Bank transfer (automatic),Fiber optic,No
0463-TXOAK,0.0262,Low Risk,No,Established Budget,52,25.6,Two year,Credit card (automatic),No,No
0594-UFTUL,0.09,Low Risk,No,New Budget,13,19.85,Month-to-month,Mailed check,No,No
9509-MPYOD,0.0308,Low Risk,No,Established Budget,35,20.75,One year,Mailed check,No,No
9128-CPXKI,0.1088,Low Risk,No,Established High-Value,59,95.8,Two year,Electronic check,Fiber optic,No
0129-KPTWJ,0.2989,Low Risk,No,Established High-Value,72,94.65,Month-to-month,Electronic check,Fiber optic,No
8166-ZZTFS,0.0416,Low Risk,Yes,Established High-Value,66,80.55,Two year,Bank transfer (automatic),DSL,No
5855-EIBDE,0.079,Low Risk,No,Established High-Value,49,106.65,Two year,Credit card (automatic),Fiber optic,Yes
5365-LLFYV,0.4856,Medium Risk,No,New Budget,2,45.85,Month-to-month,Mailed check,DSL,No
5956-YHHRX,0.6597,High Risk,No,New High-Spend,21,104.35,Month-to-month,Electronic check,Fiber optic,No
6008-NAIXK,0.2154,Low Risk,No,Established High-Value,54,55.45,One year,Electronic check,DSL,No
2956-GGUCQ,0.5141,Medium Risk,Yes,New High-Spend,24,78.85,Month-to-month,Electronic check,Fiber optic,No
1928-BXYIV,0.5188,Medium Risk,No,New High-Spend,1,61.15,Month-to-month,Electronic check,DSL,No
5760-FXFVO,0.5471,Medium Risk,No,New High-Spend,6,78.95,Month-to-month,Electronic check,Fiber optic,No
6595-COKXZ,0.5944,Medium Risk,Yes,New Budget,1,44.45,Month-to-month,Mailed check,DSL,No
0961-ZWLVI,0.2201,Low Risk,No,Established High-Value,49,109.2,One year,Credit card (automatic),Fiber optic,No
5181-OABFK,0.0288,Low Risk,No,Established High-Value,56,61.3,Two year,Credit card (automatic),DSL,No
4007-NHVHI,0.3062,Low Risk,No,Established High-Value,56,96.85,Month-to-month,Electronic check,Fiber optic,No
7816-VGHTO,0.0375,Low Risk,No,New High-Spend,6,40.55,Two year,Mailed check,DSL,Yes
5871-DGTXZ,0.0291,Low Risk,No,New Budget,32,19.8,One year,Mailed check,No,No
7550-WIQVA,0.287,Low Risk,No,Established High-Value,50,108.25,One year,Electronic check,Fiber optic,No
7544-ZVIKX,0.2282,Low Risk,No,Established High-Value,58,105.05,One year,Bank transfer (automatic),Fiber optic,Yes
0016-QLJIS,0.0291,Low Risk,No,Established High-Value,65,90.45,Two year,Mailed check,DSL,Yes
7508-DQAKK,0.0303,Low Risk,No,Established High-Value,64,86.4,Two year,Credit card (automatic),DSL,Yes
5176-OLSKT,0.028,Low Risk,No,Established High-Value,66,66.9,Two year,Bank transfer (automatic),DSL,No
9356-AXGMP,0.2654,Low Risk,No,Established High-Value,38,110.7,One year,Electronic check,Fiber optic,Yes
3556-BVQGL,0.0324,Low Risk,No,New Budget,20,20.0,One year,Mailed check,No,No
0362-ZBZWJ,0.5723,Medium Risk,Yes,New High-Spend,36,84.9,Month-to-month,Electronic check,Fiber optic,No
8979-CAMGB,0.2298,Low Risk,No,Established High-Value,64,102.1,One year,Electronic check,Fiber optic,Yes
4211-MMAZN,0.3601,Medium Risk,Yes,New Budget,1,20.25,Month-to-month,Mailed check,No,No
7581-EBBOU,0.0419,Low Risk,No,Established High-Value,60,70.15,One year,Credit card (automatic),DSL,Yes
4274-OWWYO,0.7344,High Risk,Yes,New High-Spend,1,74.35,Month-to-month,Electronic check,Fiber optic,No
5073-RZGBK,0.0502,Low Risk,No,Established High-Value,50,80.05,One year,Bank transfer (automatic),DSL,Yes
1541-ETJZO,0.509,Medium Risk,Yes,New High-Spend,1,62.05,Month-to-month,Mailed check,DSL,Yes
2192-CKRLV,0.0334,Low Risk,No,Established High-Value,72,49.2,Two year,Electronic check,DSL,No
3154-HMWUU,0.0258,Low Risk,No,Established Budget,60,20.5,Two year,Bank transfer (automatic),No,No
6119-SPUDB,0.0291,Low Risk,No,Established Budget,46,38.25,Two year,Mailed check,DSL,Yes
6522-OIQSX,0.0356,Low Risk,No,Established High-Value,69,54.95,Two year,Credit card (automatic),DSL,No
7813-ZGGAW,0.413,Medium Risk,No,New High-Spend,31,96.6,Month-to-month,Bank transfer (automatic),Fiber optic,Yes
8748-HFWBO,0.0301,Low Risk,No,New Budget,19,19.9,One year,Mailed check,No,No
1052-QJIBV,0.0244,Low Risk,No,Established Budget,71,19.9,Two year,Credit card (automatic),No,No
1319-YLZJG,0.5542,Medium Risk,No,New High-Spend,12,84.6,Month-to-month,Electronic check,Fiber optic,No
4106-HADHQ,0.068,Low Risk,Yes,Established High-Value,39,80.0,One year,Credit card (automatic),DSL,Yes
0723-FDLAY,0.079,Low Risk,No,Established High-Value,44,85.25,One year,Bank transfer (automatic),DSL,Yes
3050-RLLXC,0.0285,Low Risk,No,Established High-Value,56,81.25,Two year,Credit card (automatic),DSL,Yes
9298-WGMRW,0.0322,Low Risk,No,Established High-Value,72,115.5,Two year,Bank transfer (automatic),Fiber optic,Yes
2369-UAPKZ,0.6807,High Risk,Yes,New High-Spend,5,104.1,Month-to-month,Mailed check,Fiber optic,No
3088-LHEFH,0.507,Medium Risk,No,New High-Spend,11,79.0,Month-to-month,Bank transfer (automatic),Fiber optic,No
2778-OCLGR,0.1972,Low Risk,Yes,New Budget,24,39.1,Month-to-month,Bank transfer (automatic),DSL,No
6583-KQJLK,0.6489,Medium Risk,No,New High-Spend,15,94.65,Month-to-month,Electronic check,Fiber optic,No
8544-JNBOX,0.0242,Low Risk,No,Established Budget,72,20.8,Two year,Mailed check,No,No
6681-ZSEXG,0.0295,Low Risk,No,Established Budget,56,59.5,Two year,Credit card (automatic),DSL,No
6139-ZZRBQ,0.0269,Low Risk,No,Established Budget,64,20.05,Two year,Bank transfer (automatic),No,No
6116-RFVHN,0.585,Medium Risk,No,Established High-Value,34,100.45,Month-to-month,Electronic check,Fiber optic,No
0637-KVDLV,0.7075,High Risk,Yes,New High-Spend,2,76.5,Month-to-month,Electronic check,Fiber optic,No
8884-FEEWR,0.0291,Low Risk,No,Established Budget,35,20.6,One year,Bank transfer (automatic),No,No
3125-RAHBV,0.0296,Low Risk,No,New Budget,22,20.3,One year,Credit card (automatic),No,No
6633-MPWBS,0.4804,Medium Risk,Yes,New Budget,5,49.2,Month-to-month,Electronic check,DSL,Yes
0373-AIVNJ,0.0489,Low Risk,No,New High-Spend,9,39.55,One year,Mailed check,DSL,No
8785-EPNCG,0.1044,Low Risk,Yes,New Budget,11,23.15,Month-to-month,Credit card (automatic),No,No
1682-VCOIO,0.0294,Low Risk,No,New Budget,23,20.45,One year,Mailed check,No,No
5729-KLZAR,0.6174,Medium Risk,Yes,New High-Spend,4,80.85,Month-to-month,Electronic check,Fiber optic,No
2072-ZVJJX,0.0253,Low Risk,No,Established Budget,68,25.25,Two year,Bank transfer (automatic),No,No
8849-AYPTR,0.4568,Medium Risk,No,New High-Spend,33,91.25,Month-to-month,Electronic check,Fiber optic,No
9518-IMLHK,0.1006,Low Risk,No,Established High-Value,31,72.45,Month-to-month,Bank transfer (automatic),DSL,Yes
1582-RAFML,0.4956,Medium Risk,Yes,New High-Spend,1,60.1,Month-to-month,Mailed check,DSL,Yes
3646-ITDGM,0.0259,Low Risk,No,Established Budget,56,19.7,Two year,Bank transfer (automatic),No,No
8740-CRYFY,0.7459,High Risk,Yes,New High-Spend,1,78.95,Month-to-month,Electronic check,Fiber optic,No
3569-VLDHH,0.0445,Low Risk,No,Established High-Value,66,75.1,One year,Electronic check,DSL,Yes
8224-KDLKN,0.0248,Low Risk,No,Established Budget,72,25.0,Two year,Bank transfer (automatic),No,No
7594-LZNWR,0.3296,Low Risk,No,New High-Spend,34,69.15,Month-to-month,Credit card (automatic),Fiber optic,No
4001-TSBTV,0.3463,Low Risk,No,Established High-Value,58,91.55,Month-to-month,Electronic check,Fiber optic,No
2962-XPMCQ,0.571,Medium Risk,Yes,New Budget,2,45.15,Month-to-month,Electronic check,DSL,No
8727-XDPUD,0.033,Low Risk,No,Established Budget,37,35.8,Two year,Credit card (automatic),DSL,No
1043-UXOVO,0.0406,Low Risk,No,Established High-Value,71,113.15,Two year,Credit card (automatic),Fiber optic,Yes
1064-FBXNK,0.058,Low Risk,No,New Budget,1,19.85,One year,Credit card (automatic),No,No
3996-ZNWYK,0.0253,Low Risk,No,Established Budget,71,19.8,Two year,Credit card (automatic),No,No
2878-DHMIN,0.0344,Low Risk,No,Established Budget,35,19.9,One year,Electronic check,No,No
7762-ONLJY,0.0382,Low Risk,No,New Budget,6,19.7,One year,Mailed check,No,No
1678-FYZOW,0.6845,High Risk,Yes,New High-Spend,3,79.4,Month-to-month,Electronic check,Fiber optic,No
5795-BKOYE,0.0342,Low Risk,No,Established High-Value,69,59.1,One year,Bank transfer (automatic),DSL,Yes
8627-EHGIP,0.1474,Low Risk,Yes,Established High-Value,44,53.95,One year,Mailed check,DSL,No
7402-PWYJJ,0.1305,Low Risk,No,Established High-Value,53,91.15,One year,Electronic check,Fiber optic,Yes
5480-TBGPH,0.5132,Medium Risk,Yes,Established High-Value,24,99.3,Month-to-month,Credit card (automatic),Fiber optic,No
0018-NYROU,0.6531,High Risk,No,New High-Spend,5,68.95,Month-to-month,Electronic check,Fiber optic,No
7501-VTYLJ,0.3954,Medium Risk,No,New Budget,2,51.55,Month-to-month,Mailed check,DSL,No
7608-RGIRO,0.0263,Low Risk,No,Established Budget,62,24.4,Two year,Mailed check,No,No
0480-BIXDE,0.6018,Medium Risk,No,New High-Spend,19,96.8,Month-to-month,Electronic check,Fiber optic,No
5895-QSXOD,0.4352,Medium Risk,No,New High-Spend,9,70.05,Month-to-month,Mailed check,Fiber optic,No
9814-AOUDH,0.0257,Low Risk,No,Established Budget,53,19.5,Two year,Credit card (automatic),No,No
6175-IRFIT,0.5664,Medium Risk,No,New High-Spend,5,78.75,Month-to-month,Mailed check,Fiber optic,No
8760-ZRHKE,0.043,Low Risk,No,Established High-Value,71,69.2,One year,Electronic check,DSL,No
1622-HSHSF,0.4206,Medium Risk,No,New Budget,1,19.55,Month-to-month,Mailed check,No,No
8854-CCVSQ,0.604,Medium Risk,Yes,New High-Spend,18,80.65,Month-to-month,Electronic check,Fiber optic,No
6749-UTDVX,0.0946,Low Risk,No,Established High-Value,72,103.65,Two year,Electronic check,Fiber optic,No
5542-DHSXL,0.2291,Low Risk,No,New High-Spend,4,54.7,Month-to-month,Mailed check,DSL,No
9102-OXKFY,0.0309,Low Risk,No,Established Budget,59,54.15,Two year,Credit card (automatic),DSL,No
0511-JTEOY,0.6733,High Risk,Yes,New High-Spend,1,71.1,Month-to-month,Mailed check,Fiber optic,No
5216-WASFJ,0.6102,Medium Risk,No,New High-Spend,31,84.85,Month-to-month,Electronic check,Fiber optic,No
7808-DVWEP,0.1312,Low Risk,No,New Budget,3,20.0,Month-to-month,Bank transfer (automatic),No,No
7067-KSAZT,0.3217,Low Risk,Yes,Established High-Value,65,106.25,One year,Electronic check,Fiber optic,No
2284-VFLKH,0.1868,Low Risk,No,Established High-Value,49,99.25,One year,Credit card (automatic),Fiber optic,Yes
0366-NQSHS,0.1303,Low Risk,No,New Budget,2,19.35,Month-to-month,Mailed check,No,No
6532-YLWSI,0.034,Low Risk,Yes,Established Budget,53,20.8,One year,Bank transfer (automatic),No,No
3807-BPOMJ,0.1896,Low Risk,No,Established High-Value,55,94.75,One year,Electronic check,Fiber optic,No
3892-NXAZG,0.0323,Low Risk,No,Established High-Value,72,114.05,Two year,Credit card (automatic),Fiber optic,Yes
4948-WBBKL,0.4456,Medium Risk,No,New High-Spend,36,74.9,Month-to-month,Bank transfer (automatic),Fiber optic,No
4182-BGSIQ,0.1204,Low Risk,No,New Budget,10,19.8,Month-to-month,Bank transfer (automatic),No,No
9300-AGZNL,0.7663,High Risk,Yes,New High-Spend,1,94.0,Month-to-month,Electronic check,Fiber optic,No
0988-AADSA,0.026,Low Risk,No,Established High-Value,72,80.85,Two year,Bank transfer (automatic),DSL,Yes
9972-NKTFD,0.0933,Low Risk,No,New High-Spend,28,54.65,Month-to-month,Bank transfer (automatic),DSL,Yes
3717-LNXKW,0.2526,Low Risk,No,New High-Spend,38,91.7,Month-to-month,Bank transfer (automatic),Fiber optic,No
5734-EJKXG,0.1661,Low Risk,No,Established High-Value,61,118.6,One year,Electronic check,Fiber optic,Yes
2207-RYYRL,0.0253,Low Risk,No,Established Budget,52,24.55,Two year,Mailed check,No,No
6729-FZWSY,0.0305,Low Risk,No,Established Budget,67,19.45,One year,Mailed check,No,No
9695-IDRZR,0.0853,Low Risk,No,Established High-Value,34,116.15,Two year,Credit card (automatic),Fiber optic,Yes
8144-DGHXP,0.0366,Low Risk,No,Established High-Value,54,80.6,Two year,Electronic check,DSL,Yes
7814-LEEVE,0.4235,Medium Risk,No,New Budget,1,20.3,Month-to-month,Bank transfer (automatic),No,No
1112-CUNAO,0.6124,Medium Risk,Yes,New High-Spend,15,89.85,Month-to-month,Electronic check,Fiber optic,No
5175-AOBHI,0.4008,Medium Risk,Yes,New Budget,4,46.0,Month-to-month,Mailed check,DSL,No
5174-RNGBH,0.1633,Low Risk,Yes,New High-Spend,9,66.25,Month-to-month,Mailed check,DSL,Yes
8631-WUXGY,0.4667,Medium Risk,No,Established High-Value,46,99.8,Month-to-month,Electronic check,Fiber optic,No
7270-BDIOA,0.5486,Medium Risk,Yes,New High-Spend,22,90.0,Month-to-month,Electronic check,Fiber optic,Yes
9565-JSNFM,0.0878,Low Risk,Yes,New High-Spend,38,70.45,One year,Bank transfer (automatic),Fiber optic,No
5906-DVAPM,0.0395,Low Risk,No,Established High-Value,55,75.0,One year,Credit card (automatic),DSL,Yes
6654-QGBZZ,0.3663,Medium Risk,No,New Budget,1,19.9,Month-to-month,Mailed check,No,No
8348-JLBUG,0.0426,Low Risk,No,Established High-Value,64,80.3,One year,Credit card (automatic),Fiber optic,No
0607-DAAHE,0.0263,Low Risk,Yes,Established Budget,53,19.75,Two year,Bank transfer (automatic),No,No
5641-DMBFJ,0.039,Low Risk,No,Established High-Value,58,84.3,Two year,Electronic check,DSL,Yes
9200-NLNPD,0.099,Low Risk,No,Established High-Value,56,54.05,One year,Bank transfer (automatic),DSL,Yes
2664-XJZNO,0.0335,Low Risk,No,Established High-Value,72,104.9,Two year,Credit card (automatic),Fiber optic,Yes
9732-KPKBW,0.5569,Medium Risk,Yes,New High-Spend,1,53.95,Month-to-month,Electronic check,DSL,Yes
3339-EAQNV,0.0976,Low Risk,No,Established High-Value,72,97.25,One year,Credit card (automatic),Fiber optic,No
0921-OHLVP,0.4817,Medium Risk,No,New High-Spend,22,83.05,Month-to-month,Electronic check,Fiber optic,No
3389-YGYAI,0.7235,High Risk,Yes,New High-Spend,8,105.5,Month-to-month,Electronic check,Fiber optic,No
9560-ARGQJ,0.6182,Medium Risk,Yes,New High-Spend,16,81.0,Month-to-month,Electronic check,Fiber optic,No
8350-NYMVI,0.1183,Low Risk,No,Established Budget,39,41.1,Month-to-month,Bank transfer (automatic),DSL,Yes
1600-DILPE,0.2575,Low Risk,No,New Budget,12,45.0,Month-to-month,Bank transfer (automatic),DSL,No
0536-ESJEP,0.0327,Low Risk,No,Established High-Value,54,74.55,Two year,Bank transfer (automatic),DSL,No
4654-GGUII,0.0509,Low Risk,No,New High-Spend,18,40.2,One year,Mailed check,DSL,Yes
6478-HRRCZ,0.0539,Low Risk,No,Established High-Value,32,70.5,One year,Mailed check,DSL,Yes
8510-BBWMU,0.0336,Low Risk,No,Established Budget,41,19.75,One year,Mailed check,No,No
6857-TKDJV,0.0255,Low Risk,No,Established Budget,67,24.65,Two year,Bank transfer (automatic),No,No
2360-RDGRO,0.4125,Medium Risk,No,Established High-Value,65,104.25,Month-to-month,Electronic check,Fiber optic,No
0584-BJQGZ,0.1161,Low Risk,No,Established High-Value,25,78.35,Month-to-month,Bank transfer (automatic),DSL,Yes
5134-IKDAY,0.7366,High Risk,Yes,New High-Spend,1,69.8,Month-to-month,Electronic check,Fiber optic,No
1360-XFJMR,0.199,Low Risk,No,Established High-Value,67,109.7,One year,Credit card (automatic),Fiber optic,Yes
3070-DVEYC,0.5576,Medium Risk,Yes,New High-Spend,7,73.75,Month-to-month,Mailed check,Fiber optic,No
5730-RIITO,0.1542,Low Risk,No,Established Budget,43,33.45,Month-to-month,Credit card (automatic),DSL,No
9058-MJLZC,0.5427,Medium Risk,No,New High-Spend,24,94.6,Month-to-month,Electronic check,Fiber optic,No
5707-ORNDZ,0.2967,Low Risk,Yes,New Budget,9,54.55,Month-to-month,Electronic check,DSL,No
0902-XKXPN,0.0249,Low Risk,No,Established Budget,69,20.2,Two year,Bank transfer (automatic),No,No
5177-RVZNU,0.0301,Low Risk,No,Established Budget,37,20.3,One year,Bank transfer (automatic),No,No
0056-EPFBG,0.0301,Low Risk,No,New High-Spend,20,39.4,Two year,Credit card (automatic),DSL,Yes
8993-IZEUX,0.5058,Medium Risk,No,New High-Spend,7,69.15,Month-to-month,Bank transfer (automatic),Fiber optic,No
8696-JKZNU,0.5746,Medium Risk,Yes,New High-Spend,37,76.25,Month-to-month,Electronic check,Fiber optic,No
5380-AFSSK,0.71,High Risk,Yes,New High-Spend,5,93.9,Month-to-month,Mailed check,Fiber optic,No
8190-ZTQFB,0.1819,Low Risk,No,New High-Spend,41,51.35,One year,Electronic check,DSL,No
0931-MHTEM,0.1672,Low Risk,No,Established High-Value,54,100.05,One year,Credit card (automatic),Fiber optic,No
2055-PDADH,0.6835,High Risk,Yes,New High-Spend,3,70.4,Month-to-month,Electronic check,Fiber optic,No
7515-LODFU,0.0259,Low Risk,No,Established Budget,69,20.3,Two year,Credit card (automatic),No,No
0440-UEDAI,0.1117,Low Risk,No,Established High-Value,53,94.45,One year,Credit card (automatic),Fiber optic,Yes
1337-BOZWO,0.064,Low Risk,No,New High-Spend,18,46.4,One year,Credit card (automatic),DSL,No
0868-VJRDR,0.0602,Low Risk,No,Established High-Value,64,104.05,Two year,Credit card (automatic),Fiber optic,Yes
8714-EUHJO,0.5478,Medium Risk,Yes,New High-Spend,31,91.15,Month-to-month,Electronic check,Fiber optic,No
6344-SFJVH,0.1153,Low Risk,No,New Budget,20,24.9,Month-to-month,Credit card (automatic),DSL,No
3950-VPYJB,0.0328,Low Risk,No,Established High-Value,57,59.6,One year,Mailed check,DSL,Yes
8041-TMEID,0.0823,Low Risk,No,Established High-Value,63,108.5,Two year,Credit card (automatic),Fiber optic,No
7321-ZNSLA,0.0302,Low Risk,No,New High-Spend,13,40.55,Two year,Mailed check,DSL,Yes
6941-KXRRV,0.0943,Low Risk,No,Established Budget,48,58.95,One year,Bank transfer (automatic),DSL,No
3721-CNEYS,0.691,High Risk,Yes,New High-Spend,2,70.95,Month-to-month,Electronic check,Fiber optic,No
8727-JQFHV,0.0257,Low Risk,No,Established Budget,57,20.75,Two year,Mailed check,No,No
9475-NNDGC,0.135,Low Risk,No,Established High-Value,71,113.15,One year,Bank transfer (automatic),Fiber optic,Yes
1355-KUSBG,0.2864,Low Risk,No,New Budget,7,48.8,Month-to-month,Electronic check,DSL,No
3688-FTHLT,0.2555,Low Risk,No,New High-Spend,16,63.05,Month-to-month,Bank transfer (automatic),DSL,No
0899-LIIBW,0.5068,Medium Risk,No,Established High-Value,34,100.85,Month-to-month,Electronic check,Fiber optic,No
2568-OIADY,0.5971,Medium Risk,Yes,Established High-Value,37,99.5,Month-to-month,Electronic check,Fiber optic,No
1384-RCUXW,0.4906,Medium Risk,No,New High-Spend,16,80.55,Month-to-month,Mailed check,Fiber optic,No
5825-XJOCM,0.0464,Low Risk,No,Established High-Value,48,64.4,One year,Bank transfer (automatic),DSL,No
6848-YLDFR,0.0642,Low Risk,No,Established High-Value,58,75.2,One year,Credit card (automatic),DSL,Yes
8125-QPFJD,0.0269,Low Risk,No,Established High-Value,72,84.9,Two year,Bank transfer (automatic),DSL,Yes
2320-YKQBO,0.0801,Low Risk,No,New Budget,7,19.3,Month-to-month,Mailed check,No,No
1193-RTSLK,0.2681,Low Risk,Yes,Established High-Value,38,83.9,Month-to-month,Credit card (automatic),Fiber optic,No
2302-ANTDP,0.3701,Medium Risk,Yes,Established High-Value,48,117.45,Month-to-month,Electronic check,Fiber optic,Yes
5923-GXUOC,0.6565,High Risk,Yes,New High-Spend,10,104.4,Month-to-month,Electronic check,Fiber optic,No
4973-RLZVI,0.044,Low Risk,No,Established High-Value,30,74.65,One year,Credit card (automatic),DSL,Yes
7869-ZYDST,0.1598,Low Risk,No,New High-Spend,31,59.05,Month-to-month,Credit card (automatic),DSL,No
4501-UYKBC,0.0877,Low Risk,No,Established High-Value,46,69.1,One year,Credit card (automatic),DSL,Yes
1215-EXRMO,0.0249,Low Risk,No,Established Budget,50,20.55,Two year,Mailed check,No,No
2305-MRGLV,0.2413,Low Risk,No,New High-Spend,28,76.55,Month-to-month,Bank transfer (automatic),Fiber optic,Yes
8404-VIOMB,0.0302,Low Risk,No,Established High-Value,66,62.5,Two year,Bank transfer (automatic),DSL,Yes
5233-GEEAX,0.5268,Medium Risk,Yes,New Budget,8,29.4,Month-to-month,Electronic check,DSL,No
2359-KLTEK,0.3553,Medium Risk,No,Established High-Value,41,94.9,Month-to-month,Bank transfer (automatic),Fiber optic,No
5304-EFJLP,0.0398,Low Risk,No,Established High-Value,72,111.65,Two year,Bank transfer (automatic),Fiber optic,Yes
2673-ZALNP,0.0359,Low Risk,No,New Budget,7,19.9,One year,Mailed check,No,No
9184-GALIL,0.0452,Low Risk,No,Established Budget,38,20.45,Month-to-month,Mailed check,No,No
4393-RYCRE,0.2718,Low Risk,No,Established High-Value,44,106.05,One year,Electronic check,Fiber optic,No
9746-MDMBK,0.199,Low Risk,No,Established High-Value,47,113.45,One year,Bank transfer (automatic),Fiber optic,Yes
3162-ZJZFU,0.2752,Low Risk,No,Established High-Value,53,92.55,Month-to-month,Electronic check,Fiber optic,Yes
8404-GFGCZ,0.4601,Medium Risk,No,New High-Spend,4,65.6,Month-to-month,Electronic check,DSL,No
8875-AKBYH,0.6188,Medium Risk,No,New High-Spend,20,84.35,Month-to-month,Electronic check,Fiber optic,No
4432-ADRLB,0.4737,Medium Risk,Yes,New Budget,2,44.65,Month-to-month,Mailed check,DSL,No
0533-UCAAU,0.0574,Low Risk,No,Established High-Value,57,71.1,One year,Credit card (automatic),DSL,No
1394-SUIUH,0.2901,Low Risk,No,Established High-Value,44,85.15,Month-to-month,Electronic check,Fiber optic,Yes
3521-MNKLV,0.1516,Low Risk,No,New Budget,24,49.7,Month-to-month,Mailed check,DSL,No
2533-TIBIX,0.168,Low Risk,No,New Budget,15,30.2,Month-to-month,Bank transfer (automatic),DSL,No
8993-PHFWD,0.5496,Medium Risk,Yes,New Budget,3,25.25,Month-to-month,Electronic check,DSL,No
1565-RHDJD,0.6211,Medium Risk,Yes,New High-Spend,4,84.05,Month-to-month,Bank transfer (automatic),Fiber optic,No
7137-RYLPP,0.6054,Medium Risk,Yes,New High-Spend,37,85.7,Month-to-month,Electronic check,Fiber optic,No
3765-JXVKY,0.7348,High Risk,Yes,New High-Spend,1,74.7,Month-to-month,Electronic check,Fiber optic,No
5092-STPKP,0.0836,Low Risk,No,New High-Spend,24,56.35,Month-to-month,Credit card (automatic),DSL,Yes
7330-WZLNC,0.7188,High Risk,Yes,New High-Spend,5,90.8,Month-to-month,Electronic check,Fiber optic,No
0114-PEGZZ,0.4859,Medium Risk,No,Established High-Value,33,107.55,Month-to-month,Electronic check,Fiber optic,No
3359-DSRKA,0.0257,Low Risk,No,Established Budget,58,19.85,Two year,Mailed check,No,No
8639-NHQEI,0.03,Low Risk,No,Established High-Value,72,95.9,Two year,Bank transfer (automatic),Fiber optic,No
7161-DFHUF,0.0246,Low Risk,No,Established Budget,71,23.85,Two year,Mailed check,No,No
3957-LXOLK,0.6189,Medium Risk,Yes,Established High-Value,28,106.15,Month-to-month,Electronic check,Fiber optic,No
3720-DBRWL,0.0302,Low Risk,No,Established High-Value,51,83.85,Two year,Credit card (automatic),DSL,Yes
6635-MYYYZ,0.0711,Low Risk,Yes,Established High-Value,30,85.35,One year,Bank transfer (automatic),DSL,Yes
8565-WUXZU,0.0265,Low Risk,No,Established High-Value,72,84.8,Two year,Credit card (automatic),Fiber optic,Yes
5281-BUZGT,0.5156,Medium Risk,Yes,New High-Spend,36,90.85,Month-to-month,Electronic check,Fiber optic,No
4994-OBRSZ,0.0351,Low Risk,No,New High-Spend,14,76.1,Two year,Bank transfer (automatic),DSL,Yes
0562-FGDCR,0.0253,Low Risk,No,Established High-Value,72,74.55,Two year,Mailed check,DSL,Yes
2436-QBZFP,0.2625,Low Risk,No,New Budget,22,39.2,Month-to-month,Electronic check,DSL,No
3420-YJLQT,0.6524,High Risk,No,New High-Spend,2,79.55,Month-to-month,Electronic check,Fiber optic,No
6040-CGACY,0.0657,Low Risk,No,New Budget,15,19.6,Month-to-month,Mailed check,No,No
6582-PLFUU,0.0254,Low Risk,No,Established Budget,51,19.55,Two year,Credit card (automatic),No,No
8242-PDSGJ,0.0289,Low Risk,No,Established Budget,70,39.15,Two year,Credit card (automatic),DSL,Yes
0264-CNITK,0.0248,Low Risk,No,Established Budget,71,20.1,Two year,Bank transfer (automatic),No,No
0089-IIQKO,0.3511,Medium Risk,No,Established High-Value,39,99.95,Month-to-month,Credit card (automatic),Fiber optic,Yes
7839-NUIAA,0.0804,Low Risk,No,Established Budget,61,59.8,Month-to-month,Electronic check,DSL,No
6075-QMNRR,0.0938,Low Risk,No,Established Budget,52,49.75,Month-to-month,Bank transfer (automatic),DSL,No
5378-IKEEG,0.7018,High Risk,Yes,New Budget,1,35.75,Month-to-month,Electronic check,DSL,No
5966-EMAZU,0.1577,Low Risk,No,Established High-Value,64,108.5,One year,Mailed check,Fiber optic,Yes
0440-EKDCF,0.028,Low Risk,No,Established High-Value,62,60.15,Two year,Credit card (automatic),DSL,Yes
4774-HHGGS,0.0259,Low Risk,No,New Budget,30,19.05,Two year,Mailed check,No,No
2718-GAXQD,0.5217,Medium Risk,Yes,New Budget,4,46.0,Month-to-month,Electronic check,DSL,No
2055-BFOCC,0.0538,Low Risk,No,Established High-Value,63,84.0,One year,Bank transfer (automatic),DSL,Yes
8180-AKMJV,0.5897,Medium Risk,No,New Budget,1,44.55,Month-to-month,Credit card (automatic),DSL,No
4298-OYIFC,0.6608,High Risk,No,New High-Spend,15,103.45,Month-to-month,Electronic check,Fiber optic,Yes
5566-SOEZD,0.0622,Low Risk,No,New High-Spend,27,80.65,One year,Credit card (automatic),Fiber optic,No
9842-EFSYY,0.3872,Medium Risk,No,New High-Spend,4,57.2,Month-to-month,Mailed check,DSL,No
2272-WUSPA,0.0453,Low Risk,No,Established High-Value,72,110.75,Two year,Electronic check,Fiber optic,No
4584-LBNMK,0.0335,Low Risk,No,Established Budget,45,24.7,One year,Credit card (automatic),No,No
3898-GUYTS,0.4,Medium Risk,No,Established High-Value,45,97.05,Month-to-month,Electronic check,Fiber optic,Yes
0930-EHUZA,0.0475,Low Risk,No,Established High-Value,36,76.35,One year,Mailed check,DSL,Yes
6413-XKKPU,0.5434,Medium Risk,Yes,New High-Spend,17,89.4,Month-to-month,Electronic check,Fiber optic,No
9975-SKRNR,0.2245,Low Risk,No,New Budget,1,18.9,Month-to-month,Mailed check,No,No
3703-KBKZP,0.53,Medium Risk,No,New High-Spend,16,74.45,Month-to-month,Bank transfer (automatic),Fiber optic,No
1449-XQEMT,0.2106,Low Risk,Yes,New Budget,3,19.8,Month-to-month,Mailed check,No,No
2626-URJFX,0.521,Medium Risk,Yes,New Budget,4,50.9,Month-to-month,Electronic check,DSL,No
4973-MGTON,0.0272,Low Risk,No,Established High-Value,71,84.4,Two year,Credit card (automatic),DSL,Yes
3682-YEUWS,0.0917,Low Risk,No,New Budget,10,24.4,Month-to-month,Mailed check,No,No
1223-UNPKS,0.0265,Low Risk,No,New Budget,20,20.05,Two year,Mailed check,No,No
2612-RRIDN,0.6882,High Risk,Yes,New High-Spend,4,81.0,Month-to-month,Electronic check,Fiber optic,No
4735-ASGMA,0.6174,Medium Risk,Yes,New High-Spend,26,98.35,Month-to-month,Electronic check,Fiber optic,No
3446-QDSZF,0.366,Medium Risk,No,New High-Spend,4,55.5,Month-to-month,Credit card (automatic),DSL,No
3669-LVWZB,0.4847,Medium Risk,Yes,New High-Spend,5,51.0,Month-to-month,Mailed check,DSL,No
6892-EZDTG,0.7204,High Risk,Yes,New High-Spend,4,91.65,Month-to-month,Electronic check,Fiber optic,No
5117-IFGPS,0.5942,Medium Risk,No,New High-Spend,29,84.3,Month-to-month,Electronic check,Fiber optic,No
7379-FNIUJ,0.6414,Medium Risk,No,New High-Spend,2,100.2,Month-to-month,Electronic check,Fiber optic,No
1627-AFWVJ,0.026,Low Risk,No,New Budget,29,19.4,Two year,Mailed check,No,No
9725-SCPZG,0.7523,High Risk,Yes,New High-Spend,1,90.85,Month-to-month,Electronic check,Fiber optic,No
5884-GCYMI,0.669,High Risk,Yes,New High-Spend,1,69.4,Month-to-month,Mailed check,Fiber optic,No
3217-FZDMN,0.6805,High Risk,Yes,New High-Spend,8,94.45,Month-to-month,Credit card (automatic),Fiber optic,No
4486-EFAEB,0.1546,Low Risk,No,New Budget,13,20.4,Month-to-month,Electronic check,No,No
0060-FUALY,0.3272,Low Risk,No,Established High-Value,59,94.75,Month-to-month,Electronic check,Fiber optic,No
7853-GVUDZ,0.4202,Medium Risk,Yes,New Budget,1,20.15,Month-to-month,Credit card (automatic),No,No
7480-QNVZJ,0.5701,Medium Risk,Yes,Established High-Value,50,95.7,Month-to-month,Electronic check,Fiber optic,No
6954-OOYZZ,0.1817,Low Risk,No,New Budget,18,44.35,Month-to-month,Bank transfer (automatic),DSL,No
7088-FBAWU,0.13,Low Risk,No,New High-Spend,17,74.55,Month-to-month,Mailed check,DSL,No
8313-AFGBW,0.041,Low Risk,No,Established High-Value,47,73.6,Two year,Electronic check,DSL,No
3943-KDREE,0.3715,Medium Risk,Yes,New High-Spend,26,74.95,Month-to-month,Bank transfer (automatic),Fiber optic,No
9239-ZBZZV,0.5227,Medium Risk,Yes,New High-Spend,6,47.95,Month-to-month,Electronic check,DSL,No
3097-IDVPU,0.1334,Low Risk,No,New Budget,19,50.1,Month-to-month,Credit card (automatic),DSL,No
4398-HSCJH,0.5332,Medium Risk,Yes,New High-Spend,3,63.6,Month-to-month,Electronic check,DSL,Yes
2197-OMWGI,0.0529,Low Risk,No,Established High-Value,68,53.0,Two year,Electronic check,DSL,No
2303-PJYHN,0.1461,Low Risk,No,New Budget,2,19.85,Month-to-month,Bank transfer (automatic),No,No
9795-VOWON,0.0772,Low Risk,No,New Budget,7,24.35,One year,Credit card (automatic),DSL,No
1237-WIYYZ,0.0681,Low Risk,No,New Budget,18,19.55,Month-to-month,Mailed check,No,No
1987-AUELQ,0.0248,Low Risk,No,Established Budget,71,25.05,Two year,Credit card (automatic),No,No
7852-LECYP,0.5567,Medium Risk,No,New High-Spend,13,93.8,Month-to-month,Credit card (automatic),Fiber optic,No
4430-UZIPO,0.4819,Medium Risk,Yes,New Budget,3,36.85,Month-to-month,Mailed check,DSL,Yes
4822-LPTYJ,0.0457,Low Risk,No,Established High-Value,72,103.75,Two year,Bank transfer (automatic),Fiber optic,No
8165-CBKXO,0.0359,Low Risk,No,Established High-Value,66,56.75,Two year,Credit card (automatic),DSL,No
6527-PZFPV,0.0355,Low Risk,No,New Budget,24,20.8,One year,Credit card (automatic),No,No
4855-SNKMY,0.6564,High Risk,Yes,New Budget,1,44.1,Month-to-month,Electronic check,DSL,No
9593-CVZKR,0.0258,Low Risk,No,Established Budget,56,24.45,Two year,Mailed check,No,No
8595-SIZNC,0.0405,Low Risk,No,New Budget,22,25.6,One year,Bank transfer (automatic),No,No
8008-HAWED,0.515,Medium Risk,Yes,New High-Spend,14,50.75,Month-to-month,Electronic check,DSL,No
7124-UGSUR,0.2551,Low Risk,Yes,Established High-Value,61,104.4,One year,Credit card (automatic),Fiber optic,No
1862-SKORY,0.3729,Medium Risk,Yes,Established Budget,40,39.3,Month-to-month,Electronic check,DSL,No
5236-XMZJY,0.0868,Low Risk,No,Established High-Value,42,59.65,Month-to-month,Bank transfer (automatic),DSL,No
4827-DPADN,0.0265,Low Risk,No,Established High-Value,72,83.3,Two year,Bank transfer (automatic),DSL,Yes
2694-CIUMO,0.5478,Medium Risk,No,New High-Spend,12,79.55,Month-to-month,Credit card (automatic),Fiber optic,Yes
5846-ABOBJ,0.025,Low Risk,No,Established Budget,71,24.45,Two year,Bank transfer (automatic),No,No
1439-LCGVL,0.03,Low Risk,No,New Budget,26,19.2,One year,Mailed check,No,No
0909-SDHNU,0.2085,Low Risk,No,New Budget,7,29.8,Month-to-month,Mailed check,DSL,No
4647-XXZAM,0.21,Low Risk,No,New Budget,6,45.5,Month-to-month,Mailed check,DSL,No
1502-XFCVR,0.271,Low Risk,Yes,Established High-Value,58,106.45,One year,Electronic check,Fiber optic,No
7740-KKCXF,0.1677,Low Risk,No,Established Budget,51,30.05,Month-to-month,Credit card (automatic),DSL,No
5360-XGYAZ,0.0265,Low Risk,No,Established High-Value,72,65.65,Two year,Bank transfer (automatic),DSL,Yes
9692-TUSXH,0.5722,Medium Risk,Yes,New High-Spend,18,96.05,Month-to-month,Electronic check,Fiber optic,No
7912-SYRQT,0.5937,Medium Risk,Yes,New High-Spend,7,75.1,Month-to-month,Bank transfer (automatic),Fiber optic,No
3557-HTYWR,0.0303,Low Risk,No,Established High-Value,47,74.05,Two year,Mailed check,DSL,Yes
4816-JBHOV,0.6102,Medium Risk,Yes,New Budget,2,44.7,Month-to-month,Electronic check,DSL,No
8920-NAVAY,0.2003,Low Risk,No,Established High-Value,62,110.75,One year,Bank transfer (automatic),Fiber optic,Yes
1699-TLDLZ,0.0272,Low Risk,No,New Budget,16,19.7,Two year,Mailed check,No,No
5600-PDUJF,0.238,Low Risk,No,New Budget,6,49.5,Month-to-month,Credit card (automatic),DSL,Yes
8292-TYSPY,0.1709,Low Risk,Yes,New High-Spend,19,55.0,Month-to-month,Credit card (automatic),DSL,Yes
0567-XRHCU,0.0303,Low Risk,No,Established Budget,69,43.95,Two year,Credit card (automatic),DSL,No
1867-BDVFH,0.6447,Medium Risk,Yes,New High-Spend,11,74.35,Month-to-month,Electronic check,Fiber optic,No
2067-QYTCF,0.3558,Medium Risk,No,Established High-Value,64,111.15,Month-to-month,Electronic check,Fiber optic,Yes
2359-QWQUL,0.2342,Low Risk,Yes,Established High-Value,39,104.7,One year,Credit card (automatic),Fiber optic,Yes
9103-TCIHJ,0.1686,Low Risk,Yes,New High-Spend,15,55.7,Month-to-month,Mailed check,DSL,No
7407-SUJIZ,0.045,Low Risk,No,New Budget,25,20.6,Month-to-month,Mailed check,No,No
9150-KPBJQ,0.0304,Low Risk,No,New Budget,6,19.65,Two year,Credit card (automatic),No,No
0052-DCKON,0.1743,Low Risk,No,Established High-Value,66,115.8,One year,Bank transfer (automatic),Fiber optic,Yes
3654-ARMGP,0.0319,Low Risk,No,Established High-Value,61,88.65,Two year,Credit card (automatic),DSL,Yes
9699-UBQFS,0.4534,Medium Risk,No,Established High-Value,43,94.5,Month-to-month,Electronic check,Fiber optic,No
9367-TCUYN,0.0619,Low Risk,No,New Budget,12,20.1,Month-to-month,Mailed check,No,No
1261-FWTTE,0.3231,Low Risk,No,New Budget,23,34.65,Month-to-month,Bank transfer (automatic),DSL,No
3528-HFRIQ,0.1466,Low Risk,No,Established High-Value,71,52.3,Month-to-month,Bank transfer (automatic),DSL,No
0708-SJDIS,0.098,Low Risk,No,New High-Spend,34,65.0,Month-to-month,Mailed check,DSL,Yes
4140-WJAWW,0.1116,Low Risk,Yes,New Budget,5,19.85,Month-to-month,Credit card (automatic),No,No
2073-QBVBI,0.0452,Low Risk,No,Established Budget,41,35.45,One year,Mailed check,DSL,Yes
6928-ONTRW,0.0243,Low Risk,No,Established Budget,72,19.7,Two year,Credit card (automatic),No,No
3320-VEOYC,0.6854,High Risk,No,New High-Spend,14,95.6,Month-to-month,Electronic check,Fiber optic,No
5231-FIQPA,0.027,Low Risk,No,Established Budget,41,19.85,Two year,Mailed check,No,No
6617-WLBQC,0.063,Low Risk,No,New High-Spend,23,81.85,One year,Credit card (automatic),Fiber optic,No
2599-CIPQE,0.043,Low Risk,No,Established High-Value,71,109.3,Two year,Credit card (automatic),Fiber optic,Yes
6653-CBBOM,0.7373,High Risk,Yes,New High-Spend,1,70.3,Month-to-month,Electronic check,Fiber optic,No
8774-GSBUN,0.0242,Low Risk,No,Established Budget,72,25.4,Two year,Mailed check,No,No
7326-RIGQZ,0.6463,Medium Risk,No,New High-Spend,6,69.8,Month-to-month,Electronic check,Fiber optic,No
1401-FTHFQ,0.0343,Low Risk,No,New Budget,23,20.0,One year,Credit card (automatic),No,No
3247-ZVOUO,0.6577,High Risk,Yes,New High-Spend,10,85.55,Month-to-month,Electronic check,Fiber optic,No
0254-FNMCI,0.0426,Low Risk,No,Established High-Value,72,109.9,Two year,Electronic check,Fiber optic,Yes
1848-LBZHY,0.2116,Low Risk,No,New Budget,7,50.3,Month-to-month,Bank transfer (automatic),DSL,No
6101-IMRMM,0.6289,Medium Risk,Yes,New High-Spend,6,94.5,Month-to-month,Mailed check,Fiber optic,No
8118-TJAFG,0.6509,High Risk,No,New High-Spend,9,101.5,Month-to-month,Electronic check,Fiber optic,Yes
5429-LWCMV,0.6691,High Risk,No,New High-Spend,12,89.15,Month-to-month,Electronic check,Fiber optic,No
7298-IZWLY,0.4197,Medium Risk,No,New Budget,1,19.4,Month-to-month,Mailed check,No,No
9758-MFWGD,0.0516,Low Risk,No,Established Budget,48,29.9,One year,Bank transfer (automatic),DSL,No
3955-JBZZM,0.4469,Medium Risk,No,New High-Spend,20,78.8,Month-to-month,Electronic check,Fiber optic,No
1268-ASBGA,0.6047,Medium Risk,Yes,New High-Spend,16,85.35,Month-to-month,Credit card (automatic),Fiber optic,No
8943-URTMR,0.6605,High Risk,Yes,New High-Spend,2,79.65,Month-to-month,Mailed check,Fiber optic,No
4815-TUMEQ,0.0437,Low Risk,No,New Budget,10,19.3,One year,Mailed check,No,No
4713-LZDRV,0.7233,High Risk,Yes,New High-Spend,2,79.6,Month-to-month,Electronic check,Fiber optic,No
9909-IDLEK,0.2799,Low Risk,No,New High-Spend,20,96.8,Month-to-month,Mailed check,Fiber optic,Yes
4092-OFQZS,0.0307,Low Risk,No,New Budget,20,20.65,One year,Mailed check,No,No
1561-BWHIN,0.0315,Low Risk,No,New Budget,19,19.8,One year,Mailed check,No,No
4325-NFSKC,0.5669,Medium Risk,Yes,New High-Spend,19,90.6,Month-to-month,Electronic check,Fiber optic,No
9927-DSWDF,0.4551,Medium Risk,No,Established High-Value,22,104.6,Month-to-month,Electronic check,Fiber optic,Yes
9500-LTVBP,0.2589,Low Risk,No,New High-Spend,35,80.05,Month-to-month,Credit card (automatic),Fiber optic,Yes
7252-NTGSS,0.5252,Medium Risk,No,New Budget,1,45.15,Month-to-month,Mailed check,DSL,No
8149-AIQCG,0.3804,Medium Risk,No,New High-Spend,39,73.15,Month-to-month,Credit card (automatic),Fiber optic,No
1360-JYXKQ,0.2354,Low Risk,No,Established High-Value,54,99.1,One year,Electronic check,Fiber optic,Yes
2955-PSXOE,0.4594,Medium Risk,Yes,New Budget,1,20.2,Month-to-month,Bank transfer (automatic),No,No
7762-URZQH,0.1205,Low Risk,Yes,Established High-Value,66,106.05,Two year,Credit card (automatic),Fiber optic,No
0899-WZRSD,0.2684,Low Risk,No,Established High-Value,56,105.35,Month-to-month,Mailed check,Fiber optic,Yes
3255-GRXMG,0.1714,Low Risk,No,New Budget,18,45.65,Month-to-month,Credit card (automatic),DSL,No
4828-FAZPK,0.5027,Medium Risk,No,New High-Spend,16,79.95,Month-to-month,Credit card (automatic),Fiber optic,No
6094-ZIVKX,0.0354,Low Risk,No,Established Budget,68,54.45,One year,Credit card (automatic),DSL,No
6925-BAYGL,0.0295,Low Risk,No,Established Budget,53,25.1,Two year,Credit card (automatic),No,No
3262-EIDHV,0.0273,Low Risk,No,Established High-Value,72,84.7,Two year,Credit card (automatic),DSL,Yes
7354-OIJLX,0.6461,Medium Risk,No,New High-Spend,9,75.85,Month-to-month,Electronic check,Fiber optic,No
1376-HHBDV,0.088,Low Risk,No,New Budget,30,48.8,Month-to-month,Mailed check,DSL,No
6907-NZZIJ,0.5627,Medium Risk,Yes,Established High-Value,36,99.15,Month-to-month,Electronic check,Fiber optic,No
6133-OZILE,0.3168,Low Risk,No,New Budget,18,35.2,Month-to-month,Electronic check,DSL,Yes
4135-FRWKJ,0.0605,Low Risk,No,Established High-Value,55,76.25,One year,Electronic check,DSL,Yes
2911-UREFD,0.2427,Low Risk,Yes,Established High-Value,39,55.9,Month-to-month,Electronic check,DSL,No
3744-ZRRDZ,0.5554,Medium Risk,Yes,New High-Spend,21,82.35,Month-to-month,Electronic check,Fiber optic,No
5673-TIYIB,0.539,Medium Risk,Yes,New High-Spend,2,40.4,Month-to-month,Credit card (automatic),DSL,Yes
6551-ZCOTS,0.0396,Low Risk,No,New Budget,33,24.9,One year,Bank transfer (automatic),No,No
7191-ADRGF,0.0429,Low Risk,No,Established High-Value,44,54.3,Two year,Bank transfer (automatic),DSL,No
5018-LXQQG,0.0941,Low Risk,No,New High-Spend,30,66.3,Month-to-month,Bank transfer (automatic),DSL,Yes
6892-BOGQE,0.0249,Low Risk,No,Established Budget,71,20.9,Two year,Bank transfer (automatic),No,No
1602-IJQQE,0.6513,High Risk,Yes,New High-Spend,4,75.35,Month-to-month,Electronic check,Fiber optic,No
4628-WQCQQ,0.1995,Low Risk,Yes,New High-Spend,35,85.15,One year,Electronic check,Fiber optic,No
1746-TGTWV,0.6729,High Risk,No,New High-Spend,1,75.35,Month-to-month,Credit card (automatic),Fiber optic,No
5995-SNNEW,0.6222,Medium Risk,No,Established High-Value,23,104.45,Month-to-month,Electronic check,Fiber optic,No
8050-WYBND,0.1414,Low Risk,No,New High-Spend,22,49.45,One year,Credit card (automatic),DSL,No
2821-WARNZ,0.0296,Low Risk,No,Established Budget,49,19.45,One year,Credit card (automatic),No,No
4879-GZLFH,0.481,Medium Risk,No,Established High-Value,42,92.15,Month-to-month,Electronic check,Fiber optic,No
1644-IRKSF,0.3319,Low Risk,Yes,New High-Spend,33,93.8,One year,Electronic check,Fiber optic,No
8314-HTWVE,0.0275,Low Risk,No,New Budget,7,19.85,Two year,Mailed check,No,No
9402-ROUMJ,0.0917,Low Risk,No,Established High-Value,67,100.25,One year,Bank transfer (automatic),Fiber optic,Yes
2507-QZPQS,0.536,Medium Risk,No,New High-Spend,15,95.7,Month-to-month,Electronic check,Fiber optic,Yes
7159-NOKYQ,0.0721,Low Risk,No,Established High-Value,67,93.15,Two year,Electronic check,Fiber optic,No
5707-ZMDJP,0.0282,Low Risk,No,Established High-Value,53,69.7,Two year,Mailed check,DSL,Yes
8779-YIQQA,0.0315,Low Risk,No,New Budget,21,19.8,One year,Mailed check,No,No
7136-IHZJA,0.1106,Low Risk,No,Established High-Value,40,71.35,Month-to-month,Mailed check,DSL,Yes
8966-OIQHG,0.0329,Low Risk,No,New Budget,22,20.75,One year,Bank transfer (automatic),No,No
7074-STDCN,0.2555,Low Risk,No,Established Budget,39,40.6,Month-to-month,Electronic check,DSL,Yes
3705-PSNGL,0.0382,Low Risk,Yes,Established Budget,45,20.4,One year,Electronic check,No,No
8739-QOTTN,0.135,Low Risk,No,New Budget,2,20.35,Month-to-month,Mailed check,No,No
1399-OUPJN,0.0255,Low Risk,No,Established Budget,57,19.75,Two year,Bank transfer (automatic),No,No
0277-BKSQP,0.3502,Medium Risk,No,New Budget,8,54.4,Month-to-month,Electronic check,DSL,No
6502-HCJTI,0.6542,High Risk,Yes,New High-Spend,7,94.7,Month-to-month,Credit card (automatic),Fiber optic,No
2606-RMDHZ,0.3675,Medium Risk,Yes,New Budget,6,30.5,Month-to-month,Credit card (automatic),DSL,No
5774-XZTQC,0.0701,Low Risk,No,New Budget,7,20.45,Month-to-month,Mailed check,No,No
2676-SSLTO,0.0341,Low Risk,No,Established Budget,49,66.15,Two year,Bank transfer (automatic),DSL,Yes
6266-QHOJZ,0.0618,Low Risk,No,Established High-Value,65,89.85,One year,Electronic check,Fiber optic,Yes
7269-JISCY,0.0418,Low Risk,No,Established Budget,55,45.05,One year,Bank transfer (automatic),DSL,No
0363-SVHYR,0.027,Low Risk,No,Established High-Value,71,86.85,Two year,Bank transfer (automatic),DSL,Yes
8547-NSBBO,0.2337,Low Risk,No,Established High-Value,35,96.75,Month-to-month,Mailed check,Fiber optic,Yes
8258-GSTJK,0.7017,High Risk,Yes,New High-Spend,3,77.0,Month-to-month,Electronic check,Fiber optic,No
6861-OKBCE,0.0953,Low Risk,Yes,New Budget,11,20.1,Month-to-month,Credit card (automatic),No,No
9940-RHLFB,0.7095,High Risk,Yes,New High-Spend,1,75.3,Month-to-month,Electronic check,Fiber optic,No
6591-QGOYB,0.3999,Medium Risk,No,Established High-Value,17,106.65,Month-to-month,Bank transfer (automatic),Fiber optic,Yes
9070-BCKQP,0.0336,Low Risk,No,Established High-Value,72,110.15,Two year,Credit card (automatic),Fiber optic,Yes
6421-SZVEM,0.1249,Low Risk,No,New High-Spend,28,82.85,One year,Bank transfer (automatic),Fiber optic,No
1328-EUZHC,0.0261,Low Risk,No,New Budget,18,20.1,Two year,Mailed check,No,No
2995-UPRYS,0.2459,Low Risk,Yes,Established High-Value,40,99.2,One year,Credit card (automatic),Fiber optic,Yes
8878-RYUKI,0.2299,Low Risk,No,Established Budget,52,59.45,Month-to-month,Electronic check,DSL,No
9633-DENPU,0.1381,Low Risk,No,Established Budget,47,58.6,Month-to-month,Bank transfer (automatic),DSL,No
7811-JIVPF,0.1176,Low Risk,No,New Budget,23,49.7,Month-to-month,Credit card (automatic),DSL,No
7113-HIPFI,0.0265,Low Risk,No,Established High-Value,66,65.85,Two year,Mailed check,DSL,Yes
8541-QVFKM,0.6445,Medium Risk,No,New High-Spend,8,73.5,Month-to-month,Electronic check,Fiber optic,No
6686-YPGHK,0.2497,Low Risk,Yes,Established High-Value,47,85.5,Month-to-month,Mailed check,Fiber optic,No
1383-EZRWL,0.0797,Low Risk,Yes,New Budget,7,20.05,Month-to-month,Mailed check,No,No
9258-CNWAC,0.0367,Low Risk,No,Established High-Value,71,113.65,Two year,Credit card (automatic),Fiber optic,Yes
5371-VYLSX,0.351,Medium Risk,No,Established High-Value,50,83.4,Month-to-month,Electronic check,Fiber optic,No
6374-AFWOX,0.0292,Low Risk,No,Established High-Value,46,65.65,Two year,Mailed check,DSL,Yes
4759-TRPLW,0.7025,High Risk,Yes,New High-Spend,1,70.4,Month-to-month,Electronic check,Fiber optic,No
5317-FLPJF,0.0298,Low Risk,No,Established High-Value,66,61.35,Two year,Bank transfer (automatic),DSL,Yes
7621-VPNET,0.2715,Low Risk,No,New High-Spend,42,85.9,Month-to-month,Credit card (automatic),Fiber optic,Yes
6034-YMTOB,0.5429,Medium Risk,No,New High-Spend,5,75.65,Month-to-month,Mailed check,Fiber optic,Yes
8563-IIOXK,0.0946,Low Risk,Yes,New Budget,7,49.75,One year,Electronic check,DSL,No
4903-CNOZC,0.0694,Low Risk,No,New High-Spend,29,70.9,One year,Credit card (automatic),DSL,No
4353-HYOJD,0.0918,Low Risk,No,New Budget,27,49.85,Month-to-month,Mailed check,DSL,No
8020-BWHYL,0.547,Medium Risk,Yes,New High-Spend,15,75.3,Month-to-month,Credit card (automatic),Fiber optic,No
7267-FRMJW,0.0264,Low Risk,No,New Budget,25,20.1,Two year,Mailed check,No,No
2982-VPSGI,0.7101,High Risk,Yes,New High-Spend,11,94.0,Month-to-month,Electronic check,Fiber optic,No
4188-FRABG,0.3256,Low Risk,No,Established High-Value,57,103.05,Month-to-month,Electronic check,Fiber optic,Yes
8199-ZLLSA,0.1879,Low Risk,Yes,Established High-Value,67,118.35,One year,Bank transfer (automatic),Fiber optic,Yes
4128-ETESU,0.5003,Medium Risk,No,Established High-Value,47,99.7,Month-to-month,Electronic check,Fiber optic,No
0620-DLSLK,0.5562,Medium Risk,No,New High-Spend,13,81.9,Month-to-month,Mailed check,Fiber optic,No
4625-EWPTF,0.404,Medium Risk,Yes,New Budget,8,30.45,Month-to-month,Electronic check,DSL,No
5980-NOPLP,0.5521,Medium Risk,Yes,Established High-Value,44,96.1,Month-to-month,Electronic check,Fiber optic,No
3850-OKINF,0.0458,Low Risk,No,Established Budget,71,66.2,One year,Electronic check,DSL,No
6892-XPFPU,0.633,Medium Risk,Yes,Established High-Value,24,104.25,Month-to-month,Electronic check,Fiber optic,No
8010-EZLOU,0.6491,Medium Risk,Yes,New High-Spend,15,80.2,Month-to-month,Electronic check,Fiber optic,No
1156-ZFYDO,0.4304,Medium Risk,No,New Budget,1,19.75,Month-to-month,Electronic check,No,No
3295-YVUSR,0.6742,High Risk,No,New High-Spend,2,72.6,Month-to-month,Mailed check,Fiber optic,No
8016-NCFVO,0.35,Medium Risk,No,Established High-Value,55,116.5,Month-to-month,Electronic check,Fiber optic,Yes
4119-ZYPZY,0.0839,Low Risk,No,Established High-Value,71,106.8,Two year,Electronic check,Fiber optic,Yes
5549-ZGHFB,0.0253,Low Risk,No,Established Budget,50,24.95,Two year,Mailed check,No,No
7577-SWIFR,0.7514,High Risk,No,New High-Spend,1,89.25,Month-to-month,Electronic check,Fiber optic,No
0303-WMMRN,0.1377,Low Risk,No,New Budget,5,19.25,Month-to-month,Mailed check,No,No
6408-OTUBZ,0.0892,Low Risk,No,Established High-Value,66,104.55,One year,Bank transfer (automatic),Fiber optic,Yes
5204-HMGYF,0.0537,Low Risk,No,Established High-Value,49,87.2,One year,Mailed check,DSL,Yes
1078-TDCRN,0.6641,High Risk,No,New Budget,3,30.75,Month-to-month,Electronic check,DSL,No
3727-OVPRY,0.0296,Low Risk,No,Established Budget,66,25.7,One year,Credit card (automatic),No,No
3797-FKOGQ,0.5907,Medium Risk,No,New High-Spend,11,86.2,Month-to-month,Electronic check,Fiber optic,No
7622-NXQZR,0.1488,Low Risk,No,New Budget,28,30.1,Month-to-month,Credit card (automatic),DSL,Yes
6196-HBOBZ,0.0912,Low Risk,No,Established High-Value,65,99.35,Two year,Electronic check,Fiber optic,No
3970-XGJDU,0.0264,Low Risk,No,Established Budget,62,19.2,Two year,Credit card (automatic),No,No
7017-VFULY,0.1456,Low Risk,No,New Budget,2,20.1,Month-to-month,Bank transfer (automatic),No,No
5562-YJQGT,0.158,Low Risk,No,New Budget,2,20.35,Month-to-month,Credit card (automatic),No,No
8807-OPMBM,0.0266,Low Risk,No,Established Budget,55,25.65,Two year,Credit card (automatic),No,No
5439-WIKXB,0.535,Medium Risk,No,Established High-Value,41,94.55,Month-to-month,Electronic check,Fiber optic,No
9874-QLCLH,0.6158,Medium Risk,Yes,New High-Spend,17,104.2,Month-to-month,Electronic check,Fiber optic,No
8294-UIMBA,0.2021,Low Risk,No,New High-Spend,30,94.4,One year,Bank transfer (automatic),Fiber optic,Yes
8109-YUOHE,0.048,Low Risk,No,New High-Spend,17,56.1,One year,Mailed check,DSL,No
5840-NVDCG,0.0324,Low Risk,No,New High-Spend,16,68.25,Two year,Bank transfer (automatic),DSL,Yes
8092-NLTGF,0.0245,Low Risk,No,Established Budget,72,24.75,Two year,Bank transfer (automatic),No,No
5928-QLDHB,0.6677,High Risk,No,New High-Spend,9,76.25,Month-to-month,Electronic check,Fiber optic,No
9840-EFJQB,0.6988,High Risk,No,New High-Spend,1,74.35,Month-to-month,Electronic check,Fiber optic,No
0696-UKTOX,0.1084,Low Risk,No,New High-Spend,23,54.15,Month-to-month,Electronic check,DSL,Yes
4801-KFYKL,0.0858,Low Risk,No,New Budget,8,19.45,Month-to-month,Bank transfer (automatic),No,No
3472-OAOOR,0.1428,Low Risk,No,New Budget,19,34.95,Month-to-month,Mailed check,DSL,No
6135-OZQVA,0.2669,Low Risk,No,New Budget,7,53.65,Month-to-month,Electronic check,DSL,No
8062-YBDOE,0.7451,High Risk,Yes,New High-Spend,1,69.65,Month-to-month,Electronic check,Fiber optic,No
2252-JHJGE,0.2348,Low Risk,No,Established High-Value,61,104.0,One year,Electronic check,Fiber optic,No
4188-PCPIG,0.0285,Low Risk,No,Established High-Value,57,70.35,Two year,Credit card (automatic),DSL,Yes
6000-APYLU,0.658,High Risk,Yes,New High-Spend,9,80.8,Month-to-month,Electronic check,Fiber optic,No
7105-BENQF,0.0719,Low Risk,No,New High-Spend,15,64.85,One year,Mailed check,DSL,No
7721-DVEKZ,0.3578,Medium Risk,No,New Budget,1,19.65,Month-to-month,Mailed check,No,No
3566-VVORZ,0.2032,Low Risk,No,New Budget,12,45.9,Month-to-month,Bank transfer (automatic),DSL,No
9507-HSMMZ,0.025,Low Risk,No,Established Budget,54,20.0,Two year,Mailed check,No,No
2480-SQIOB,0.4449,Medium Risk,No,New Budget,4,44.8,Month-to-month,Electronic check,DSL,No
0947-IDHRQ,0.5946,Medium Risk,Yes,New High-Spend,7,80.3,Month-to-month,Mailed check,Fiber optic,No
7813-TKCVO,0.0328,Low Risk,No,New Budget,20,20.35,One year,Mailed check,No,No
0128-MKWSG,0.1064,Low Risk,No,New High-Spend,26,45.8,Month-to-month,Mailed check,DSL,Yes
3672-YITQD,0.6074,Medium Risk,Yes,New High-Spend,36,84.1,Month-to-month,Electronic check,Fiber optic,No
4350-ZTLPI,0.2592,Low Risk,No,Established High-Value,53,108.95,One year,Bank transfer (automatic),Fiber optic,Yes
9048-JVYVF,0.5031,Medium Risk,Yes,New High-Spend,3,69.35,Month-to-month,Electronic check,DSL,Yes
0361-HJRDX,0.0293,Low Risk,No,Established High-Value,68,64.35,Two year,Credit card (automatic),DSL,Yes
5727-MYATE,0.0271,Low Risk,No,Established High-Value,72,90.8,Two year,Credit card (automatic),DSL,Yes
3823-KYNQY,0.0439,Low Risk,No,New Budget,12,24.95,One year,Credit card (automatic),No,No
8988-ECPJR,0.4358,Medium Risk,Yes,New High-Spend,34,79.6,Month-to-month,Mailed check,Fiber optic,No
7570-WELNY,0.0317,Low Risk,No,Established High-Value,68,84.7,Two year,Bank transfer (automatic),Fiber optic,No
3021-VLNRJ,0.0435,Low Risk,No,Established High-Value,50,70.8,One year,Credit card (automatic),DSL,Yes
3776-EKTKM,0.7196,High Risk,Yes,New Budget,1,36.45,Month-to-month,Electronic check,DSL,No
2080-CAZNM,0.5733,Medium Risk,No,Established High-Value,41,104.4,Month-to-month,Electronic check,Fiber optic,No
1028-FFNJK,0.5556,Medium Risk,No,New High-Spend,30,101.5,Month-to-month,Electronic check,Fiber optic,Yes
6907-FLBER,0.5965,Medium Risk,No,New Budget,1,54.3,Month-to-month,Electronic check,DSL,No
3001-UNBTL,0.6259,Medium Risk,No,New High-Spend,29,103.95,Month-to-month,Electronic check,Fiber optic,No
5982-PSMKW,0.0357,Low Risk,No,Established High-Value,23,91.1,Two year,Credit card (automatic),DSL,Yes
3507-GASNP,0.0251,Low Risk,No,Established Budget,60,19.95,Two year,Mailed check,No,No
7096-ZNBZI,0.0243,Low Risk,No,Established Budget,72,26.45,Two year,Credit card (automatic),No,No
1902-XBTFB,0.5623,Medium Risk,Yes,New High-Spend,22,89.4,Month-to-month,Electronic check,Fiber optic,No
1676-MQAOA,0.0257,Low Risk,No,Established High-Value,72,75.1,Two year,Bank transfer (automatic),DSL,Yes
0786-IVLAW,0.1859,Low Risk,No,Established High-Value,66,108.1,One year,Bank transfer (automatic),Fiber optic,No
7566-DSRLQ,0.0464,Low Risk,No,Established High-Value,72,110.15,Two year,Electronic check,Fiber optic,Yes
0643-OKLRP,0.3383,Low Risk,Yes,New High-Spend,47,80.35,Month-to-month,Electronic check,Fiber optic,No
7245-JMTTQ,0.3244,Low Risk,No,Established High-Value,51,111.5,One year,Electronic check,Fiber optic,Yes
6050-IJRHS,0.2709,Low Risk,No,Established High-Value,70,106.5,One year,Electronic check,Fiber optic,No
6202-JVYEU,0.0556,Low Risk,No,New Budget,9,19.9,One year,Electronic check,No,No
8591-TKMZH,0.0714,Low Risk,No,Established High-Value,59,111.1,Two year,Mailed check,Fiber optic,Yes
0734-OXWBT,0.3273,Low Risk,No,New High-Spend,3,70.7,Month-to-month,Mailed check,DSL,Yes
4282-ACRXS,0.3044,Low Risk,No,Established Budget,38,24.85,Month-to-month,Electronic check,DSL,No
0365-TRTPY,0.2,Low Risk,No,Established High-Value,37,91.2,Month-to-month,Bank transfer (automatic),Fiber optic,No
7349-ALMUX,0.0299,Low Risk,No,Established High-Value,37,65.6,Two year,Bank transfer (automatic),DSL,Yes
9381-NDKME,0.3334,Low Risk,Yes,New Budget,24,40.65,Month-to-month,Credit card (automatic),DSL,No
6502-KUGLL,0.1263,Low Risk,No,New High-Spend,14,59.45,Month-to-month,Bank transfer (automatic),DSL,Yes
1841-YSJGV,0.0374,Low Risk,No,Established High-Value,72,109.95,Two year,Credit card (automatic),Fiber optic,Yes
2794-XIMMO,0.1479,Low Risk,Yes,Established High-Value,53,60.45,One year,Electronic check,DSL,Yes
8382-SHQEH,0.6986,High Risk,Yes,New High-Spend,8,84.9,Month-to-month,Electronic check,Fiber optic,No
3511-BFTJW,0.0256,Low Risk,No,Established Budget,72,38.5,Two year,Credit card (automatic),DSL,No
7668-XCFYV,0.6653,High Risk,No,New High-Spend,17,92.55,Month-to-month,Electronic check,Fiber optic,No
2983-ZANRP,0.6465,Medium Risk,Yes,New High-Spend,2,73.55,Month-to-month,Bank transfer (automatic),Fiber optic,No
7845-URHJN,0.1133,Low Risk,Yes,New Budget,8,20.15,Month-to-month,Bank transfer (automatic),No,No
3034-ZBEQN,0.0515,Low Risk,Yes,Established Budget,48,34.7,One year,Mailed check,DSL,No
5018-HEKFO,0.1103,Low Risk,No,New Budget,10,24.5,Month-to-month,Mailed check,No,No
2923-ARZLG,0.0512,Low Risk,No,New Budget,0,19.7,One year,Mailed check,No,No
3976-NLDEZ,0.3356,Low Risk,No,New Budget,1,20.6,Month-to-month,Mailed check,No,No
2282-YGNOR,0.0379,Low Risk,No,New High-Spend,29,58.0,One year,Credit card (automatic),DSL,Yes
5336-UFNZP,0.269,Low Risk,No,Established High-Value,65,107.45,One year,Electronic check,Fiber optic,No
6854-EXGSF,0.17,Low Risk,No,New High-Spend,8,65.5,Month-to-month,Bank transfer (automatic),DSL,No
1241-EZFMJ,0.0256,Low Risk,No,Established Budget,61,25.45,Two year,Bank transfer (automatic),No,No
9233-PSYHO,0.2874,Low Risk,No,Established High-Value,45,100.15,One year,Bank transfer (automatic),Fiber optic,No
5376-PCKNB,0.0926,Low Risk,No,Established High-Value,72,104.45,One year,Credit card (automatic),Fiber optic,No
8044-BGWPI,0.1169,Low Risk,No,New Budget,12,21.15,Month-to-month,Electronic check,No,No
4060-LDNLU,0.6549,High Risk,No,New High-Spend,7,96.2,Month-to-month,Electronic check,Fiber optic,No
3589-PPVKW,0.2654,Low Risk,No,New Budget,9,44.4,Month-to-month,Mailed check,DSL,No
8327-LZKAS,0.3797,Medium Risk,Yes,Established High-Value,43,107.55,One year,Electronic check,Fiber optic,Yes
5887-IKKYO,0.0501,Low Risk,No,Established High-Value,58,94.35,Two year,Bank transfer (automatic),Fiber optic,Yes
1075-BGWOH,0.6882,High Risk,Yes,New High-Spend,16,98.75,Month-to-month,Electronic check,Fiber optic,No
1755-RMCXH,0.1746,Low Risk,No,New Budget,2,20.3,Month-to-month,Mailed check,No,No
0302-JOIVN,0.663,High Risk,Yes,New High-Spend,8,101.15,Month-to-month,Electronic check,Fiber optic,No
3858-XHYJO,0.2426,Low Risk,No,Established High-Value,40,105.75,One year,Bank transfer (automatic),Fiber optic,No
4299-SIMNS,0.584,Medium Risk,No,New High-Spend,9,81.15,Month-to-month,Electronic check,Fiber optic,No
7025-IWFHT,0.1063,Low Risk,No,Established High-Value,41,89.55,One year,Electronic check,Fiber optic,Yes
6261-LHRTG,0.1377,Low Risk,No,New High-Spend,26,54.75,Month-to-month,Credit card (automatic),DSL,No
7841-FCRQD,0.0441,Low Risk,No,New High-Spend,33,53.75,One year,Credit card (automatic),DSL,Yes
2056-EVGZL,0.1524,Low Risk,No,Established High-Value,68,105.75,One year,Credit card (automatic),Fiber optic,Yes
8777-MBMTS,0.0698,Low Risk,No,Established High-Value,65,105.85,Two year,Credit card (automatic),Fiber optic,Yes
7753-USQYQ,0.063,Low Risk,No,Established High-Value,55,64.2,One year,Electronic check,DSL,Yes
5366-IJEQJ,0.6066,Medium Risk,Yes,New High-Spend,20,88.7,Month-to-month,Electronic check,Fiber optic,No
7661-CPURM,0.1337,Low Risk,No,New High-Spend,19,87.7,One year,Credit card (automatic),Fiber optic,Yes
6233-HXJMX,0.3299,Low Risk,No,Established High-Value,45,89.3,Month-to-month,Credit card (automatic),Fiber optic,No
5902-WBLSE,0.0254,Low Risk,No,Established Budget,70,20.15,Two year,Credit card (automatic),No,No
1981-INRFU,0.7056,High Risk,Yes,New High-Spend,2,79.75,Month-to-month,Electronic check,Fiber optic,No
4971-PUYQO,0.5173,Medium Risk,Yes,New High-Spend,27,94.55,Month-to-month,Mailed check,Fiber optic,No
3239-TPHPZ,0.0355,Low Risk,No,New Budget,12,20.05,Two year,Electronic check,No,No
5115-GZDEL,0.0269,Low Risk,No,Established High-Value,72,67.2,Two year,Credit card (automatic),DSL,Yes
3338-CVVEH,0.6595,High Risk,No,New High-Spend,12,94.55,Month-to-month,Electronic check,Fiber optic,No
8485-GJCDN,0.6201,Medium Risk,Yes,New High-Spend,5,69.05,Month-to-month,Mailed check,Fiber optic,No
2615-YVMYX,0.2755,Low Risk,No,Established High-Value,71,107.5,Month-to-month,Electronic check,Fiber optic,No
2851-STERV,0.1295,Low Risk,No,Established High-Value,35,73.0,One year,Electronic check,DSL,Yes
4393-GEADV,0.0688,Low Risk,No,Established High-Value,70,114.75,Two year,Credit card (automatic),Fiber optic,Yes
8486-AYEQH,0.5244,Medium Risk,No,New High-Spend,31,76.05,Month-to-month,Electronic check,Fiber optic,No
1527-SXDPN,0.0687,Low Risk,Yes,Established High-Value,52,96.25,Two year,Bank transfer (automatic),Fiber optic,Yes
6029-WTIPC,0.6198,Medium Risk,Yes,Established High-Value,37,101.1,Month-to-month,Electronic check,Fiber optic,No
8634-CILSZ,0.2213,Low Risk,Yes,Established High-Value,69,104.7,One year,Bank transfer (automatic),Fiber optic,Yes
5419-JKZNQ,0.3615,Medium Risk,No,New High-Spend,30,77.9,Month-to-month,Mailed check,Fiber optic,No
2495-KZNFB,0.4943,Medium Risk,No,New High-Spend,33,90.65,Month-to-month,Electronic check,Fiber optic,No
1409-PHXTF,0.1502,Low Risk,No,Established High-Value,54,110.45,Two year,Electronic check,Fiber optic,Yes
4560-WQAQW,0.0472,Low Risk,No,Established High-Value,59,68.7,One year,Bank transfer (automatic),DSL,Yes
9591-YVTEB,0.2542,Low Risk,No,Established Budget,55,44.85,Month-to-month,Electronic check,DSL,No
9309-BZGNT,0.0445,Low Risk,No,Established Budget,69,29.8,One year,Credit card (automatic),DSL,No
4274-DRSQT,0.0701,Low Risk,No,Established High-Value,66,88.9,One year,Bank transfer (automatic),Fiber optic,No
2027-DNKIV,0.0411,Low Risk,No,New High-Spend,37,58.75,One year,Mailed check,DSL,Yes
8075-GXIUB,0.041,Low Risk,No,New Budget,9,19.85,One year,Credit card (automatic),No,No
2885-HIJDH,0.0308,Low Risk,No,Established High-Value,69,86.9,Two year,Bank transfer (automatic),DSL,Yes
5424-RLQLC,0.231,Low Risk,No,New High-Spend,10,59.65,Month-to-month,Mailed check,DSL,No
6682-QJDGB,0.1007,Low Risk,Yes,Established Budget,40,55.25,Month-to-month,Mailed check,DSL,No
6507-DTJZV,0.2142,Low Risk,No,New High-Spend,13,66.4,Month-to-month,Credit card (automatic),DSL,No
8780-IXSTS,0.694,High Risk,Yes,New High-Spend,6,90.1,Month-to-month,Electronic check,Fiber optic,No
7673-BQGKU,0.0257,Low Risk,No,Established Budget,69,20.15,Two year,Bank transfer (automatic),No,No
6723-WSNTY,0.1923,Low Risk,No,Established High-Value,66,108.1,One year,Credit card (automatic),Fiber optic,Yes
9530-EHPOH,0.2759,Low Risk,Yes,New Budget,11,53.75,Month-to-month,Electronic check,DSL,No
2725-IWWBA,0.0393,Low Risk,No,Established High-Value,46,56.9,One year,Mailed check,DSL,Yes
0345-HKJVM,0.6545,High Risk,Yes,New High-Spend,6,89.3,Month-to-month,Electronic check,Fiber optic,No
1061-PNTHC,0.2318,Low Risk,No,Established High-Value,56,109.6,Month-to-month,Mailed check,Fiber optic,Yes
0394-YONDK,0.0248,Low Risk,No,Established Budget,70,25.15,Two year,Credit card (automatic),No,No
6574-MCOEH,0.1238,Low Risk,No,Established High-Value,33,79.15,One year,Electronic check,DSL,Yes
7399-QHBJS,0.0252,Low Risk,No,Established High-Value,72,66.75,Two year,Credit card (automatic),DSL,Yes
3049-SOLAY,0.7354,High Risk,Yes,New High-Spend,3,95.2,Month-to-month,Electronic check,Fiber optic,No
0997-YTLNY,0.0925,Low Risk,No,New Budget,19,48.8,Month-to-month,Mailed check,DSL,Yes
3317-HRTNN,0.5875,Medium Risk,Yes,New Budget,5,45.7,Month-to-month,Electronic check,DSL,No
9479-HYNYL,0.0295,Low Risk,No,Established High-Value,71,80.7,Two year,Credit card (automatic),DSL,Yes
3235-ETOOB,0.5653,Medium Risk,Yes,New High-Spend,8,74.5,Month-to-month,Electronic check,Fiber optic,No
9708-KFDBY,0.3245,Low Risk,No,New Budget,1,20.55,Month-to-month,Credit card (automatic),No,No
8058-INTPH,0.7458,High Risk,Yes,New High-Spend,1,79.65,Month-to-month,Electronic check,Fiber optic,No
3642-GKTCT,0.1284,Low Risk,No,Established High-Value,61,115.1,One year,Mailed check,Fiber optic,Yes
0774-RMNUW,0.0275,Low Risk,No,Established High-Value,71,59.7,Two year,Bank transfer (automatic),DSL,Yes
1334-PDUKM,0.0499,Low Risk,No,Established High-Value,68,86.45,One year,Credit card (automatic),Fiber optic,No
0756-MPZRL,0.0431,Low Risk,No,Established Budget,46,33.7,One year,Credit card (automatic),DSL,Yes
2242-MFOTG,0.0609,Low Risk,No,New High-Spend,33,80.1,One year,Bank transfer (automatic),Fiber optic,No
2927-CVULT,0.0633,Low Risk,No,Established High-Value,53,104.05,Two year,Bank transfer (automatic),Fiber optic,Yes
2144-BFDSO,0.335,Low Risk,No,Established High-Value,50,108.75,Month-to-month,Bank transfer (automatic),Fiber optic,No
8745-PVESG,0.0405,Low Risk,No,Established Budget,57,41.1,One year,Credit card (automatic),DSL,Yes
7647-GYYKX,0.027,Low Risk,No,Established Budget,54,20.35,Two year,Bank transfer (automatic),No,No
5647-FXOTP,0.472,Medium Risk,No,Established High-Value,60,105.9,Month-to-month,Electronic check,Fiber optic,No
5569-OUICF,0.5055,Medium Risk,Yes,New High-Spend,28,101.3,Month-to-month,Credit card (automatic),Fiber optic,Yes
8821-XNHVZ,0.7182,High Risk,Yes,New High-Spend,1,80.05,Month-to-month,Mailed check,Fiber optic,No
2082-OJVTK,0.5569,Medium Risk,Yes,New High-Spend,29,89.2,Month-to-month,Electronic check,Fiber optic,No
9700-ISPUP,0.2577,Low Risk,No,New High-Spend,10,65.5,Month-to-month,Electronic check,DSL,Yes
9839-ETQOE,0.1492,Low Risk,No,Established Budget,43,40.45,Month-to-month,Electronic check,DSL,No
6078-VESFR,0.4953,Medium Risk,No,New High-Spend,13,70.45,Month-to-month,Bank transfer (automatic),Fiber optic,No
9027-TMATR,0.0375,Low Risk,No,Established High-Value,43,78.8,Two year,Electronic check,DSL,Yes
5940-NFXKV,0.598,Medium Risk,Yes,New High-Spend,19,83.65,Month-to-month,Electronic check,Fiber optic,No
1941-HOSAM,0.7502,High Risk,No,New High-Spend,1,90.1,Month-to-month,Electronic check,Fiber optic,No
9110-HSGTV,0.0304,Low Risk,No,Established High-Value,69,82.45,Two year,Credit card (automatic),DSL,Yes
0704-VCUMB,0.0244,Low Risk,No,Established Budget,61,20.25,Two year,Credit card (automatic),No,No
6171-ZTVYB,0.0798,Low Risk,No,Established High-Value,43,66.25,Month-to-month,Bank transfer (automatic),DSL,Yes
8053-WWDRO,0.0979,Low Risk,Yes,New Budget,6,19.5,Month-to-month,Bank transfer (automatic),No,No
9564-KCLHR,0.501,Medium Risk,Yes,New Budget,1,51.25,Month-to-month,Mailed check,DSL,Yes
1935-IMVBB,0.1906,Low Risk,No,Established High-Value,56,89.7,Month-to-month,Mailed check,Fiber optic,No
2535-PBCGC,0.0302,Low Risk,No,Established High-Value,70,64.55,Two year,Bank transfer (automatic),DSL,Yes
2082-CEFLT,0.6578,High Risk,Yes,New Budget,1,45.6,Month-to-month,Electronic check,DSL,No
1470-PSXNM,0.1624,Low Risk,No,Established High-Value,49,93.65,One year,Electronic check,Fiber optic,No
1213-NGCUN,0.3163,Low Risk,Yes,New Budget,6,49.65,Month-to-month,Bank transfer (automatic),DSL,Yes
2498-XLDZR,0.0304,Low Risk,No,Established High-Value,32,73.6,Two year,Mailed check,DSL,Yes
9866-OCCKE,0.0355,Low Risk,No,Established High-Value,72,109.75,Two year,Mailed check,Fiber optic,Yes
5338-YHWYT,0.0284,Low Risk,No,New High-Spend,37,61.45,Two year,Credit card (automatic),DSL,Yes
7718-UPSKJ,0.1368,Low Risk,No,Established High-Value,69,106.4,One year,Credit card (automatic),Fiber optic,Yes
8731-WBBMB,0.1113,Low Risk,No,Established High-Value,26,81.9,Month-to-month,Bank transfer (automatic),DSL,Yes
1448-CYWKC,0.2693,Low Risk,No,Established High-Value,58,105.2,One year,Credit card (automatic),Fiber optic,No
7901-IIDQV,0.0473,Low Risk,No,New High-Spend,24,54.6,One year,Bank transfer (automatic),DSL,Yes
2690-DVRVK,0.0526,Low Risk,No,New Budget,5,20.55,One year,Electronic check,No,No
5688-KZTSN,0.1439,Low Risk,Yes,New Budget,15,20.0,Month-to-month,Electronic check,No,No
1270-XKUCC,0.0255,Low Risk,No,New Budget,30,19.7,Two year,Mailed check,No,No
0334-ZFJSR,0.0379,Low Risk,No,Established High-Value,55,66.05,One year,Credit card (automatic),DSL,Yes
2894-QOJRX,0.2576,Low Risk,Yes,New Budget,25,34.0,Month-to-month,Bank transfer (automatic),DSL,No
5747-PMBSQ,0.6132,Medium Risk,Yes,New High-Spend,10,92.5,Month-to-month,Mailed check,Fiber optic,Yes
5583-EJXRD,0.0338,Low Risk,No,Established High-Value,44,54.05,Two year,Credit card (automatic),DSL,Yes
4565-EVZMJ,0.0415,Low Risk,No,Established High-Value,47,58.9,One year,Mailed check,DSL,Yes
3143-JQEGI,0.6075,Medium Risk,Yes,New High-Spend,13,88.35,Month-to-month,Electronic check,Fiber optic,No
6386-SZZKH,0.1268,Low Risk,Yes,Established High-Value,49,107.95,Two year,Bank transfer (automatic),Fiber optic,Yes
3327-YBAKM,0.0951,Low Risk,No,Established High-Value,64,96.9,One year,Mailed check,Fiber optic,Yes
9441-QHEVC,0.2479,Low Risk,No,New Budget,1,19.1,Month-to-month,Mailed check,No,No
6705-LNMDD,0.114,Low Risk,No,New Budget,20,50.0,Month-to-month,Mailed check,DSL,Yes
2580-ASVVY,0.0406,Low Risk,No,New High-Spend,37,45.4,Two year,Electronic check,DSL,Yes
3370-GQEAL,0.4635,Medium Risk,No,New High-Spend,30,85.45,Month-to-month,Electronic check,Fiber optic,No
5032-USPKF,0.0847,Low Risk,No,Established High-Value,38,84.1,One year,Bank transfer (automatic),DSL,No
2982-IHMFT,0.7324,High Risk,Yes,New High-Spend,1,74.45,Month-to-month,Mailed check,Fiber optic,No
3521-SYVOR,0.3016,Low Risk,Yes,New High-Spend,37,64.75,Month-to-month,Electronic check,DSL,No
4254-QPEDE,0.0321,Low Risk,No,Established High-Value,52,66.25,Two year,Credit card (automatic),DSL,Yes
6283-GITPX,0.026,Low Risk,No,Established High-Value,71,76.9,Two year,Credit card (automatic),DSL,Yes
9526-JAWYF,0.4576,Medium Risk,Yes,New High-Spend,26,89.8,Month-to-month,Electronic check,Fiber optic,No
0771-CHWSK,0.031,Low Risk,No,Established High-Value,66,74.6,Two year,Credit card (automatic),DSL,No
9788-HNGUT,0.035,Low Risk,No,Established High-Value,72,116.95,Two year,Credit card (automatic),Fiber optic,Yes
9495-REDIY,0.06,Low Risk,No,New Budget,25,40.65,One year,Credit card (automatic),DSL,No
5375-XLDOF,0.073,Low Risk,No,Established High-Value,69,114.35,Two year,Bank transfer (automatic),Fiber optic,Yes
1172-VIYBP,0.0314,Low Risk,No,Established High-Value,53,69.7,Two year,Bank transfer (automatic),DSL,No
5649-VUKMC,0.3468,Low Risk,Yes,New High-Spend,12,95.5,One year,Mailed check,Fiber optic,No
6559-PDZLR,0.5105,Medium Risk,No,Established High-Value,26,98.65,Month-to-month,Electronic check,Fiber optic,Yes
8992-OBVDG,0.1145,Low Risk,No,New High-Spend,21,61.65,Month-to-month,Mailed check,DSL,No
4273-MBHYA,0.7506,High Risk,No,New High-Spend,1,89.35,Month-to-month,Electronic check,Fiber optic,No
4724-WXVWF,0.3253,Low Risk,No,Established High-Value,48,95.4,Month-to-month,Electronic check,Fiber optic,Yes
5701-GUXDC,0.04,Low Risk,No,New Budget,26,35.4,One year,Credit card (automatic),DSL,No
1460-UZPRJ,0.0244,Low Risk,No,Established Budget,60,19.95,Two year,Mailed check,No,No
6082-GLJIX,0.0499,Low Risk,No,New Budget,18,19.25,Month-to-month,Mailed check,No,No
5143-EGQFK,0.4445,Medium Risk,Yes,New Budget,10,29.65,Month-to-month,Electronic check,DSL,Yes
4919-IKATY,0.6315,Medium Risk,Yes,New High-Spend,5,84.5,Month-to-month,Electronic check,Fiber optic,No
2495-TTHBQ,0.0401,Low Risk,No,New Budget,4,20.4,One year,Mailed check,No,No
0485-ZBSLN,0.0248,Low Risk,No,Established Budget,65,24.75,Two year,Credit card (automatic),No,No
3810-PJUHR,0.025,Low Risk,No,Established Budget,70,25.35,Two year,Mailed check,No,No
9050-QLROH,0.482,Medium Risk,Yes,New High-Spend,18,90.7,Month-to-month,Credit card (automatic),Fiber optic,No
0847-HGRML,0.0248,Low Risk,No,Established Budget,62,20.0,Two year,Bank transfer (automatic),No,No
8232-CTLKO,0.0375,Low Risk,No,Established Budget,66,59.75,Two year,Electronic check,DSL,No
9227-YBAXE,0.0299,Low Risk,No,Established High-Value,65,82.5,Two year,Bank transfer (automatic),DSL,Yes
6168-WFVVF,0.6601,High Risk,Yes,New High-Spend,3,70.3,Month-to-month,Electronic check,Fiber optic,No
9860-LISIZ,0.0488,Low Risk,No,Established Budget,34,20.35,Month-to-month,Mailed check,No,No
0112-QAWRZ,0.5559,Medium Risk,No,New High-Spend,16,90.8,Month-to-month,Bank transfer (automatic),Fiber optic,No
0877-SDMBN,0.2543,Low Risk,Yes,Established High-Value,54,103.95,One year,Bank transfer (automatic),Fiber optic,No
2786-GCDPI,0.5096,Medium Risk,No,Established High-Value,50,104.95,Month-to-month,Electronic check,Fiber optic,Yes
4043-MKDTV,0.0597,Low Risk,No,Established High-Value,71,105.25,Two year,Electronic check,Fiber optic,Yes
8065-YKXKD,0.6447,Medium Risk,Yes,New High-Spend,10,74.75,Month-to-month,Electronic check,Fiber optic,No
9637-EIHEQ,0.6244,Medium Risk,Yes,New Budget,1,50.8,Month-to-month,Electronic check,DSL,Yes
9229-RQABD,0.0356,Low Risk,No,New Budget,18,23.75,One year,Mailed check,No,No
8313-KTIHG,0.4579,Medium Risk,No,New High-Spend,4,61.3,Month-to-month,Electronic check,DSL,Yes
5320-BRKGK,0.0283,Low Risk,No,Established High-Value,58,75.8,Two year,Mailed check,DSL,Yes
6284-KMNUF,0.2088,Low Risk,No,Established High-Value,56,98.0,One year,Electronic check,Fiber optic,No
9689-PTNPG,0.6985,High Risk,Yes,New High-Spend,2,80.25,Month-to-month,Electronic check,Fiber optic,No
9465-RWMXL,0.5397,Medium Risk,Yes,New High-Spend,32,78.9,Month-to-month,Electronic check,Fiber optic,No
6229-UOLQL,0.0439,Low Risk,No,Established High-Value,56,52.0,One year,Mailed check,DSL,Yes
2362-IBOOY,0.5763,Medium Risk,Yes,New High-Spend,36,84.75,Month-to-month,Electronic check,Fiber optic,No
3137-LUPIX,0.4298,Medium Risk,No,New High-Spend,4,64.4,Month-to-month,Mailed check,DSL,Yes
0843-WTBXE,0.2668,Low Risk,Yes,New High-Spend,53,85.45,Month-to-month,Bank transfer (automatic),Fiber optic,No
6143-JQKEA,0.2657,Low Risk,No,New Budget,10,45.8,Month-to-month,Credit card (automatic),DSL,No
8676-OOQEJ,0.4805,Medium Risk,No,New Budget,4,30.5,Month-to-month,Electronic check,DSL,Yes
5515-IDEJJ,0.3485,Low Risk,Yes,New Budget,1,19.9,Month-to-month,Mailed check,No,No
9701-CDXHR,0.1281,Low Risk,No,Established Budget,51,69.15,Month-to-month,Mailed check,Fiber optic,No
7450-NWRTR,0.7201,High Risk,Yes,New High-Spend,12,99.45,Month-to-month,Electronic check,Fiber optic,No
8124-NZVGJ,0.162,Low Risk,No,New High-Spend,6,49.25,One year,Mailed check,DSL,Yes
2162-FRZAA,0.0282,Low Risk,No,Established Budget,63,39.35,Two year,Bank transfer (automatic),DSL,Yes
5376-DEQCP,0.7368,High Risk,Yes,New High-Spend,1,70.6,Month-to-month,Electronic check,Fiber optic,No
5118-MUEYH,0.3892,Medium Risk,No,Established High-Value,48,105.1,Month-to-month,Credit card (automatic),Fiber optic,Yes
9095-HFAFX,0.6385,Medium Risk,Yes,New High-Spend,5,81.0,Month-to-month,Credit card (automatic),Fiber optic,No
5627-TVBPP,0.0327,Low Risk,No,Established Budget,35,20.1,One year,Credit card (automatic),No,No
2379-ENZGV,0.6749,High Risk,Yes,New High-Spend,6,84.85,Month-to-month,Electronic check,Fiber optic,No
3936-QQFLL,0.2128,Low Risk,No,New Budget,2,19.75,Month-to-month,Mailed check,No,No
2589-AYCRP,0.0328,Low Risk,No,Established Budget,50,19.75,One year,Bank transfer (automatic),No,No
4067-HLYQI,0.3234,Low Risk,No,New High-Spend,33,70.4,Month-to-month,Bank transfer (automatic),Fiber optic,No
5124-EOGYE,0.0256,Low Risk,No,New Budget,31,20.45,Two year,Mailed check,No,No
5057-RKGLH,0.0271,Low Risk,No,New Budget,9,20.35,Two year,Mailed check,No,No
0292-WEGCH,0.1472,Low Risk,No,Established High-Value,54,86.2,Month-to-month,Electronic check,DSL,Yes
8910-ICHIU,0.0912,Low Risk,No,Established High-Value,46,95.65,One year,Credit card (automatic),Fiber optic,No
4097-YODCF,0.2895,Low Risk,No,Established High-Value,34,103.8,One year,Electronic check,Fiber optic,No
9715-WZCLW,0.0514,Low Risk,No,Established High-Value,71,97.2,Two year,Electronic check,Fiber optic,No
9786-YWNHU,0.0266,Low Risk,No,Established High-Value,63,63.55,Two year,Mailed check,DSL,Yes
6407-GSJNL,0.026,Low Risk,No,Established Budget,51,24.95,Two year,Bank transfer (automatic),No,No
6005-OBZPH,0.5919,Medium Risk,Yes,New High-Spend,26,89.15,Month-to-month,Electronic check,Fiber optic,No
4049-ZPALD,0.0539,Low Risk,No,Established High-Value,64,99.0,Two year,Bank transfer (automatic),Fiber optic,No
7932-WPTDS,0.7098,High Risk,Yes,New Budget,1,24.8,Month-to-month,Electronic check,DSL,No
3733-UOCWF,0.048,Low Risk,No,Established High-Value,61,85.55,One year,Bank transfer (automatic),Fiber optic,Yes
6833-JMZYP,0.5956,Medium Risk,No,New High-Spend,15,94.0,Month-to-month,Credit card (automatic),Fiber optic,No
2722-VOJQL,0.2196,Low Risk,Yes,Established High-Value,64,105.65,One year,Credit card (automatic),Fiber optic,Yes
1310-QRITU,0.3299,Low Risk,No,New Budget,18,50.3,Month-to-month,Electronic check,DSL,No
8961-QDZZJ,0.2293,Low Risk,No,Established High-Value,57,95.0,One year,Electronic check,Fiber optic,No
9715-SBVSU,0.0379,Low Risk,No,New High-Spend,14,61.4,Two year,Bank transfer (automatic),DSL,No
8490-BXHEO,0.4945,Medium Risk,No,New High-Spend,18,80.55,Month-to-month,Credit card (automatic),Fiber optic,No
7173-TETGO,0.0267,Low Risk,No,Established Budget,72,78.5,Two year,Bank transfer (automatic),Fiber optic,No
7929-SKFGK,0.0651,Low Risk,No,Established High-Value,70,114.3,Two year,Credit card (automatic),Fiber optic,Yes
2300-RQGOI,0.026,Low Risk,No,Established Budget,38,20.05,Two year,Mailed check,No,No
3563-SVYLG,0.0265,Low Risk,No,Established High-Value,68,62.65,Two year,Credit card (automatic),DSL,Yes
5228-EXCET,0.6475,Medium Risk,Yes,New High-Spend,13,80.85,Month-to-month,Electronic check,Fiber optic,No
6435-VWCCY,0.0423,Low Risk,No,Established High-Value,65,92.7,Two year,Credit card (automatic),Fiber optic,No
4998-IKFSE,0.53,Medium Risk,No,New High-Spend,30,100.45,Month-to-month,Electronic check,Fiber optic,No
8630-QSGXK,0.0345,Low Risk,No,Established High-Value,51,75.2,Two year,Bank transfer (automatic),DSL,Yes
2455-USLMV,0.3357,Low Risk,No,New High-Spend,31,84.75,Month-to-month,Credit card (automatic),Fiber optic,No
7394-FKDNK,0.6375,Medium Risk,Yes,New High-Spend,9,89.45,Month-to-month,Electronic check,Fiber optic,No
9488-FVZCC,0.0258,Low Risk,No,Established High-Value,72,79.5,Two year,Bank transfer (automatic),DSL,Yes
6331-LWDTQ,0.3314,Low Risk,Yes,New High-Spend,10,72.15,Month-to-month,Credit card (automatic),DSL,No
5995-WWKKG,0.0405,Low Risk,No,Established Budget,37,19.8,One year,Electronic check,No,No
1597-FZREH,0.4641,Medium Risk,Yes,New High-Spend,2,76.4,Month-to-month,Electronic check,DSL,Yes
7879-CGSFV,0.1877,Low Risk,No,Established High-Value,55,100.9,One year,Mailed check,Fiber optic,No
9921-EZKBY,0.3525,Medium Risk,No,New High-Spend,33,95.3,Month-to-month,Bank transfer (automatic),Fiber optic,No
7432-FFVAR,0.0754,Low Risk,No,Established High-Value,46,90.95,One year,Bank transfer (automatic),Fiber optic,Yes
7246-ZGQDF,0.4941,Medium Risk,No,New High-Spend,1,54.5,Month-to-month,Electronic check,DSL,Yes
7000-WCEVQ,0.2646,Low Risk,Yes,New High-Spend,20,61.6,Month-to-month,Mailed check,DSL,No
0727-IWKVK,0.6184,Medium Risk,Yes,New High-Spend,9,79.9,Month-to-month,Electronic check,Fiber optic,No
5959-BELXA,0.5422,Medium Risk,Yes,New High-Spend,32,96.15,Month-to-month,Credit card (automatic),Fiber optic,No
4456-RHSNB,0.149,Low Risk,No,New Budget,19,49.6,Month-to-month,Bank transfer (automatic),DSL,No
3512-IZIKN,0.0281,Low Risk,Yes,Established High-Value,70,65.3,Two year,Credit card (automatic),DSL,Yes
2481-SBOYW,0.0258,Low Risk,No,Established Budget,61,25.0,Two year,Credit card (automatic),No,No
7109-MFBYV,0.1412,Low Risk,No,New Budget,26,45.45,Month-to-month,Electronic check,DSL,No
1833-TCXKK,0.4588,Medium Risk,No,Established High-Value,45,107.75,Month-to-month,Bank transfer (automatic),Fiber optic,No
1832-PEUTS,0.038,Low Risk,No,Established High-Value,62,89.1,Two year,Credit card (automatic),Fiber optic,No
6141-OOXUQ,0.3564,Medium Risk,Yes,New Budget,1,19.65,Month-to-month,Mailed check,No,No
8660-BUETV,0.3517,Medium Risk,No,New Budget,3,44.75,Month-to-month,Mailed check,DSL,No
0580-PIQHM,0.1426,Low Risk,No,Established High-Value,41,101.6,One year,Bank transfer (automatic),Fiber optic,No
5696-CEIQJ,0.0632,Low Risk,No,Established High-Value,67,103.15,Two year,Bank transfer (automatic),Fiber optic,Yes
7503-ZGUZJ,0.7342,High Risk,Yes,New High-Spend,1,84.65,Month-to-month,Mailed check,Fiber optic,No
1696-HXOWK,0.0421,Low Risk,No,Established High-Value,71,95.65,One year,Mailed check,Fiber optic,No
3026-ATZYV,0.0674,Low Risk,No,Established High-Value,37,75.1,One year,Bank transfer (automatic),DSL,No
4012-YCFAI,0.0262,Low Risk,No,Established High-Value,60,61.35,Two year,Mailed check,DSL,Yes
2506-TNFCO,0.7451,High Risk,Yes,New High-Spend,1,69.55,Month-to-month,Electronic check,Fiber optic,No
9970-QBCDA,0.0876,Low Risk,No,New Budget,6,19.7,Month-to-month,Credit card (automatic),No,No
8718-PTMEZ,0.4377,Medium Risk,Yes,New Budget,13,31.05,Month-to-month,Electronic check,DSL,No
9496-IVVRP,0.1323,Low Risk,No,New Budget,11,51.0,Month-to-month,Bank transfer (automatic),DSL,No
2207-OBZNX,0.2181,Low Risk,Yes,New Budget,7,51.0,Month-to-month,Mailed check,DSL,No
2657-VPXTA,0.6751,High Risk,No,New High-Spend,10,88.85,Month-to-month,Electronic check,Fiber optic,No
6551-VLJMV,0.0259,Low Risk,No,Established Budget,34,20.05,Two year,Credit card (automatic),No,No
1221-GHZEP,0.028,Low Risk,No,Established High-Value,62,65.1,Two year,Mailed check,DSL,Yes
9289-LBQVU,0.0534,Low Risk,No,Established High-Value,64,70.15,One year,Mailed check,DSL,Yes
6142-VSJQO,0.5866,Medium Risk,Yes,New Budget,1,44.35,Month-to-month,Bank transfer (automatic),DSL,No
3458-IDMFK,0.028,Low Risk,No,New Budget,25,20.75,Two year,Mailed check,No,No
6933-FHBZC,0.0476,Low Risk,No,New High-Spend,26,56.05,One year,Mailed check,DSL,No
0221-NAUXK,0.0374,Low Risk,No,New Budget,10,19.95,One year,Bank transfer (automatic),No,No
9770-KXGQU,0.0828,Low Risk,No,Established High-Value,53,98.6,One year,Mailed check,Fiber optic,No
6437-UKHMV,0.6608,High Risk,Yes,New High-Spend,7,79.7,Month-to-month,Electronic check,Fiber optic,No
6538-POCHL,0.3649,Medium Risk,No,New High-Spend,33,79.0,Month-to-month,Credit card (automatic),Fiber optic,No
6726-NNFWD,0.0322,Low Risk,No,Established High-Value,71,89.45,Two year,Credit card (automatic),Fiber optic,No
3002-WQZWT,0.521,Medium Risk,No,New High-Spend,29,74.2,Month-to-month,Electronic check,Fiber optic,No
4277-UDIEF,0.1177,Low Risk,No,New High-Spend,24,81.0,Month-to-month,Bank transfer (automatic),DSL,Yes
1208-NBVFH,0.2902,Low Risk,No,New Budget,20,49.6,Month-to-month,Electronic check,DSL,No
4912-PIGUY,0.7551,High Risk,No,New High-Spend,1,84.6,Month-to-month,Electronic check,Fiber optic,No
1114-CENIM,0.1131,Low Risk,Yes,Established Budget,54,55.0,Month-to-month,Credit card (automatic),DSL,No
6060-DRTNL,0.6676,High Risk,Yes,New High-Spend,5,84.85,Month-to-month,Mailed check,Fiber optic,No
2725-TTRIQ,0.0269,Low Risk,No,Established High-Value,72,84.2,Two year,Bank transfer (automatic),DSL,Yes
3374-TTZTK,0.1092,Low Risk,No,Established High-Value,52,106.3,Two year,Electronic check,Fiber optic,Yes
8990-ZXLSU,0.5095,Medium Risk,No,New High-Spend,9,69.05,Month-to-month,Electronic check,Fiber optic,No
2275-RBYQS,0.5956,Medium Risk,No,New Budget,1,45.4,Month-to-month,Mailed check,DSL,No
8473-VUVJN,0.7499,High Risk,Yes,New High-Spend,1,73.65,Month-to-month,Electronic check,Fiber optic,No
6289-CPNLD,0.0889,Low Risk,Yes,Established High-Value,33,73.9,One year,Mailed check,DSL,Yes
5536-SLHPM,0.3367,Low Risk,Yes,Established Budget,55,77.75,Month-to-month,Electronic check,Fiber optic,No
4419-UJMUS,0.0952,Low Risk,No,Established High-Value,69,99.35,Two year,Electronic check,Fiber optic,Yes
7794-JASDG,0.5279,Medium Risk,No,New Budget,1,50.75,Month-to-month,Mailed check,DSL,No
7609-YBPXG,0.0321,Low Risk,No,Established High-Value,54,87.1,Two year,Bank transfer (automatic),DSL,Yes
5519-TEEUH,0.031,Low Risk,No,New Budget,33,20.15,One year,Mailed check,No,No
7856-GANIL,0.1415,Low Risk,No,Established High-Value,45,98.7,One year,Bank transfer (automatic),Fiber optic,Yes
0804-XBFBV,0.261,Low Risk,No,New Budget,11,25.2,Month-to-month,Electronic check,DSL,No
2676-OXPPQ,0.2597,Low Risk,No,New High-Spend,6,55.7,Month-to-month,Bank transfer (automatic),DSL,No
3703-TTEPD,0.1031,Low Risk,No,New High-Spend,21,65.35,Month-to-month,Bank transfer (automatic),DSL,No
2799-TSLAG,0.026,Low Risk,No,Established Budget,65,25.3,Two year,Bank transfer (automatic),No,No
0196-VULGZ,0.7002,High Risk,Yes,New High-Spend,6,84.35,Month-to-month,Electronic check,Fiber optic,No
8837-VVWLQ,0.5806,Medium Risk,Yes,New High-Spend,8,84.95,Month-to-month,Electronic check,Fiber optic,No
2696-NARTR,0.5705,Medium Risk,Yes,New High-Spend,11,73.85,Month-to-month,Electronic check,Fiber optic,Yes
2208-NKVVH,0.0256,Low Risk,No,Established Budget,43,24.25,Two year,Mailed check,No,No
7614-QVWQL,0.1285,Low Risk,Yes,Established High-Value,49,51.8,One year,Bank transfer (automatic),DSL,No
1976-CFOCS,0.6328,Medium Risk,Yes,New Budget,1,46.0,Month-to-month,Electronic check,DSL,No
4631-OACRM,0.6528,High Risk,Yes,New High-Spend,15,79.4,Month-to-month,Electronic check,Fiber optic,No
7139-JZFVG,0.0268,Low Risk,No,Established High-Value,60,60.5,Two year,Bank transfer (automatic),DSL,No
4987-GQWPO,0.1687,Low Risk,No,New Budget,17,25.1,Month-to-month,Credit card (automatic),DSL,No
3755-JBMNH,0.5121,Medium Risk,Yes,New High-Spend,16,71.8,Month-to-month,Bank transfer (automatic),Fiber optic,No
1757-TCATG,0.0289,Low Risk,No,Established Budget,35,20.05,One year,Bank transfer (automatic),No,No
6345-ULYRW,0.1394,Low Risk,Yes,New High-Spend,44,88.4,One year,Mailed check,Fiber optic,No
4776-XSKYQ,0.0534,Low Risk,No,New Budget,12,30.25,One year,Credit card (automatic),DSL,Yes
8048-DSDFQ,0.3775,Medium Risk,No,New Budget,1,20.2,Month-to-month,Mailed check,No,No
5753-QQWPW,0.0554,Low Risk,No,New High-Spend,28,59.9,One year,Electronic check,DSL,Yes
6010-DDPPW,0.0264,Low Risk,No,Established Budget,70,25.15,Two year,Bank transfer (automatic),No,No
1809-DMJHQ,0.3576,Medium Risk,Yes,New Budget,5,46.0,Month-to-month,Mailed check,DSL,No
6693-FRIRW,0.431,Medium Risk,No,New High-Spend,18,101.3,Month-to-month,Credit card (automatic),Fiber optic,No
6586-MYGKD,0.0324,Low Risk,No,Established High-Value,70,76.95,Two year,Credit card (automatic),DSL,Yes
3173-NVMPX,0.2562,Low Risk,No,New High-Spend,9,55.3,Month-to-month,Mailed check,DSL,No
0248-PGHBZ,0.0364,Low Risk,No,Established High-Value,67,92.45,Two year,Bank transfer (automatic),Fiber optic,Yes
0623-GDISB,0.5242,Medium Risk,No,New Budget,1,48.45,Month-to-month,Bank transfer (automatic),DSL,No
2892-GESUL,0.0279,Low Risk,No,New Budget,18,19.35,Two year,Mailed check,No,No
6923-EFPNL,0.418,Medium Risk,Yes,New Budget,4,51.75,Month-to-month,Credit card (automatic),DSL,No
7472-EQOAV,0.0347,Low Risk,No,Established High-Value,71,86.7,One year,Bank transfer (automatic),Fiber optic,No
9574-RKJIF,0.5141,Medium Risk,Yes,New High-Spend,30,94.4,Month-to-month,Electronic check,Fiber optic,No
2043-WVTQJ,0.4543,Medium Risk,No,New High-Spend,1,55.7,Month-to-month,Mailed check,DSL,No
8034-RYTVV,0.0509,Low Risk,No,Established High-Value,55,84.25,One year,Credit card (automatic),Fiber optic,No
3863-QSTYI,0.1355,Low Risk,No,Established High-Value,59,64.65,Month-to-month,Electronic check,DSL,Yes
2619-WFQWU,0.7064,High Risk,Yes,New High-Spend,1,70.15,Month-to-month,Mailed check,Fiber optic,No
5044-LRQAQ,0.5724,Medium Risk,No,New High-Spend,7,69.2,Month-to-month,Bank transfer (automatic),Fiber optic,No
1716-LSAMB,0.0282,Low Risk,No,Established Budget,45,54.65,Two year,Bank transfer (automatic),DSL,Yes
1333-PBMXB,0.0328,Low Risk,No,Established Budget,54,24.75,One year,Bank transfer (automatic),No,No
6546-OPBBH,0.0327,Low Risk,No,Established Budget,51,23.95,One year,Mailed check,No,No
5985-BEHZK,0.0939,Low Risk,No,Established High-Value,72,105.0,One year,Credit card (automatic),Fiber optic,No
9127-QRZMH,0.0438,Low Risk,No,Established High-Value,44,59.85,One year,Bank transfer (automatic),DSL,Yes
5919-VCZYM,0.1236,Low Risk,No,New Budget,2,20.05,Month-to-month,Mailed check,No,No
9644-KVCNC,0.0766,Low Risk,No,Established High-Value,66,92.15,One year,Bank transfer (automatic),Fiber optic,No
2137-DQMEV,0.0388,Low Risk,No,Established Budget,68,44.8,One year,Mailed check,DSL,No
8174-LNWMW,0.0258,Low Risk,No,New Budget,31,20.9,Two year,Credit card (automatic),No,No
9279-CJEOJ,0.5696,Medium Risk,No,New High-Spend,21,95.4,Month-to-month,Bank transfer (automatic),Fiber optic,No
7964-VEXDG,0.3805,Medium Risk,No,New High-Spend,21,80.35,Month-to-month,Electronic check,Fiber optic,No
2404-JIBFC,0.0318,Low Risk,No,Established High-Value,55,85.1,Two year,Bank transfer (automatic),DSL,Yes
0778-NELLA,0.3812,Medium Risk,Yes,New Budget,9,34.7,Month-to-month,Credit card (automatic),DSL,No
8029-XYPWT,0.0442,Low Risk,No,Established High-Value,71,115.05,Two year,Bank transfer (automatic),Fiber optic,Yes
4614-NUVZD,0.7439,High Risk,Yes,New High-Spend,1,81.1,Month-to-month,Electronic check,Fiber optic,No
4632-PAOYU,0.0314,Low Risk,No,New Budget,22,19.95,One year,Mailed check,No,No
3803-KMQFW,0.3289,Low Risk,Yes,New Budget,1,20.55,Month-to-month,Mailed check,No,No
6804-GDMOI,0.1416,Low Risk,Yes,Established High-Value,61,106.6,Two year,Electronic check,Fiber optic,Yes
2990-OGYTD,0.032,Low Risk,No,Established High-Value,67,86.15,Two year,Bank transfer (automatic),DSL,Yes
6646-JPPHA,0.4939,Medium Risk,No,New High-Spend,14,78.85,Month-to-month,Electronic check,Fiber optic,No
9572-MTILT,0.3224,Low Risk,Yes,Established High-Value,59,106.75,Month-to-month,Electronic check,Fiber optic,Yes
7658-UYUQS,0.3679,Medium Risk,No,New High-Spend,21,86.55,Month-to-month,Bank transfer (automatic),Fiber optic,No
7880-XSOJX,0.304,Low Risk,No,New High-Spend,4,42.4,Month-to-month,Mailed check,DSL,Yes
9611-CTWIH,0.6873,High Risk,Yes,New High-Spend,3,89.45,Month-to-month,Electronic check,Fiber optic,No
4589-IUAJB,0.0251,Low Risk,No,Established Budget,70,24.25,Two year,Bank transfer (automatic),No,No
0329-GTIAJ,0.6883,High Risk,Yes,New High-Spend,3,97.9,Month-to-month,Electronic check,Fiber optic,Yes
8746-BFOAJ,0.0371,Low Risk,No,New Budget,21,20.5,One year,Bank transfer (automatic),No,No
8457-XIGKN,0.0633,Low Risk,No,New Budget,20,19.6,Month-to-month,Credit card (automatic),No,No
6072-NUQCB,0.0308,Low Risk,No,New Budget,22,20.25,One year,Bank transfer (automatic),No,No
6629-CZTTH,0.6111,Medium Risk,Yes,New Budget,1,55.7,Month-to-month,Mailed check,DSL,No
8838-GPHZP,0.0256,Low Risk,No,Established Budget,63,20.6,Two year,Mailed check,No,No
8750-QWZAJ,0.0253,Low Risk,No,Established Budget,70,19.8,Two year,Bank transfer (automatic),No,No
5364-EVNIB,0.6273,Medium Risk,Yes,New High-Spend,13,79.8,Month-to-month,Electronic check,Fiber optic,No
6918-UMQCG,0.63,Medium Risk,No,New High-Spend,5,80.2,Month-to-month,Electronic check,Fiber optic,No
0675-NCDYU,0.0323,Low Risk,No,Established High-Value,72,116.4,Two year,Credit card (automatic),Fiber optic,Yes
6339-DKLMK,0.4291,Medium Risk,No,New Budget,13,31.65,Month-to-month,Electronic check,DSL,No
1346-PJWTK,0.1522,Low Risk,No,Established High-Value,61,94.15,Month-to-month,Credit card (automatic),Fiber optic,Yes
5088-QZLRL,0.4034,Medium Risk,No,New Budget,1,20.65,Month-to-month,Electronic check,No,No
8023-QHAIO,0.1844,Low Risk,No,Established Budget,56,76.85,Month-to-month,Bank transfer (automatic),Fiber optic,Yes
4397-FRLTA,0.1109,Low Risk,No,New Budget,4,20.15,Month-to-month,Mailed check,No,No
3057-VJJQE,0.0291,Low Risk,No,Established Budget,35,55.25,Two year,Mailed check,DSL,No
5087-SUURX,0.4482,Medium Risk,Yes,New Budget,18,39.05,Month-to-month,Electronic check,DSL,No
2302-OUZXB,0.0301,Low Risk,No,Established High-Value,72,82.15,Two year,Bank transfer (automatic),DSL,No
8133-ANHHJ,0.1739,Low Risk,No,Established High-Value,49,103.0,One year,Bank transfer (automatic),Fiber optic,Yes
2270-CHBFN,0.1994,Low Risk,No,Established High-Value,44,95.1,Month-to-month,Credit card (automatic),Fiber optic,Yes
0013-EXCHZ,0.648,Medium Risk,Yes,New High-Spend,3,83.9,Month-to-month,Mailed check,Fiber optic,Yes
5982-FPVQN,0.4903,Medium Risk,No,Established High-Value,37,95.15,Month-to-month,Electronic check,Fiber optic,No
9107-UKCKY,0.1126,Low Risk,No,Established High-Value,61,79.8,One year,Electronic check,DSL,No
4654-ULTTN,0.0299,Low Risk,No,Established High-Value,70,74.8,Two year,Credit card (automatic),DSL,Yes
5550-VFRLC,0.7447,High Risk,Yes,New High-Spend,1,69.85,Month-to-month,Electronic check,Fiber optic,No
5546-BYZSM,0.0538,Low Risk,No,Established Budget,41,20.45,Month-to-month,Electronic check,No,No
1492-KGETH,0.0472,Low Risk,No,Established High-Value,70,78.35,One year,Bank transfer (automatic),DSL,Yes
4929-BSTRX,0.6166,Medium Risk,Yes,New Budget,1,53.55,Month-to-month,Mailed check,DSL,No
4163-HFTUK,0.0339,Low Risk,No,Established Budget,51,19.1,One year,Electronic check,No,No
8215-NGSPE,0.0258,Low Risk,No,Established Budget,42,20.0,Two year,Mailed check,No,No
2225-ZRGSG,0.0424,Low Risk,Yes,Established High-Value,70,93.9,Two year,Bank transfer (automatic),Fiber optic,Yes
8859-YSTWS,0.0293,Low Risk,No,Established Budget,48,19.95,One year,Bank transfer (automatic),No,No
5271-YNWVR,0.0777,Low Risk,Yes,Established High-Value,68,113.15,Two year,Electronic check,Fiber optic,Yes
7601-DHFWZ,0.0261,Low Risk,No,Established Budget,48,24.0,Two year,Credit card (automatic),No,No
2657-ALMWY,0.4732,Medium Risk,Yes,New High-Spend,26,84.95,Month-to-month,Electronic check,Fiber optic,No
6330-JKLPC,0.5858,Medium Risk,Yes,New High-Spend,11,80.5,Month-to-month,Bank transfer (automatic),Fiber optic,No
4667-OHGKG,0.42,Medium Risk,Yes,New Budget,1,19.3,Month-to-month,Mailed check,No,No
1998-VHJHK,0.029,Low Risk,No,New Budget,27,19.15,One year,Mailed check,No,No
1707-HABPF,0.0947,Low Risk,No,Established High-Value,46,91.3,One year,Bank transfer (automatic),Fiber optic,No
1660-HSOOQ,0.5923,Medium Risk,Yes,New Budget,1,49.65,Month-to-month,Mailed check,DSL,No
7253-UVNDW,0.0314,Low Risk,Yes,Established Budget,46,54.35,Two year,Credit card (automatic),DSL,Yes
0487-VVUVK,0.0665,Low Risk,No,New Budget,25,19.15,Month-to-month,Mailed check,No,No
7228-OMTPN,0.7075,High Risk,Yes,New High-Spend,4,88.45,Month-to-month,Electronic check,Fiber optic,No
5063-IUOKK,0.0266,Low Risk,No,New Budget,13,19.75,Two year,Mailed check,No,No
4508-OEBEY,0.0587,Low Risk,No,Established High-Value,31,75.5,One year,Credit card (automatic),DSL,Yes
0027-KWYKW,0.5678,Medium Risk,No,New High-Spend,23,83.75,Month-to-month,Electronic check,Fiber optic,No
2308-STERM,0.1388,Low Risk,No,New Budget,2,19.4,Month-to-month,Mailed check,No,No
5982-XMDEX,0.0255,Low Risk,No,Established Budget,65,26.5,Two year,Bank transfer (automatic),No,No
6284-AHOOQ,0.4255,Medium Risk,Yes,New High-Spend,22,90.5,Month-to-month,Bank transfer (automatic),Fiber optic,Yes
6051-PTVNS,0.0299,Low Risk,No,Established Budget,55,19.15,One year,Credit card (automatic),No,No
2344-JMOGN,0.5906,Medium Risk,Yes,New High-Spend,9,94.85,Month-to-month,Mailed check,Fiber optic,Yes
3799-ISUZQ,0.5166,Medium Risk,Yes,New High-Spend,7,69.95,Month-to-month,Bank transfer (automatic),Fiber optic,No
2877-VDUER,0.0459,Low Risk,No,Established Budget,35,40.9,One year,Mailed check,DSL,Yes
9152-AMKAK,0.0391,Low Risk,No,New High-Spend,6,80.25,Two year,Mailed check,DSL,Yes
1794-HBQTJ,0.5206,Medium Risk,Yes,New Budget,1,48.6,Month-to-month,Credit card (automatic),DSL,No
9432-VOFYX,0.5973,Medium Risk,No,New High-Spend,17,70.8,Month-to-month,Electronic check,Fiber optic,No
8049-WJCLQ,0.2022,Low Risk,No,New High-Spend,10,60.2,Month-to-month,Mailed check,DSL,No
6586-PSJOX,0.0481,Low Risk,No,New High-Spend,15,55.2,One year,Credit card (automatic),DSL,Yes
2460-FPSYH,0.3046,Low Risk,Yes,Established High-Value,40,55.8,Month-to-month,Electronic check,DSL,No
9705-ZJBCG,0.0526,Low Risk,No,New High-Spend,13,54.15,One year,Bank transfer (automatic),DSL,Yes
4818-DRBQT,0.3814,Medium Risk,Yes,New High-Spend,29,80.15,Month-to-month,Bank transfer (automatic),Fiber optic,No
1320-HTRDR,0.6931,High Risk,Yes,New High-Spend,3,75.5,Month-to-month,Electronic check,Fiber optic,No
6847-KJLTS,0.3012,Low Risk,No,Established High-Value,58,100.4,Month-to-month,Bank transfer (automatic),Fiber optic,Yes
9670-BPNXF,0.0454,Low Risk,No,Established High-Value,45,62.55,One year,Credit card (automatic),DSL,Yes
3913-FCUUW,0.0252,Low Risk,No,Established High-Value,72,70.45,Two year,Bank transfer (automatic),DSL,Yes
3301-VKTGC,0.0437,Low Risk,No,Established High-Value,68,85.5,One year,Bank transfer (automatic),Fiber optic,No
1493-AMTIE,0.458,Medium Risk,Yes,New Budget,1,20.2,Month-to-month,Bank transfer (automatic),No,No
9555-SAHUZ,0.1273,Low Risk,No,New High-Spend,38,54.5,Month-to-month,Electronic check,DSL,No
0816-TSPHQ,0.1231,Low Risk,No,New Budget,2,20.75,Month-to-month,Mailed check,No,No
9932-WBWIK,0.0899,Low Risk,No,New Budget,11,20.35,Month-to-month,Mailed check,No,No
4619-EVPHY,0.2529,Low Risk,No,New High-Spend,20,91.0,One year,Bank transfer (automatic),Fiber optic,No
5286-YHCVC,0.0464,Low Risk,No,Established High-Value,72,104.8,Two year,Bank transfer (automatic),Fiber optic,No
6424-ELEYH,0.6467,Medium Risk,Yes,New High-Spend,3,74.75,Month-to-month,Credit card (automatic),Fiber optic,No
4391-RESHN,0.4994,Medium Risk,Yes,Established High-Value,23,104.05,Month-to-month,Mailed check,Fiber optic,Yes
9115-YQHGA,0.1632,Low Risk,No,Established Budget,40,51.1,Month-to-month,Electronic check,DSL,Yes
4462-CYWMH,0.219,Low Risk,No,Established High-Value,62,89.8,Month-to-month,Bank transfer (automatic),Fiber optic,No
8963-MQVYN,0.0865,Low Risk,No,New Budget,22,20.55,Month-to-month,Electronic check,No,No
2458-EOMRE,0.1505,Low Risk,No,New High-Spend,11,64.05,Month-to-month,Bank transfer (automatic),DSL,No
9334-GWGOW,0.6756,High Risk,No,New High-Spend,7,74.85,Month-to-month,Electronic check,Fiber optic,No
6821-BUXUX,0.6582,High Risk,Yes,New High-Spend,13,96.65,Month-to-month,Electronic check,Fiber optic,No
5028-HTLJB,0.4574,Medium Risk,Yes,New Budget,1,20.05,Month-to-month,Mailed check,No,No
9801-GDWGV,0.5719,Medium Risk,Yes,Established High-Value,39,103.45,Month-to-month,Electronic check,Fiber optic,No
6542-LWGXJ,0.3908,Medium Risk,No,New Budget,3,25.0,Month-to-month,Mailed check,DSL,No
5567-GZKQY,0.0266,Low Risk,No,Established Budget,58,20.3,Two year,Credit card (automatic),No,No
1222-LRYKO,0.1055,Low Risk,No,New Budget,6,26.35,Month-to-month,Mailed check,No,No
2320-JRSDE,0.506,Medium Risk,Yes,New Budget,1,19.9,Month-to-month,Electronic check,No,No
2087-QAREY,0.1725,Low Risk,No,New High-Spend,22,54.7,Month-to-month,Mailed check,DSL,No
0601-WZHJF,0.3688,Medium Risk,Yes,New High-Spend,14,46.35,Month-to-month,Electronic check,DSL,No
4423-JWZJN,0.0744,Low Risk,No,Established High-Value,64,90.25,One year,Credit card (automatic),Fiber optic,No
5143-WMWOG,0.4414,Medium Risk,Yes,New Budget,1,19.95,Month-to-month,Electronic check,No,No
6490-FGZAT,0.0667,Low Risk,No,New Budget,6,20.65,Month-to-month,Mailed check,No,No
5393-RXQSZ,0.7126,High Risk,Yes,New High-Spend,1,79.6,Month-to-month,Electronic check,Fiber optic,No
7452-FOLON,0.0329,Low Risk,No,Established Budget,39,25.45,One year,Bank transfer (automatic),No,No
2320-TZRRH,0.0305,Low Risk,No,New Budget,20,19.5,One year,Mailed check,No,No
0231-LXVAP,0.7121,High Risk,Yes,New High-Spend,1,75.9,Month-to-month,Electronic check,Fiber optic,Yes
9444-JTXHZ,0.7103,High Risk,Yes,New High-Spend,1,76.2,Month-to-month,Electronic check,Fiber optic,No
4942-VZZOM,0.0403,Low Risk,No,Established Budget,64,66.15,One year,Credit card (automatic),DSL,No
5510-BOIUJ,0.2902,Low Risk,Yes,New Budget,1,19.25,Month-to-month,Mailed check,No,No
7502-BNYGS,0.1867,Low Risk,No,Established High-Value,46,69.1,Month-to-month,Credit card (automatic),DSL,No
4291-HYEBC,0.1427,Low Risk,No,New Budget,28,39.1,One year,Electronic check,DSL,No
6147-CBCRA,0.0478,Low Risk,No,New Budget,33,20.05,Month-to-month,Mailed check,No,No
6047-SUHPR,0.0509,Low Risk,No,New High-Spend,39,59.8,One year,Electronic check,DSL,No
4471-KXAUH,0.4101,Medium Risk,Yes,New High-Spend,42,84.3,Month-to-month,Electronic check,Fiber optic,Yes
9752-ZNQUT,0.6448,Medium Risk,No,New Budget,1,48.6,Month-to-month,Electronic check,DSL,No
7638-QVMVY,0.6615,High Risk,Yes,New High-Spend,7,79.0,Month-to-month,Electronic check,Fiber optic,No
1576-PFZIW,0.0733,Low Risk,No,Established High-Value,70,105.35,Two year,Credit card (automatic),Fiber optic,No
5666-MBJPT,0.0259,Low Risk,No,Established Budget,65,25.1,Two year,Bank transfer (automatic),No,No
7312-XSBAT,0.5174,Medium Risk,No,New Budget,1,49.75,Month-to-month,Electronic check,DSL,No
3096-GKWEB,0.6424,Medium Risk,No,New High-Spend,18,94.75,Month-to-month,Electronic check,Fiber optic,No
2371-JQHZZ,0.6147,Medium Risk,No,New High-Spend,24,93.0,Month-to-month,Electronic check,Fiber optic,No
0674-GCDXG,0.0292,Low Risk,No,Established High-Value,63,71.9,Two year,Bank transfer (automatic),DSL,Yes
1121-QSIVB,0.0879,Low Risk,No,Established High-Value,44,77.55,One year,Mailed check,DSL,No
4396-KLSEH,0.2295,Low Risk,No,New Budget,4,19.85,Month-to-month,Electronic check,No,No
3244-DCJWY,0.7373,High Risk,Yes,New High-Spend,1,70.25,Month-to-month,Electronic check,Fiber optic,No
2824-MYYBN,0.5343,Medium Risk,No,New High-Spend,37,95.25,Month-to-month,Electronic check,Fiber optic,No
0875-CABNR,0.6269,Medium Risk,Yes,New High-Spend,10,84.6,Month-to-month,Credit card (automatic),Fiber optic,No
6345-HOVES,0.152,Low Risk,No,Established Budget,34,25.05,Month-to-month,Bank transfer (automatic),DSL,No
8318-LCNBW,0.0796,Low Risk,No,Established High-Value,35,53.15,One year,Credit card (automatic),DSL,No
6469-QJKZW,0.1553,Low Risk,No,New Budget,4,20.15,Month-to-month,Electronic check,No,No
0147-ESWWR,0.5489,Medium Risk,No,Established High-Value,39,101.25,Month-to-month,Electronic check,Fiber optic,Yes
1217-VASWC,0.2759,Low Risk,No,Established High-Value,43,100.55,One year,Bank transfer (automatic),Fiber optic,No
7812-FZHPE,0.0793,Low Risk,Yes,New Budget,17,24.1,Month-to-month,Mailed check,No,No
6370-ZVHDV,0.0252,Low Risk,No,Established Budget,61,25.3,Two year,Bank transfer (automatic),No,No
5915-DGNVC,0.0627,Low Risk,No,Established High-Value,49,71.8,One year,Electronic check,DSL,No
6260-XLACS,0.0429,Low Risk,No,New Budget,4,19.7,One year,Mailed check,No,No
3566-CAAYU,0.0373,Low Risk,No,Established High-Value,64,49.85,Two year,Electronic check,DSL,Yes
4983-CCWMC,0.6175,Medium Risk,No,New High-Spend,3,69.6,Month-to-month,Mailed check,Fiber optic,No
9103-CXVOK,0.4116,Medium Risk,No,New Budget,1,19.75,Month-to-month,Electronic check,No,No
2896-TBNBE,0.1043,Low Risk,No,New High-Spend,40,80.8,One year,Electronic check,Fiber optic,No
4797-AXPXK,0.5252,Medium Risk,Yes,New High-Spend,1,60.0,Month-to-month,Electronic check,DSL,Yes
5229-PRWKT,0.6749,High Risk,Yes,New High-Spend,8,86.55,Month-to-month,Electronic check,Fiber optic,No
6982-UQZLY,0.5145,Medium Risk,Yes,New Budget,1,20.85,Month-to-month,Mailed check,No,No
2522-WLNSF,0.0545,Low Risk,No,New High-Spend,34,64.2,One year,Bank transfer (automatic),DSL,Yes
3841-CONLJ,0.6483,Medium Risk,No,New Budget,1,35.0,Month-to-month,Electronic check,DSL,No
5057-LCOUI,0.3688,Medium Risk,Yes,New High-Spend,39,50.75,Month-to-month,Electronic check,DSL,No
0193-ESZXP,0.1995,Low Risk,Yes,Established High-Value,58,105.5,One year,Credit card (automatic),Fiber optic,Yes
4475-NVTLU,0.0282,Low Risk,No,Established Budget,45,19.2,Two year,Electronic check,No,No
4369-HTUIF,0.6094,Medium Risk,Yes,New High-Spend,6,85.15,Month-to-month,Bank transfer (automatic),Fiber optic,No
9386-LDCZR,0.0532,Low Risk,No,Established High-Value,43,90.65,One year,Credit card (automatic),Fiber optic,Yes
9585-KKMFD,0.0257,Low Risk,No,Established Budget,41,20.0,Two year,Mailed check,No,No
5399-ZIMKF,0.6485,Medium Risk,No,New High-Spend,5,74.65,Month-to-month,Electronic check,Fiber optic,No
0336-KXKFK,0.0272,Low Risk,No,Established High-Value,72,61.2,Two year,Credit card (automatic),DSL,Yes
5619-XZZKR,0.0402,Low Risk,No,New Budget,4,19.95,One year,Mailed check,No,No
3948-FVVRP,0.1683,Low Risk,No,New High-Spend,9,54.8,Month-to-month,Mailed check,DSL,Yes
5327-XOKKY,0.0332,Low Risk,No,Established High-Value,72,73.45,Two year,Credit card (automatic),DSL,No
0983-TATYJ,0.0424,Low Risk,No,Established Budget,33,51.45,One year,Mailed check,DSL,Yes
1813-JYWTO,0.0258,Low Risk,No,Established Budget,72,80.45,Two year,Bank transfer (automatic),Fiber optic,No
0156-FVPTA,0.212,Low Risk,Yes,New High-Spend,22,54.2,Month-to-month,Electronic check,DSL,Yes
1984-FCOWB,0.274,Low Risk,Yes,Established High-Value,70,109.5,One year,Electronic check,Fiber optic,Yes
0654-HMSHN,0.5353,Medium Risk,Yes,New High-Spend,21,104.4,Month-to-month,Electronic check,Fiber optic,No
6719-OXYBR,0.5495,Medium Risk,No,New High-Spend,15,85.3,Month-to-month,Electronic check,Fiber optic,No
3312-ZWLGF,0.5007,Medium Risk,No,New High-Spend,29,79.3,Month-to-month,Electronic check,Fiber optic,Yes
6476-YHMGA,0.179,Low Risk,No,New High-Spend,15,76.5,Month-to-month,Bank transfer (automatic),DSL,Yes
5287-QWLKY,0.2465,Low Risk,Yes,Established High-Value,71,105.1,Month-to-month,Credit card (automatic),Fiber optic,No
0795-XCCTE,0.0252,Low Risk,No,Established Budget,72,25.4,Two year,Bank transfer (automatic),No,No
0168-XZKBB,0.6016,Medium Risk,No,New High-Spend,19,86.85,Month-to-month,Electronic check,Fiber optic,No
3785-NRHYR,0.3564,Medium Risk,No,New Budget,1,19.65,Month-to-month,Mailed check,No,No
5196-SGOAK,0.7359,High Risk,Yes,New High-Spend,1,75.7,Month-to-month,Electronic check,Fiber optic,No
4537-DKTAL,0.5452,Medium Risk,No,New Budget,2,45.55,Month-to-month,Electronic check,DSL,No
7072-MBHEV,0.6158,Medium Risk,No,New High-Spend,11,78.1,Month-to-month,Credit card (automatic),Fiber optic,No
5602-BVFMK,0.0372,Low Risk,No,New Budget,12,19.3,One year,Mailed check,No,No
6297-NOOPG,0.1139,Low Risk,No,Established High-Value,70,110.5,Two year,Electronic check,Fiber optic,Yes
1891-UAWWU,0.5491,Medium Risk,Yes,New High-Spend,20,90.8,Month-to-month,Electronic check,Fiber optic,No
8204-TIFGJ,0.0644,Low Risk,No,New Budget,23,20.3,Month-to-month,Bank transfer (automatic),No,No
8050-DVOJX,0.0335,Low Risk,No,Established High-Value,49,81.35,Two year,Credit card (automatic),DSL,Yes
6108-OQZDQ,0.7262,High Risk,Yes,New High-Spend,4,97.95,Month-to-month,Electronic check,Fiber optic,No
0363-QJVFX,0.3688,Medium Risk,Yes,Established High-Value,32,108.15,Month-to-month,Credit card (automatic),Fiber optic,Yes
8903-XEBGX,0.6116,Medium Risk,No,New Budget,2,55.3,Month-to-month,Electronic check,DSL,No
8169-SAEJD,0.0344,Low Risk,No,Established High-Value,69,56.55,Two year,Credit card (automatic),DSL,No
9840-DVNDC,0.6221,Medium Risk,Yes,New High-Spend,6,80.5,Month-to-month,Credit card (automatic),Fiber optic,No
1089-XZWHH,0.0267,Low Risk,No,New Budget,24,19.7,Two year,Mailed check,No,No
2325-WINES,0.3335,Low Risk,No,Established High-Value,32,104.05,One year,Credit card (automatic),Fiber optic,No
6064-ZATLR,0.0282,Low Risk,No,New High-Spend,27,52.85,Two year,Bank transfer (automatic),DSL,No
3096-JRDSO,0.4832,Medium Risk,Yes,Established High-Value,27,104.3,Month-to-month,Bank transfer (automatic),Fiber optic,Yes
7824-PANSQ,0.125,Low Risk,No,Established Budget,58,80.65,Month-to-month,Bank transfer (automatic),Fiber optic,Yes
8042-JVNFH,0.7066,High Risk,Yes,New High-Spend,1,71.35,Month-to-month,Mailed check,Fiber optic,No
9648-BCHKM,0.0284,Low Risk,No,New Budget,18,24.65,Two year,Credit card (automatic),No,No
2888-ADFAO,0.0264,Low Risk,No,Established Budget,47,21.3,Two year,Bank transfer (automatic),No,No
8707-HOEDG,0.1054,Low Risk,No,Established High-Value,70,110.2,Two year,Electronic check,Fiber optic,Yes
3374-LXDEV,0.5523,Medium Risk,Yes,New High-Spend,13,89.4,Month-to-month,Electronic check,Fiber optic,Yes
4072-IPYLT,0.081,Low Risk,No,Established Budget,36,51.05,Month-to-month,Credit card (automatic),DSL,No
7167-PCEYD,0.0255,Low Risk,No,Established Budget,67,19.8,Two year,Mailed check,No,No
4936-YPJNK,0.1104,Low Risk,No,New Budget,10,19.9,Month-to-month,Mailed check,No,No
1580-BMCMR,0.5297,Medium Risk,No,New High-Spend,19,87.3,Month-to-month,Electronic check,Fiber optic,No
4817-KEQSP,0.0248,Low Risk,No,Established Budget,71,19.85,Two year,Bank transfer (automatic),No,No
6408-WHTEF,0.0261,Low Risk,No,Established High-Value,72,89.4,Two year,Mailed check,DSL,Yes
9251-AWQGT,0.0259,Low Risk,No,Established Budget,48,20.0,Two year,Mailed check,No,No
8749-CLJXC,0.3695,Medium Risk,No,New Budget,1,20.05,Month-to-month,Mailed check,No,No
7989-VCQOH,0.1405,Low Risk,No,Established High-Value,18,83.25,Month-to-month,Electronic check,DSL,Yes
5049-GLYVG,0.3356,Low Risk,Yes,New Budget,1,20.6,Month-to-month,Mailed check,No,No
4199-QHJNM,0.0726,Low Risk,No,Established High-Value,67,102.9,Two year,Bank transfer (automatic),Fiber optic,Yes
8882-TLVRW,0.0263,Low Risk,No,Established Budget,69,39.1,Two year,Mailed check,DSL,Yes
5883-GTGVD,0.6575,High Risk,Yes,New High-Spend,19,99.95,Month-to-month,Electronic check,Fiber optic,No
5135-GRQJV,0.0329,Low Risk,No,Established High-Value,72,114.5,Two year,Mailed check,Fiber optic,Yes
2384-OVPSA,0.0286,Low Risk,No,Established Budget,38,20.2,Two year,Mailed check,No,No
1371-WEPDS,0.086,Low Risk,No,Established Budget,40,55.8,One year,Electronic check,DSL,No
3580-GICBM,0.0256,Low Risk,No,Established Budget,61,24.2,Two year,Mailed check,No,No
4817-QRJSX,0.5972,Medium Risk,Yes,New High-Spend,10,81.0,Month-to-month,Credit card (automatic),Fiber optic,No
9730-DRTMJ,0.0554,Low Risk,No,New High-Spend,32,72.8,One year,Credit card (automatic),DSL,Yes
4686-UXDML,0.5287,Medium Risk,No,New High-Spend,21,99.85,Month-to-month,Credit card (automatic),Fiber optic,No
3349-ANQNH,0.3025,Low Risk,No,Established High-Value,59,99.5,One year,Electronic check,Fiber optic,No
2398-YPMUR,0.6421,Medium Risk,Yes,New High-Spend,13,70.15,Month-to-month,Electronic check,Fiber optic,No
0932-YIXYU,0.0255,Low Risk,No,Established Budget,47,20.25,Two year,Credit card (automatic),No,No
7480-SPLEF,0.026,Low Risk,No,Established Budget,69,26.0,Two year,Bank transfer (automatic),No,No
7636-XUHWW,0.2495,Low Risk,No,New Budget,2,19.9,Month-to-month,Credit card (automatic),No,No
1431-CYWMH,0.0523,Low Risk,No,New Budget,22,19.05,Month-to-month,Bank transfer (automatic),No,No
5937-EORGB,0.6323,Medium Risk,No,New High-Spend,15,96.5,Month-to-month,Electronic check,Fiber optic,No
6349-JDHQP,0.0266,Low Risk,No,Established Budget,53,19.85,Two year,Credit card (automatic),No,No
5539-HIVAK,0.0716,Low Risk,No,New Budget,28,25.7,Month-to-month,Mailed check,No,No
5847-MXBEO,0.0295,Low Risk,No,New Budget,22,20.3,One year,Mailed check,No,No
9985-MWVIX,0.7064,High Risk,Yes,New High-Spend,1,70.15,Month-to-month,Mailed check,Fiber optic,No
4583-PARNH,0.5578,Medium Risk,No,New High-Spend,16,91.55,Month-to-month,Electronic check,Fiber optic,Yes
1116-FRYVH,0.0275,Low Risk,No,Established Budget,48,39.4,Two year,Mailed check,DSL,Yes
1421-HCERK,0.3967,Medium Risk,No,Established High-Value,30,105.7,Month-to-month,Bank transfer (automatic),Fiber optic,Yes
9633-XQABV,0.6443,Medium Risk,No,New High-Spend,3,70.25,Month-to-month,Electronic check,Fiber optic,No
0716-BQNDX,0.0546,Low Risk,No,Established High-Value,57,93.75,Two year,Electronic check,Fiber optic,Yes
1265-XTECC,0.1167,Low Risk,Yes,Established High-Value,68,96.55,One year,Credit card (automatic),Fiber optic,No
1183-CANVH,0.0505,Low Risk,No,New High-Spend,23,60.0,One year,Bank transfer (automatic),DSL,Yes
1972-XMUWV,0.0295,Low Risk,No,Established Budget,65,59.8,Two year,Credit card (automatic),DSL,Yes
8679-LZBMD,0.1683,Low Risk,No,New High-Spend,44,90.65,One year,Bank transfer (automatic),Fiber optic,No
3407-JMJQQ,0.0506,Low Risk,No,Established High-Value,71,109.0,Two year,Bank transfer (automatic),Fiber optic,No
6252-DFGTK,0.0435,Low Risk,No,New High-Spend,37,68.1,One year,Credit card (automatic),DSL,Yes
1539-LNKHM,0.0667,Low Risk,No,New Budget,12,20.4,Month-to-month,Mailed check,No,No
8645-KOMJQ,0.0334,Low Risk,No,Established High-Value,69,81.95,Two year,Bank transfer (automatic),DSL,Yes
0289-IVARM,0.1184,Low Risk,No,New High-Spend,35,60.55,Month-to-month,Electronic check,DSL,No
9761-XUJWD,0.3163,Low Risk,No,New High-Spend,5,65.6,Month-to-month,Bank transfer (automatic),DSL,Yes
4057-FKCZK,0.036,Low Risk,No,Established Budget,58,82.5,Two year,Bank transfer (automatic),Fiber optic,No
4291-TPNFG,0.0258,Low Risk,No,Established High-Value,72,82.3,Two year,Bank transfer (automatic),DSL,Yes
6087-YPWHO,0.025,Low Risk,No,Established High-Value,72,68.15,Two year,Mailed check,DSL,Yes
3090-QFUVD,0.3239,Low Risk,No,New Budget,1,20.3,Month-to-month,Credit card (automatic),No,No
2237-ZFSMY,0.1462,Low Risk,Yes,Established High-Value,39,95.55,One year,Electronic check,Fiber optic,Yes
1722-LDZJS,0.0306,Low Risk,No,Established Budget,53,20.2,One year,Credit card (automatic),No,No
1818-ESQMW,0.4655,Medium Risk,No,New High-Spend,27,89.2,Month-to-month,Electronic check,Fiber optic,Yes
4871-JTKJF,0.745,High Risk,Yes,New High-Spend,1,69.65,Month-to-month,Electronic check,Fiber optic,No
1415-YFWLT,0.7569,High Risk,Yes,New High-Spend,1,89.3,Month-to-month,Electronic check,Fiber optic,No
7401-RUBNK,0.3291,Low Risk,No,New High-Spend,18,74.8,Month-to-month,Electronic check,Fiber optic,No
0506-YLVKJ,0.0263,Low Risk,No,Established Budget,46,20.2,Two year,Mailed check,No,No
8661-BOYNW,0.027,Low Risk,No,Established High-Value,72,84.4,Two year,Credit card (automatic),DSL,Yes
6711-VTNRE,0.4354,Medium Risk,Yes,Established High-Value,36,87.55,Month-to-month,Electronic check,Fiber optic,Yes
4815-GBTCD,0.6078,Medium Risk,No,New Budget,4,25.15,Month-to-month,Electronic check,DSL,No
2805-AUFQN,0.0264,Low Risk,No,New Budget,25,19.8,Two year,Credit card (automatic),No,No
0980-PVMRC,0.3357,Low Risk,No,New High-Spend,40,50.85,Month-to-month,Electronic check,DSL,No
7233-DRTRF,0.4897,Medium Risk,No,Established High-Value,63,102.4,Month-to-month,Electronic check,Fiber optic,No
3500-RMZLT,0.54,Medium Risk,Yes,New High-Spend,15,96.3,Month-to-month,Mailed check,Fiber optic,Yes
3873-NFTGI,0.2543,Low Risk,No,New High-Spend,14,55.5,Month-to-month,Credit card (automatic),DSL,No
1162-ECVII,0.0417,Low Risk,No,Established High-Value,72,109.75,Two year,Bank transfer (automatic),Fiber optic,Yes
7048-GXDAY,0.5019,Medium Risk,No,Established High-Value,39,106.4,Month-to-month,Electronic check,Fiber optic,No
8571-ZCMCX,0.0371,Low Risk,No,Established High-Value,47,60.0,Two year,Credit card (automatic),DSL,No
1169-WCVAK,0.3216,Low Risk,No,New High-Spend,19,88.8,Month-to-month,Credit card (automatic),Fiber optic,Yes
4548-SDBKE,0.7249,High Risk,Yes,New High-Spend,5,85.2,Month-to-month,Electronic check,Fiber optic,No
8066-POXGX,0.4742,Medium Risk,Yes,New Budget,13,35.1,Month-to-month,Electronic check,DSL,No
7129-CAKJW,0.3985,Medium Risk,No,New High-Spend,17,80.05,Month-to-month,Bank transfer (automatic),Fiber optic,No
8695-ARGXZ,0.5621,Medium Risk,No,New High-Spend,34,75.55,Month-to-month,Electronic check,Fiber optic,No
3570-YUEKJ,0.2324,Low Risk,No,Established Budget,42,49.55,Month-to-month,Electronic check,DSL,No
4143-OOBWZ,0.6912,High Risk,Yes,New High-Spend,5,81.3,Month-to-month,Electronic check,Fiber optic,No
1555-HAPSU,0.0248,Low Risk,No,Established Budget,71,23.9,Two year,Credit card (automatic),No,No
1697-NVVGY,0.1297,Low Risk,No,New High-Spend,19,66.4,Month-to-month,Bank transfer (automatic),DSL,No
7854-EKTJL,0.3258,Low Risk,Yes,New Budget,2,19.6,Month-to-month,Electronic check,No,No
8464-EETCQ,0.025,Low Risk,No,Established Budget,57,18.8,Two year,Credit card (automatic),No,No
2419-FSORS,0.0626,Low Risk,No,Established High-Value,72,108.4,Two year,Electronic check,Fiber optic,Yes
8132-YPVBX,0.6424,Medium Risk,No,New High-Spend,6,85.95,Month-to-month,Mailed check,Fiber optic,No
9102-IAYHT,0.6371,Medium Risk,Yes,New High-Spend,17,85.45,Month-to-month,Electronic check,Fiber optic,No
6754-LZUKA,0.0353,Low Risk,No,Established High-Value,61,80.9,Two year,Bank transfer (automatic),DSL,No
3422-LYEPQ,0.7359,High Risk,Yes,New High-Spend,1,71.0,Month-to-month,Electronic check,Fiber optic,No
8099-MZPUJ,0.0772,Low Risk,No,Established High-Value,48,111.8,Two year,Credit card (automatic),Fiber optic,Yes
0787-LHDYT,0.0888,Low Risk,No,New Budget,16,20.6,Month-to-month,Credit card (automatic),No,No
2642-DTVCO,0.694,High Risk,Yes,New High-Spend,9,85.05,Month-to-month,Electronic check,Fiber optic,No
0374-IOEGQ,0.4942,Medium Risk,No,New Budget,3,44.6,Month-to-month,Electronic check,DSL,No
4361-JEIVL,0.646,Medium Risk,Yes,New Budget,1,44.4,Month-to-month,Electronic check,DSL,No
3197-NNYNB,0.077,Low Risk,No,Established High-Value,65,105.1,Two year,Credit card (automatic),Fiber optic,No
3396-DKDEL,0.0579,Low Risk,No,Established High-Value,70,115.15,Two year,Credit card (automatic),Fiber optic,Yes
1752-OZXFY,0.0375,Low Risk,No,Established Budget,60,59.8,One year,Mailed check,DSL,No
9066-QRSDU,0.0379,Low Risk,No,Established Budget,69,26.3,One year,Electronic check,No,No
9112-WSNPU,0.4515,Medium Risk,No,New High-Spend,35,70.55,Month-to-month,Electronic check,Fiber optic,No
9867-NNXLC,0.0571,Low Risk,No,New Budget,22,20.05,Month-to-month,Mailed check,No,No
5321-NTRKC,0.0352,Low Risk,No,Established High-Value,66,79.85,Two year,Bank transfer (automatic),DSL,No
1363-TXLSL,0.7442,High Risk,Yes,New High-Spend,1,70.3,Month-to-month,Electronic check,Fiber optic,No
9507-EXLTT,0.7198,High Risk,Yes,New High-Spend,1,79.35,Month-to-month,Bank transfer (automatic),Fiber optic,No
3161-GETRM,0.4137,Medium Risk,No,New High-Spend,34,90.05,Month-to-month,Credit card (automatic),Fiber optic,No
0402-OAMEN,0.0245,Low Risk,No,Established Budget,72,24.45,Two year,Bank transfer (automatic),No,No
6933-VLYFX,0.0796,Low Risk,No,Established High-Value,31,59.95,One year,Electronic check,DSL,Yes
6754-WKSHP,0.0336,Low Risk,No,New Budget,30,25.35,One year,Bank transfer (automatic),No,No
9846-GKXAS,0.6502,High Risk,Yes,New High-Spend,9,90.8,Month-to-month,Bank transfer (automatic),Fiber optic,No
6017-PPLPX,0.5038,Medium Risk,Yes,New High-Spend,20,70.45,Month-to-month,Electronic check,Fiber optic,No
4976-LNFVV,0.2941,Low Risk,No,New Budget,19,34.3,Month-to-month,Credit card (automatic),DSL,No
5055-MGMGF,0.4079,Medium Risk,No,Established High-Value,65,105.05,Month-to-month,Electronic check,Fiber optic,No
4641-FROLU,0.0255,Low Risk,No,New Budget,30,19.3,Two year,Mailed check,No,No
2862-JVEOY,0.0356,Low Risk,No,New Budget,6,19.15,One year,Mailed check,No,No
2969-QWUBZ,0.5817,Medium Risk,No,New High-Spend,2,51.4,Month-to-month,Electronic check,DSL,No
9822-BIIGN,0.0992,Low Risk,No,Established High-Value,53,71.85,Month-to-month,Electronic check,DSL,Yes
2077-MPJQO,0.6815,High Risk,No,New High-Spend,7,75.4,Month-to-month,Electronic check,Fiber optic,No
1534-OULXE,0.0361,Low Risk,No,Established Budget,61,49.7,One year,Bank transfer (automatic),DSL,No
7136-RVDTZ,0.1508,Low Risk,Yes,Established Budget,70,45.25,One year,Electronic check,DSL,No
2971-SGAFL,0.3658,Medium Risk,No,New High-Spend,13,78.75,Month-to-month,Electronic check,DSL,No
1480-IVEVR,0.1114,Low Risk,No,New High-Spend,35,81.6,One year,Bank transfer (automatic),Fiber optic,No
2905-KFQUV,0.6188,Medium Risk,No,New High-Spend,2,70.4,Month-to-month,Credit card (automatic),Fiber optic,No
4581-SSPWD,0.6914,High Risk,Yes,New High-Spend,3,75.8,Month-to-month,Electronic check,Fiber optic,No
3370-HXOPH,0.6547,High Risk,No,New High-Spend,3,76.1,Month-to-month,Electronic check,Fiber optic,No
9391-YZEJW,0.1529,Low Risk,No,Established High-Value,62,94.0,One year,Bank transfer (automatic),Fiber optic,No
9958-MEKUC,0.0303,Low Risk,No,Established High-Value,72,103.95,Two year,Credit card (automatic),Fiber optic,Yes
0281-CNTZX,0.0258,Low Risk,No,Established Budget,63,19.95,Two year,Bank transfer (automatic),No,No
6927-WTFIV,0.3747,Medium Risk,Yes,New High-Spend,20,71.3,Month-to-month,Credit card (automatic),Fiber optic,No
4118-CEVPF,0.2242,Low Risk,No,Established High-Value,35,110.8,One year,Bank transfer (automatic),Fiber optic,Yes
3398-ZOUAA,0.5615,Medium Risk,Yes,New High-Spend,21,69.1,Month-to-month,Electronic check,Fiber optic,No
9114-VEPUF,0.1168,Low Risk,No,Established High-Value,62,96.1,One year,Electronic check,Fiber optic,No
7876-BEUTG,0.2438,Low Risk,No,New Budget,15,48.8,Month-to-month,Mailed check,DSL,No
2338-BQEZT,0.0827,Low Risk,No,Established Budget,55,50.55,Month-to-month,Credit card (automatic),DSL,No
9873-MNDKV,0.2497,Low Risk,No,New Budget,11,44.65,Month-to-month,Mailed check,DSL,No
0378-NHQXU,0.5574,Medium Risk,Yes,New High-Spend,17,88.25,Month-to-month,Electronic check,Fiber optic,No
8241-JUIQO,0.0291,Low Risk,No,Established Budget,61,19.45,One year,Bank transfer (automatic),No,No
2194-IIQOF,0.0273,Low Risk,No,Established High-Value,71,89.3,Two year,Credit card (automatic),DSL,Yes
4512-ZUIYL,0.5703,Medium Risk,Yes,New High-Spend,2,70.0,Month-to-month,Bank transfer (automatic),Fiber optic,No
9631-RXVJM,0.026,Low Risk,No,Established Budget,35,19.25,Two year,Mailed check,No,No
9584-EXCDZ,0.3714,Medium Risk,No,New High-Spend,17,70.5,Month-to-month,Bank transfer (automatic),Fiber optic,No
7969-AULMZ,0.6537,High Risk,Yes,New High-Spend,21,97.35,Month-to-month,Electronic check,Fiber optic,No
5093-FEGLU,0.0269,Low Risk,No,Established Budget,47,19.65,Two year,Bank transfer (automatic),No,No
2621-UDNLU,0.1295,Low Risk,No,New Budget,3,20.85,Month-to-month,Mailed check,No,No
7526-IVLYU,0.1547,Low Risk,No,New Budget,3,19.65,Month-to-month,Mailed check,No,No
2428-HYUNX,0.0296,Low Risk,No,Established Budget,44,19.35,Two year,Credit card (automatic),No,No
9214-EKVXR,0.5944,Medium Risk,No,New Budget,1,44.0,Month-to-month,Mailed check,DSL,No
3410-MHHUM,0.1677,Low Risk,No,Established High-Value,44,94.4,One year,Electronic check,Fiber optic,No
0568-ONFPC,0.1863,Low Risk,Yes,New Budget,5,25.9,Month-to-month,Bank transfer (automatic),No,No
0733-VUNUW,0.1173,Low Risk,Yes,New High-Spend,24,55.65,Month-to-month,Bank transfer (automatic),DSL,No
4550-EVXNY,0.7365,High Risk,Yes,New High-Spend,1,69.65,Month-to-month,Electronic check,Fiber optic,No
2122-YWVYA,0.475,Medium Risk,No,New High-Spend,18,75.4,Month-to-month,Electronic check,Fiber optic,No
2968-SSGAA,0.7241,High Risk,Yes,New High-Spend,10,100.6,Month-to-month,Electronic check,Fiber optic,No
2296-DKZFP,0.0288,Low Risk,No,Established High-Value,65,71.0,Two year,Bank transfer (automatic),DSL,No
4844-JJWUY,0.7497,High Risk,Yes,New High-Spend,1,86.0,Month-to-month,Electronic check,Fiber optic,No
6777-TGHTM,0.2609,Low Risk,Yes,Established High-Value,53,106.95,One year,Credit card (automatic),Fiber optic,No
8909-BOLNL,0.0439,Low Risk,No,New Budget,3,21.2,One year,Mailed check,No,No
6603-YRDCJ,0.0306,Low Risk,No,New High-Spend,33,61.05,Two year,Mailed check,DSL,Yes
3538-WZPHD,0.6174,Medium Risk,Yes,New Budget,3,29.6,Month-to-month,Electronic check,DSL,No
3229-USWAR,0.0807,Low Risk,No,Established High-Value,34,79.95,One year,Bank transfer (automatic),DSL,Yes
2138-VFAPZ,0.0295,Low Risk,No,New Budget,14,19.7,Two year,Mailed check,No,No
6131-JLWZM,0.0716,Low Risk,No,New Budget,13,20.3,Month-to-month,Mailed check,No,No
4785-QRJHC,0.1266,Low Risk,Yes,Established High-Value,46,59.9,One year,Bank transfer (automatic),DSL,Yes
0269-XFESX,0.0339,Low Risk,No,New Budget,23,24.35,One year,Mailed check,No,No
1709-EJDOX,0.0252,Low Risk,No,Established Budget,47,19.75,Two year,Mailed check,No,No
4316-XCSLJ,0.1483,Low Risk,No,New Budget,17,50.3,Month-to-month,Mailed check,DSL,No
8610-WFCJF,0.5291,Medium Risk,Yes,Established High-Value,49,95.6,Month-to-month,Electronic check,Fiber optic,No
9693-XMUOB,0.3347,Low Risk,No,Established Budget,59,50.25,Month-to-month,Electronic check,DSL,No
0383-CLDDA,0.0324,Low Risk,No,Established High-Value,69,85.35,Two year,Credit card (automatic),DSL,Yes
4905-JEFDW,0.1651,Low Risk,Yes,New Budget,11,41.6,One year,Electronic check,DSL,No
2709-UQGNP,0.1749,Low Risk,No,New Budget,10,51.65,Month-to-month,Mailed check,DSL,No
3549-ZTMNH,0.034,Low Risk,No,New Budget,12,24.0,Two year,Bank transfer (automatic),No,No
7881-INRLC,0.4813,Medium Risk,Yes,Established High-Value,45,100.85,Month-to-month,Credit card (automatic),Fiber optic,No
8033-ATFAS,0.1709,Low Risk,No,New High-Spend,39,59.85,Month-to-month,Mailed check,DSL,No
1635-NZATJ,0.0256,Low Risk,No,Established Budget,71,25.45,Two year,Credit card (automatic),No,No
0562-HKHML,0.0252,Low Risk,No,Established Budget,71,23.9,Two year,Credit card (automatic),No,No
8277-RVRSV,0.0325,Low Risk,No,New Budget,33,24.15,One year,Credit card (automatic),No,No
9943-VSZUV,0.1776,Low Risk,No,Established Budget,67,75.7,Month-to-month,Mailed check,Fiber optic,No
0117-LFRMW,0.1034,Low Risk,Yes,Established Budget,37,40.2,Month-to-month,Bank transfer (automatic),DSL,No
6172-FECYY,0.4001,Medium Risk,Yes,New High-Spend,49,84.5,Month-to-month,Electronic check,Fiber optic,No
7054-ENNGU,0.1669,Low Risk,No,New Budget,9,50.85,Month-to-month,Mailed check,DSL,No
1455-HFBXA,0.0337,Low Risk,No,Established High-Value,52,91.6,Two year,Credit card (automatic),Fiber optic,Yes
9402-CXWPL,0.1924,Low Risk,No,Established High-Value,70,98.9,One year,Electronic check,Fiber optic,No
1628-BIZYP,0.7422,High Risk,No,New High-Spend,1,85.0,Month-to-month,Electronic check,Fiber optic,No
1965-AKTSX,0.6675,High Risk,Yes,New High-Spend,14,78.95,Month-to-month,Electronic check,Fiber optic,No
0082-LDZUE,0.5929,Medium Risk,No,New Budget,1,44.3,Month-to-month,Mailed check,DSL,No
4786-UKSNZ,0.3775,Medium Risk,Yes,New Budget,1,20.2,Month-to-month,Mailed check,No,No
5343-SGUBI,0.0663,Low Risk,No,New High-Spend,52,80.2,One year,Mailed check,Fiber optic,No
0856-NAOES,0.2491,Low Risk,No,New High-Spend,6,60.9,Month-to-month,Mailed check,DSL,No
1976-AZZPJ,0.1656,Low Risk,No,New Budget,7,34.2,Month-to-month,Mailed check,DSL,No
7248-VZQLC,0.3425,Low Risk,Yes,Established High-Value,47,85.2,Month-to-month,Bank transfer (automatic),Fiber optic,No
6156-UZDLF,0.0662,Low Risk,No,New High-Spend,26,87.15,One year,Credit card (automatic),Fiber optic,Yes
3099-OONVS,0.1168,Low Risk,No,New High-Spend,25,54.3,Month-to-month,Electronic check,DSL,Yes
9500-WBGRP,0.026,Low Risk,No,Established Budget,69,19.1,Two year,Mailed check,No,No
5183-KLYEM,0.0324,Low Risk,No,Established High-Value,72,112.75,Two year,Credit card (automatic),Fiber optic,Yes
5144-PQCDZ,0.1443,Low Risk,No,New Budget,4,19.95,Month-to-month,Mailed check,No,No
8514-VZHEB,0.0257,Low Risk,No,Established Budget,59,19.5,Two year,Mailed check,No,No
6625-IUTTT,0.0296,Low Risk,No,Established High-Value,67,65.55,Two year,Bank transfer (automatic),DSL,No
9355-NPPFS,0.5712,Medium Risk,No,New High-Spend,26,78.8,Month-to-month,Electronic check,Fiber optic,No
0068-FIGTF,0.0735,Low Risk,No,Established High-Value,27,78.2,One year,Mailed check,DSL,Yes
5965-GGPRW,0.039,Low Risk,No,Established High-Value,72,105.25,Two year,Bank transfer (automatic),Fiber optic,No
8035-PWSEV,0.6266,Medium Risk,No,New High-Spend,6,89.25,Month-to-month,Electronic check,Fiber optic,Yes
2236-HILPA,0.0253,Low Risk,No,Established Budget,62,20.65,Two year,Credit card (automatic),No,No
1840-BIUOG,0.0957,Low Risk,No,New High-Spend,20,68.7,One year,Electronic check,DSL,Yes
1356-MKYSK,0.2187,Low Risk,No,New High-Spend,6,78.65,Month-to-month,Credit card (automatic),DSL,Yes
6080-LNESI,0.0262,Low Risk,No,Established Budget,51,24.75,Two year,Mailed check,No,No
1830-IPXVJ,0.0248,Low Risk,No,Established Budget,61,19.75,Two year,Credit card (automatic),No,No
5828-DWPIL,0.213,Low Risk,No,Established High-Value,62,89.1,Month-to-month,Electronic check,Fiber optic,No
8398-TBIYD,0.0261,Low Risk,No,Established High-Value,72,84.7,Two year,Bank transfer (automatic),Fiber optic,Yes
0011-IGKFF,0.6891,High Risk,Yes,New High-Spend,13,98.0,Month-to-month,Electronic check,Fiber optic,No
4192-GORJT,0.7087,High Risk,Yes,New High-Spend,5,94.45,Month-to-month,Electronic check,Fiber optic,No
6496-SLWHQ,0.7271,High Risk,Yes,New High-Spend,3,105.0,Month-to-month,Electronic check,Fiber optic,No
9912-GVSEQ,0.5914,Medium Risk,Yes,New High-Spend,26,93.85,Month-to-month,Electronic check,Fiber optic,No
2931-FSOHN,0.3875,Medium Risk,No,New High-Spend,13,59.9,Month-to-month,Electronic check,DSL,No
9418-RUKPH,0.0267,Low Risk,No,Established Budget,38,19.95,Two year,Mailed check,No,No
5383-MMTWC,0.6879,High Risk,Yes,New High-Spend,8,84.0,Month-to-month,Electronic check,Fiber optic,No
9971-ZWPBF,0.4842,Medium Risk,No,Established High-Value,34,108.9,Month-to-month,Electronic check,Fiber optic,Yes
4712-AUQZO,0.1236,Low Risk,No,New Budget,18,33.6,Month-to-month,Mailed check,DSL,No
9711-FJTBX,0.0472,Low Risk,No,Established High-Value,56,85.85,One year,Mailed check,Fiber optic,Yes
2908-ZTPNF,0.1377,Low Risk,No,Established Budget,36,34.85,Month-to-month,Bank transfer (automatic),DSL,Yes
7240-ETPTR,0.5245,Medium Risk,Yes,New High-Spend,9,48.75,Month-to-month,Electronic check,DSL,No
2202-CUYXZ,0.7491,High Risk,Yes,New High-Spend,1,84.85,Month-to-month,Electronic check,Fiber optic,No
5995-OIGLP,0.1597,Low Risk,Yes,New High-Spend,12,56.65,Month-to-month,Mailed check,DSL,Yes
8421-WZOOW,0.2006,Low Risk,No,Established High-Value,57,95.3,Month-to-month,Credit card (automatic),Fiber optic,Yes
6261-RCVNS,0.0588,Low Risk,Yes,Established High-Value,42,73.9,One year,Credit card (automatic),DSL,Yes
7951-QKZPL,0.0292,Low Risk,Yes,New Budget,33,24.5,Two year,Mailed check,No,No
1414-YADCW,0.0294,Low Risk,No,Established High-Value,70,84.6,Two year,Bank transfer (automatic),Fiber optic,Yes
8756-RDDLT,0.1305,Low Risk,No,Established Budget,68,44.95,Month-to-month,Electronic check,DSL,Yes
2862-PFNIK,0.6505,High Risk,No,New Budget,1,24.7,Month-to-month,Electronic check,DSL,No
5816-QVHRX,0.2923,Low Risk,No,Established High-Value,37,100.3,Month-to-month,Credit card (automatic),Fiber optic,Yes
4430-YHXGG,0.2127,Low Risk,No,New Budget,4,25.45,Month-to-month,Mailed check,No,No
6888-SBYAI,0.5279,Medium Risk,No,New Budget,1,50.7,Month-to-month,Mailed check,DSL,No
7395-XWZOY,0.1249,Low Risk,No,New High-Spend,20,55.0,Month-to-month,Credit card (automatic),DSL,Yes
7169-YWAMK,0.0256,Low Risk,No,Established High-Value,72,68.4,Two year,Bank transfer (automatic),DSL,Yes
3640-PHQXK,0.5646,Medium Risk,Yes,New High-Spend,31,89.9,Month-to-month,Electronic check,Fiber optic,No
6877-LGWXO,0.5262,Medium Risk,Yes,New High-Spend,18,78.55,Month-to-month,Electronic check,Fiber optic,No
6859-RKMZJ,0.2842,Low Risk,No,New High-Spend,11,55.05,Month-to-month,Bank transfer (automatic),DSL,No
2729-VNVAP,0.0264,Low Risk,No,New Budget,33,19.8,Two year,Credit card (automatic),No,No
2957-JIRMN,0.0969,Low Risk,No,Established High-Value,62,84.45,One year,Electronic check,Fiber optic,No
2049-BAFNW,0.5313,Medium Risk,No,New Budget,1,35.9,Month-to-month,Mailed check,DSL,Yes
3842-QTGDL,0.3079,Low Risk,No,New High-Spend,16,80.75,Month-to-month,Bank transfer (automatic),Fiber optic,No
7163-OCEQI,0.1111,Low Risk,No,New High-Spend,22,78.65,One year,Mailed check,DSL,Yes
9782-LGXMC,0.0908,Low Risk,No,Established High-Value,49,61.75,Month-to-month,Bank transfer (automatic),DSL,Yes
5975-BAICR,0.0661,Low Risk,No,New High-Spend,36,63.7,One year,Credit card (automatic),DSL,No
8019-ENHXU,0.4387,Medium Risk,Yes,Established High-Value,42,99.45,Month-to-month,Electronic check,Fiber optic,Yes
5167-GBFRE,0.5516,Medium Risk,Yes,New Budget,4,25.2,Month-to-month,Bank transfer (automatic),DSL,No
9033-EOXWV,0.1351,Low Risk,Yes,New High-Spend,12,74.05,One year,Mailed check,DSL,Yes
4673-KKSLS,0.3216,Low Risk,No,New High-Spend,31,87.6,Month-to-month,Electronic check,Fiber optic,Yes
4853-OITSN,0.6334,Medium Risk,No,New High-Spend,5,89.15,Month-to-month,Electronic check,Fiber optic,No
9800-OUIGR,0.0242,Low Risk,No,Established Budget,66,20.0,Two year,Credit card (automatic),No,No
1324-NLTJE,0.2281,Low Risk,Yes,New High-Spend,15,55.0,Month-to-month,Credit card (automatic),DSL,Yes
2324-EFHVG,0.1027,Low Risk,No,Established High-Value,64,104.4,Two year,Bank transfer (automatic),Fiber optic,No
7094-MSZAO,0.0783,Low Risk,No,New Budget,10,20.05,Month-to-month,Credit card (automatic),No,No
1522-VVDMG,0.6008,Medium Risk,Yes,New High-Spend,7,89.75,Month-to-month,Electronic check,Fiber optic,Yes
6907-CQGPN,0.1553,Low Risk,No,New Budget,29,34.3,Month-to-month,Electronic check,DSL,Yes
0780-XNZFN,0.0268,Low Risk,No,Established Budget,57,20.65,Two year,Bank transfer (automatic),No,No
0239-OXEXL,0.1631,Low Risk,No,Established High-Value,46,84.25,Month-to-month,Mailed check,Fiber optic,No
2675-IJRGJ,0.0265,Low Risk,No,Established Budget,53,19.65,Two year,Bank transfer (automatic),No,No
7049-GKVZY,0.0794,Low Risk,No,New High-Spend,17,79.85,One year,Credit card (automatic),DSL,Yes
8577-QSOCG,0.0266,Low Risk,No,Established Budget,38,20.2,Two year,Mailed check,No,No
3721-CNZHX,0.0327,Low Risk,No,New Budget,15,19.8,One year,Mailed check,No,No
0212-ISBBF,0.4401,Medium Risk,No,New High-Spend,22,50.35,Month-to-month,Electronic check,DSL,No
9185-TQCVP,0.657,High Risk,Yes,New High-Spend,14,85.15,Month-to-month,Electronic check,Fiber optic,No
3585-YNADK,0.0425,Low Risk,No,Established High-Value,57,74.6,One year,Bank transfer (automatic),DSL,Yes
5271-DBYSJ,0.6176,Medium Risk,No,New High-Spend,11,79.15,Month-to-month,Credit card (automatic),Fiber optic,No
1099-GODLO,0.0344,Low Risk,No,New Budget,1,20.35,Two year,Mailed check,No,No
6828-HMKWP,0.0278,Low Risk,No,New Budget,12,21.05,Two year,Bank transfer (automatic),No,No
5567-WSELE,0.7333,High Risk,Yes,New High-Spend,3,94.6,Month-to-month,Electronic check,Fiber optic,No
1472-TNCWL,0.4859,Medium Risk,No,Established High-Value,36,94.7,Month-to-month,Electronic check,Fiber optic,No
8063-RJYNF,0.6026,Medium Risk,Yes,New High-Spend,16,94.25,Month-to-month,Electronic check,Fiber optic,No
0687-ZVTHB,0.0476,Low Risk,Yes,Established High-Value,65,72.45,One year,Credit card (automatic),DSL,No
2080-GKCWQ,0.6254,Medium Risk,No,New High-Spend,2,74.95,Month-to-month,Electronic check,Fiber optic,No
9661-ACXBS,0.5156,Medium Risk,Yes,Established High-Value,42,105.2,Month-to-month,Electronic check,Fiber optic,No
2193-SFWQW,0.031,Low Risk,No,Established High-Value,72,111.95,Two year,Bank transfer (automatic),Fiber optic,Yes
5656-JAMLX,0.0248,Low Risk,No,Established Budget,62,19.85,Two year,Bank transfer (automatic),No,No
3462-BJQQA,0.7077,High Risk,No,New High-Spend,6,89.75,Month-to-month,Electronic check,Fiber optic,No
0442-TDYUO,0.026,Low Risk,No,Established Budget,48,20.05,Two year,Mailed check,No,No
6733-LRIZX,0.1264,Low Risk,No,Established High-Value,35,108.95,Two year,Electronic check,Fiber optic,Yes
9503-XJUME,0.0303,Low Risk,No,Established Budget,52,19.65,One year,Credit card (automatic),No,No
4367-NHWMM,0.6074,Medium Risk,No,New Budget,1,24.9,Month-to-month,Mailed check,DSL,No
3727-RJMEO,0.6901,High Risk,Yes,New High-Spend,6,82.85,Month-to-month,Electronic check,Fiber optic,No
3779-OSWCF,0.0302,Low Risk,No,Established High-Value,71,93.2,Two year,Credit card (automatic),DSL,Yes
6736-DHUQI,0.0399,Low Risk,No,Established High-Value,67,84.8,One year,Bank transfer (automatic),Fiber optic,No
3915-ODIYG,0.0639,Low Risk,No,Established High-Value,60,71.75,One year,Electronic check,DSL,No
1360-RCYRT,0.1495,Low Risk,No,New Budget,23,30.35,Month-to-month,Bank transfer (automatic),DSL,Yes
2724-FJDYW,0.0729,Low Risk,No,Established High-Value,39,54.85,One year,Bank transfer (automatic),DSL,Yes
4451-RWASJ,0.04,Low Risk,No,New Budget,15,19.5,One year,Mailed check,No,No
6646-VRFOL,0.5654,Medium Risk,Yes,Established High-Value,53,103.85,Month-to-month,Electronic check,Fiber optic,No
3460-TJBWI,0.0261,Low Risk,No,New Budget,24,24.2,Two year,Mailed check,No,No
5917-HBSDW,0.0618,Low Risk,No,Established Budget,37,19.35,Month-to-month,Electronic check,No,No
5685-IIXLY,0.6703,High Risk,Yes,New High-Spend,5,83.6,Month-to-month,Electronic check,Fiber optic,No
5671-UUNXD,0.3235,Low Risk,No,Established High-Value,50,100.65,One year,Electronic check,Fiber optic,Yes
0956-ACVZC,0.1931,Low Risk,No,Established High-Value,54,94.1,One year,Credit card (automatic),Fiber optic,No
2325-NBPZG,0.5713,Medium Risk,No,New High-Spend,3,74.55,Month-to-month,Electronic check,Fiber optic,No
4250-ZBWLV,0.2362,Low Risk,Yes,Established High-Value,68,108.45,One year,Electronic check,Fiber optic,Yes
4482-FTFFX,0.3187,Low Risk,No,New High-Spend,5,56.15,Month-to-month,Electronic check,DSL,Yes
8859-DZTGQ,0.0252,Low Risk,No,New Budget,33,20.35,Two year,Mailed check,No,No
0440-MOGPM,0.1553,Low Risk,No,Established High-Value,41,80.55,One year,Electronic check,DSL,No
0020-JDNXP,0.0612,Low Risk,No,Established High-Value,34,61.25,One year,Mailed check,DSL,Yes
3752-CQSJI,0.0855,Low Risk,No,New Budget,13,20.45,Month-to-month,Mailed check,No,No
5025-GOOKI,0.0684,Low Risk,No,New Budget,20,18.9,Month-to-month,Credit card (automatic),No,No
4698-KVLLG,0.0269,Low Risk,No,Established Budget,51,19.6,Two year,Credit card (automatic),No,No
5095-AESKG,0.6576,High Risk,Yes,New High-Spend,3,91.5,Month-to-month,Credit card (automatic),Fiber optic,No
2887-JPYLU,0.0975,Low Risk,No,Established Budget,41,45.2,Month-to-month,Bank transfer (automatic),DSL,No
4770-QAZXN,0.0587,Low Risk,No,New Budget,13,19.45,Month-to-month,Credit card (automatic),No,No
4896-CPRPF,0.0277,Low Risk,No,Established Budget,35,25.45,Two year,Bank transfer (automatic),No,No
1871-MOWRM,0.4207,Medium Risk,Yes,New High-Spend,12,80.85,Month-to-month,Bank transfer (automatic),Fiber optic,Yes
9714-EDSUC,0.5483,Medium Risk,No,New High-Spend,4,94.9,Month-to-month,Mailed check,Fiber optic,Yes
2027-OAQQC,0.2333,Low Risk,Yes,Established Budget,43,49.05,Month-to-month,Bank transfer (automatic),DSL,No
0282-NVSJS,0.2518,Low Risk,No,New Budget,12,29.3,Month-to-month,Mailed check,DSL,Yes
9090-SGQXL,0.5123,Medium Risk,Yes,Established High-Value,68,105.3,Month-to-month,Electronic check,Fiber optic,No
6595-YGXIT,0.6068,Medium Risk,Yes,New High-Spend,25,88.95,Month-to-month,Electronic check,Fiber optic,No
7353-YOWFP,0.0361,Low Risk,No,New Budget,7,20.25,One year,Mailed check,No,No
9835-ZIITK,0.2834,Low Risk,Yes,Established High-Value,66,110.85,One year,Electronic check,Fiber optic,Yes
8008-ESFLK,0.191,Low Risk,No,Established High-Value,53,110.5,One year,Electronic check,Fiber optic,Yes
7537-CBQUZ,0.2822,Low Risk,No,Established High-Value,63,109.4,Month-to-month,Bank transfer (automatic),Fiber optic,No
1555-DJEQW,0.069,Low Risk,Yes,Established High-Value,70,114.2,Two year,Bank transfer (automatic),Fiber optic,Yes
5649-TJHOV,0.2146,Low Risk,Yes,New Budget,27,36.5,Month-to-month,Bank transfer (automatic),DSL,No
0519-XUZJU,0.6724,High Risk,Yes,New High-Spend,1,70.75,Month-to-month,Mailed check,Fiber optic,No
3363-EWLGO,0.1016,Low Risk,No,New Budget,5,19.95,Month-to-month,Mailed check,No,No
4750-UKWJK,0.0342,Low Risk,No,Established Budget,37,19.6,One year,Mailed check,No,No
6338-AVWCY,0.5221,Medium Risk,Yes,New Budget,3,40.15,Month-to-month,Mailed check,DSL,No
1689-YQBYY,0.6481,Medium Risk,No,New High-Spend,12,76.6,Month-to-month,Electronic check,Fiber optic,No
4487-ZYJZK,0.0292,Low Risk,No,Established Budget,38,19.6,One year,Credit card (automatic),No,No
2959-FENLU,0.6021,Medium Risk,No,New High-Spend,9,85.3,Month-to-month,Credit card (automatic),Fiber optic,No
0708-LGSMF,0.2624,Low Risk,No,New High-Spend,13,65.85,Month-to-month,Electronic check,DSL,No
9253-QXKBE,0.6093,Medium Risk,Yes,New High-Spend,29,94.45,Month-to-month,Electronic check,Fiber optic,No
7634-HLQJR,0.0253,Low Risk,No,Established Budget,47,20.05,Two year,Credit card (automatic),No,No
0487-RPVUM,0.1681,Low Risk,No,Established High-Value,61,99.4,Month-to-month,Bank transfer (automatic),Fiber optic,Yes
4079-ULGFR,0.0519,Low Risk,No,New Budget,16,20.0,Month-to-month,Mailed check,No,No
2516-XSJKX,0.037,Low Risk,No,Established High-Value,41,78.45,Two year,Electronic check,DSL,Yes
0057-QBUQH,0.0341,Low Risk,No,Established Budget,43,25.1,Two year,Electronic check,No,No
9445-SZLCH,0.3586,Medium Risk,Yes,Established High-Value,36,97.35,Month-to-month,Bank transfer (automatic),Fiber optic,No
6599-SFQVE,0.4187,Medium Risk,No,New Budget,6,55.0,Month-to-month,Electronic check,DSL,No
8331-ZXFOE,0.0355,Low Risk,No,Established High-Value,58,71.1,One year,Credit card (automatic),DSL,Yes
4003-FUSHP,0.1606,Low Risk,No,New High-Spend,19,61.55,Month-to-month,Credit card (automatic),DSL,Yes
0356-ERHVT,0.2068,Low Risk,No,New Budget,11,45.9,Month-to-month,Bank transfer (automatic),DSL,No
7325-ENZFI,0.0426,Low Risk,No,Established Budget,39,40.3,One year,Bank transfer (automatic),DSL,Yes
4884-ZTHVF,0.6768,High Risk,No,New High-Spend,8,87.1,Month-to-month,Electronic check,Fiber optic,No
3920-HIHMQ,0.1306,Low Risk,No,New Budget,26,49.5,Month-to-month,Mailed check,DSL,No
3055-OYMSE,0.2211,Low Risk,No,Established Budget,53,73.8,Month-to-month,Credit card (automatic),Fiber optic,No
0613-WUXUM,0.0249,Low Risk,No,Established Budget,70,19.2,Two year,Mailed check,No,No
7568-PODML,0.6583,High Risk,Yes,New Budget,1,45.3,Month-to-month,Mailed check,DSL,No
4458-KVRBJ,0.0251,Low Risk,No,Established Budget,59,25.0,Two year,Mailed check,No,No
5349-IECLD,0.669,High Risk,Yes,New High-Spend,2,94.95,Month-to-month,Electronic check,Fiber optic,No
1397-XKKWR,0.0484,Low Risk,No,New Budget,7,35.3,One year,Mailed check,DSL,No
3945-GFWQL,0.3536,Medium Risk,Yes,New Budget,12,44.55,Month-to-month,Electronic check,DSL,No
8097-OMULG,0.0602,Low Risk,No,Established High-Value,59,76.75,One year,Credit card (automatic),DSL,Yes
6013-BHCAW,0.0326,Low Risk,No,Established High-Value,61,81.0,Two year,Bank transfer (automatic),DSL,Yes
0401-WDBXM,0.0365,Low Risk,No,Established High-Value,72,105.55,Two year,Bank transfer (automatic),Fiber optic,No
3387-PLKUI,0.0638,Low Risk,No,New Budget,13,18.8,Month-to-month,Mailed check,No,No
6096-EGVTU,0.0289,Low Risk,No,Established Budget,64,24.9,One year,Mailed check,No,No
3797-VTIDR,0.6805,High Risk,Yes,New Budget,1,23.45,Month-to-month,Electronic check,DSL,No
5081-NWSUP,0.0743,Low Risk,No,New High-Spend,10,64.9,One year,Mailed check,DSL,Yes
2580-ATZSQ,0.0336,Low Risk,No,Established High-Value,65,61.35,One year,Bank transfer (automatic),DSL,No
8085-MSNLK,0.0577,Low Risk,No,Established High-Value,62,113.95,Two year,Mailed check,Fiber optic,Yes
9691-HKOVS,0.0736,Low Risk,No,Established High-Value,55,90.15,One year,Electronic check,DSL,Yes
9881-VCZEP,0.1693,Low Risk,No,New High-Spend,25,54.1,Month-to-month,Electronic check,DSL,No
9526-BIHHD,0.4921,Medium Risk,Yes,New Budget,1,29.7,Month-to-month,Mailed check,DSL,No
8757-TFHHJ,0.5167,Medium Risk,No,New Budget,1,49.8,Month-to-month,Credit card (automatic),DSL,No
4523-WXCEF,0.3939,Medium Risk,Yes,Established High-Value,59,101.1,Month-to-month,Electronic check,Fiber optic,No
1468-DEFNC,0.0269,Low Risk,No,Established Budget,64,24.4,Two year,Bank transfer (automatic),No,No
5119-KEPFY,0.4476,Medium Risk,No,New High-Spend,36,95.0,Month-to-month,Bank transfer (automatic),Fiber optic,No
8364-TRMMK,0.5055,Medium Risk,Yes,New Budget,3,50.65,Month-to-month,Mailed check,DSL,No
0916-KNFAJ,0.0296,Low Risk,No,Established High-Value,61,69.9,Two year,Mailed check,DSL,No
8319-QBEHW,0.062,Low Risk,No,New Budget,26,39.95,One year,Bank transfer (automatic),DSL,No
3063-QFSZL,0.6712,High Risk,Yes,New Budget,1,55.4,Month-to-month,Electronic check,DSL,No
8775-LHDJH,0.7595,High Risk,Yes,New High-Spend,1,90.6,Month-to-month,Electronic check,Fiber optic,No
9625-QNLUX,0.0601,Low Risk,No,Established High-Value,68,103.25,Two year,Credit card (automatic),Fiber optic,No
3097-NQYSN,0.6917,High Risk,Yes,New High-Spend,2,86.85,Month-to-month,Mailed check,Fiber optic,No
4024-CSNBY,0.0279,Low Risk,No,Established High-Value,72,94.25,Two year,Bank transfer (automatic),Fiber optic,Yes
7110-BDTWG,0.0406,Low Risk,No,Established Budget,71,47.05,Two year,Electronic check,DSL,Yes
7493-GVFIO,0.025,Low Risk,No,Established Budget,57,20.55,Two year,Credit card (automatic),No,No
0690-SRQID,0.1506,Low Risk,No,New Budget,4,19.65,Month-to-month,Mailed check,No,No
9605-WGJVW,0.744,High Risk,No,New High-Spend,1,70.2,Month-to-month,Electronic check,Fiber optic,No
9114-DPSIA,0.026,Low Risk,No,Established High-Value,72,81.0,Two year,Credit card (automatic),DSL,Yes
4700-UBQMV,0.102,Low Risk,No,New High-Spend,21,75.9,One year,Bank transfer (automatic),DSL,No
7711-GQBZC,0.0247,Low Risk,No,Established Budget,71,24.7,Two year,Bank transfer (automatic),No,No
3565-UNOCC,0.5786,Medium Risk,Yes,New High-Spend,29,99.05,Month-to-month,Bank transfer (automatic),Fiber optic,No
4627-MIHJH,0.0748,Low Risk,No,Established High-Value,69,110.25,Two year,Credit card (automatic),Fiber optic,Yes
9795-NREXC,0.0305,Low Risk,No,Established High-Value,64,85.0,Two year,Credit card (automatic),DSL,Yes
8573-CGOCC,0.0538,Low Risk,No,New Budget,16,19.75,Month-to-month,Credit card (automatic),No,No
7356-AYNJP,0.0561,Low Risk,No,New Budget,4,23.9,One year,Electronic check,No,No
9249-FXSCK,0.232,Low Risk,Yes,Established High-Value,52,111.25,One year,Credit card (automatic),Fiber optic,Yes
5493-SDRDQ,0.4081,Medium Risk,Yes,New High-Spend,2,55.1,Month-to-month,Mailed check,DSL,No
6286-SUUWT,0.3695,Medium Risk,No,New Budget,1,19.95,Month-to-month,Mailed check,No,No
4819-HJPIW,0.1105,Low Risk,No,New Budget,18,25.15,Month-to-month,Mailed check,DSL,No
8654-DHAOW,0.4604,Medium Risk,No,New Budget,2,54.15,Month-to-month,Mailed check,DSL,No
5438-QMDDL,0.2119,Low Risk,No,New High-Spend,19,59.8,Month-to-month,Mailed check,DSL,No
9812-GHVRI,0.3059,Low Risk,No,New High-Spend,40,83.85,Month-to-month,Bank transfer (automatic),Fiber optic,No
5553-AOINX,0.3012,Low Risk,No,Established High-Value,66,104.9,One year,Electronic check,Fiber optic,No
1228-ZLNBX,0.3099,Low Risk,No,New High-Spend,21,75.3,Month-to-month,Mailed check,Fiber optic,No
4226-KKDON,0.2964,Low Risk,No,New High-Spend,8,66.65,Month-to-month,Electronic check,DSL,Yes
3831-YCPUO,0.0319,Low Risk,No,Established High-Value,72,109.5,Two year,Credit card (automatic),Fiber optic,Yes
7445-WMRBW,0.0499,Low Risk,No,Established High-Value,48,73.85,One year,Bank transfer (automatic),DSL,Yes
3308-DGHKL,0.0257,Low Risk,No,Established Budget,69,19.3,Two year,Bank transfer (automatic),No,No
9924-JPRMC,0.0366,Low Risk,No,Established High-Value,72,118.2,Two year,Electronic check,Fiber optic,Yes
0080-EMYVY,0.0556,Low Risk,No,New Budget,14,51.45,One year,Credit card (automatic),DSL,No
6218-KNUBD,0.3611,Medium Risk,No,New High-Spend,6,59.45,Month-to-month,Electronic check,DSL,No
7337-CINUD,0.0288,Low Risk,No,New Budget,8,19.5,Two year,Bank transfer (automatic),No,No
7609-NRNCA,0.0336,Low Risk,No,New Budget,17,19.55,One year,Mailed check,No,No
0623-EJQEG,0.0942,Low Risk,No,Established High-Value,65,93.55,One year,Electronic check,Fiber optic,Yes
7153-CHRBV,0.0362,Low Risk,No,Established High-Value,57,59.3,One year,Mailed check,DSL,Yes
0871-URUWO,0.6758,High Risk,Yes,New High-Spend,13,102.25,Month-to-month,Credit card (automatic),Fiber optic,No
9190-MFJLN,0.5391,Medium Risk,Yes,New High-Spend,19,95.9,Month-to-month,Credit card (automatic),Fiber optic,No
6198-PNNSZ,0.1944,Low Risk,No,Established High-Value,56,109.8,One year,Bank transfer (automatic),Fiber optic,No
3317-VLGQT,0.6163,Medium Risk,No,New High-Spend,14,78.1,Month-to-month,Electronic check,Fiber optic,No
4132-POCZS,0.2334,Low Risk,No,Established Budget,52,39.9,Month-to-month,Electronic check,DSL,No
5614-DNZCE,0.028,Low Risk,No,Established High-Value,58,64.9,Two year,Credit card (automatic),DSL,Yes
1095-JUDTC,0.4551,Medium Risk,Yes,Established High-Value,47,95.05,Month-to-month,Electronic check,Fiber optic,Yes
3896-RCYYE,0.1315,Low Risk,No,Established High-Value,67,53.4,Month-to-month,Credit card (automatic),DSL,Yes
9638-JIQYA,0.5609,Medium Risk,No,New Budget,2,24.9,Month-to-month,Credit card (automatic),DSL,No
3258-SANFR,0.2851,Low Risk,No,New Budget,6,44.7,Month-to-month,Credit card (automatic),DSL,No
3726-TBHQT,0.0399,Low Risk,No,Established High-Value,71,114.0,Two year,Bank transfer (automatic),Fiber optic,Yes
3190-ITQXP,0.0269,Low Risk,No,Established Budget,46,20.25,Two year,Bank transfer (automatic),No,No
0870-VEMYL,0.2925,Low Risk,Yes,New High-Spend,5,53.85,Month-to-month,Credit card (automatic),DSL,Yes
4833-QTJNO,0.1441,Low Risk,No,Established High-Value,67,83.85,Month-to-month,Bank transfer (automatic),Fiber optic,No
3039-MJSLN,0.1298,Low Risk,No,New Budget,3,20.2,Month-to-month,Bank transfer (automatic),No,No
0178-CIIKR,0.1669,Low Risk,No,New Budget,3,19.95,Month-to-month,Mailed check,No,No
5385-SUIRI,0.5159,Medium Risk,Yes,Established High-Value,52,104.2,Month-to-month,Electronic check,Fiber optic,No
3982-XWFZQ,0.223,Low Risk,Yes,Established Budget,42,50.25,Month-to-month,Electronic check,DSL,No
5774-QPLTF,0.0314,Low Risk,No,Established Budget,50,20.35,One year,Mailed check,No,No
2322-VCZHZ,0.4911,Medium Risk,No,New High-Spend,23,90.0,Month-to-month,Electronic check,Fiber optic,No
5010-IPEAQ,0.0286,Low Risk,No,Established High-Value,67,54.2,Two year,Credit card (automatic),DSL,Yes
4009-ALQFH,0.5956,Medium Risk,Yes,Established High-Value,25,99.5,Month-to-month,Electronic check,Fiber optic,No
6383-ZTSIW,0.1828,Low Risk,No,Established High-Value,39,99.1,One year,Mailed check,Fiber optic,No
8990-YOZLV,0.0273,Low Risk,No,Established High-Value,69,66.9,Two year,Mailed check,DSL,Yes
3069-SSVSN,0.0969,Low Risk,No,New Budget,1,25.85,One year,Mailed check,DSL,No
5222-IMUKT,0.4526,Medium Risk,No,New High-Spend,32,91.05,Month-to-month,Electronic check,Fiber optic,No
3627-FCRDW,0.5243,Medium Risk,Yes,New High-Spend,9,71.0,Month-to-month,Electronic check,Fiber optic,No
7562-GSUHK,0.5195,Medium Risk,Yes,New High-Spend,16,93.2,Month-to-month,Credit card (automatic),Fiber optic,No
6685-XSHHU,0.0254,Low Risk,No,Established Budget,60,20.95,Two year,Bank transfer (automatic),No,No
8901-UPRHR,0.0458,Low Risk,No,Established High-Value,72,109.2,Two year,Bank transfer (automatic),Fiber optic,Yes
4903-UYAVB,0.1104,Low Risk,Yes,New Budget,5,19.35,Month-to-month,Mailed check,No,No
0118-JPNOY,0.3843,Medium Risk,No,New High-Spend,26,85.8,Month-to-month,Credit card (automatic),Fiber optic,No
6776-TLWOI,0.1213,Low Risk,Yes,New Budget,3,19.85,Month-to-month,Mailed check,No,No
3845-FXCYS,0.3576,Medium Risk,No,New Budget,2,19.65,Month-to-month,Electronic check,No,No
5857-XRECV,0.0509,Low Risk,No,New Budget,2,20.5,One year,Bank transfer (automatic),No,No
0725-CXOTM,0.0744,Low Risk,No,Established High-Value,36,89.65,One year,Credit card (automatic),DSL,Yes
4343-EJVQB,0.4269,Medium Risk,No,New High-Spend,7,74.35,Month-to-month,Mailed check,Fiber optic,No
9000-PLFUZ,0.0451,Low Risk,No,Established Budget,60,49.45,Two year,Credit card (automatic),DSL,No
3427-GGZZI,0.5788,Medium Risk,No,New High-Spend,19,89.1,Month-to-month,Electronic check,Fiber optic,No
7779-ORAEL,0.0339,Low Risk,No,Established High-Value,45,75.15,Two year,Credit card (automatic),DSL,Yes
0644-OQMDK,0.6561,High Risk,No,New High-Spend,4,70.65,Month-to-month,Electronic check,Fiber optic,No
4077-CROMM,0.5308,Medium Risk,Yes,Established High-Value,31,104.2,Month-to-month,Electronic check,Fiber optic,Yes
3154-CFSZG,0.2468,Low Risk,No,Established High-Value,47,90.05,Month-to-month,Electronic check,Fiber optic,No
2868-MZAGQ,0.7433,High Risk,Yes,New High-Spend,1,79.25,Month-to-month,Electronic check,Fiber optic,No
4847-QNOKA,0.5964,Medium Risk,Yes,New Budget,1,44.9,Month-to-month,Bank transfer (automatic),DSL,No
2220-IAHLS,0.3266,Low Risk,No,New Budget,1,19.4,Month-to-month,Credit card (automatic),No,No
1658-XUHBX,0.2321,Low Risk,No,Established High-Value,59,88.75,Month-to-month,Credit card (automatic),Fiber optic,No
6379-RXJRQ,0.6271,Medium Risk,Yes,New High-Spend,10,70.1,Month-to-month,Electronic check,Fiber optic,No
2378-HTWFW,0.3622,Medium Risk,No,New High-Spend,35,91.0,Month-to-month,Credit card (automatic),Fiber optic,No
8650-RHRKE,0.6128,Medium Risk,Yes,New Budget,4,29.65,Month-to-month,Electronic check,DSL,No
4377-VDHYI,0.1421,Low Risk,No,New High-Spend,32,90.8,One year,Electronic check,Fiber optic,No
0475-RIJEP,0.4668,Medium Risk,Yes,New High-Spend,43,77.85,Month-to-month,Electronic check,Fiber optic,No
1260-TTRXI,0.4837,Medium Risk,Yes,New Budget,4,54.3,Month-to-month,Electronic check,DSL,No
3719-TDVQB,0.028,Low Risk,No,Established Budget,54,18.95,Two year,Mailed check,No,No
6328-ZPBGN,0.6738,High Risk,Yes,New High-Spend,11,95.15,Month-to-month,Bank transfer (automatic),Fiber optic,No
0201-MIBOL,0.07,Low Risk,No,Established High-Value,66,102.4,Two year,Bank transfer (automatic),Fiber optic,No
4937-QPZPO,0.3244,Low Risk,No,Established High-Value,61,99.9,One year,Electronic check,Fiber optic,No
2925-VDZHY,0.0265,Low Risk,No,Established High-Value,72,88.7,Two year,Credit card (automatic),DSL,Yes
6981-TDRFT,0.1162,Low Risk,No,Established High-Value,44,54.3,One year,Electronic check,DSL,Yes
3413-CSSTH,0.138,Low Risk,No,Established Budget,41,55.7,Month-to-month,Bank transfer (automatic),DSL,No
8033-VCZGH,0.3276,Low Risk,No,Established High-Value,50,103.95,One year,Electronic check,Fiber optic,No
4789-KWMXN,0.2441,Low Risk,Yes,Established High-Value,47,110.85,One year,Credit card (automatic),Fiber optic,Yes
0224-NIJLP,0.0273,Low Risk,No,New Budget,8,20.15,Two year,Mailed check,No,No
7542-CYDDM,0.0592,Low Risk,No,New Budget,18,20.05,Month-to-month,Mailed check,No,No
4718-WXBGI,0.0267,Low Risk,No,Established High-Value,72,91.95,Two year,Credit card (automatic),DSL,Yes
2867-UIMSS,0.7123,High Risk,Yes,New High-Spend,1,80.5,Month-to-month,Electronic check,Fiber optic,No
8495-PRWFH,0.2025,Low Risk,No,Established Budget,42,55.65,Month-to-month,Electronic check,DSL,No
0439-IFYUN,0.585,Medium Risk,No,New High-Spend,18,74.7,Month-to-month,Electronic check,Fiber optic,No
5716-LIBJC,0.4225,Medium Risk,No,New High-Spend,13,104.15,One year,Credit card (automatic),Fiber optic,No
2868-LLSKM,0.0457,Low Risk,No,Established High-Value,68,83.65,One year,Bank transfer (automatic),Fiber optic,Yes
8111-RKSPX,0.6305,Medium Risk,Yes,New High-Spend,4,72.2,Month-to-month,Bank transfer (automatic),Fiber optic,No
2988-QRAJY,0.0926,Low Risk,No,Established High-Value,69,110.05,Two year,Credit card (automatic),Fiber optic,No
1585-MQSSU,0.1078,Low Risk,Yes,New Budget,17,51.5,Month-to-month,Mailed check,DSL,Yes
0071-NDAFP,0.027,Low Risk,No,New Budget,25,25.5,Two year,Credit card (automatic),No,No
2856-NNASM,0.4523,Medium Risk,Yes,New High-Spend,43,89.55,Month-to-month,Mailed check,Fiber optic,No
7328-ZJAJO,0.0248,Low Risk,No,Established Budget,59,19.5,Two year,Credit card (automatic),No,No
6458-CYIDZ,0.5497,Medium Risk,No,New High-Spend,5,80.7,Month-to-month,Electronic check,Fiber optic,No
8559-CIZFV,0.0516,Low Risk,Yes,New High-Spend,21,77.5,One year,Mailed check,DSL,Yes
1090-PYKCI,0.0825,Low Risk,No,Established High-Value,69,105.1,One year,Credit card (automatic),Fiber optic,Yes
3058-WQDRE,0.2507,Low Risk,No,New Budget,13,25.15,Month-to-month,Bank transfer (automatic),DSL,No
7547-EKNFS,0.3633,Medium Risk,Yes,Established High-Value,42,95.25,Month-to-month,Bank transfer (automatic),Fiber optic,No
2279-AXJJK,0.2439,Low Risk,No,Established High-Value,52,95.65,Month-to-month,Credit card (automatic),Fiber optic,Yes
6769-DYBQN,0.3043,Low Risk,Yes,Established High-Value,46,85.0,Month-to-month,Electronic check,Fiber optic,No
0909-SELIE,0.0288,Low Risk,No,Established High-Value,61,80.8,Two year,Bank transfer (automatic),DSL,Yes
3417-TSCIC,0.048,Low Risk,No,New Budget,29,24.85,One year,Mailed check,DSL,No
1042-HFUCW,0.0524,Low Risk,No,New High-Spend,25,54.75,One year,Credit card (automatic),DSL,Yes
4439-JMPMT,0.6606,High Risk,Yes,New High-Spend,5,85.75,Month-to-month,Electronic check,Fiber optic,Yes
6537-OTKMY,0.1725,Low Risk,No,New High-Spend,15,50.75,One year,Electronic check,DSL,No
8999-EXMNO,0.0259,Low Risk,No,New Budget,19,20.15,Two year,Mailed check,No,No
6725-TPKJO,0.0262,Low Risk,No,Established Budget,44,20.05,Two year,Mailed check,No,No
2446-BEGGB,0.7209,High Risk,Yes,New High-Spend,6,98.25,Month-to-month,Electronic check,Fiber optic,No
7162-WPHPM,0.0274,Low Risk,No,Established High-Value,58,71.6,Two year,Credit card (automatic),DSL,Yes
1599-MMYRQ,0.0391,Low Risk,No,Established High-Value,62,81.45,One year,Credit card (automatic),Fiber optic,No
8821-KVZKQ,0.0588,Low Risk,No,Established High-Value,70,58.4,One year,Bank transfer (automatic),DSL,Yes
1496-GGSUK,0.6631,High Risk,Yes,New Budget,1,25.7,Month-to-month,Mailed check,DSL,No
6434-TTGJP,0.0352,Low Risk,No,New High-Spend,10,53.7,Two year,Credit card (automatic),DSL,Yes
0042-JVWOJ,0.0339,Low Risk,No,New Budget,26,19.6,One year,Bank transfer (automatic),No,No
0130-SXOUN,0.167,Low Risk,No,Established High-Value,66,89.4,Month-to-month,Credit card (automatic),Fiber optic,No
2575-GFSOE,0.5939,Medium Risk,Yes,New High-Spend,7,69.0,Month-to-month,Electronic check,Fiber optic,No
2330-PQGDQ,0.0538,Low Risk,No,Established High-Value,51,84.2,One year,Bank transfer (automatic),Fiber optic,Yes
1452-UZOSF,0.0314,Low Risk,No,Established High-Value,72,106.1,Two year,Credit card (automatic),Fiber optic,Yes
2097-YVPKN,0.0251,Low Risk,No,Established Budget,65,25.75,Two year,Mailed check,No,No
2842-JTCCU,0.4886,Medium Risk,Yes,New Budget,2,46.05,Month-to-month,Bank transfer (automatic),DSL,No
8597-CTXVJ,0.0354,Low Risk,No,Established High-Value,70,64.95,One year,Bank transfer (automatic),DSL,Yes
6631-HMANX,0.0286,Low Risk,No,Established High-Value,72,85.45,Two year,Credit card (automatic),DSL,Yes
9962-BFPDU,0.3544,Medium Risk,No,New Budget,1,20.05,Month-to-month,Mailed check,No,No
3296-SILRA,0.7243,High Risk,Yes,New High-Spend,1,76.4,Month-to-month,Mailed check,Fiber optic,No
9681-OXGVC,0.7425,High Risk,Yes,New High-Spend,5,100.5,Month-to-month,Electronic check,Fiber optic,No
6394-HHHZM,0.1228,Low Risk,No,New Budget,3,20.7,Month-to-month,Mailed check,No,No
5995-LFTLE,0.0266,Low Risk,No,Established Budget,58,25.3,Two year,Credit card (automatic),No,No
5180-UCIIQ,0.2112,Low Risk,Yes,New Budget,22,40.05,Month-to-month,Mailed check,DSL,No
1932-UEDCX,0.4817,Medium Risk,No,Established High-Value,33,100.6,Month-to-month,Bank transfer (automatic),Fiber optic,No
7153-OANIO,0.7034,High Risk,Yes,New High-Spend,1,69.95,Month-to-month,Electronic check,Fiber optic,No
5188-HGMLP,0.2188,Low Risk,No,Established Budget,54,74.0,Month-to-month,Bank transfer (automatic),Fiber optic,No
0665-XHDJU,0.0626,Low Risk,No,Established High-Value,72,99.4,Two year,Electronic check,Fiber optic,No
6521-YYTYI,0.7587,High Risk,Yes,New High-Spend,1,93.3,Month-to-month,Electronic check,Fiber optic,No
8878-HMWBV,0.5359,Medium Risk,Yes,New Budget,3,49.15,Month-to-month,Electronic check,DSL,No
8265-HKSOW,0.0334,Low Risk,No,Established High-Value,72,107.45,Two year,Credit card (automatic),Fiber optic,Yes
3544-FBCAS,0.0272,Low Risk,No,Established High-Value,72,83.6,Two year,Credit card (automatic),DSL,No
5331-RGMTT,0.4224,Medium Risk,No,Established High-Value,54,99.05,Month-to-month,Credit card (automatic),Fiber optic,No
4759-PXTAN,0.0896,Low Risk,No,Established High-Value,59,80.1,One year,Electronic check,DSL,Yes
7054-DMVAS,0.0318,Low Risk,No,Established High-Value,54,65.3,Two year,Bank transfer (automatic),DSL,No
3428-MMGUB,0.07,Low Risk,No,Established High-Value,60,89.55,Two year,Electronic check,Fiber optic,No
6549-BTYPG,0.0316,Low Risk,No,Established High-Value,60,60.8,Two year,Credit card (automatic),DSL,Yes
7823-JSOAG,0.6445,Medium Risk,No,New High-Spend,3,74.5,Month-to-month,Electronic check,Fiber optic,No
3705-RHRFR,0.0551,Low Risk,No,Established High-Value,69,99.15,Two year,Bank transfer (automatic),Fiber optic,No
9374-YOLBJ,0.3598,Medium Risk,No,New Budget,1,19.25,Month-to-month,Electronic check,No,No
9074-KGVOX,0.1074,Low Risk,No,Established Budget,50,39.45,Month-to-month,Credit card (automatic),DSL,No
6128-DAFVY,0.1941,Low Risk,No,Established Budget,56,44.85,Month-to-month,Credit card (automatic),DSL,No
9933-QRGTX,0.0615,Low Risk,No,Established High-Value,60,97.2,Two year,Electronic check,Fiber optic,Yes
4476-OSWTN,0.1623,Low Risk,No,Established High-Value,69,110.55,One year,Mailed check,Fiber optic,Yes
3751-KTZEL,0.5815,Medium Risk,Yes,New Budget,1,35.05,Month-to-month,Mailed check,DSL,No
1977-STDKI,0.7401,High Risk,Yes,New High-Spend,1,73.0,Month-to-month,Electronic check,Fiber optic,No
5066-GFJMM,0.1688,Low Risk,No,New Budget,3,19.9,Month-to-month,Mailed check,No,No
2661-GKBTK,0.0307,Low Risk,No,Established High-Value,60,76.95,Two year,Bank transfer (automatic),DSL,Yes
0458-HEUZG,0.0342,Low Risk,No,New Budget,13,35.4,Two year,Mailed check,DSL,Yes
7268-WNTCP,0.0244,Low Risk,No,Established Budget,62,20.45,Two year,Bank transfer (automatic),No,No
0824-VWDPO,0.1159,Low Risk,No,Established High-Value,45,96.75,One year,Bank transfer (automatic),Fiber optic,No
8409-WQJUX,0.0893,Low Risk,No,New High-Spend,25,54.2,One year,Electronic check,DSL,Yes
2578-JQPHZ,0.0637,Low Risk,No,Established High-Value,44,100.1,Two year,Bank transfer (automatic),Fiber optic,Yes
3278-FSIXX,0.5346,Medium Risk,No,New Budget,2,45.25,Month-to-month,Mailed check,DSL,No
5813-UECBU,0.4549,Medium Risk,Yes,New High-Spend,33,83.85,Month-to-month,Credit card (automatic),Fiber optic,No
0328-GRPMV,0.7373,High Risk,Yes,New High-Spend,1,70.1,Month-to-month,Electronic check,Fiber optic,No
9746-UGFAC,0.0343,Low Risk,No,New Budget,22,20.85,One year,Bank transfer (automatic),No,No
2946-KIQSP,0.1395,Low Risk,No,Established Budget,35,33.45,Month-to-month,Mailed check,DSL,Yes
0625-AFOHS,0.026,Low Risk,No,New Budget,29,20.2,Two year,Mailed check,No,No
6726-WEXXK,0.1397,Low Risk,No,New High-Spend,27,85.9,One year,Electronic check,Fiber optic,No
4636-OLWOE,0.0615,Low Risk,No,Established High-Value,54,61.0,One year,Electronic check,DSL,Yes
4342-HENTK,0.6996,High Risk,Yes,New High-Spend,2,70.65,Month-to-month,Electronic check,Fiber optic,No
4685-ERGHK,0.1551,Low Risk,No,Established High-Value,57,86.9,One year,Electronic check,Fiber optic,No
0885-HMGPY,0.0273,Low Risk,No,Established High-Value,62,69.4,Two year,Bank transfer (automatic),DSL,Yes
5003-OKNNK,0.0323,Low Risk,No,New Budget,15,20.35,One year,Credit card (automatic),No,No
4195-SMMNX,0.1747,Low Risk,Yes,New Budget,2,20.35,Month-to-month,Mailed check,No,No
7208-PSIHR,0.0754,Low Risk,No,Established High-Value,70,104.3,Two year,Bank transfer (automatic),Fiber optic,Yes
4012-ZTHBR,0.2987,Low Risk,No,New Budget,21,44.95,Month-to-month,Electronic check,DSL,No
0489-WMEMG,0.0741,Low Risk,No,New Budget,23,49.45,One year,Electronic check,DSL,Yes
7435-ZNUYY,0.041,Low Risk,No,New Budget,6,20.6,One year,Mailed check,No,No
1354-YZFNB,0.0305,Low Risk,No,New Budget,4,19.55,Two year,Credit card (automatic),No,No
6956-SMUCM,0.66,High Risk,Yes,New High-Spend,3,99.0,Month-to-month,Credit card (automatic),Fiber optic,No
2985-FMWYF,0.6267,Medium Risk,No,New High-Spend,23,93.5,Month-to-month,Electronic check,Fiber optic,No
2812-ENYMO,0.0674,Low Risk,No,New High-Spend,26,54.55,One year,Credit card (automatic),DSL,Yes
2717-HVIZY,0.0763,Low Risk,No,New Budget,8,20.05,Month-to-month,Mailed check,No,No
3223-WZWJM,0.5643,Medium Risk,Yes,New High-Spend,26,83.95,Month-to-month,Electronic check,Fiber optic,No
3422-GALYP,0.6979,High Risk,No,New High-Spend,2,79.45,Month-to-month,Electronic check,Fiber optic,No
9053-JZFKV,0.0803,Low Risk,Yes,Established High-Value,67,116.2,Two year,Credit card (automatic),Fiber optic,Yes
2530-ENDWQ,0.0518,Low Risk,Yes,Established High-Value,71,93.7,Two year,Bank transfer (automatic),Fiber optic,No
2890-WFBHU,0.047,Low Risk,No,Established High-Value,59,79.85,One year,Credit card (automatic),DSL,Yes
0327-WFZSY,0.2493,Low Risk,No,Established High-Value,39,100.0,One year,Electronic check,Fiber optic,No
7977-HXJKU,0.0261,Low Risk,No,New Budget,21,19.6,Two year,Mailed check,No,No
6615-ZGEDR,0.3564,Medium Risk,Yes,New Budget,1,19.7,Month-to-month,Mailed check,No,No
7033-CLAMM,0.0253,Low Risk,No,Established Budget,48,20.2,Two year,Bank transfer (automatic),No,No
4023-RTIQM,0.0997,Low Risk,No,New High-Spend,31,50.4,One year,Credit card (automatic),DSL,No
0864-FVJNJ,0.1392,Low Risk,No,Established High-Value,64,113.35,One year,Electronic check,Fiber optic,Yes
7356-IWLFW,0.2914,Low Risk,No,New High-Spend,46,80.0,Month-to-month,Bank transfer (automatic),Fiber optic,No
9541-PWTWO,0.0353,Low Risk,No,Established High-Value,52,80.95,Two year,Bank transfer (automatic),DSL,Yes
3967-VQOGC,0.0253,Low Risk,No,Established Budget,67,24.9,Two year,Mailed check,No,No
7872-RDDLZ,0.1169,Low Risk,No,Established Budget,67,54.9,Month-to-month,Electronic check,DSL,No
9250-WYPLL,0.6342,Medium Risk,Yes,New High-Spend,5,75.55,Month-to-month,Electronic check,Fiber optic,No
6308-CQRBU,0.0694,Low Risk,No,Established High-Value,71,109.25,Two year,Electronic check,Fiber optic,Yes
2754-XBHTB,0.5825,Medium Risk,Yes,New High-Spend,9,77.65,Month-to-month,Bank transfer (automatic),Fiber optic,No
1597-LHYNC,0.5382,Medium Risk,Yes,New High-Spend,26,95.0,Month-to-month,Electronic check,Fiber optic,No
0186-CAERR,0.089,Low Risk,No,Established High-Value,71,116.3,One year,Bank transfer (automatic),Fiber optic,Yes
3043-SUDUA,0.0421,Low Risk,No,New Budget,32,19.9,Month-to-month,Bank transfer (automatic),No,No
5442-BHQNG,0.6506,High Risk,No,New High-Spend,2,70.35,Month-to-month,Electronic check,Fiber optic,No
2169-RRLFW,0.0249,Low Risk,No,Established Budget,71,25.6,Two year,Credit card (automatic),No,No
5872-OEQNH,0.0717,Low Risk,No,Established Budget,60,44.45,One year,Electronic check,DSL,No
3162-KKZXO,0.3262,Low Risk,No,Established High-Value,55,100.15,One year,Electronic check,Fiber optic,No
7055-VKGDA,0.2077,Low Risk,Yes,Established High-Value,54,105.4,One year,Credit card (automatic),Fiber optic,Yes
0754-UKWQP,0.7264,High Risk,Yes,New High-Spend,2,95.85,Month-to-month,Electronic check,Fiber optic,No
8873-GLDMH,0.6024,Medium Risk,No,New High-Spend,6,73.85,Month-to-month,Mailed check,Fiber optic,No
5696-JVVQY,0.0357,Low Risk,No,Established High-Value,48,70.1,Two year,Credit card (automatic),DSL,No
8946-BFWSG,0.0248,Low Risk,No,Established Budget,63,25.25,Two year,Mailed check,No,No
7493-TPUWZ,0.7429,High Risk,Yes,New High-Spend,1,79.15,Month-to-month,Electronic check,Fiber optic,No
0547-HURJB,0.0879,Low Risk,No,New Budget,12,21.05,Month-to-month,Credit card (automatic),No,No
8904-OPDCK,0.155,Low Risk,No,Established Budget,54,24.95,Month-to-month,Bank transfer (automatic),DSL,No
8845-LWKGE,0.0721,Low Risk,No,New High-Spend,30,64.5,One year,Electronic check,DSL,Yes
1577-HKTFG,0.054,Low Risk,Yes,New Budget,30,19.65,Month-to-month,Bank transfer (automatic),No,No
8752-STIVR,0.6861,High Risk,Yes,New High-Spend,4,79.0,Month-to-month,Electronic check,Fiber optic,No
0691-NIKRI,0.2995,Low Risk,No,Established High-Value,40,105.95,One year,Credit card (automatic),Fiber optic,Yes
5022-JNQEQ,0.575,Medium Risk,No,New High-Spend,9,75.85,Month-to-month,Electronic check,Fiber optic,Yes
4558-FANTW,0.4231,Medium Risk,Yes,New High-Spend,17,91.85,Month-to-month,Electronic check,Fiber optic,Yes
3249-VHRIP,0.0338,Low Risk,No,Established Budget,62,43.6,Two year,Credit card (automatic),DSL,No
3736-BLEPA,0.0892,Low Risk,No,New High-Spend,28,91.25,One year,Bank transfer (automatic),Fiber optic,Yes
4701-LKOZD,0.0298,Low Risk,No,Established High-Value,70,89.75,Two year,Credit card (automatic),DSL,Yes
6603-QWSPR,0.1178,Low Risk,No,Established High-Value,46,104.4,Two year,Bank transfer (automatic),Fiber optic,Yes
9921-QFQUL,0.3466,Low Risk,No,New High-Spend,23,90.15,Month-to-month,Mailed check,Fiber optic,No
1929-ZCBHE,0.0458,Low Risk,No,Established Budget,47,40.3,One year,Electronic check,DSL,Yes
4378-MYPGO,0.0743,Low Risk,No,Established High-Value,68,105.25,Two year,Bank transfer (automatic),Fiber optic,No
8651-ENBZX,0.283,Low Risk,Yes,Established High-Value,60,106.0,One year,Electronic check,Fiber optic,Yes
4129-LYCOI,0.098,Low Risk,No,Established High-Value,67,104.0,Two year,Electronic check,Fiber optic,Yes
7798-JVXYM,0.3194,Low Risk,No,New High-Spend,14,69.65,Month-to-month,Electronic check,DSL,Yes
8647-SDTWQ,0.2875,Low Risk,No,Established Budget,57,74.3,Month-to-month,Electronic check,Fiber optic,No
2696-ECXKC,0.1251,Low Risk,No,Established High-Value,55,100.9,One year,Mailed check,Fiber optic,No
2081-KJSQF,0.4405,Medium Risk,No,New Budget,1,20.25,Month-to-month,Mailed check,No,No
7623-TRNQN,0.5381,Medium Risk,Yes,New Budget,1,49.9,Month-to-month,Mailed check,DSL,Yes
3323-CPBWR,0.3949,Medium Risk,No,New High-Spend,23,96.9,Month-to-month,Credit card (automatic),Fiber optic,Yes
9330-IJWIO,0.6789,High Risk,Yes,New High-Spend,13,100.35,Month-to-month,Electronic check,Fiber optic,No
3384-CTMSF,0.5768,Medium Risk,No,Established High-Value,47,104.1,Month-to-month,Electronic check,Fiber optic,No
0902-RFHOF,0.0308,Low Risk,No,Established Budget,38,20.1,One year,Mailed check,No,No
9286-DOJGF,0.4483,Medium Risk,Yes,New High-Spend,38,74.95,Month-to-month,Bank transfer (automatic),Fiber optic,No
6048-QBXKL,0.5487,Medium Risk,No,New High-Spend,2,56.55,Month-to-month,Credit card (automatic),DSL,No
9661-MHUMO,0.5831,Medium Risk,Yes,New Budget,1,49.25,Month-to-month,Credit card (automatic),DSL,Yes
7718-RXDGG,0.4482,Medium Risk,No,New High-Spend,15,68.6,Month-to-month,Bank transfer (automatic),Fiber optic,No
1025-FALIX,0.327,Low Risk,No,New High-Spend,26,69.05,Month-to-month,Credit card (automatic),Fiber optic,No
3451-VAWLI,0.0251,Low Risk,No,Established Budget,35,19.7,Two year,Credit card (automatic),No,No
3407-QGWLG,0.1372,Low Risk,No,New Budget,3,20.05,Month-to-month,Mailed check,No,No
1842-EZJMK,0.3711,Medium Risk,Yes,Established High-Value,50,103.7,Month-to-month,Electronic check,Fiber optic,Yes
2347-WKKAE,0.4099,Medium Risk,No,Established High-Value,42,94.4,Month-to-month,Electronic check,Fiber optic,No
8735-DCXNF,0.1531,Low Risk,No,New High-Spend,10,54.95,Month-to-month,Credit card (automatic),DSL,Yes
3214-IYUUQ,0.0647,Low Risk,No,Established High-Value,61,93.7,One year,Bank transfer (automatic),Fiber optic,Yes
1936-UAFEH,0.0728,Low Risk,No,Established High-Value,68,110.25,Two year,Credit card (automatic),Fiber optic,Yes
3587-PMCOY,0.378,Medium Risk,No,New High-Spend,10,98.9,One year,Electronic check,Fiber optic,No
8079-XRJRS,0.0643,Low Risk,Yes,Established High-Value,65,89.75,One year,Electronic check,Fiber optic,No
1027-LKKQQ,0.0262,Low Risk,No,Established High-Value,72,80.45,Two year,Bank transfer (automatic),DSL,Yes
7148-XZPHA,0.1853,Low Risk,No,Established High-Value,55,79.4,Month-to-month,Electronic check,Fiber optic,Yes
8073-IJDCM,0.4182,Medium Risk,Yes,New Budget,1,20.3,Month-to-month,Mailed check,No,No
5309-TAIKL,0.2166,Low Risk,No,New High-Spend,7,62.8,Month-to-month,Bank transfer (automatic),DSL,Yes
6856-RAURS,0.6535,High Risk,No,New High-Spend,2,74.9,Month-to-month,Mailed check,Fiber optic,No
8778-LMWTJ,0.5099,Medium Risk,No,New High-Spend,9,74.85,Month-to-month,Electronic check,Fiber optic,No
9717-IOAAF,0.0296,Low Risk,No,New Budget,27,25.85,Two year,Credit card (automatic),No,No
8884-ADFVN,0.7267,High Risk,Yes,New High-Spend,7,101.95,Month-to-month,Electronic check,Fiber optic,No
2845-KDHVX,0.0299,Low Risk,No,Established High-Value,64,68.3,Two year,Mailed check,DSL,Yes
0848-SOMKO,0.0289,Low Risk,No,Established High-Value,70,48.4,Two year,Bank transfer (automatic),DSL,Yes
2720-WGKHP,0.7388,High Risk,Yes,New High-Spend,2,94.0,Month-to-month,Electronic check,Fiber optic,No
6734-FQAJX,0.0822,Low Risk,No,Established High-Value,67,105.05,Two year,Electronic check,Fiber optic,Yes
2869-ADAWR,0.321,Low Risk,Yes,Established High-Value,45,89.3,Month-to-month,Credit card (automatic),Fiber optic,No
1535-VTJOQ,0.0289,Low Risk,No,New Budget,24,25.15,Two year,Credit card (automatic),No,No
6368-TZZDT,0.0281,Low Risk,No,New Budget,4,19.5,Two year,Credit card (automatic),No,No
0943-ZQPXH,0.3267,Low Risk,No,Established High-Value,44,92.95,Month-to-month,Bank transfer (automatic),Fiber optic,No
1293-BSEUN,0.0242,Low Risk,No,Established Budget,72,20.7,Two year,Mailed check,No,No
9894-EZEWG,0.7035,High Risk,Yes,New High-Spend,1,74.3,Month-to-month,Credit card (automatic),Fiber optic,No
1302-TPUBN,0.0252,Low Risk,No,Established Budget,66,19.35,Two year,Bank transfer (automatic),No,No
7851-FLGGQ,0.586,Medium Risk,Yes,New High-Spend,1,44.65,Month-to-month,Mailed check,DSL,Yes
0637-UBJRP,0.5379,Medium Risk,Yes,New High-Spend,13,84.05,Month-to-month,Electronic check,Fiber optic,No
0940-OUQEC,0.5965,Medium Risk,Yes,New High-Spend,10,80.7,Month-to-month,Bank transfer (automatic),Fiber optic,No
2378-VTKDH,0.4617,Medium Risk,No,Established High-Value,65,104.35,Month-to-month,Electronic check,Fiber optic,No
0927-CNGRH,0.3227,Low Risk,No,New Budget,1,19.55,Month-to-month,Mailed check,No,No
8608-OZTLB,0.0585,Low Risk,No,Established High-Value,38,74.05,One year,Electronic check,DSL,Yes
2335-GSODA,0.0301,Low Risk,No,New High-Spend,23,40.1,Two year,Mailed check,DSL,Yes
1952-DVVSW,0.0358,Low Risk,No,New Budget,10,20.1,One year,Mailed check,No,No
0702-PGIBZ,0.7101,High Risk,Yes,New High-Spend,4,101.7,Month-to-month,Electronic check,Fiber optic,No
6656-GULJQ,0.0268,Low Risk,No,Established High-Value,72,83.55,Two year,Credit card (automatic),DSL,Yes
9853-JFZDU,0.1243,Low Risk,No,New High-Spend,35,56.85,Month-to-month,Electronic check,DSL,Yes
1963-VAUKV,0.3382,Low Risk,Yes,New Budget,1,20.4,Month-to-month,Mailed check,No,No
3777-XROBG,0.0256,Low Risk,No,Established Budget,58,19.55,Two year,Credit card (automatic),No,No
6994-FGRHH,0.2033,Low Risk,No,Established High-Value,70,106.15,One year,Electronic check,Fiber optic,Yes
4000-VGMQP,0.0833,Low Risk,No,Established High-Value,38,78.95,One year,Credit card (automatic),DSL,No
3999-WRNGR,0.2392,Low Risk,No,Established Budget,60,49.75,Month-to-month,Electronic check,DSL,No
3466-RITXD,0.3489,Low Risk,No,New High-Spend,26,92.4,Month-to-month,Credit card (automatic),Fiber optic,No
2680-XKKNJ,0.0508,Low Risk,No,New High-Spend,8,58.2,One year,Bank transfer (automatic),DSL,Yes
3058-HJCUY,0.3488,Low Risk,Yes,Established High-Value,41,102.6,One year,Electronic check,Fiber optic,Yes
2974-GGUXS,0.4535,Medium Risk,No,New High-Spend,36,91.95,Month-to-month,Credit card (automatic),Fiber optic,No
7994-XIRTR,0.0708,Low Risk,No,Established High-Value,54,65.25,One year,Bank transfer (automatic),DSL,Yes
3259-FDWOY,0.09,Low Risk,Yes,Established High-Value,71,106.0,Two year,Bank transfer (automatic),Fiber optic,No
2101-RANCD,0.3239,Low Risk,No,Established Budget,55,73.1,Month-to-month,Electronic check,Fiber optic,No
7921-BEPCI,0.0251,Low Risk,No,Established Budget,72,59.75,Two year,Bank transfer (automatic),DSL,No
0807-ZABDG,0.3313,Low Risk,Yes,New High-Spend,3,55.1,Month-to-month,Mailed check,DSL,Yes
8510-TMWYB,0.0337,Low Risk,No,Established Budget,54,59.8,Two year,Bank transfer (automatic),DSL,No
3258-ZKPAI,0.0323,Low Risk,No,Established High-Value,72,116.6,Two year,Bank transfer (automatic),Fiber optic,Yes
1428-IEDPR,0.1345,Low Risk,No,Established High-Value,52,109.3,Two year,Electronic check,Fiber optic,Yes
5298-GSTLM,0.1725,Low Risk,No,Established High-Value,60,101.4,One year,Bank transfer (automatic),Fiber optic,No
4450-YOOHP,0.2463,Low Risk,No,New High-Spend,39,50.65,Month-to-month,Credit card (automatic),DSL,No
6728-CZFEI,0.0653,Low Risk,No,New High-Spend,15,56.15,One year,Mailed check,DSL,No
5748-RNCJT,0.131,Low Risk,Yes,Established High-Value,69,106.5,Two year,Bank transfer (automatic),Fiber optic,Yes
3653-NCRDJ,0.0334,Low Risk,No,Established Budget,43,19.2,One year,Mailed check,No,No
6121-TNHBO,0.0424,Low Risk,No,Established High-Value,63,83.0,One year,Bank transfer (automatic),DSL,Yes
5119-NZPTV,0.6533,High Risk,No,New High-Spend,2,70.1,Month-to-month,Electronic check,Fiber optic,No
6519-ZHPXP,0.0359,Low Risk,No,Established High-Value,72,108.3,Two year,Bank transfer (automatic),Fiber optic,Yes
7739-LAXOG,0.4384,Medium Risk,Yes,New High-Spend,32,91.05,Month-to-month,Bank transfer (automatic),Fiber optic,No
3472-QPRCH,0.0263,Low Risk,No,Established Budget,40,25.25,Two year,Credit card (automatic),No,No
8224-UAXBZ,0.0835,Low Risk,No,Established Budget,58,45.35,One year,Electronic check,DSL,No
9610-WCESF,0.0354,Low Risk,No,Established Budget,67,43.9,Two year,Electronic check,DSL,Yes
9776-CLUJA,0.3955,Medium Risk,Yes,New High-Spend,51,77.5,Month-to-month,Electronic check,Fiber optic,No
2486-WYVVE,0.0974,Low Risk,No,Established High-Value,31,79.3,One year,Mailed check,DSL,Yes
3865-ZYKAD,0.1502,Low Risk,No,Established High-Value,69,84.9,Month-to-month,Credit card (automatic),Fiber optic,No
1422-DGUBX,0.132,Low Risk,No,New High-Spend,32,79.25,One year,Electronic check,Fiber optic,Yes
2999-AANRQ,0.0305,Low Risk,No,New High-Spend,21,71.05,Two year,Credit card (automatic),DSL,Yes
8668-KNZTI,0.0541,Low Risk,No,Established Budget,52,53.75,One year,Electronic check,DSL,No
0480-KYJVA,0.0242,Low Risk,No,Established Budget,72,24.25,Two year,Credit card (automatic),No,No
6034-ZRYCV,0.046,Low Risk,Yes,Established High-Value,72,54.2,Two year,Electronic check,DSL,No
9746-YKGXB,0.0545,Low Risk,No,Established Budget,52,44.25,One year,Bank transfer (automatic),DSL,No
3926-YZVVX,0.0415,Low Risk,No,Established Budget,41,50.05,One year,Bank transfer (automatic),DSL,Yes
6000-UKLWI,0.0259,Low Risk,No,Established Budget,41,20.15,Two year,Mailed check,No,No
2079-FBMZK,0.5893,Medium Risk,Yes,New High-Spend,6,69.25,Month-to-month,Mailed check,Fiber optic,No
6332-FBZRI,0.0366,Low Risk,No,Established High-Value,67,69.35,One year,Credit card (automatic),DSL,Yes
2096-XOTMO,0.0598,Low Risk,No,New Budget,16,19.35,Month-to-month,Mailed check,No,No
3266-FTKHB,0.0263,Low Risk,No,New Budget,17,19.15,Two year,Mailed check,No,No
8221-EQDGL,0.0847,Low Risk,No,New High-Spend,35,61.0,Month-to-month,Mailed check,DSL,No
2346-LOCWC,0.0255,Low Risk,No,Established Budget,58,20.5,Two year,Credit card (automatic),No,No
6608-QQLVK,0.6688,High Risk,Yes,New Budget,1,50.5,Month-to-month,Electronic check,DSL,No
0298-XACET,0.0311,Low Risk,No,Established High-Value,52,50.2,Two year,Mailed check,DSL,Yes
7560-QJAVJ,0.0304,Low Risk,No,Established High-Value,70,79.6,Two year,Bank transfer (automatic),DSL,Yes
2995-YWTCD,0.0296,Low Risk,No,New Budget,19,24.9,Two year,Bank transfer (automatic),No,No
3551-HUAZH,0.7524,High Risk,Yes,New High-Spend,1,74.4,Month-to-month,Electronic check,Fiber optic,No
9137-UIYPG,0.4014,Medium Risk,No,Established High-Value,35,106.9,Month-to-month,Electronic check,Fiber optic,Yes
2809-ZMYOQ,0.6093,Medium Risk,No,New High-Spend,32,101.35,Month-to-month,Electronic check,Fiber optic,No
5084-OOVCJ,0.1504,Low Risk,No,New High-Spend,17,55.35,Month-to-month,Credit card (automatic),DSL,Yes
0254-WWRKD,0.0349,Low Risk,No,Established Budget,67,50.55,One year,Credit card (automatic),DSL,No
7727-SHVZV,0.0808,Low Risk,No,New Budget,9,19.5,Month-to-month,Bank transfer (automatic),No,No
6302-JGYRJ,0.0938,Low Risk,Yes,Established High-Value,31,79.45,One year,Mailed check,DSL,Yes
5339-PXDVH,0.6169,Medium Risk,No,New High-Spend,4,90.65,Month-to-month,Electronic check,Fiber optic,No
2205-LPVGL,0.0477,Low Risk,No,Established High-Value,58,89.85,One year,Bank transfer (automatic),Fiber optic,Yes
8782-NUUOL,0.0463,Low Risk,No,Established High-Value,60,79.0,One year,Mailed check,DSL,Yes
3685-YLCMQ,0.3564,Medium Risk,Yes,Established High-Value,58,104.65,One year,Electronic check,Fiber optic,Yes
7601-WFVZV,0.3389,Low Risk,No,New Budget,1,19.55,Month-to-month,Mailed check,No,No
4609-KNNWG,0.0251,Low Risk,No,New Budget,27,19.9,Two year,Mailed check,No,No
4868-AADLV,0.18,Low Risk,No,Established High-Value,66,116.25,One year,Electronic check,Fiber optic,Yes
9529-OFXHY,0.4889,Medium Risk,No,New High-Spend,15,87.75,Month-to-month,Bank transfer (automatic),Fiber optic,No
8634-MPHTR,0.6087,Medium Risk,Yes,Established High-Value,47,100.05,Month-to-month,Electronic check,Fiber optic,No
2669-QVCRG,0.3082,Low Risk,No,New High-Spend,41,81.3,Month-to-month,Credit card (automatic),Fiber optic,No
2478-EEWWM,0.319,Low Risk,No,Established Budget,59,44.3,Month-to-month,Electronic check,DSL,No
9174-IHETN,0.0337,Low Risk,No,Established Budget,50,70.35,Two year,Credit card (automatic),Fiber optic,No
2233-TXSIU,0.0516,Low Risk,No,New High-Spend,17,44.45,One year,Credit card (automatic),DSL,No
9644-UMGQA,0.3624,Medium Risk,No,New Budget,6,49.15,Month-to-month,Electronic check,DSL,No
3256-EZDBI,0.1999,Low Risk,No,Established Budget,51,29.45,Month-to-month,Credit card (automatic),DSL,No
8761-NSOBC,0.3469,Low Risk,Yes,Established High-Value,44,100.55,Month-to-month,Electronic check,Fiber optic,Yes
0419-YAAPX,0.2636,Low Risk,No,Established High-Value,49,85.3,Month-to-month,Credit card (automatic),Fiber optic,No
8413-VONUO,0.6588,High Risk,Yes,New High-Spend,2,95.65,Month-to-month,Electronic check,Fiber optic,No
0872-CASZJ,0.0467,Low Risk,No,Established High-Value,59,69.1,One year,Mailed check,DSL,Yes
4726-DLWQN,0.1231,Low Risk,No,Established High-Value,50,70.35,Month-to-month,Bank transfer (automatic),DSL,No
8164-OCKUJ,0.0244,Low Risk,No,Established Budget,59,20.6,Two year,Mailed check,No,No
3094-JOJAI,0.3169,Low Risk,No,New High-Spend,18,74.15,Month-to-month,Mailed check,Fiber optic,No
9494-MRNYX,0.5757,Medium Risk,No,New High-Spend,10,75.05,Month-to-month,Electronic check,Fiber optic,No
2599-CZABP,0.0698,Low Risk,No,New Budget,14,44.6,One year,Electronic check,DSL,No
7945-PRBVF,0.0275,Low Risk,No,Established Budget,35,21.45,Two year,Bank transfer (automatic),No,No
4544-RXFMG,0.073,Low Risk,No,New Budget,8,43.45,One year,Mailed check,DSL,No
0859-YGKFW,0.0353,Low Risk,No,New Budget,18,20.05,One year,Bank transfer (automatic),No,No
1150-FTQGN,0.0623,Low Risk,No,Established High-Value,60,94.15,One year,Bank transfer (automatic),Fiber optic,No
9223-UCPVT,0.733,High Risk,Yes,New High-Spend,1,94.4,Month-to-month,Electronic check,Fiber optic,No
7196-LIWRH,0.0278,Low Risk,No,New Budget,6,19.55,Two year,Mailed check,No,No
5448-VWNAM,0.1178,Low Risk,No,New High-Spend,19,75.9,Month-to-month,Mailed check,DSL,Yes
1177-XZBJL,0.0357,Low Risk,No,Established High-Value,53,64.15,One year,Bank transfer (automatic),DSL,Yes
3518-FSTWG,0.0368,Low Risk,No,Established High-Value,72,109.55,Two year,Bank transfer (automatic),Fiber optic,No
9330-VOFSZ,0.0821,Low Risk,No,Established High-Value,60,110.8,Two year,Credit card (automatic),Fiber optic,Yes
4351-QLCSU,0.6114,Medium Risk,Yes,New Budget,1,55.0,Month-to-month,Credit card (automatic),DSL,No
0939-EREMR,0.1305,Low Risk,No,New High-Spend,13,53.45,Month-to-month,Mailed check,DSL,Yes
9389-ACWBI,0.5462,Medium Risk,No,New High-Spend,5,69.95,Month-to-month,Credit card (automatic),Fiber optic,No
5419-JPRRN,0.7661,High Risk,Yes,New High-Spend,1,101.45,Month-to-month,Electronic check,Fiber optic,No
3644-QXEHN,0.614,Medium Risk,No,New High-Spend,13,97.0,Month-to-month,Electronic check,Fiber optic,No
2911-IJORQ,0.0711,Low Risk,No,Established High-Value,37,90.6,One year,Bank transfer (automatic),DSL,Yes
5921-NGYRH,0.0911,Low Risk,No,Established Budget,64,73.55,Month-to-month,Mailed check,Fiber optic,No
2100-BDNSN,0.3308,Low Risk,Yes,New High-Spend,5,67.95,Month-to-month,Bank transfer (automatic),DSL,Yes
5998-DZLYR,0.0495,Low Risk,No,Established High-Value,61,94.35,Two year,Bank transfer (automatic),Fiber optic,Yes
0488-GSLFR,0.7379,High Risk,Yes,New High-Spend,1,69.5,Month-to-month,Electronic check,Fiber optic,No
9318-NKNFC,0.3502,Medium Risk,Yes,New Budget,1,18.85,Month-to-month,Mailed check,No,No
3985-HOYPM,0.0296,Low Risk,No,New Budget,26,19.4,One year,Mailed check,No,No
9728-FTTVZ,0.7379,High Risk,Yes,New High-Spend,1,69.2,Month-to-month,Electronic check,Fiber optic,No
9548-LERKT,0.0257,Low Risk,No,New Budget,24,19.75,Two year,Mailed check,No,No
6576-FBXOJ,0.1383,Low Risk,No,New High-Spend,17,54.6,One year,Electronic check,DSL,Yes
4310-KEDTB,0.1406,Low Risk,No,New Budget,26,29.8,Month-to-month,Mailed check,DSL,No
7254-IQWOZ,0.7378,High Risk,Yes,New High-Spend,1,69.65,Month-to-month,Electronic check,Fiber optic,No
2474-BRUCM,0.4894,Medium Risk,Yes,Established High-Value,40,101.85,Month-to-month,Electronic check,Fiber optic,No
4062-HBMOS,0.5627,Medium Risk,No,Established High-Value,52,103.05,Month-to-month,Electronic check,Fiber optic,No
0742-NXBGR,0.7389,High Risk,Yes,New High-Spend,1,82.3,Month-to-month,Electronic check,Fiber optic,No
2676-ISHSF,0.3354,Low Risk,No,New Budget,1,20.3,Month-to-month,Mailed check,No,No
9236-NDUCW,0.029,Low Risk,No,New Budget,21,35.1,Two year,Mailed check,DSL,Yes
4753-PADAS,0.2247,Low Risk,No,Established High-Value,67,105.7,One year,Bank transfer (automatic),Fiber optic,No
6103-QCKFX,0.0816,Low Risk,No,Established Budget,44,56.25,Month-to-month,Bank transfer (automatic),DSL,Yes
7781-EWARA,0.0711,Low Risk,No,Established High-Value,70,60.35,One year,Electronic check,DSL,Yes
6110-OHIHY,0.6471,Medium Risk,Yes,New High-Spend,3,79.25,Month-to-month,Electronic check,Fiber optic,No
7018-FPXHH,0.0284,Low Risk,No,Established High-Value,56,59.8,Two year,Bank transfer (automatic),DSL,No
5889-LFOLL,0.6756,High Risk,Yes,New High-Spend,13,84.6,Month-to-month,Electronic check,Fiber optic,No
5708-EVONK,0.1818,Low Risk,Yes,Established High-Value,58,93.4,Month-to-month,Bank transfer (automatic),Fiber optic,No
8708-XPXHZ,0.5457,Medium Risk,Yes,New High-Spend,42,94.2,Month-to-month,Electronic check,Fiber optic,No
0616-ATFGB,0.6676,High Risk,Yes,New Budget,1,25.05,Month-to-month,Electronic check,DSL,No
0572-ZJKLT,0.0507,Low Risk,No,Established High-Value,46,99.65,Two year,Mailed check,Fiber optic,Yes
5135-RDDQL,0.0279,Low Risk,No,Established Budget,63,50.65,Two year,Bank transfer (automatic),DSL,No
1353-LJWEM,0.2291,Low Risk,No,New High-Spend,11,60.9,Month-to-month,Electronic check,DSL,Yes
1794-SWWKL,0.2144,Low Risk,No,New High-Spend,15,59.65,Month-to-month,Bank transfer (automatic),DSL,Yes
6166-YIPFO,0.0307,Low Risk,No,Established High-Value,72,64.7,Two year,Electronic check,DSL,Yes
7016-BPGEU,0.1601,Low Risk,Yes,New Budget,29,25.1,Month-to-month,Credit card (automatic),DSL,No
6876-ADESB,0.5811,Medium Risk,Yes,New Budget,1,48.95,Month-to-month,Electronic check,DSL,No
9332-GYWLO,0.3209,Low Risk,No,New Budget,6,54.85,Month-to-month,Electronic check,DSL,No
1963-SVUCV,0.5905,Medium Risk,Yes,New Budget,1,45.3,Month-to-month,Electronic check,DSL,No
4184-VODJZ,0.129,Low Risk,No,Established High-Value,63,91.35,One year,Electronic check,Fiber optic,No
0220-EBGCE,0.711,High Risk,Yes,New High-Spend,2,85.85,Month-to-month,Electronic check,Fiber optic,No
1092-WPIVQ,0.0281,Low Risk,No,New Budget,18,25.1,Two year,Mailed check,No,No
7233-IOQNP,0.0943,Low Risk,No,Established Budget,43,34.0,Month-to-month,Bank transfer (automatic),DSL,Yes
2834-JKOOW,0.0507,Low Risk,No,New High-Spend,15,45.9,One year,Mailed check,DSL,Yes
2754-VDLTR,0.6587,High Risk,Yes,New High-Spend,10,95.2,Month-to-month,Electronic check,Fiber optic,No
2400-FEQME,0.0247,Low Risk,No,Established Budget,55,20.5,Two year,Mailed check,No,No
3190-XFANI,0.2479,Low Risk,Yes,Established High-Value,49,100.6,One year,Bank transfer (automatic),Fiber optic,Yes
7551-DACSP,0.3222,Low Risk,Yes,New High-Spend,6,55.3,Month-to-month,Mailed check,DSL,No
4957-SREEC,0.0242,Low Risk,No,Established Budget,70,20.35,Two year,Credit card (automatic),No,No
7235-NXZCP,0.6845,High Risk,Yes,New High-Spend,2,74.85,Month-to-month,Mailed check,Fiber optic,No
0230-UBYPQ,0.0359,Low Risk,No,Established Budget,63,36.1,One year,Bank transfer (automatic),DSL,Yes
4923-ADWXJ,0.1261,Low Risk,No,New High-Spend,25,65.8,Month-to-month,Bank transfer (automatic),DSL,Yes
1763-KUAAW,0.0373,Low Risk,No,New Budget,18,20.35,One year,Bank transfer (automatic),No,No
1104-TNLZA,0.5666,Medium Risk,No,Established High-Value,28,105.8,Month-to-month,Electronic check,Fiber optic,Yes
5195-KPUNQ,0.0999,Low Risk,No,Established High-Value,53,96.75,One year,Mailed check,Fiber optic,Yes
0520-FDVVT,0.3035,Low Risk,Yes,Established High-Value,35,102.35,One year,Bank transfer (automatic),Fiber optic,No
3439-GVUSX,0.5362,Medium Risk,No,New Budget,1,24.4,Month-to-month,Mailed check,DSL,No
1444-VVSGW,0.1707,Low Risk,Yes,Established High-Value,70,115.65,One year,Credit card (automatic),Fiber optic,Yes
5712-PTIWW,0.663,High Risk,Yes,New High-Spend,2,79.85,Month-to-month,Electronic check,Fiber optic,Yes
5949-HGVJL,0.1828,Low Risk,No,New High-Spend,26,73.05,Month-to-month,Electronic check,DSL,Yes
5203-XEHAX,0.0614,Low Risk,No,New High-Spend,34,64.35,One year,Electronic check,DSL,No
1635-HDGFT,0.0257,Low Risk,No,New Budget,19,20.5,Two year,Mailed check,No,No
3315-TOTBP,0.5429,Medium Risk,Yes,New High-Spend,15,76.0,Month-to-month,Mailed check,Fiber optic,No
8050-XGRVL,0.0321,Low Risk,No,Established Budget,62,54.75,One year,Credit card (automatic),DSL,No
6661-HBGWL,0.5,Medium Risk,Yes,Established High-Value,42,104.75,Month-to-month,Bank transfer (automatic),Fiber optic,No
1518-VOWAV,0.2675,Low Risk,Yes,New High-Spend,9,74.65,Month-to-month,Electronic check,DSL,No
9828-QHFBK,0.1873,Low Risk,No,New Budget,24,51.15,Month-to-month,Electronic check,DSL,No
3908-MKIMJ,0.0436,Low Risk,No,Established Budget,68,41.95,Two year,Electronic check,DSL,No
5012-YSPJJ,0.0871,Low Risk,No,New High-Spend,31,54.35,Month-to-month,Mailed check,DSL,Yes
5909-ECHUI,0.673,High Risk,Yes,New High-Spend,1,56.25,Month-to-month,Electronic check,DSL,No
1309-BXVOQ,0.612,Medium Risk,Yes,New High-Spend,21,106.1,Month-to-month,Electronic check,Fiber optic,Yes
6728-VOIFY,0.2391,Low Risk,No,Established High-Value,63,96.0,One year,Electronic check,Fiber optic,No
9317-WZPGV,0.7035,High Risk,Yes,New High-Spend,2,79.75,Month-to-month,Bank transfer (automatic),Fiber optic,No
4891-NLUBA,0.0316,Low Risk,No,Established High-Value,61,61.45,Two year,Bank transfer (automatic),DSL,Yes
2856-HYAPG,0.7042,High Risk,Yes,New High-Spend,1,68.65,Month-to-month,Electronic check,Fiber optic,No
8969-PRHFK,0.0322,Low Risk,No,New Budget,18,19.65,One year,Mailed check,No,No
0661-KQHNK,0.0381,Low Risk,No,New Budget,6,19.0,One year,Credit card (automatic),No,No
8709-KRDVL,0.568,Medium Risk,No,Established High-Value,33,100.0,Month-to-month,Electronic check,Fiber optic,No
4488-PSYCG,0.0682,Low Risk,Yes,New Budget,16,20.25,Month-to-month,Bank transfer (automatic),No,No
1427-VERSM,0.3733,Medium Risk,No,Established High-Value,56,98.7,Month-to-month,Electronic check,Fiber optic,Yes
9801-NOSHQ,0.0296,Low Risk,No,New Budget,23,19.8,One year,Mailed check,No,No
6339-YPSAH,0.6015,Medium Risk,No,New High-Spend,9,73.8,Month-to-month,Electronic check,Fiber optic,No
3621-CEOVK,0.6973,High Risk,Yes,New High-Spend,14,100.2,Month-to-month,Electronic check,Fiber optic,No
6906-ANDWJ,0.5383,Medium Risk,Yes,New High-Spend,15,74.9,Month-to-month,Bank transfer (automatic),Fiber optic,No
2159-TURXX,0.1082,Low Risk,No,New Budget,5,20.05,Month-to-month,Credit card (automatic),No,No
1548-FEHVL,0.3848,Medium Risk,No,Established High-Value,61,106.2,Month-to-month,Electronic check,Fiber optic,No
3795-CAWEX,0.0628,Low Risk,No,Established High-Value,70,116.55,Two year,Credit card (automatic),Fiber optic,Yes
6215-NQCPY,0.642,Medium Risk,No,New High-Spend,15,99.7,Month-to-month,Electronic check,Fiber optic,No
5647-URDKA,0.0298,Low Risk,No,New Budget,8,19.7,Two year,Mailed check,No,No
2229-DPMBI,0.0276,Low Risk,No,New Budget,8,19.5,Two year,Mailed check,No,No
9626-WEQRM,0.4118,Medium Risk,No,New Budget,4,29.15,Month-to-month,Mailed check,DSL,No
2188-SXWVT,0.0395,Low Risk,No,New High-Spend,34,55.0,One year,Mailed check,DSL,No
6258-PVZWJ,0.0312,Low Risk,No,Established High-Value,68,90.8,Two year,Credit card (automatic),DSL,Yes
1094-BKOSX,0.0672,Low Risk,No,Established High-Value,45,51.0,One year,Bank transfer (automatic),DSL,Yes
6969-MVBAI,0.7046,High Risk,No,New High-Spend,9,90.1,Month-to-month,Electronic check,Fiber optic,No
2978-XXSOG,0.1303,Low Risk,No,New High-Spend,22,59.05,Month-to-month,Mailed check,DSL,Yes
2342-CKIAO,0.1426,Low Risk,No,New Budget,2,20.3,Month-to-month,Mailed check,No,No
6953-PBDIN,0.0299,Low Risk,No,Established High-Value,70,72.95,Two year,Bank transfer (automatic),DSL,Yes
3898-BSJYF,0.0836,Low Risk,No,New High-Spend,10,73.55,One year,Credit card (automatic),DSL,Yes
3938-YFPXD,0.0271,Low Risk,No,Established High-Value,72,84.3,Two year,Credit card (automatic),DSL,Yes
7696-AMHOD,0.0778,Low Risk,No,Established High-Value,49,78.0,One year,Credit card (automatic),DSL,No
2453-SAFNS,0.0511,Low Risk,No,Established High-Value,54,72.1,One year,Mailed check,DSL,Yes
9558-IHEZX,0.0442,Low Risk,No,Established High-Value,71,106.75,Two year,Credit card (automatic),Fiber optic,No
9617-UDPEU,0.0347,Low Risk,No,New Budget,22,19.25,One year,Mailed check,No,No
6340-DACFT,0.025,Low Risk,No,Established Budget,50,20.55,Two year,Credit card (automatic),No,No
4955-VCWBI,0.0293,Low Risk,No,Established Budget,43,20.0,One year,Mailed check,No,No
6813-GZQCG,0.0267,Low Risk,No,Established Budget,45,24.65,Two year,Credit card (automatic),No,No
7426-GSWPO,0.2909,Low Risk,No,Established High-Value,64,103.5,Month-to-month,Bank transfer (automatic),Fiber optic,No
3389-KTRXV,0.028,Low Risk,No,New Budget,23,23.85,Two year,Mailed check,No,No
3118-UHVVQ,0.0262,Low Risk,No,Established Budget,68,25.8,Two year,Credit card (automatic),No,No
1031-IIDEO,0.7374,High Risk,Yes,New High-Spend,1,70.85,Month-to-month,Electronic check,Fiber optic,No
5832-XKAES,0.647,Medium Risk,Yes,New High-Spend,2,69.8,Month-to-month,Credit card (automatic),Fiber optic,No
3205-MXZRA,0.0465,Low Risk,No,New High-Spend,26,59.45,One year,Credit card (automatic),DSL,Yes
4701-AHWMW,0.1844,Low Risk,Yes,Established High-Value,55,54.55,Month-to-month,Bank transfer (automatic),DSL,Yes
8317-BVKSO,0.1131,Low Risk,No,New Budget,14,20.05,Month-to-month,Electronic check,No,No
5702-KVQRD,0.032,Low Risk,No,Established High-Value,71,82.55,Two year,Electronic check,DSL,Yes
0083-PIVIK,0.0476,Low Risk,No,Established High-Value,64,81.25,One year,Electronic check,DSL,Yes
9210-IAHGH,0.2823,Low Risk,Yes,New High-Spend,7,70.75,Month-to-month,Credit card (automatic),DSL,Yes
6169-PGNCD,0.029,Low Risk,No,Established High-Value,57,74.3,Two year,Credit card (automatic),DSL,Yes
0023-XUOPT,0.6339,Medium Risk,Yes,New High-Spend,13,94.1,Month-to-month,Electronic check,Fiber optic,No
4592-IWTJI,0.3452,Low Risk,Yes,New Budget,3,29.7,Month-to-month,Credit card (automatic),DSL,No
4909-JOUPP,0.0405,Low Risk,No,Established High-Value,72,109.7,Two year,Credit card (automatic),Fiber optic,Yes
4657-FWVFY,0.3596,Medium Risk,No,Established High-Value,40,96.35,Month-to-month,Credit card (automatic),Fiber optic,No
2257-BOVXD,0.2094,Low Risk,No,New High-Spend,14,66.6,Month-to-month,Credit card (automatic),DSL,Yes
7729-JTEEC,0.5864,Medium Risk,No,New Budget,2,44.5,Month-to-month,Electronic check,DSL,No
7632-MNYOY,0.2011,Low Risk,Yes,Established High-Value,66,110.9,One year,Credit card (automatic),Fiber optic,Yes
6518-LGAOV,0.5401,Medium Risk,Yes,Established High-Value,38,105.0,Month-to-month,Electronic check,Fiber optic,Yes
7242-QZLXF,0.6548,High Risk,Yes,New Budget,1,25.3,Month-to-month,Electronic check,DSL,No
4576-CSAJH,0.0592,Low Risk,Yes,New High-Spend,22,55.15,One year,Credit card (automatic),DSL,Yes
1000-AJSLD,0.4574,Medium Risk,Yes,New Budget,1,20.1,Month-to-month,Mailed check,No,No
9696-RMYBA,0.6429,Medium Risk,No,New High-Spend,5,80.1,Month-to-month,Mailed check,Fiber optic,No
8690-UPCZI,0.0436,Low Risk,No,New High-Spend,29,69.05,One year,Bank transfer (automatic),DSL,Yes
1062-LHZOD,0.7041,High Risk,Yes,New High-Spend,1,69.9,Month-to-month,Mailed check,Fiber optic,No
9770-LXDBK,0.119,Low Risk,No,New Budget,3,20.4,Month-to-month,Mailed check,No,No
4086-WITJG,0.0249,Low Risk,No,Established Budget,71,19.7,Two year,Credit card (automatic),No,No
8344-WFMFH,0.2793,Low Risk,No,New Budget,9,50.1,Month-to-month,Electronic check,DSL,No
9600-NAXZN,0.5961,Medium Risk,Yes,Established High-Value,43,101.4,Month-to-month,Electronic check,Fiber optic,No
8822-KNBHV,0.07,Low Risk,No,Established High-Value,48,83.45,One year,Credit card (automatic),DSL,No
8404-FYDIB,0.3128,Low Risk,No,New High-Spend,26,86.65,Month-to-month,Credit card (automatic),Fiber optic,No
2791-SFVEW,0.0846,Low Risk,No,New Budget,9,20.15,Month-to-month,Bank transfer (automatic),No,No
6457-USBER,0.7434,High Risk,Yes,New High-Spend,1,80.8,Month-to-month,Electronic check,Fiber optic,No
6762-NSODU,0.0255,Low Risk,No,Established Budget,46,19.4,Two year,Credit card (automatic),No,No
4662-EKDPQ,0.4795,Medium Risk,Yes,New High-Spend,2,62.05,Month-to-month,Bank transfer (automatic),DSL,No
9248-OJYKK,0.7539,High Risk,Yes,New High-Spend,1,76.45,Month-to-month,Electronic check,Fiber optic,No
9888-ZCUMM,0.0305,Low Risk,No,Established High-Value,64,60.05,Two year,Bank transfer (automatic),DSL,Yes
3398-FSHON,0.7002,High Risk,Yes,New High-Spend,12,91.3,Month-to-month,Electronic check,Fiber optic,No
3319-DWOEP,0.722,High Risk,Yes,New High-Spend,6,95.75,Month-to-month,Electronic check,Fiber optic,No
1074-WVEVG,0.0277,Low Risk,No,Established Budget,59,20.35,One year,Mailed check,No,No
9979-RGMZT,0.3662,Medium Risk,No,New High-Spend,7,94.05,One year,Mailed check,Fiber optic,No
6437-UDQJM,0.0288,Low Risk,No,Established High-Value,72,84.1,Two year,Credit card (automatic),DSL,No
1226-IENZN,0.6368,Medium Risk,No,New High-Spend,16,78.75,Month-to-month,Electronic check,Fiber optic,No
2108-GLPQB,0.113,Low Risk,No,New High-Spend,25,55.55,Month-to-month,Credit card (automatic),DSL,No
9259-PACGQ,0.1008,Low Risk,Yes,New High-Spend,34,62.65,Month-to-month,Electronic check,DSL,Yes
4415-IJZTP,0.7454,High Risk,Yes,New High-Spend,1,74.5,Month-to-month,Electronic check,Fiber optic,No
1465-VINDH,0.6868,High Risk,Yes,New High-Spend,10,102.1,Month-to-month,Credit card (automatic),Fiber optic,No
5474-LAMUQ,0.0302,Low Risk,No,New Budget,24,20.1,One year,Mailed check,No,No
3468-DRVQJ,0.0847,Low Risk,No,New High-Spend,10,70.3,One year,Electronic check,DSL,No
1122-YJBCS,0.0338,Low Risk,No,Established Budget,69,53.65,One year,Credit card (automatic),DSL,No
4990-ALDGW,0.0262,Low Risk,No,Established Budget,57,20.75,Two year,Mailed check,No,No
4816-OKWNX,0.2216,Low Risk,No,Established High-Value,50,103.4,One year,Bank transfer (automatic),Fiber optic,Yes
3315-IKYZQ,0.0425,Low Risk,No,New High-Spend,28,50.8,One year,Mailed check,DSL,Yes
2810-FTLEM,0.2933,Low Risk,Yes,New Budget,16,50.15,Month-to-month,Electronic check,DSL,No
4747-LCAQL,0.1181,Low Risk,No,Established High-Value,25,79.0,Month-to-month,Mailed check,DSL,Yes
3411-WLRSQ,0.6287,Medium Risk,No,New High-Spend,3,74.6,Month-to-month,Bank transfer (automatic),Fiber optic,No
0898-XCGTF,0.1795,Low Risk,No,Established High-Value,61,96.5,One year,Bank transfer (automatic),Fiber optic,No
8006-PYCSW,0.2039,Low Risk,No,New Budget,2,20.1,Month-to-month,Mailed check,No,No
8249-THVEC,0.03,Low Risk,No,Established Budget,51,19.4,One year,Mailed check,No,No
8722-PRFDV,0.0275,Low Risk,No,Established High-Value,71,77.55,Two year,Credit card (automatic),DSL,No
2164-SOQXL,0.0486,Low Risk,No,New Budget,20,20.05,Month-to-month,Mailed check,No,No
4020-KIUDI,0.083,Low Risk,No,New Budget,6,19.85,Month-to-month,Credit card (automatic),No,No
5850-BDWCY,0.0861,Low Risk,No,New Budget,6,20.2,Month-to-month,Mailed check,No,No
2038-YSEZE,0.0746,Low Risk,No,New High-Spend,29,67.45,Month-to-month,Mailed check,DSL,Yes
0827-ITJPH,0.0261,Low Risk,No,Established Budget,36,18.55,Two year,Credit card (automatic),No,No
8799-OXZMD,0.1653,Low Risk,No,New Budget,28,29.75,Month-to-month,Mailed check,DSL,No
1925-TIBLE,0.6886,High Risk,Yes,New High-Spend,7,86.5,Month-to-month,Electronic check,Fiber optic,No
1705-GUHPV,0.0248,Low Risk,No,Established Budget,63,24.2,Two year,Mailed check,No,No
4779-ZGICK,0.0255,Low Risk,No,Established Budget,48,23.55,Two year,Mailed check,No,No
0048-PIHNL,0.0303,Low Risk,No,Established Budget,49,20.45,One year,Bank transfer (automatic),No,No
0818-OCPZO,0.5677,Medium Risk,Yes,New High-Spend,27,81.45,Month-to-month,Electronic check,Fiber optic,No
3967-KXAPS,0.0273,Low Risk,No,Established High-Value,72,92.3,Two year,Credit card (automatic),DSL,Yes
1447-GIQMR,0.7379,High Risk,Yes,New High-Spend,1,69.15,Month-to-month,Electronic check,Fiber optic,No
3704-IEAXF,0.0286,Low Risk,No,Established High-Value,72,53.65,Two year,Credit card (automatic),DSL,Yes
6810-VCAEX,0.0421,Low Risk,No,Established Budget,47,39.65,One year,Credit card (automatic),DSL,Yes
0674-EYYZV,0.677,High Risk,No,New Budget,1,54.65,Month-to-month,Electronic check,DSL,No
4480-MBMLB,0.3302,Low Risk,No,Established High-Value,36,104.8,One year,Bank transfer (automatic),Fiber optic,No
1395-OFUWC,0.1139,Low Risk,No,Established Budget,43,29.3,Month-to-month,Credit card (automatic),DSL,No
0822-QGCXA,0.202,Low Risk,No,Established High-Value,27,83.85,Month-to-month,Electronic check,DSL,Yes
0872-NXJYS,0.6498,Medium Risk,Yes,New High-Spend,9,79.55,Month-to-month,Electronic check,Fiber optic,No
2832-KJCRD,0.5344,Medium Risk,No,Established High-Value,38,103.65,Month-to-month,Electronic check,Fiber optic,Yes
3588-WSTTJ,0.5428,Medium Risk,No,Established High-Value,35,99.05,Month-to-month,Electronic check,Fiber optic,No
4075-WKNIU,0.0338,Low Risk,No,New High-Spend,0,73.35,Two year,Mailed check,DSL,Yes
5090-EMGTC,0.0622,Low Risk,No,Established High-Value,59,100.05,Two year,Mailed check,Fiber optic,Yes
2346-CZYIL,0.0261,Low Risk,No,New Budget,27,20.35,Two year,Credit card (automatic),No,No
3798-EPWRR,0.5934,Medium Risk,No,New Budget,2,43.95,Month-to-month,Electronic check,DSL,No
6258-NGCNG,0.0868,Low Risk,No,New Budget,7,23.5,Month-to-month,Mailed check,No,No
4186-ZBUEW,0.0784,Low Risk,No,New High-Spend,36,70.7,One year,Mailed check,DSL,Yes
5274-XHAKY,0.2839,Low Risk,No,Established High-Value,41,94.3,Month-to-month,Bank transfer (automatic),Fiber optic,No
1442-BQPVU,0.2991,Low Risk,No,New Budget,13,29.15,Month-to-month,Electronic check,DSL,No
3978-YNKDD,0.0263,Low Risk,No,New Budget,19,20.85,Two year,Credit card (automatic),No,No
4940-KHCWD,0.0273,Low Risk,No,Established Budget,60,37.7,Two year,Bank transfer (automatic),DSL,Yes
9412-ARGBX,0.0588,Low Risk,Yes,Established High-Value,48,95.5,Two year,Mailed check,Fiber optic,Yes
1389-CXMLU,0.6933,High Risk,Yes,New High-Spend,3,91.05,Month-to-month,Electronic check,Fiber optic,No
9589-ABEPT,0.0395,Low Risk,No,Established High-Value,69,92.45,Two year,Mailed check,Fiber optic,Yes
9388-ZEYVT,0.0705,Low Risk,No,Established Budget,43,44.15,One year,Electronic check,DSL,Yes
0305-SQECB,0.0506,Low Risk,No,New Budget,11,36.05,One year,Mailed check,DSL,Yes
7605-SNLQG,0.1231,Low Risk,No,Established Budget,45,50.25,Month-to-month,Credit card (automatic),DSL,No
4670-TABXH,0.0491,Low Risk,No,Established High-Value,72,109.75,Two year,Credit card (automatic),Fiber optic,Yes
5561-NWEVX,0.6918,High Risk,Yes,New High-Spend,2,79.2,Month-to-month,Electronic check,Fiber optic,No
0064-SUDOG,0.0293,Low Risk,No,New Budget,12,20.3,Two year,Bank transfer (automatic),No,No
8561-NMTBD,0.1721,Low Risk,No,Established High-Value,67,112.35,One year,Credit card (automatic),Fiber optic,Yes
5161-XEUVX,0.0518,Low Risk,No,Established High-Value,37,94.3,Two year,Mailed check,Fiber optic,Yes
8292-FRFZQ,0.0372,Low Risk,No,Established Budget,39,41.15,One year,Bank transfer (automatic),DSL,Yes
8591-NXRCV,0.1216,Low Risk,No,Established High-Value,41,74.65,Month-to-month,Bank transfer (automatic),DSL,Yes
7895-VONWT,0.3617,Medium Risk,No,New High-Spend,25,48.25,Month-to-month,Electronic check,DSL,No
4526-RMTLL,0.0358,Low Risk,No,New High-Spend,8,76.15,Two year,Credit card (automatic),DSL,Yes
6253-GNHWH,0.0259,Low Risk,No,Established High-Value,71,71.1,Two year,Mailed check,DSL,Yes
4566-NECEV,0.6694,High Risk,No,New High-Spend,5,96.55,Month-to-month,Electronic check,Fiber optic,No
8080-POTJR,0.0957,Low Risk,No,Established High-Value,30,79.3,One year,Credit card (automatic),DSL,No
6906-MPARY,0.0948,Low Risk,No,Established High-Value,40,89.6,One year,Credit card (automatic),Fiber optic,Yes
3662-FXJFO,0.0276,Low Risk,No,Established Budget,54,20.5,Two year,Mailed check,No,No
8107-RZLNV,0.0482,Low Risk,No,Established High-Value,72,106.3,Two year,Bank transfer (automatic),Fiber optic,No
0516-OOHAR,0.2099,Low Risk,No,Established High-Value,28,100.35,One year,Bank transfer (automatic),Fiber optic,No
2027-CWDNU,0.4598,Medium Risk,No,New High-Spend,18,85.6,Month-to-month,Electronic check,Fiber optic,Yes
2737-WFVYW,0.6746,High Risk,Yes,New Budget,2,45.25,Month-to-month,Electronic check,DSL,No
9912-OMZDS,0.3206,Low Risk,No,Established High-Value,59,106.15,One year,Electronic check,Fiber optic,No
3733-ZEECP,0.1903,Low Risk,No,New Budget,22,51.1,Month-to-month,Electronic check,DSL,Yes
7878-RTCZG,0.3663,Medium Risk,No,New Budget,1,19.9,Month-to-month,Mailed check,No,No
2452-MRMZF,0.0263,Low Risk,No,Established Budget,72,25.7,Two year,Credit card (automatic),No,No
2272-QAGFO,0.6475,Medium Risk,Yes,New High-Spend,14,74.3,Month-to-month,Electronic check,Fiber optic,No
7103-IPXPJ,0.2393,Low Risk,No,Established High-Value,50,99.4,One year,Electronic check,Fiber optic,Yes
4342-HFXWS,0.0439,Low Risk,No,Established High-Value,48,69.7,One year,Bank transfer (automatic),DSL,Yes
3545-CNWRG,0.5162,Medium Risk,No,Established High-Value,49,98.35,Month-to-month,Electronic check,Fiber optic,No
1785-BPHTP,0.418,Medium Risk,No,New High-Spend,28,85.45,Month-to-month,Electronic check,Fiber optic,No
4989-LIXVT,0.3961,Medium Risk,No,Established High-Value,68,95.9,Month-to-month,Electronic check,Fiber optic,No
7315-WYOAW,0.6323,Medium Risk,No,New High-Spend,13,100.75,Month-to-month,Electronic check,Fiber optic,Yes
1173-XZPYF,0.6915,High Risk,No,New High-Spend,11,89.2,Month-to-month,Electronic check,Fiber optic,No
9850-OWRHQ,0.6435,Medium Risk,Yes,New High-Spend,3,74.1,Month-to-month,Credit card (automatic),Fiber optic,No
3768-NLUBH,0.4644,Medium Risk,Yes,Established High-Value,57,100.6,Month-to-month,Electronic check,Fiber optic,No
8676-TRMJS,0.5759,Medium Risk,Yes,New High-Spend,3,75.0,Month-to-month,Mailed check,Fiber optic,No
2509-TFPJU,0.0241,Low Risk,No,Established Budget,72,25.75,Two year,Credit card (automatic),No,No
9530-GRMJG,0.0395,Low Risk,No,Established High-Value,70,84.1,Two year,Electronic check,DSL,Yes
6898-RBTLU,0.0327,Low Risk,No,Established High-Value,49,79.3,Two year,Bank transfer (automatic),DSL,Yes
5481-NTDOH,0.2006,Low Risk,No,Established High-Value,67,107.05,One year,Credit card (automatic),Fiber optic,No
2068-WWXQZ,0.0265,Low Risk,No,Established Budget,46,20.05,Two year,Bank transfer (automatic),No,No
7359-SSBJK,0.0311,Low Risk,Yes,Established High-Value,64,70.2,Two year,Credit card (automatic),DSL,Yes
2061-VVFST,0.0507,Low Risk,No,Established Budget,37,19.5,Month-to-month,Bank transfer (automatic),No,No
0685-MLYYM,0.636,Medium Risk,Yes,New High-Spend,2,70.75,Month-to-month,Electronic check,Fiber optic,No
0749-IRGQE,0.4351,Medium Risk,No,New Budget,13,45.3,Month-to-month,Electronic check,DSL,No
2380-DAMQP,0.0342,Low Risk,No,Established High-Value,72,115.15,Two year,Electronic check,Fiber optic,Yes
2256-YLYLP,0.0335,Low Risk,No,Established High-Value,68,72.95,Two year,Bank transfer (automatic),DSL,Yes
1272-ILHFG,0.033,Low Risk,No,New Budget,15,19.65,One year,Mailed check,No,No
0164-XAIRP,0.0291,Low Risk,No,New Budget,24,19.55,Two year,Bank transfer (automatic),No,No
5666-CYCYZ,0.5191,Medium Risk,No,New High-Spend,24,89.55,Month-to-month,Electronic check,Fiber optic,Yes
4011-ARPHK,0.075,Low Risk,No,New Budget,27,50.35,Month-to-month,Mailed check,DSL,No
8182-PNAGI,0.186,Low Risk,Yes,New Budget,12,50.25,Month-to-month,Bank transfer (automatic),DSL,Yes
6365-HITVU,0.0269,Low Risk,No,Established High-Value,71,87.25,Two year,Credit card (automatic),DSL,Yes
7558-IMLMT,0.0249,Low Risk,No,Established Budget,67,20.8,Two year,Mailed check,No,No
9488-FYQAU,0.0928,Low Risk,No,Established High-Value,63,109.25,Two year,Bank transfer (automatic),Fiber optic,Yes
3590-TCXTB,0.3342,Low Risk,No,New Budget,1,20.35,Month-to-month,Mailed check,No,No
6994-KERXL,0.4889,Medium Risk,No,New High-Spend,4,55.9,Month-to-month,Electronic check,DSL,No
7957-RYHQD,0.3403,Low Risk,Yes,New High-Spend,40,79.2,Month-to-month,Credit card (automatic),Fiber optic,No
2180-DXNEG,0.6741,High Risk,Yes,New High-Spend,12,96.0,Month-to-month,Electronic check,Fiber optic,No
1960-UOTYM,0.036,Low Risk,No,Established High-Value,52,79.2,Two year,Electronic check,DSL,No
2740-JFBOK,0.1936,Low Risk,No,New Budget,10,24.0,Month-to-month,Electronic check,No,No
6500-JVEGC,0.0931,Low Risk,No,Established High-Value,68,101.35,One year,Bank transfer (automatic),Fiber optic,No
5515-AKOAJ,0.4459,Medium Risk,Yes,Established High-Value,54,100.1,Month-to-month,Electronic check,Fiber optic,Yes
8976-OQHGT,0.2764,Low Risk,Yes,New High-Spend,4,56.5,Month-to-month,Mailed check,DSL,Yes
5245-VDBUR,0.0353,Low Risk,No,Established Budget,52,35.45,One year,Mailed check,DSL,No
6230-BSUXY,0.7533,High Risk,Yes,New High-Spend,1,85.0,Month-to-month,Electronic check,Fiber optic,No
8469-SNFFH,0.0406,Low Risk,No,Established High-Value,70,79.4,One year,Bank transfer (automatic),DSL,Yes
2144-ESWKO,0.0482,Low Risk,No,Established Budget,43,35.2,One year,Credit card (automatic),DSL,No
1241-FPMOF,0.0262,Low Risk,No,Established Budget,52,19.65,Two year,Mailed check,No,No
9928-BZVLZ,0.0371,Low Risk,No,New High-Spend,12,49.85,Two year,Mailed check,DSL,Yes
4114-QMKVN,0.0496,Low Risk,No,Established High-Value,56,68.75,One year,Bank transfer (automatic),DSL,No
2775-SEFEE,0.0335,Low Risk,No,New High-Spend,0,61.9,Two year,Bank transfer (automatic),DSL,Yes
9003-CPATH,0.4107,Medium Risk,No,New High-Spend,42,79.9,Month-to-month,Electronic check,Fiber optic,No
1754-GKYPY,0.5118,Medium Risk,No,New High-Spend,22,89.75,Month-to-month,Bank transfer (automatic),Fiber optic,No
5294-CDGWY,0.1015,Low Risk,Yes,Established High-Value,51,59.3,One year,Electronic check,DSL,No
7956-XQWGU,0.0596,Low Risk,No,New Budget,27,19.4,Month-to-month,Credit card (automatic),No,No
1591-MQJTP,0.1213,Low Risk,No,Established High-Value,51,93.65,One year,Bank transfer (automatic),Fiber optic,No
5295-PCJOO,0.4513,Medium Risk,Yes,New Budget,4,49.4,Month-to-month,Electronic check,DSL,No
2369-FEVNO,0.4435,Medium Risk,No,New Budget,1,19.9,Month-to-month,Mailed check,No,No
9863-JZAIC,0.0928,Low Risk,Yes,Established Budget,35,55.0,Month-to-month,Mailed check,DSL,No
7471-MQPOS,0.048,Low Risk,No,Established High-Value,71,72.9,One year,Bank transfer (automatic),DSL,Yes
7660-HDPJV,0.7379,High Risk,Yes,New High-Spend,1,69.2,Month-to-month,Electronic check,Fiber optic,No
5115-SQAAU,0.0264,Low Risk,No,Established Budget,69,25.6,Two year,Bank transfer (automatic),No,No
9845-QOMAD,0.0328,Low Risk,No,New Budget,14,19.75,One year,Mailed check,No,No
7672-VFMXZ,0.1029,Low Risk,No,Established Budget,57,55.7,Month-to-month,Electronic check,DSL,Yes
9739-JLPQJ,0.0334,Low Risk,No,Established High-Value,72,117.5,Two year,Credit card (automatic),Fiber optic,Yes
9916-AYHTC,0.0262,Low Risk,No,Established Budget,48,19.85,Two year,Credit card (automatic),No,No
3855-ONCAR,0.6153,Medium Risk,No,New High-Spend,4,78.9,Month-to-month,Mailed check,Fiber optic,No
1488-SYSFC,0.0794,Low Risk,No,New Budget,31,20.65,Month-to-month,Electronic check,No,No
7931-PXHFC,0.0797,Low Risk,Yes,New High-Spend,38,62.3,One year,Mailed check,DSL,Yes
3990-QYKBE,0.5722,Medium Risk,Yes,New High-Spend,37,92.5,Month-to-month,Electronic check,Fiber optic,No
0970-QXPXW,0.3578,Medium Risk,No,New Budget,1,19.65,Month-to-month,Mailed check,No,No
3259-KNMRR,0.0415,Low Risk,No,Established High-Value,57,79.75,Two year,Bank transfer (automatic),DSL,No
6120-RJKLU,0.0319,Low Risk,No,Established High-Value,62,79.95,Two year,Credit card (automatic),DSL,Yes
9572-WUKSB,0.5447,Medium Risk,No,New Budget,3,29.9,Month-to-month,Electronic check,DSL,Yes
5893-KCLGT,0.0247,Low Risk,No,Established Budget,72,19.75,Two year,Mailed check,No,No
0076-LVEPS,0.103,Low Risk,No,New High-Spend,29,45.0,Month-to-month,Mailed check,DSL,Yes
3640-JQGJG,0.1739,Low Risk,No,New Budget,13,44.8,Month-to-month,Bank transfer (automatic),DSL,No
4919-MOAVT,0.5732,Medium Risk,Yes,New High-Spend,3,69.65,Month-to-month,Electronic check,Fiber optic,No
1596-OQSPS,0.2543,Low Risk,No,New Budget,11,51.1,Month-to-month,Electronic check,DSL,No
9867-XOBQA,0.0302,Low Risk,No,New High-Spend,21,53.15,Two year,Mailed check,DSL,Yes
9546-KDTRB,0.0727,Low Risk,No,New Budget,19,24.7,Month-to-month,Bank transfer (automatic),No,No
3090-HAWSU,0.08,Low Risk,Yes,Established High-Value,61,111.6,Two year,Credit card (automatic),Fiber optic,Yes
9820-RMCQV,0.1731,Low Risk,Yes,New Budget,11,48.55,Month-to-month,Credit card (automatic),DSL,No
3174-RKMOW,0.4665,Medium Risk,No,Established High-Value,35,109.95,Month-to-month,Electronic check,Fiber optic,Yes
1760-CAZHT,0.0415,Low Risk,No,New Budget,25,20.8,Month-to-month,Mailed check,No,No
7839-QRKXN,0.4587,Medium Risk,Yes,New Budget,1,20.2,Month-to-month,Mailed check,No,No
8441-SHIPE,0.026,Low Risk,No,Established Budget,67,25.6,Two year,Bank transfer (automatic),No,No
5204-QZXPU,0.4426,Medium Risk,Yes,New Budget,19,39.65,Month-to-month,Electronic check,DSL,No
4597-ELFTS,0.0402,Low Risk,Yes,Established Budget,56,24.9,One year,Electronic check,No,No
1320-GVNHT,0.0386,Low Risk,No,Established High-Value,72,108.4,Two year,Credit card (automatic),Fiber optic,No
1047-RNXZV,0.0252,Low Risk,No,Established Budget,43,19.55,Two year,Mailed check,No,No
3541-ZNUHK,0.2353,Low Risk,No,Established High-Value,55,85.1,Month-to-month,Electronic check,Fiber optic,No
8450-JOVAH,0.4054,Medium Risk,Yes,New High-Spend,2,56.7,Month-to-month,Mailed check,DSL,No
8725-JEDFD,0.3185,Low Risk,No,New High-Spend,27,69.05,Month-to-month,Mailed check,Fiber optic,No
7562-UXTPG,0.513,Medium Risk,No,New High-Spend,13,70.15,Month-to-month,Mailed check,Fiber optic,No
8071-SBTRN,0.0723,Low Risk,No,Established High-Value,70,111.15,Two year,Mailed check,Fiber optic,No
1113-IUJYX,0.2357,Low Risk,Yes,Established High-Value,14,105.95,One year,Mailed check,Fiber optic,Yes
6668-CNMFP,0.1635,Low Risk,No,New High-Spend,19,89.35,One year,Bank transfer (automatic),Fiber optic,Yes
5626-MGTUK,0.3778,Medium Risk,No,New High-Spend,20,89.1,Month-to-month,Bank transfer (automatic),Fiber optic,No
5681-LLOEI,0.0533,Low Risk,No,Established High-Value,43,91.25,One year,Credit card (automatic),Fiber optic,Yes
8212-DJRCH,0.5549,Medium Risk,No,New High-Spend,5,90.35,Month-to-month,Mailed check,Fiber optic,No
4323-OHFOW,0.1768,Low Risk,No,Established High-Value,70,105.55,One year,Bank transfer (automatic),Fiber optic,Yes
4933-BSAIP,0.0255,Low Risk,No,Established Budget,40,19.1,Two year,Mailed check,No,No
2030-BTZRO,0.031,Low Risk,No,New Budget,6,20.4,Two year,Credit card (automatic),No,No
1116-DXXDF,0.1072,Low Risk,No,Established High-Value,39,100.45,Two year,Electronic check,Fiber optic,No
9274-CNFMO,0.6491,Medium Risk,Yes,New High-Spend,4,74.95,Month-to-month,Electronic check,Fiber optic,No
7758-XKCBS,0.3744,Medium Risk,Yes,New Budget,15,29.7,Month-to-month,Electronic check,DSL,Yes
8992-JQYUN,0.7134,High Risk,Yes,New High-Spend,1,50.35,Month-to-month,Electronic check,DSL,No
6563-VNPMN,0.2168,Low Risk,No,Established High-Value,45,85.7,Month-to-month,Bank transfer (automatic),Fiber optic,Yes
0617-AQNWT,0.0379,Low Risk,Yes,Established High-Value,64,47.85,Two year,Electronic check,DSL,Yes
2267-WTPYD,0.2409,Low Risk,No,Established High-Value,57,94.0,Month-to-month,Credit card (automatic),Fiber optic,No
0270-THENM,0.0249,Low Risk,No,Established High-Value,72,69.85,Two year,Bank transfer (automatic),DSL,Yes
2446-PLQVO,0.7372,High Risk,Yes,New High-Spend,1,70.3,Month-to-month,Electronic check,Fiber optic,No
4707-MAXGU,0.0242,Low Risk,No,Established Budget,72,25.85,Two year,Credit card (automatic),No,No
2710-WYVXG,0.0379,Low Risk,No,New High-Spend,3,71.1,Two year,Mailed check,DSL,Yes
3005-NFMTA,0.4752,Medium Risk,Yes,Established High-Value,55,98.8,Month-to-month,Electronic check,Fiber optic,No
6300-BWMJX,0.2433,Low Risk,No,Established High-Value,59,93.35,Month-to-month,Electronic check,Fiber optic,Yes
8784-CGILN,0.4996,Medium Risk,Yes,New High-Spend,18,99.85,Month-to-month,Bank transfer (automatic),Fiber optic,Yes
5389-FFVKB,0.4765,Medium Risk,Yes,New High-Spend,32,80.3,Month-to-month,Credit card (automatic),Fiber optic,No
7009-LGECI,0.3217,Low Risk,No,New Budget,4,50.55,Month-to-month,Bank transfer (automatic),DSL,No
8444-WRIDW,0.1837,Low Risk,Yes,Established Budget,66,80.45,Month-to-month,Credit card (automatic),Fiber optic,No
5022-KVDQT,0.5413,Medium Risk,No,New High-Spend,27,81.3,Month-to-month,Electronic check,Fiber optic,No
7976-CICYS,0.1554,Low Risk,No,New Budget,4,20.7,Month-to-month,Credit card (automatic),No,No
1036-GUDCL,0.0709,Low Risk,No,Established High-Value,60,79.05,Month-to-month,Credit card (automatic),DSL,Yes
2005-DWQZJ,0.0279,Low Risk,No,New Budget,8,19.05,Two year,Mailed check,No,No
8148-WOCMK,0.0301,Low Risk,No,New Budget,8,19.6,Two year,Credit card (automatic),No,No
7815-PDTHL,0.0268,Low Risk,No,Established Budget,35,20.2,Two year,Mailed check,No,No
9451-LPGOO,0.6899,High Risk,Yes,New High-Spend,7,86.8,Month-to-month,Electronic check,Fiber optic,No
9173-IVZVP,0.0251,Low Risk,No,Established Budget,53,20.9,Two year,Mailed check,No,No
9129-UXERG,0.522,Medium Risk,No,New High-Spend,18,103.6,Month-to-month,Credit card (automatic),Fiber optic,Yes
3635-JBPSG,0.0414,Low Risk,No,New Budget,15,38.8,Two year,Mailed check,DSL,No
7964-ZRKKG,0.0714,Low Risk,No,Established High-Value,67,88.4,One year,Bank transfer (automatic),Fiber optic,No
5868-YWPDW,0.6759,High Risk,Yes,New High-Spend,6,84.2,Month-to-month,Electronic check,Fiber optic,No
6229-LSCKB,0.6761,High Risk,No,New High-Spend,6,79.7,Month-to-month,Electronic check,Fiber optic,No
2025-JKFWI,0.6243,Medium Risk,Yes,New High-Spend,13,99.0,Month-to-month,Mailed check,Fiber optic,Yes
4078-SAYYN,0.7243,High Risk,Yes,New High-Spend,11,100.75,Month-to-month,Electronic check,Fiber optic,No
1724-IQWNM,0.401,Medium Risk,No,New Budget,1,19.3,Month-to-month,Mailed check,No,No
8217-QYOHV,0.2913,Low Risk,No,New High-Spend,5,55.75,Month-to-month,Mailed check,DSL,Yes
5546-QUERU,0.0397,Low Risk,No,New Budget,13,19.95,One year,Mailed check,No,No
9940-HPQPG,0.535,Medium Risk,Yes,New High-Spend,9,91.75,Month-to-month,Bank transfer (automatic),Fiber optic,No
6897-UUBNU,0.2526,Low Risk,No,New High-Spend,29,89.65,Month-to-month,Mailed check,Fiber optic,Yes
6127-IYJOZ,0.6367,Medium Risk,No,New Budget,1,45.85,Month-to-month,Mailed check,DSL,No
6618-RYATB,0.7226,High Risk,Yes,New High-Spend,1,79.55,Month-to-month,Mailed check,Fiber optic,No
8930-XOTDP,0.1266,Low Risk,No,New High-Spend,18,55.95,Month-to-month,Mailed check,DSL,No
5916-QEWPT,0.4213,Medium Risk,No,New High-Spend,2,69.0,Month-to-month,Credit card (automatic),DSL,No
5060-TQUQN,0.3107,Low Risk,No,New High-Spend,30,83.55,Month-to-month,Bank transfer (automatic),Fiber optic,Yes
0531-XBKMM,0.0271,Low Risk,No,Established High-Value,66,65.7,Two year,Bank transfer (automatic),DSL,Yes
8465-SBRXP,0.0649,Low Risk,No,Established High-Value,38,94.9,Two year,Bank transfer (automatic),Fiber optic,Yes
2408-PSJVE,0.0922,Low Risk,No,Established High-Value,44,61.9,Month-to-month,Mailed check,DSL,Yes
9079-YEXQJ,0.3925,Medium Risk,Yes,Established High-Value,54,111.1,Month-to-month,Electronic check,Fiber optic,Yes
9700-ZCLOT,0.1745,Low Risk,No,New Budget,2,20.0,Month-to-month,Mailed check,No,No
8738-JOKAR,0.0611,Low Risk,No,Established High-Value,42,67.7,One year,Mailed check,DSL,Yes
4534-WGCIR,0.0253,Low Risk,No,Established Budget,58,25.15,Two year,Credit card (automatic),No,No
1930-WNXSB,0.3472,Low Risk,No,Established High-Value,58,92.85,Month-to-month,Electronic check,Fiber optic,No
2685-SREOM,0.5843,Medium Risk,Yes,New High-Spend,25,89.1,Month-to-month,Electronic check,Fiber optic,No
3508-CFVZL,0.0376,Low Risk,No,Established High-Value,71,111.3,Two year,Mailed check,Fiber optic,Yes
0402-CQAJN,0.4132,Medium Risk,Yes,Established High-Value,37,101.9,Month-to-month,Bank transfer (automatic),Fiber optic,No
6692-UDPJC,0.6318,Medium Risk,Yes,New High-Spend,14,91.65,Month-to-month,Electronic check,Fiber optic,Yes
1273-MTETI,0.7258,High Risk,Yes,New High-Spend,4,88.85,Month-to-month,Electronic check,Fiber optic,No
0657-DOGUM,0.0418,Low Risk,No,Established Budget,48,60.6,One year,Bank transfer (automatic),DSL,Yes
5480-HPRRX,0.5664,Medium Risk,Yes,New Budget,3,25.3,Month-to-month,Electronic check,DSL,No
8792-AOROI,0.0315,Low Risk,No,New High-Spend,8,65.5,Two year,Mailed check,DSL,Yes
0295-PPHDO,0.7633,High Risk,Yes,New High-Spend,1,95.45,Month-to-month,Electronic check,Fiber optic,No
5146-YYFRZ,0.0255,Low Risk,No,Established Budget,67,19.95,Two year,Bank transfer (automatic),No,No
1195-OIYEJ,0.6634,High Risk,Yes,New High-Spend,13,91.1,Month-to-month,Electronic check,Fiber optic,No
5906-CVLHP,0.048,Low Risk,Yes,Established Budget,45,54.15,One year,Credit card (automatic),DSL,Yes
3452-SRFEG,0.2306,Low Risk,No,Established Budget,49,74.6,Month-to-month,Bank transfer (automatic),Fiber optic,No
4070-OKWVH,0.2401,Low Risk,No,Established High-Value,52,94.6,Month-to-month,Bank transfer (automatic),Fiber optic,No
5297-MDOIR,0.0392,Low Risk,No,Established High-Value,63,81.15,One year,Credit card (automatic),Fiber optic,No
6369-MCAKO,0.03,Low Risk,No,Established High-Value,68,89.05,Two year,Bank transfer (automatic),DSL,Yes
4926-UMJZD,0.1136,Low Risk,No,New Budget,31,49.2,Month-to-month,Mailed check,DSL,Yes
6848-HJTXY,0.0246,Low Risk,No,Established Budget,64,19.45,Two year,Credit card (automatic),No,No
6341-AEVKX,0.1741,Low Risk,No,Established High-Value,62,104.3,One year,Electronic check,Fiber optic,Yes
4501-EQDRN,0.6739,High Risk,Yes,New High-Spend,1,69.7,Month-to-month,Bank transfer (automatic),Fiber optic,No
2990-HWIML,0.7011,High Risk,Yes,New High-Spend,6,89.5,Month-to-month,Electronic check,Fiber optic,No
0682-USIXD,0.5024,Medium Risk,No,New High-Spend,21,86.05,Month-to-month,Electronic check,Fiber optic,Yes
6976-BWGLQ,0.0243,Low Risk,No,Established Budget,72,25.2,Two year,Bank transfer (automatic),No,No
7078-NVFAM,0.1968,Low Risk,No,Established Budget,32,35.15,Month-to-month,Electronic check,DSL,No
8065-QBYTO,0.0509,Low Risk,No,Established High-Value,71,99.65,One year,Credit card (automatic),Fiber optic,Yes
2133-TSRRM,0.3531,Medium Risk,No,Established High-Value,34,105.35,Month-to-month,Bank transfer (automatic),Fiber optic,No
7384-GHBPI,0.6485,Medium Risk,Yes,New Budget,3,35.15,Month-to-month,Electronic check,DSL,No
7603-USHJS,0.5735,Medium Risk,Yes,New High-Spend,12,73.75,Month-to-month,Credit card (automatic),Fiber optic,No
7234-FECYN,0.6896,High Risk,Yes,New High-Spend,8,101.35,Month-to-month,Electronic check,Fiber optic,No
2511-ALLCS,0.0272,Low Risk,No,Established Budget,35,24.3,Two year,Bank transfer (automatic),No,No
3191-CSNMG,0.6862,High Risk,No,New High-Spend,3,80.7,Month-to-month,Electronic check,Fiber optic,No
7952-OBOYL,0.5995,Medium Risk,No,New High-Spend,3,89.85,Month-to-month,Mailed check,Fiber optic,Yes
7470-DYNOE,0.0812,Low Risk,No,Established Budget,53,61.1,One year,Electronic check,DSL,No
7853-OETYL,0.4557,Medium Risk,No,New Budget,4,29.05,Month-to-month,Electronic check,DSL,No
1545-ACTAS,0.1959,Low Risk,No,Established High-Value,48,99.7,One year,Bank transfer (automatic),Fiber optic,No
5876-HZVZM,0.1655,Low Risk,Yes,New High-Spend,6,55.9,Month-to-month,Credit card (automatic),DSL,No
1400-MMYXY,0.7387,High Risk,Yes,New High-Spend,3,105.9,Month-to-month,Electronic check,Fiber optic,No
5126-RCXYW,0.0319,Low Risk,No,Established Budget,54,46.0,Two year,Credit card (automatic),DSL,Yes
3085-QUOZK,0.5242,Medium Risk,Yes,New Budget,1,43.95,Month-to-month,Mailed check,DSL,No
2363-BJLSL,0.0954,Low Risk,No,Established High-Value,62,80.4,Month-to-month,Bank transfer (automatic),DSL,Yes
1956-YIFGE,0.2764,Low Risk,No,New High-Spend,22,100.05,One year,Mailed check,Fiber optic,No
3926-CUQZX,0.5953,Medium Risk,Yes,New Budget,1,45.1,Month-to-month,Bank transfer (automatic),DSL,No
7921-LMDFQ,0.2023,Low Risk,No,Established High-Value,51,94.0,One year,Bank transfer (automatic),Fiber optic,No
2925-MXLSX,0.064,Low Risk,No,New High-Spend,30,68.95,One year,Credit card (automatic),DSL,No
5820-PTRYM,0.038,Low Risk,No,Established High-Value,56,68.45,One year,Credit card (automatic),DSL,Yes
9609-BENEA,0.0844,Low Risk,No,New High-Spend,35,69.0,One year,Electronic check,DSL,Yes
6211-WHMYA,0.2022,Low Risk,No,Established Budget,64,43.85,Month-to-month,Electronic check,DSL,Yes
4459-BBGHE,0.3297,Low Risk,No,New High-Spend,30,44.5,Month-to-month,Electronic check,DSL,No
9945-PSVIP,0.0289,Low Risk,No,New Budget,25,18.7,Two year,Mailed check,No,No
1041-RXHRA,0.2444,Low Risk,Yes,Established Budget,41,70.25,Month-to-month,Bank transfer (automatic),Fiber optic,No
1750-CSKKM,0.3094,Low Risk,Yes,New High-Spend,9,55.35,Month-to-month,Electronic check,DSL,No
9108-EJFJP,0.5125,Medium Risk,No,New High-Spend,1,53.55,Month-to-month,Mailed check,DSL,No
0530-IJVDB,0.0724,Low Risk,No,Established High-Value,70,114.6,Two year,Electronic check,Fiber optic,Yes
0508-SQWPL,0.0269,Low Risk,No,Established Budget,57,20.1,Two year,Bank transfer (automatic),No,No
2215-ZAFGX,0.6883,High Risk,No,New High-Spend,9,85.5,Month-to-month,Electronic check,Fiber optic,No
8213-TAZPM,0.1807,Low Risk,No,Established High-Value,69,108.75,One year,Bank transfer (automatic),Fiber optic,Yes
7142-HVGBG,0.6025,Medium Risk,Yes,Established High-Value,43,103.0,Month-to-month,Electronic check,Fiber optic,No
1304-SEGFY,0.0566,Low Risk,No,Established High-Value,72,97.85,Two year,Electronic check,Fiber optic,No
7242-EDTYC,0.026,Low Risk,No,Established Budget,44,19.55,Two year,Bank transfer (automatic),No,No
2904-GGUAZ,0.0264,Low Risk,No,Established High-Value,72,84.05,Two year,Bank transfer (automatic),Fiber optic,No
8267-ZNYVZ,0.2544,Low Risk,Yes,Established High-Value,33,103.75,One year,Electronic check,Fiber optic,Yes
5136-GFPMB,0.2178,Low Risk,No,Established High-Value,54,89.4,Month-to-month,Credit card (automatic),Fiber optic,No
2595-KIWPV,0.0257,Low Risk,No,New Budget,27,19.7,Two year,Credit card (automatic),No,No
5243-SAOTC,0.2286,Low Risk,No,Established Budget,54,79.85,Month-to-month,Bank transfer (automatic),Fiber optic,No
9398-MMQTO,0.5807,Medium Risk,No,New High-Spend,3,74.45,Month-to-month,Credit card (automatic),Fiber optic,No
7619-PLRLP,0.0534,Low Risk,No,Established High-Value,53,74.1,One year,Bank transfer (automatic),DSL,No
6457-GIRWB,0.7378,High Risk,Yes,New High-Spend,1,69.35,Month-to-month,Electronic check,Fiber optic,No
6508-NJYRO,0.0325,Low Risk,No,New Budget,15,18.8,One year,Mailed check,No,No
1450-SKCVI,0.3032,Low Risk,Yes,Established Budget,56,73.85,Month-to-month,Electronic check,Fiber optic,No
4710-NKCAW,0.2581,Low Risk,No,New High-Spend,5,64.4,Month-to-month,Credit card (automatic),DSL,Yes
5306-BVTKJ,0.0507,Low Risk,No,Established Budget,48,55.8,One year,Credit card (automatic),DSL,No
0357-NVCRI,0.0421,Low Risk,No,New Budget,25,20.05,Month-to-month,Credit card (automatic),No,No
5570-PTWEH,0.6468,Medium Risk,Yes,New High-Spend,3,75.15,Month-to-month,Credit card (automatic),Fiber optic,No
2371-KFUOG,0.1414,Low Risk,No,Established High-Value,58,99.15,One year,Bank transfer (automatic),Fiber optic,No
0463-ZSDNT,0.2898,Low Risk,No,New High-Spend,10,56.75,Month-to-month,Bank transfer (automatic),DSL,No
6502-MJQAE,0.7378,High Risk,Yes,New High-Spend,1,69.6,Month-to-month,Electronic check,Fiber optic,No
6257-DTAYD,0.053,Low Risk,No,Established High-Value,71,104.15,Two year,Credit card (automatic),Fiber optic,Yes
4616-ULAOA,0.0727,Low Risk,No,Established High-Value,65,110.8,Two year,Credit card (automatic),Fiber optic,Yes
7693-LCKZL,0.6778,High Risk,Yes,New High-Spend,5,80.15,Month-to-month,Electronic check,Fiber optic,No
7746-AWNQW,0.1398,Low Risk,No,New Budget,28,35.75,Month-to-month,Mailed check,DSL,Yes
5996-EBTKM,0.0314,Low Risk,No,Established High-Value,67,69.9,Two year,Bank transfer (automatic),DSL,Yes
2758-RNWXS,0.1058,Low Risk,No,Established High-Value,35,89.2,One year,Electronic check,Fiber optic,Yes
2314-TNDJQ,0.026,Low Risk,No,Established High-Value,72,55.65,Two year,Credit card (automatic),DSL,Yes
2405-LBMUW,0.0526,Low Risk,No,Established High-Value,61,50.7,One year,Bank transfer (automatic),DSL,Yes
3454-JFUBC,0.0256,Low Risk,No,Established Budget,68,20.0,Two year,Credit card (automatic),No,No
0032-PGELS,0.4884,Medium Risk,Yes,New Budget,1,30.5,Month-to-month,Bank transfer (automatic),DSL,No
9039-ZVJDC,0.1638,Low Risk,No,New Budget,3,19.1,Month-to-month,Mailed check,No,No
6797-LNAQX,0.0674,Low Risk,Yes,Established High-Value,70,98.3,Two year,Bank transfer (automatic),Fiber optic,No
9013-AQORL,0.1379,Low Risk,No,Established Budget,48,45.55,Month-to-month,Credit card (automatic),DSL,No
2898-MRKPI,0.1796,Low Risk,No,Established High-Value,68,101.05,One year,Credit card (automatic),Fiber optic,No
2750-BJLSB,0.213,Low Risk,No,Established High-Value,47,103.7,One year,Electronic check,Fiber optic,Yes
3648-GZPHF,0.0452,Low Risk,No,Established Budget,32,36.25,One year,Mailed check,DSL,Yes
2075-RMJIK,0.3005,Low Risk,No,New Budget,5,49.4,Month-to-month,Mailed check,DSL,No
9588-YRFHY,0.0258,Low Risk,No,Established Budget,49,19.9,Two year,Credit card (automatic),No,No
6394-MFYNG,0.4538,Medium Risk,Yes,Established High-Value,48,107.4,Month-to-month,Bank transfer (automatic),Fiber optic,No
1564-NTYXF,0.6839,High Risk,Yes,New High-Spend,13,82.0,Month-to-month,Electronic check,Fiber optic,No
9364-YKUVW,0.0721,Low Risk,No,New Budget,15,19.8,Month-to-month,Mailed check,No,No
5392-AKEMH,0.3763,Medium Risk,No,New Budget,12,45.05,Month-to-month,Electronic check,DSL,No
2451-YMUXS,0.0293,Low Risk,No,Established High-Value,67,64.55,Two year,Bank transfer (automatic),DSL,Yes
3914-FDRHP,0.5759,Medium Risk,No,New High-Spend,9,86.25,Month-to-month,Electronic check,Fiber optic,Yes
3078-ZKNTS,0.0305,Low Risk,No,New Budget,13,19.75,Two year,Bank transfer (automatic),No,No
1024-KPRBB,0.1602,Low Risk,No,New High-Spend,38,89.1,One year,Mailed check,Fiber optic,No
4690-PKDQG,0.5276,Medium Risk,No,Established High-Value,42,95.55,Month-to-month,Electronic check,Fiber optic,No
8155-IBNHG,0.3995,Medium Risk,Yes,New High-Spend,24,75.4,Month-to-month,Credit card (automatic),Fiber optic,No
0886-QGENL,0.5621,Medium Risk,Yes,Established High-Value,27,101.25,Month-to-month,Electronic check,Fiber optic,No
9547-ITEFG,0.6631,High Risk,No,New High-Spend,9,102.6,Month-to-month,Credit card (automatic),Fiber optic,No
1264-FUHCX,0.1022,Low Risk,No,Established High-Value,49,56.3,One year,Credit card (automatic),DSL,Yes
7789-CRUVC,0.1429,Low Risk,No,Established High-Value,61,94.2,Month-to-month,Credit card (automatic),Fiber optic,Yes
6598-KELSS,0.046,Low Risk,No,Established Budget,50,43.05,One year,Bank transfer (automatic),DSL,No
8739-WWKDU,0.6014,Medium Risk,Yes,New High-Spend,25,89.5,Month-to-month,Electronic check,Fiber optic,No
8685-WHQPW,0.443,Medium Risk,Yes,New High-Spend,22,74.4,Month-to-month,Bank transfer (automatic),Fiber optic,No
4745-LSPLO,0.34,Low Risk,Yes,New Budget,1,20.5,Month-to-month,Mailed check,No,No
8083-YTZES,0.6824,High Risk,Yes,New High-Spend,4,74.35,Month-to-month,Electronic check,Fiber optic,No
7240-FQLHE,0.5066,Medium Risk,Yes,New High-Spend,18,99.75,Month-to-month,Bank transfer (automatic),Fiber optic,Yes
6664-FPDAC,0.3143,Low Risk,Yes,Established High-Value,56,111.95,One year,Electronic check,Fiber optic,Yes
9972-VAFJJ,0.1372,Low Risk,No,Established High-Value,53,94.0,One year,Electronic check,Fiber optic,Yes
0422-UXFAP,0.3221,Low Risk,No,Established High-Value,51,98.85,One year,Electronic check,Fiber optic,No
1904-WAJAA,0.0378,Low Risk,No,New High-Spend,24,64.35,Two year,Electronic check,DSL,No
5130-YPIRV,0.0291,Low Risk,No,Established High-Value,62,72.0,Two year,Credit card (automatic),DSL,No
2843-CQMEG,0.1344,Low Risk,No,New Budget,24,49.7,Month-to-month,Mailed check,DSL,No
6439-PKTRR,0.035,Low Risk,No,Established High-Value,70,80.7,Two year,Electronic check,DSL,Yes
5351-QESIO,0.5103,Medium Risk,No,New Budget,1,24.2,Month-to-month,Mailed check,DSL,No
0786-VSSUD,0.3244,Low Risk,Yes,New Budget,16,39.0,Month-to-month,Mailed check,DSL,No
5568-DMXZS,0.2567,Low Risk,No,New High-Spend,8,65.45,Month-to-month,Electronic check,DSL,Yes
8468-FZTOE,0.028,Low Risk,No,Established High-Value,72,74.35,Two year,Electronic check,DSL,Yes
6633-SYEUS,0.2204,Low Risk,No,New High-Spend,23,83.2,Month-to-month,Bank transfer (automatic),Fiber optic,Yes
6447-GORXK,0.0912,Low Risk,No,New Budget,31,25.0,Month-to-month,Credit card (automatic),DSL,No
6967-PEJLL,0.0515,Low Risk,No,Established Budget,37,40.2,One year,Electronic check,DSL,Yes
3976-BWUCK,0.3733,Medium Risk,Yes,New High-Spend,30,94.1,Month-to-month,Credit card (automatic),Fiber optic,Yes
5981-ZVXOT,0.3309,Low Risk,No,Established High-Value,35,108.35,One year,Electronic check,Fiber optic,No
1684-FLBGS,0.1266,Low Risk,No,New High-Spend,23,69.5,Month-to-month,Credit card (automatic),DSL,Yes
1389-WNUIB,0.077,Low Risk,No,New High-Spend,20,76.0,One year,Bank transfer (automatic),DSL,No
0376-OIWME,0.4292,Medium Risk,No,Established High-Value,36,93.6,Month-to-month,Electronic check,Fiber optic,No
3585-ISXZP,0.6518,High Risk,Yes,New High-Spend,8,95.65,Month-to-month,Bank transfer (automatic),Fiber optic,No
0218-QNVAS,0.1006,Low Risk,No,Established High-Value,71,100.55,One year,Bank transfer (automatic),Fiber optic,No
6583-QGCSI,0.4989,Medium Risk,Yes,Established High-Value,50,88.05,Month-to-month,Electronic check,Fiber optic,No
0804-YGEQV,0.0356,Low Risk,No,Established Budget,43,24.45,One year,Bank transfer (automatic),No,No
7164-BPTUT,0.0299,Low Risk,No,Established High-Value,57,89.55,Two year,Mailed check,DSL,Yes
4174-LPGTI,0.0827,Low Risk,Yes,Established High-Value,41,66.5,One year,Bank transfer (automatic),DSL,Yes
2523-EWWZL,0.4834,Medium Risk,No,New High-Spend,27,76.1,Month-to-month,Electronic check,Fiber optic,No
0928-XUTSN,0.6474,Medium Risk,No,New High-Spend,13,80.5,Month-to-month,Electronic check,Fiber optic,No
2108-XWMPY,0.4546,Medium Risk,Yes,New Budget,3,35.45,Month-to-month,Mailed check,DSL,No
0052-YNYOT,0.0334,Low Risk,No,Established Budget,67,20.55,One year,Electronic check,No,No
6304-IJFSQ,0.4673,Medium Risk,Yes,New Budget,3,49.9,Month-to-month,Mailed check,DSL,No
9586-JGQKH,0.0912,Low Risk,No,Established High-Value,64,105.4,Two year,Bank transfer (automatic),Fiber optic,Yes
4501-VCPFK,0.1549,Low Risk,No,New Budget,26,35.75,Month-to-month,Electronic check,DSL,Yes
6075-SLNIL,0.3698,Medium Risk,No,Established High-Value,38,95.1,Month-to-month,Credit card (automatic),Fiber optic,No
9347-AERRL,0.0314,Low Risk,No,New Budget,23,19.3,One year,Credit card (automatic),No,No
0093-XWZFY,0.4577,Medium Risk,Yes,Established High-Value,40,104.5,Month-to-month,Credit card (automatic),Fiber optic,No
2274-XUATA,0.0292,Low Risk,No,Established High-Value,72,63.1,Two year,Bank transfer (automatic),DSL,Yes
1980-KXVPM,0.6857,High Risk,Yes,New High-Spend,3,75.05,Month-to-month,Credit card (automatic),Fiber optic,No
7703-ZEKEF,0.5538,Medium Risk,Yes,New High-Spend,23,81.0,Month-to-month,Electronic check,Fiber optic,No
0723-DRCLG,0.7524,High Risk,Yes,New High-Spend,1,74.45,Month-to-month,Electronic check,Fiber optic,No
5482-NUPNA,0.2746,Low Risk,Yes,New High-Spend,4,60.4,Month-to-month,Mailed check,DSL,Yes
6691-CCIHA,0.0355,Low Risk,No,Established High-Value,62,84.95,Two year,Electronic check,DSL,Yes
1685-BQULA,0.3315,Low Risk,No,Established High-Value,40,93.4,Month-to-month,Bank transfer (automatic),Fiber optic,No
9053-EJUNL,0.5176,Medium Risk,No,New High-Spend,41,89.2,Month-to-month,Electronic check,Fiber optic,No
0666-UXTJO,0.4493,Medium Risk,No,New High-Spend,34,85.2,Month-to-month,Credit card (automatic),Fiber optic,No
1471-GIQKQ,0.5695,Medium Risk,No,New Budget,1,49.95,Month-to-month,Electronic check,DSL,No
4807-IZYOZ,0.0263,Low Risk,No,Established Budget,51,20.65,Two year,Bank transfer (automatic),No,No
1122-JWTJW,0.7046,High Risk,Yes,New High-Spend,1,70.65,Month-to-month,Mailed check,Fiber optic,No
9710-NJERN,0.0252,Low Risk,No,Established Budget,39,20.15,Two year,Mailed check,No,No
9837-FWLCH,0.1214,Low Risk,No,New Budget,12,19.2,Month-to-month,Electronic check,No,No
1699-HPSBG,0.1156,Low Risk,Yes,New High-Spend,12,59.8,One year,Electronic check,DSL,Yes
7203-OYKCT,0.1578,Low Risk,No,Established High-Value,72,104.95,One year,Electronic check,Fiber optic,No
1035-IPQPU,0.4623,Medium Risk,No,Established High-Value,63,103.5,Month-to-month,Electronic check,Fiber optic,No
7398-LXGYX,0.2415,Low Risk,No,New High-Spend,44,84.8,Month-to-month,Credit card (automatic),Fiber optic,No
2823-LKABH,0.4479,Medium Risk,No,New High-Spend,18,95.05,Month-to-month,Bank transfer (automatic),Fiber optic,Yes
8775-CEBBJ,0.2495,Low Risk,Yes,New Budget,9,44.2,Month-to-month,Bank transfer (automatic),DSL,No
0550-DCXLH,0.1802,Low Risk,No,New High-Spend,13,73.35,Month-to-month,Mailed check,DSL,Yes
9281-CEDRU,0.0291,Low Risk,No,Established High-Value,68,64.1,Two year,Bank transfer (automatic),DSL,Yes
2235-DWLJU,0.5973,Medium Risk,No,New Budget,6,44.4,Month-to-month,Electronic check,DSL,No
0871-OPBXW,0.2624,Low Risk,No,New Budget,2,20.05,Month-to-month,Mailed check,No,No
3605-JISKB,0.0429,Low Risk,No,Established Budget,55,60.0,One year,Credit card (automatic),DSL,No
6894-LFHLY,0.7533,High Risk,Yes,New High-Spend,1,75.75,Month-to-month,Electronic check,Fiber optic,No
9767-FFLEM,0.3681,Medium Risk,No,New High-Spend,38,69.5,Month-to-month,Credit card (automatic),Fiber optic,No
0639-TSIQW,0.269,Low Risk,Yes,Established High-Value,67,102.95,Month-to-month,Credit card (automatic),Fiber optic,No
8456-QDAVC,0.4742,Medium Risk,No,New High-Spend,19,78.7,Month-to-month,Bank transfer (automatic),Fiber optic,No
7750-EYXWZ,0.1241,Low Risk,No,New High-Spend,12,60.65,One year,Electronic check,DSL,Yes
2569-WGERO,0.0257,Low Risk,No,Established Budget,72,21.15,Two year,Bank transfer (automatic),No,No
6840-RESVB,0.0793,Low Risk,No,Established High-Value,24,84.8,One year,Mailed check,DSL,Yes
2234-XADUH,0.085,Low Risk,No,Established High-Value,72,103.2,One year,Credit card (automatic),Fiber optic,No
4801-JZAZL,0.2271,Low Risk,No,New Budget,11,29.6,Month-to-month,Electronic check,DSL,No
8361-LTMKD,0.6593,High Risk,Yes,New High-Spend,4,74.4,Month-to-month,Mailed check,Fiber optic,No
3186-AJIEK,0.0656,Low Risk,No,Established High-Value,66,105.65,Two year,Bank transfer (automatic),Fiber optic,Yes
