PriorityRank,customerID,ChurnProbability,RiskTier,CustomerSegment,tenure,MonthlyCharges,Contract,PaymentMethod,InternetService,TechSupport,LifecycleStage,SharedDriver,CustomerValue,RevenueAtRisk,ExpectedSavedRevenue,CampaignCost,ExpectedNetBenefit,DominantRiskDriver,SecondaryLever,RecommendedRetentionAction
1,1400-MMYXY,0.7387,High Risk,New High-Spend,3,105.9,Month-to-month,Electronic check,Fiber optic,No,Onboarding window (0-12 months),Month-to-month contract,1270.8000000000002,938.7399600000001,281.62198800000004,15.0,266.62198800000004,Price and plan fit,Service quality,Discounted 12- or 24-month contract with loyalty bonus + Plan right-sizing review and personalised tariff
2,5419-JPRRN,0.7661,High Risk,New High-Spend,1,101.45,Month-to-month,Electronic check,Fiber optic,No,Onboarding window (0-12 months),Month-to-month contract,1217.4,932.6501400000001,279.795042,15.0,264.795042,Price and plan fit,Billing and payment,Discounted 12- or 24-month contract with loyalty bonus + Plan right-sizing review and personalised tariff
3,7216-EWTRS,0.769,High Risk,New High-Spend,1,100.8,Month-to-month,Electronic check,Fiber optic,No,Onboarding window (0-12 months),Month-to-month contract,1209.6,930.1823999999999,279.05472,15.0,264.05472,Price and plan fit,Service quality,Discounted 12- or 24-month contract with loyalty bonus + Plan right-sizing review and personalised tariff
4,6496-SLWHQ,0.7271,High Risk,New High-Spend,3,105.0,Month-to-month,Electronic check,Fiber optic,No,Onboarding window (0-12 months),Month-to-month contract,1260.0,916.146,274.8438,15.0,259.8438,Price and plan fit,Billing and payment,Discounted 12- or 24-month contract with loyalty bonus + Plan right-sizing review and personalised tariff
5,3389-YGYAI,0.7235,High Risk,New High-Spend,8,105.5,Month-to-month,Electronic check,Fiber optic,No,Onboarding window (0-12 months),Month-to-month contract,1266.0,915.951,274.7853,15.0,259.7853,Price and plan fit,Service quality,Discounted 12- or 24-month contract with loyalty bonus + Plan right-sizing review and personalised tariff
6,5052-PNLOS,0.7237,High Risk,New High-Spend,3,105.35,Month-to-month,Bank transfer (automatic),Fiber optic,No,Onboarding window (0-12 months),Month-to-month contract,1264.1999999999998,914.9015399999998,274.47046199999994,15.0,259.47046199999994,Price and plan fit,Service quality,Discounted 12- or 24-month contract with loyalty bonus + Plan right-sizing review and personalised tariff
7,7181-BQYBV,0.7427,High Risk,New High-Spend,1,102.45,Month-to-month,Electronic check,Fiber optic,No,Onboarding window (0-12 months),Month-to-month contract,1229.4,913.0753800000001,273.922614,15.0,258.922614,Price and plan fit,Billing and payment,Discounted 12- or 24-month contract with loyalty bonus + Plan right-sizing review and personalised tariff
8,0107-YHINA,0.7624,High Risk,New High-Spend,1,99.75,Month-to-month,Electronic check,Fiber optic,No,Onboarding window (0-12 months),Month-to-month contract,1197.0,912.5928,273.77783999999997,15.0,258.77783999999997,Price and plan fit,Billing and payment,Discounted 12- or 24-month contract with loyalty bonus + Plan right-sizing review and personalised tariff
9,1875-QIVME,0.7279,High Risk,New High-Spend,2,104.4,Month-to-month,Electronic check,Fiber optic,Yes,Onboarding window (0-12 months),Month-to-month contract,1252.8000000000002,911.9131200000002,273.57393600000006,15.0,258.57393600000006,Price and plan fit,Service quality,Discounted 12- or 24-month contract with loyalty bonus + Plan right-sizing review and personalised tariff
10,3606-TWKGI,0.7071,High Risk,New High-Spend,13,106.9,Month-to-month,Electronic check,Fiber optic,No,Established (13+ months),Month-to-month contract,1282.8000000000002,907.0678800000001,272.120364,15.0,257.120364,Service quality,Billing and payment,Discounted 12- or 24-month contract with loyalty bonus + Service-quality audit with proactive fix and loyalty credit
11,2027-FECZV,0.7068,High Risk,New High-Spend,12,106.7,Month-to-month,Electronic check,Fiber optic,No,Onboarding window (0-12 months),Month-to-month contract,1280.4,904.98672,271.496016,15.0,256.496016,Service quality,Billing and payment,Discounted 12- or 24-month contract with loyalty bonus + Service-quality audit with proactive fix and loyalty credit
12,3992-YWPKO,0.686,High Risk,New High-Spend,6,109.9,Month-to-month,Credit card (automatic),Fiber optic,Yes,Onboarding window (0-12 months),Month-to-month contract,1318.8000000000002,904.6968000000002,271.40904000000006,15.0,256.40904000000006,Price and plan fit,Service quality,Discounted 12- or 24-month contract with loyalty bonus + Plan right-sizing review and personalised tariff
13,3178-FESZO,0.7481,High Risk,New High-Spend,1,100.25,Month-to-month,Credit card (automatic),Fiber optic,No,Onboarding window (0-12 months),Month-to-month contract,1203.0,899.9643,269.98929,15.0,254.98928999999998,Price and plan fit,Service quality,Discounted 12- or 24-month contract with loyalty bonus + Plan right-sizing review and personalised tariff
14,4587-VVTOX,0.7118,High Risk,New High-Spend,6,105.3,Month-to-month,Electronic check,Fiber optic,No,Onboarding window (0-12 months),Month-to-month contract,1263.6,899.4304799999999,269.8291439999999,15.0,254.82914399999993,Service quality,Billing and payment,Discounted 12- or 24-month contract with loyalty bonus + Service-quality audit with proactive fix and loyalty credit
15,2081-VEYEH,0.6923,High Risk,New High-Spend,3,107.95,Month-to-month,Electronic check,Fiber optic,Yes,Onboarding window (0-12 months),Month-to-month contract,1295.4,896.8054200000001,269.041626,15.0,254.041626,Price and plan fit,Service quality,Discounted 12- or 24-month contract with loyalty bonus + Plan right-sizing review and personalised tariff
16,9681-OXGVC,0.7425,High Risk,New High-Spend,5,100.5,Month-to-month,Electronic check,Fiber optic,No,Onboarding window (0-12 months),Month-to-month contract,1206.0,895.455,268.6365,15.0,253.6365,Price and plan fit,Service quality,Discounted 12- or 24-month contract with loyalty bonus + Plan right-sizing review and personalised tariff
17,6023-YEBUP,0.7377,High Risk,New High-Spend,3,100.95,Month-to-month,Electronic check,Fiber optic,No,Onboarding window (0-12 months),Month-to-month contract,1211.4,893.6497800000001,268.094934,15.0,253.09493400000002,Price and plan fit,Billing and payment,Discounted 12- or 24-month contract with loyalty bonus + Plan right-sizing review and personalised tariff
18,8884-ADFVN,0.7267,High Risk,New High-Spend,7,101.95,Month-to-month,Electronic check,Fiber optic,No,Onboarding window (0-12 months),Month-to-month contract,1223.4,889.0447800000001,266.713434,15.0,251.713434,Price and plan fit,Service quality,Discounted 12- or 24-month contract with loyalty bonus + Plan right-sizing review and personalised tariff
19,7145-FEJWU,0.7014,High Risk,New High-Spend,12,105.3,Month-to-month,Electronic check,Fiber optic,No,Onboarding window (0-12 months),Month-to-month contract,1263.6,886.28904,265.886712,15.0,250.886712,Service quality,Billing and payment,Discounted 12- or 24-month contract with loyalty bonus + Service-quality audit with proactive fix and loyalty credit
20,2656-TABEH,0.7369,High Risk,New High-Spend,4,100.2,Month-to-month,Electronic check,Fiber optic,No,Onboarding window (0-12 months),Month-to-month contract,1202.4,886.0485600000001,265.814568,15.0,250.814568,Price and plan fit,Service quality,Discounted 12- or 24-month contract with loyalty bonus + Plan right-sizing review and personalised tariff
21,9221-OTIVJ,0.7036,High Risk,New High-Spend,14,104.85,Month-to-month,Electronic check,Fiber optic,No,Established (13+ months),Month-to-month contract,1258.1999999999998,885.2695199999998,265.5808559999999,15.0,250.58085599999993,Service quality,Billing and payment,Discounted 12- or 24-month contract with loyalty bonus + Service-quality audit with proactive fix and loyalty credit
22,3292-PBZEJ,0.6609,High Risk,Established High-Value,11,111.4,Month-to-month,Electronic check,Fiber optic,Yes,Onboarding window (0-12 months),Month-to-month contract,1336.8000000000002,883.4911200000001,265.04733600000003,15.0,250.04733600000003,Price and plan fit,Service quality,Discounted 12- or 24-month contract with loyalty bonus + Plan right-sizing review and personalised tariff
23,4822-RVYBB,0.7308,High Risk,New High-Spend,8,100.6,Month-to-month,Electronic check,Fiber optic,No,Onboarding window (0-12 months),Month-to-month contract,1207.1999999999998,882.2217599999999,264.66652799999997,15.0,249.66652799999997,Price and plan fit,Service quality,Discounted 12- or 24-month contract with loyalty bonus + Plan right-sizing review and personalised tariff
24,6688-UZPWD,0.7202,High Risk,New High-Spend,11,102.0,Month-to-month,Electronic check,Fiber optic,No,Onboarding window (0-12 months),Month-to-month contract,1224.0,881.5247999999999,264.45743999999996,15.0,249.45743999999996,Price and plan fit,Service quality,Discounted 12- or 24-month contract with loyalty bonus + Plan right-sizing review and personalised tariff
25,0781-LKXBR,0.7283,High Risk,New High-Spend,9,100.5,Month-to-month,Electronic check,Fiber optic,No,Onboarding window (0-12 months),Month-to-month contract,1206.0,878.3298,263.49894,15.0,248.49894,Price and plan fit,Service quality,Discounted 12- or 24-month contract with loyalty bonus + Plan right-sizing review and personalised tariff
26,3902-FOIGH,0.7218,High Risk,New High-Spend,12,101.35,Month-to-month,Electronic check,Fiber optic,No,Onboarding window (0-12 months),Month-to-month contract,1216.1999999999998,877.8531599999999,263.35594799999996,15.0,248.35594799999996,Price and plan fit,Service quality,Discounted 12- or 24-month contract with loyalty bonus + Plan right-sizing review and personalised tariff
27,4078-SAYYN,0.7243,High Risk,New High-Spend,11,100.75,Month-to-month,Electronic check,Fiber optic,No,Onboarding window (0-12 months),Month-to-month contract,1209.0,875.6787,262.70361,15.0,247.70361000000003,Price and plan fit,Service quality,Discounted 12- or 24-month contract with loyalty bonus + Plan right-sizing review and personalised tariff
28,5178-LMXOP,0.7667,High Risk,New High-Spend,1,95.1,Month-to-month,Electronic check,Fiber optic,No,Onboarding window (0-12 months),Month-to-month contract,1141.1999999999998,874.9580399999999,262.48741199999995,15.0,247.48741199999995,Price and plan fit,Service quality,Discounted 12- or 24-month contract with loyalty bonus + Plan right-sizing review and personalised tariff
29,6734-GMPVK,0.692,High Risk,New High-Spend,5,105.3,Month-to-month,Electronic check,Fiber optic,No,Onboarding window (0-12 months),Month-to-month contract,1263.6,874.4111999999999,262.32336,15.0,247.32335999999998,Price and plan fit,Service quality,Discounted 12- or 24-month contract with loyalty bonus + Plan right-sizing review and personalised tariff
30,0295-PPHDO,0.7633,High Risk,New High-Spend,1,95.45,Month-to-month,Electronic check,Fiber optic,No,Onboarding window (0-12 months),Month-to-month contract,1145.4,874.28382,262.285146,15.0,247.285146,Price and plan fit,Billing and payment,Discounted 12- or 24-month contract with loyalty bonus + Plan right-sizing review and personalised tariff
31,2968-SSGAA,0.7241,High Risk,New High-Spend,10,100.6,Month-to-month,Electronic check,Fiber optic,No,Onboarding window (0-12 months),Month-to-month contract,1207.1999999999998,874.1335199999999,262.2400559999999,15.0,247.24005599999992,Price and plan fit,Service quality,Discounted 12- or 24-month contract with loyalty bonus + Plan right-sizing review and personalised tariff
32,5299-SJCZT,0.7161,High Risk,New High-Spend,3,101.55,Month-to-month,Bank transfer (automatic),Fiber optic,No,Onboarding window (0-12 months),Month-to-month contract,1218.6,872.6394599999999,261.7918379999999,15.0,246.79183799999993,Price and plan fit,Service quality,Discounted 12- or 24-month contract with loyalty bonus + Plan right-sizing review and personalised tariff
33,9305-CDSKC,0.7297,High Risk,New High-Spend,8,99.65,Month-to-month,Electronic check,Fiber optic,No,Onboarding window (0-12 months),Month-to-month contract,1195.8000000000002,872.5752600000002,261.77257800000007,15.0,246.77257800000007,Price and plan fit,Service quality,Discounted 12- or 24-month contract with loyalty bonus + Plan right-sizing review and personalised tariff
34,2012-NWRPA,0.7287,High Risk,New High-Spend,11,99.55,Month-to-month,Electronic check,Fiber optic,No,Onboarding window (0-12 months),Month-to-month contract,1194.6,870.50502,261.151506,15.0,246.15150599999998,Price and plan fit,Service quality,Discounted 12- or 24-month contract with loyalty bonus + Plan right-sizing review and personalised tariff
35,4910-GMJOT,0.764,High Risk,New High-Spend,1,94.6,Month-to-month,Electronic check,Fiber optic,No,Onboarding window (0-12 months),Month-to-month contract,1135.1999999999998,867.2927999999998,260.18783999999994,15.0,245.18783999999994,Price and plan fit,Billing and payment,Discounted 12- or 24-month contract with loyalty bonus + Plan right-sizing review and personalised tariff
36,0702-PGIBZ,0.7101,High Risk,New High-Spend,4,101.7,Month-to-month,Electronic check,Fiber optic,No,Onboarding window (0-12 months),Month-to-month contract,1220.4,866.60604,259.981812,15.0,244.981812,Service quality,Billing and payment,Discounted 12- or 24-month contract with loyalty bonus + Service-quality audit with proactive fix and loyalty credit
37,9300-AGZNL,0.7663,High Risk,New High-Spend,1,94.0,Month-to-month,Electronic check,Fiber optic,No,Onboarding window (0-12 months),Month-to-month contract,1128.0,864.3864,259.31592,15.0,244.31592,Price and plan fit,Service quality,Discounted 12- or 24-month contract with loyalty bonus + Plan right-sizing review and personalised tariff
38,5760-IFJOZ,0.6662,High Risk,New High-Spend,3,107.95,Month-to-month,Mailed check,Fiber optic,No,Onboarding window (0-12 months),Month-to-month contract,1295.4,862.99548,258.898644,15.0,243.898644,Price and plan fit,Service quality,Discounted 12- or 24-month contract with loyalty bonus + Plan right-sizing review and personalised tariff
39,9497-QCMMS,0.7657,High Risk,New High-Spend,1,93.55,Month-to-month,Electronic check,Fiber optic,No,Onboarding window (0-12 months),Month-to-month contract,1122.6,859.5748199999999,257.87244599999997,15.0,242.87244599999997,Price and plan fit,Service quality,Discounted 12- or 24-month contract with loyalty bonus + Plan right-sizing review and personalised tariff
40,7450-NWRTR,0.7201,High Risk,New High-Spend,12,99.45,Month-to-month,Electronic check,Fiber optic,No,Onboarding window (0-12 months),Month-to-month contract,1193.4,859.36734,257.810202,15.0,242.810202,Service quality,Billing and payment,Discounted 12- or 24-month contract with loyalty bonus + Service-quality audit with proactive fix and loyalty credit
41,8149-RSOUN,0.763,High Risk,New High-Spend,1,93.85,Month-to-month,Electronic check,Fiber optic,No,Onboarding window (0-12 months),Month-to-month contract,1126.1999999999998,859.2905999999999,257.78718,15.0,242.78717999999998,Price and plan fit,Billing and payment,Discounted 12- or 24-month contract with loyalty bonus + Plan right-sizing review and personalised tariff
42,6861-XWTWQ,0.7202,High Risk,New High-Spend,7,99.25,Month-to-month,Electronic check,Fiber optic,No,Onboarding window (0-12 months),Month-to-month contract,1191.0,857.7582,257.32746,15.0,242.32745999999997,Service quality,Billing and payment,Discounted 12- or 24-month contract with loyalty bonus + Service-quality audit with proactive fix and loyalty credit
43,3811-VBYBZ,0.7154,High Risk,New High-Spend,7,99.8,Month-to-month,Electronic check,Fiber optic,No,Onboarding window (0-12 months),Month-to-month contract,1197.6,856.7630399999999,257.028912,15.0,242.028912,Service quality,Price and plan fit,Discounted 12- or 24-month contract with loyalty bonus + Service-quality audit with proactive fix and loyalty credit
44,9057-SIHCH,0.7376,High Risk,New High-Spend,3,96.6,Month-to-month,Electronic check,Fiber optic,No,Onboarding window (0-12 months),Month-to-month contract,1159.1999999999998,855.0259199999999,256.507776,15.0,241.50777599999998,Price and plan fit,Billing and payment,Discounted 12- or 24-month contract with loyalty bonus + Plan right-sizing review and personalised tariff
45,1455-UGQVH,0.7222,High Risk,New High-Spend,10,98.5,Month-to-month,Electronic check,Fiber optic,No,Onboarding window (0-12 months),Month-to-month contract,1182.0,853.6404,256.09211999999997,15.0,241.09211999999997,Price and plan fit,Service quality,Discounted 12- or 24-month contract with loyalty bonus + Plan right-sizing review and personalised tariff
46,6108-OQZDQ,0.7262,High Risk,New High-Spend,4,97.95,Month-to-month,Electronic check,Fiber optic,No,Onboarding window (0-12 months),Month-to-month contract,1175.4,853.57548,256.07264399999997,15.0,241.07264399999997,Price and plan fit,Service quality,Discounted 12- or 24-month contract with loyalty bonus + Plan right-sizing review and personalised tariff
47,5293-WXJAK,0.6833,High Risk,New High-Spend,11,104.05,Month-to-month,Bank transfer (automatic),Fiber optic,Yes,Onboarding window (0-12 months),Month-to-month contract,1248.6,853.16838,255.95051399999997,15.0,240.95051399999997,Price and plan fit,Service quality,Discounted 12- or 24-month contract with loyalty bonus + Plan right-sizing review and personalised tariff
48,0897-FEGMU,0.7124,High Risk,New High-Spend,11,99.5,Month-to-month,Electronic check,Fiber optic,No,Onboarding window (0-12 months),Month-to-month contract,1194.0,850.6056000000001,255.18168000000003,15.0,240.18168000000003,Service quality,Billing and payment,Discounted 12- or 24-month contract with loyalty bonus + Service-quality audit with proactive fix and loyalty credit
49,2369-UAPKZ,0.6807,High Risk,New High-Spend,5,104.1,Month-to-month,Mailed check,Fiber optic,No,Onboarding window (0-12 months),Month-to-month contract,1249.1999999999998,850.3304399999998,255.09913199999994,15.0,240.09913199999994,Price and plan fit,Service quality,Discounted 12- or 24-month contract with loyalty bonus + Plan right-sizing review and personalised tariff
50,2446-BEGGB,0.7209,High Risk,New High-Spend,6,98.25,Month-to-month,Electronic check,Fiber optic,No,Onboarding window (0-12 months),Month-to-month contract,1179.0,849.9411,254.98233,15.0,239.98233,Service quality,Billing and payment,Discounted 12- or 24-month contract with loyalty bonus + Service-quality audit with proactive fix and loyalty credit
51,6521-YYTYI,0.7587,High Risk,New High-Spend,1,93.3,Month-to-month,Electronic check,Fiber optic,No,Onboarding window (0-12 months),Month-to-month contract,1119.6,849.44052,254.832156,15.0,239.832156,Price and plan fit,Billing and payment,Discounted 12- or 24-month contract with loyalty bonus + Plan right-sizing review and personalised tariff
52,7851-WZEKY,0.7433,High Risk,New High-Spend,2,95.15,Month-to-month,Electronic check,Fiber optic,No,Onboarding window (0-12 months),Month-to-month contract,1141.8000000000002,848.6999400000001,254.609982,15.0,239.609982,Price and plan fit,Billing and payment,Discounted 12- or 24-month contract with loyalty bonus + Plan right-sizing review and personalised tariff
53,5419-CONWX,0.7077,High Risk,New High-Spend,4,99.8,Month-to-month,Credit card (automatic),Fiber optic,No,Onboarding window (0-12 months),Month-to-month contract,1197.6,847.5415199999999,254.26245599999996,15.0,239.26245599999996,Price and plan fit,Service quality,Discounted 12- or 24-month contract with loyalty bonus + Plan right-sizing review and personalised tariff
54,1393-IMKZG,0.7353,High Risk,New High-Spend,1,95.85,Month-to-month,Electronic check,Fiber optic,Yes,Onboarding window (0-12 months),Month-to-month contract,1150.1999999999998,845.7420599999998,253.72261799999993,15.0,238.72261799999993,Price and plan fit,Service quality,Discounted 12- or 24-month contract with loyalty bonus + Plan right-sizing review and personalised tariff
55,6210-KBBPI,0.7079,High Risk,New High-Spend,9,99.45,Month-to-month,Credit card (automatic),Fiber optic,No,Onboarding window (0-12 months),Month-to-month contract,1193.4,844.80786,253.44235799999998,15.0,238.44235799999998,Price and plan fit,Service quality,Discounted 12- or 24-month contract with loyalty bonus + Plan right-sizing review and personalised tariff
56,0680-DFNNY,0.6963,High Risk,New High-Spend,15,101.1,Month-to-month,Electronic check,Fiber optic,No,Established (13+ months),Month-to-month contract,1213.1999999999998,844.7511599999999,253.42534799999996,15.0,238.42534799999996,Billing and payment,Service quality,Discounted 12- or 24-month contract with loyalty bonus + Move to automatic payment with a billing reward
57,8098-LLAZX,0.7373,High Risk,New High-Spend,4,95.45,Month-to-month,Electronic check,Fiber optic,No,Onboarding window (0-12 months),Month-to-month contract,1145.4,844.50342,253.351026,15.0,238.351026,Service quality,Price and plan fit,Discounted 12- or 24-month contract with loyalty bonus + Service-quality audit with proactive fix and loyalty credit
58,6615-NGGZJ,0.6987,High Risk,New High-Spend,14,100.55,Month-to-month,Electronic check,Fiber optic,No,Established (13+ months),Month-to-month contract,1206.6,843.0514199999999,252.91542599999997,15.0,237.91542599999997,Billing and payment,Service quality,Discounted 12- or 24-month contract with loyalty bonus + Move to automatic payment with a billing reward
59,6356-ELRKD,0.7341,High Risk,New High-Spend,1,95.6,Month-to-month,Electronic check,Fiber optic,No,Onboarding window (0-12 months),Month-to-month contract,1147.1999999999998,842.1595199999998,252.64785599999993,15.0,237.64785599999993,Price and plan fit,Billing and payment,Discounted 12- or 24-month contract with loyalty bonus + Plan right-sizing review and personalised tariff
60,1465-VINDH,0.6868,High Risk,New High-Spend,10,102.1,Month-to-month,Credit card (automatic),Fiber optic,No,Onboarding window (0-12 months),Month-to-month contract,1225.1999999999998,841.4673599999999,252.44020799999996,15.0,237.44020799999996,Price and plan fit,Service quality,Discounted 12- or 24-month contract with loyalty bonus + Plan right-sizing review and personalised tariff
61,3049-SOLAY,0.7354,High Risk,New High-Spend,3,95.2,Month-to-month,Electronic check,Fiber optic,No,Onboarding window (0-12 months),Month-to-month contract,1142.4,840.1209600000001,252.036288,15.0,237.036288,Price and plan fit,Billing and payment,Discounted 12- or 24-month contract with loyalty bonus + Plan right-sizing review and personalised tariff
62,4132-KALRO,0.6937,High Risk,New High-Spend,4,100.85,Month-to-month,Mailed check,Fiber optic,Yes,Onboarding window (0-12 months),Month-to-month contract,1210.1999999999998,839.5157399999998,251.85472199999992,15.0,236.85472199999992,Price and plan fit,Service quality,Discounted 12- or 24-month contract with loyalty bonus + Plan right-sizing review and personalised tariff
63,5150-ITWWB,0.7372,High Risk,New High-Spend,3,94.85,Month-to-month,Electronic check,Fiber optic,No,Onboarding window (0-12 months),Month-to-month contract,1138.1999999999998,839.0810399999998,251.72431199999994,15.0,236.72431199999994,Price and plan fit,Service quality,Discounted 12- or 24-month contract with loyalty bonus + Plan right-sizing review and personalised tariff
64,7234-FECYN,0.6896,High Risk,New High-Spend,8,101.35,Month-to-month,Electronic check,Fiber optic,No,Onboarding window (0-12 months),Month-to-month contract,1216.1999999999998,838.6915199999999,251.60745599999996,15.0,236.60745599999996,Price and plan fit,Service quality,Discounted 12- or 24-month contract with loyalty bonus + Plan right-sizing review and personalised tariff
65,4424-TKOPW,0.7447,High Risk,New High-Spend,2,93.85,Month-to-month,Electronic check,Fiber optic,No,Onboarding window (0-12 months),Month-to-month contract,1126.1999999999998,838.6811399999999,251.60434199999997,15.0,236.60434199999997,Service quality,Billing and payment,Discounted 12- or 24-month contract with loyalty bonus + Service-quality audit with proactive fix and loyalty credit
66,3621-CEOVK,0.6973,High Risk,New High-Spend,14,100.2,Month-to-month,Electronic check,Fiber optic,No,Established (13+ months),Month-to-month contract,1202.4,838.43352,251.530056,15.0,236.530056,Billing and payment,Service quality,Discounted 12- or 24-month contract with loyalty bonus + Move to automatic payment with a billing reward
67,3158-MOERK,0.7275,High Risk,New High-Spend,2,96.0,Month-to-month,Electronic check,Fiber optic,No,Onboarding window (0-12 months),Month-to-month contract,1152.0,838.08,251.424,15.0,236.424,Billing and payment,Service quality,Discounted 12- or 24-month contract with loyalty bonus + Move to automatic payment with a billing reward
68,0754-UKWQP,0.7264,High Risk,New High-Spend,2,95.85,Month-to-month,Electronic check,Fiber optic,No,Onboarding window (0-12 months),Month-to-month contract,1150.1999999999998,835.50528,250.65158399999999,15.0,235.65158399999999,Billing and payment,Service quality,Discounted 12- or 24-month contract with loyalty bonus + Move to automatic payment with a billing reward
69,1374-DMZUI,0.7383,High Risk,New High-Spend,4,94.3,Month-to-month,Electronic check,Fiber optic,No,Onboarding window (0-12 months),Month-to-month contract,1131.6,835.4602799999999,250.63808399999996,15.0,235.63808399999996,Price and plan fit,Service quality,Discounted 12- or 24-month contract with loyalty bonus + Plan right-sizing review and personalised tariff
70,0684-AOSIH,0.7316,High Risk,New High-Spend,1,95.0,Month-to-month,Electronic check,Fiber optic,No,Onboarding window (0-12 months),Month-to-month contract,1140.0,834.024,250.2072,15.0,235.2072,Price and plan fit,Billing and payment,Discounted 12- or 24-month contract with loyalty bonus + Plan right-sizing review and personalised tariff
71,2720-WGKHP,0.7388,High Risk,New High-Spend,2,94.0,Month-to-month,Electronic check,Fiber optic,No,Onboarding window (0-12 months),Month-to-month contract,1128.0,833.3664,250.00992,15.0,235.00992,Billing and payment,Service quality,Discounted 12- or 24-month contract with loyalty bonus + Move to automatic payment with a billing reward
72,6857-VWJDT,0.7259,High Risk,New High-Spend,1,95.65,Month-to-month,Mailed check,Fiber optic,No,Onboarding window (0-12 months),Month-to-month contract,1147.8000000000002,833.1880200000002,249.95640600000004,15.0,234.95640600000004,Price and plan fit,Service quality,Discounted 12- or 24-month contract with loyalty bonus + Plan right-sizing review and personalised tariff
73,0655-RBDUG,0.7077,High Risk,New High-Spend,7,98.05,Month-to-month,Bank transfer (automatic),Fiber optic,No,Onboarding window (0-12 months),Month-to-month contract,1176.6,832.67982,249.80394599999997,15.0,234.80394599999997,Price and plan fit,Service quality,Discounted 12- or 24-month contract with loyalty bonus + Plan right-sizing review and personalised tariff
74,3988-RQIXO,0.7599,High Risk,New High-Spend,1,91.3,Month-to-month,Electronic check,Fiber optic,No,Onboarding window (0-12 months),Month-to-month contract,1095.6,832.54644,249.76393199999998,15.0,234.76393199999998,Price and plan fit,Service quality,Discounted 12- or 24-month contract with loyalty bonus + Plan right-sizing review and personalised tariff
75,5567-WSELE,0.7333,High Risk,New High-Spend,3,94.6,Month-to-month,Electronic check,Fiber optic,No,Onboarding window (0-12 months),Month-to-month contract,1135.1999999999998,832.4421599999998,249.73264799999993,15.0,234.73264799999993,Billing and payment,Service quality,Discounted 12- or 24-month contract with loyalty bonus + Move to automatic payment with a billing reward
76,8510-AWCXC,0.6878,High Risk,New High-Spend,13,100.8,Month-to-month,Electronic check,Fiber optic,No,Established (13+ months),Month-to-month contract,1209.6,831.9628799999999,249.58886399999997,15.0,234.58886399999997,Billing and payment,Service quality,Discounted 12- or 24-month contract with loyalty bonus + Move to automatic payment with a billing reward
77,7089-IVVAZ,0.6696,High Risk,New High-Spend,8,103.35,Month-to-month,Bank transfer (automatic),Fiber optic,Yes,Onboarding window (0-12 months),Month-to-month contract,1240.1999999999998,830.4379199999998,249.13137599999993,15.0,234.13137599999993,Price and plan fit,Service quality,Discounted 12- or 24-month contract with loyalty bonus + Plan right-sizing review and personalised tariff
78,9223-UCPVT,0.733,High Risk,New High-Spend,1,94.4,Month-to-month,Electronic check,Fiber optic,No,Onboarding window (0-12 months),Month-to-month contract,1132.8000000000002,830.3424000000001,249.10272000000003,15.0,234.10272000000003,Price and plan fit,Service quality,Discounted 12- or 24-month contract with loyalty bonus + Plan right-sizing review and personalised tariff
79,4445-ZJNMU,0.6967,High Risk,New High-Spend,9,99.3,Month-to-month,Credit card (automatic),Fiber optic,No,Onboarding window (0-12 months),Month-to-month contract,1191.6,830.1877199999999,249.05631599999995,15.0,234.05631599999995,Price and plan fit,Service quality,Discounted 12- or 24-month contract with loyalty bonus + Plan right-sizing review and personalised tariff
80,3319-DWOEP,0.722,High Risk,New High-Spend,6,95.75,Month-to-month,Electronic check,Fiber optic,No,Onboarding window (0-12 months),Month-to-month contract,1149.0,829.578,248.87339999999998,15.0,233.87339999999998,Service quality,Price and plan fit,Discounted 12- or 24-month contract with loyalty bonus + Service-quality audit with proactive fix and loyalty credit
81,0871-URUWO,0.6758,High Risk,New High-Spend,13,102.25,Month-to-month,Credit card (automatic),Fiber optic,No,Established (13+ months),Month-to-month contract,1227.0,829.2066,248.76198,15.0,233.76198,Service quality,Price and plan fit,Discounted 12- or 24-month contract with loyalty bonus + Service-quality audit with proactive fix and loyalty credit
82,7938-OUHIO,0.6992,High Risk,New High-Spend,3,98.7,Month-to-month,Electronic check,Fiber optic,Yes,Onboarding window (0-12 months),Month-to-month contract,1184.4,828.1324800000001,248.43974400000002,15.0,233.43974400000002,Price and plan fit,Billing and payment,Discounted 12- or 24-month contract with loyalty bonus + Plan right-sizing review and personalised tariff
83,2754-SDJRD,0.6886,High Risk,New High-Spend,8,100.15,Month-to-month,Credit card (automatic),Fiber optic,Yes,Onboarding window (0-12 months),Month-to-month contract,1201.8000000000002,827.5594800000001,248.26784400000003,15.0,233.26784400000003,Price and plan fit,Service quality,Discounted 12- or 24-month contract with loyalty bonus + Plan right-sizing review and personalised tariff
84,0365-BZUWY,0.6723,High Risk,New High-Spend,17,102.55,Month-to-month,Electronic check,Fiber optic,No,Established (13+ months),Month-to-month contract,1230.6,827.33238,248.19971399999997,15.0,233.19971399999997,Billing and payment,Service quality,Discounted 12- or 24-month contract with loyalty bonus + Move to automatic payment with a billing reward
85,5956-YHHRX,0.6597,High Risk,New High-Spend,21,104.35,Month-to-month,Electronic check,Fiber optic,No,Established (13+ months),Month-to-month contract,1252.1999999999998,826.0763399999998,247.82290199999994,15.0,232.82290199999994,Service quality,Billing and payment,Discounted 12- or 24-month contract with loyalty bonus + Service-quality audit with proactive fix and loyalty credit
86,8775-LHDJH,0.7595,High Risk,New High-Spend,1,90.6,Month-to-month,Electronic check,Fiber optic,No,Onboarding window (0-12 months),Month-to-month contract,1087.1999999999998,825.7283999999999,247.71851999999996,15.0,232.71851999999996,Price and plan fit,Billing and payment,Discounted 12- or 24-month contract with loyalty bonus + Plan right-sizing review and personalised tariff
87,7526-BEZQB,0.7157,High Risk,New High-Spend,12,96.05,Month-to-month,Electronic check,Fiber optic,No,Onboarding window (0-12 months),Month-to-month contract,1152.6,824.9158199999999,247.47474599999998,15.0,232.47474599999998,Service quality,Billing and payment,Discounted 12- or 24-month contract with loyalty bonus + Service-quality audit with proactive fix and loyalty credit
88,7548-SEPYI,0.714,High Risk,New High-Spend,5,96.25,Month-to-month,Electronic check,Fiber optic,No,Onboarding window (0-12 months),Month-to-month contract,1155.0,824.67,247.40099999999998,15.0,232.40099999999998,Service quality,Price and plan fit,Discounted 12- or 24-month contract with loyalty bonus + Service-quality audit with proactive fix and loyalty credit
89,7024-OHCCK,0.7322,High Risk,New High-Spend,2,93.85,Month-to-month,Electronic check,Fiber optic,No,Onboarding window (0-12 months),Month-to-month contract,1126.1999999999998,824.6036399999998,247.38109199999994,15.0,232.38109199999994,Billing and payment,Service quality,Discounted 12- or 24-month contract with loyalty bonus + Move to automatic payment with a billing reward
90,1450-GALXR,0.6963,High Risk,New High-Spend,10,98.5,Month-to-month,Electronic check,Fiber optic,Yes,Onboarding window (0-12 months),Month-to-month contract,1182.0,823.0266,246.90798,15.0,231.90798,Price and plan fit,Service quality,Discounted 12- or 24-month contract with loyalty bonus + Plan right-sizing review and personalised tariff
91,5923-GXUOC,0.6565,High Risk,New High-Spend,10,104.4,Month-to-month,Electronic check,Fiber optic,No,Onboarding window (0-12 months),Month-to-month contract,1252.8000000000002,822.4632,246.73896,15.0,231.73896,Price and plan fit,Service quality,Discounted 12- or 24-month contract with loyalty bonus + Plan right-sizing review and personalised tariff
92,2725-KXXWT,0.7542,High Risk,New High-Spend,1,90.75,Month-to-month,Electronic check,Fiber optic,No,Onboarding window (0-12 months),Month-to-month contract,1089.0,821.3238,246.39713999999998,15.0,231.39713999999998,Price and plan fit,Billing and payment,Discounted 12- or 24-month contract with loyalty bonus + Plan right-sizing review and personalised tariff
93,6326-MTTXK,0.6784,High Risk,New High-Spend,8,100.85,Month-to-month,Electronic check,Fiber optic,No,Onboarding window (0-12 months),Month-to-month contract,1210.1999999999998,820.9996799999999,246.29990399999997,15.0,231.29990399999997,Price and plan fit,Service quality,Discounted 12- or 24-month contract with loyalty bonus + Plan right-sizing review and personalised tariff
94,0880-TKATG,0.6762,High Risk,New High-Spend,4,101.15,Month-to-month,Electronic check,Fiber optic,No,Onboarding window (0-12 months),Month-to-month contract,1213.8000000000002,820.7715600000001,246.23146800000004,15.0,231.23146800000004,Service quality,Price and plan fit,Discounted 12- or 24-month contract with loyalty bonus + Service-quality audit with proactive fix and loyalty credit
95,0722-SVSFK,0.6809,High Risk,New High-Spend,7,100.4,Month-to-month,Electronic check,Fiber optic,Yes,Onboarding window (0-12 months),Month-to-month contract,1204.8000000000002,820.3483200000001,246.104496,15.0,231.104496,Price and plan fit,Service quality,Discounted 12- or 24-month contract with loyalty bonus + Plan right-sizing review and personalised tariff
96,4298-OYIFC,0.6608,High Risk,New High-Spend,15,103.45,Month-to-month,Electronic check,Fiber optic,Yes,Established (13+ months),Month-to-month contract,1241.4,820.3171200000002,246.09513600000002,15.0,231.09513600000002,Billing and payment,Service quality,Discounted 12- or 24-month contract with loyalty bonus + Move to automatic payment with a billing reward
97,9094-AZPHK,0.6825,High Risk,New High-Spend,15,100.15,Month-to-month,Electronic check,Fiber optic,No,Established (13+ months),Month-to-month contract,1201.8000000000002,820.2285000000002,246.06855000000004,15.0,231.06855000000004,Billing and payment,Service quality,Discounted 12- or 24-month contract with loyalty bonus + Move to automatic payment with a billing reward
98,9725-SCPZG,0.7523,High Risk,New High-Spend,1,90.85,Month-to-month,Electronic check,Fiber optic,No,Onboarding window (0-12 months),Month-to-month contract,1090.1999999999998,820.1574599999998,246.04723799999994,15.0,231.04723799999994,Price and plan fit,Service quality,Discounted 12- or 24-month contract with loyalty bonus + Plan right-sizing review and personalised tariff
99,9061-TIHDA,0.7172,High Risk,New High-Spend,13,95.25,Month-to-month,Electronic check,Fiber optic,No,Established (13+ months),Month-to-month contract,1143.0,819.7596,245.92788,15.0,230.92788,Service quality,Billing and payment,Discounted 12- or 24-month contract with loyalty bonus + Service-quality audit with proactive fix and loyalty credit
100,7274-RTAPZ,0.7542,High Risk,New High-Spend,1,90.55,Month-to-month,Electronic check,Fiber optic,No,Onboarding window (0-12 months),Month-to-month contract,1086.6,819.5137199999999,245.85411599999998,15.0,230.85411599999998,Price and plan fit,Billing and payment,Discounted 12- or 24-month contract with loyalty bonus + Plan right-sizing review and personalised tariff
101,6350-XFYGW,0.7206,High Risk,New High-Spend,4,94.75,Month-to-month,Electronic check,Fiber optic,No,Onboarding window (0-12 months),Month-to-month contract,1137.0,819.3222000000001,245.79666,15.0,230.79666,Price and plan fit,Service quality,Discounted 12- or 24-month contract with loyalty bonus + Plan right-sizing review and personalised tariff
102,2265-CYWIV,0.6849,High Risk,New High-Spend,4,99.6,Month-to-month,Electronic check,Fiber optic,No,Onboarding window (0-12 months),Month-to-month contract,1195.1999999999998,818.5924799999998,245.57774399999994,15.0,230.57774399999994,Billing and payment,Service quality,Discounted 12- or 24-month contract with loyalty bonus + Move to automatic payment with a billing reward
103,3006-XIMLN,0.7235,High Risk,New High-Spend,2,94.2,Month-to-month,Bank transfer (automatic),Fiber optic,No,Onboarding window (0-12 months),Month-to-month contract,1130.4,817.8444000000001,245.35332,15.0,230.35332,Price and plan fit,Service quality,Discounted 12- or 24-month contract with loyalty bonus + Plan right-sizing review and personalised tariff
104,9330-IJWIO,0.6789,High Risk,New High-Spend,13,100.35,Month-to-month,Electronic check,Fiber optic,No,Established (13+ months),Month-to-month contract,1204.1999999999998,817.5313799999998,245.25941399999994,15.0,230.25941399999994,Service quality,Billing and payment,Discounted 12- or 24-month contract with loyalty bonus + Service-quality audit with proactive fix and loyalty credit
105,9547-ITEFG,0.6631,High Risk,New High-Spend,9,102.6,Month-to-month,Credit card (automatic),Fiber optic,No,Onboarding window (0-12 months),Month-to-month contract,1231.1999999999998,816.4087199999999,244.92261599999995,15.0,229.92261599999995,Service quality,Price and plan fit,Discounted 12- or 24-month contract with loyalty bonus + Service-quality audit with proactive fix and loyalty credit
106,1075-BGWOH,0.6882,High Risk,New High-Spend,16,98.75,Month-to-month,Electronic check,Fiber optic,No,Established (13+ months),Month-to-month contract,1185.0,815.517,244.6551,15.0,229.6551,Billing and payment,Service quality,Discounted 12- or 24-month contract with loyalty bonus + Move to automatic payment with a billing reward
107,9944-HKVVB,0.7139,High Risk,New High-Spend,3,95.1,Month-to-month,Electronic check,Fiber optic,No,Onboarding window (0-12 months),Month-to-month contract,1141.1999999999998,814.7026799999999,244.41080399999996,15.0,229.41080399999996,Service quality,Price and plan fit,Discounted 12- or 24-month contract with loyalty bonus + Service-quality audit with proactive fix and loyalty credit
108,4929-XIHVW,0.7099,High Risk,New High-Spend,2,95.5,Month-to-month,Credit card (automatic),Fiber optic,No,Onboarding window (0-12 months),Month-to-month contract,1146.0,813.5454,244.06362,15.0,229.06362,Service quality,Price and plan fit,Discounted 12- or 24-month contract with loyalty bonus + Service-quality audit with proactive fix and loyalty credit
109,9290-SHCMB,0.7,High Risk,New High-Spend,13,96.85,Month-to-month,Electronic check,Fiber optic,No,Established (13+ months),Month-to-month contract,1162.1999999999998,813.5399999999998,244.06199999999995,15.0,229.06199999999995,Service quality,Billing and payment,Discounted 12- or 24-month contract with loyalty bonus + Service-quality audit with proactive fix and loyalty credit
110,9172-ANCRX,0.6862,High Risk,New High-Spend,10,98.7,Month-to-month,Electronic check,Fiber optic,No,Onboarding window (0-12 months),Month-to-month contract,1184.4,812.7352800000001,243.82058400000003,15.0,228.82058400000003,Price and plan fit,Billing and payment,Discounted 12- or 24-month contract with loyalty bonus + Plan right-sizing review and personalised tariff
111,8168-UQWWF,0.692,High Risk,New High-Spend,11,97.85,Month-to-month,Bank transfer (automatic),Fiber optic,No,Onboarding window (0-12 months),Month-to-month contract,1174.1999999999998,812.5463999999998,243.76391999999993,15.0,228.76391999999993,Price and plan fit,Service quality,Discounted 12- or 24-month contract with loyalty bonus + Plan right-sizing review and personalised tariff
112,2454-RPBRZ,0.6894,High Risk,New High-Spend,12,98.1,Month-to-month,Electronic check,Fiber optic,No,Onboarding window (0-12 months),Month-to-month contract,1177.1999999999998,811.5616799999999,243.46850399999997,15.0,228.46850399999997,Billing and payment,Service quality,Discounted 12- or 24-month contract with loyalty bonus + Move to automatic payment with a billing reward
113,3027-ZTDHO,0.7522,High Risk,New High-Spend,1,89.9,Month-to-month,Electronic check,Fiber optic,No,Onboarding window (0-12 months),Month-to-month contract,1078.8000000000002,811.4733600000001,243.44200800000002,15.0,228.44200800000002,Price and plan fit,Billing and payment,Discounted 12- or 24-month contract with loyalty bonus + Plan right-sizing review and personalised tariff
114,8357-EQXFO,0.7091,High Risk,New High-Spend,7,95.35,Month-to-month,Electronic check,Fiber optic,No,Onboarding window (0-12 months),Month-to-month contract,1144.1999999999998,811.3522199999998,243.4056659999999,15.0,228.4056659999999,Service quality,Price and plan fit,Discounted 12- or 24-month contract with loyalty bonus + Service-quality audit with proactive fix and loyalty credit
115,2612-RANWT,0.6751,High Risk,New High-Spend,12,100.15,Month-to-month,Bank transfer (automatic),Fiber optic,No,Onboarding window (0-12 months),Month-to-month contract,1201.8000000000002,811.3351800000002,243.40055400000003,15.0,228.40055400000003,Service quality,Price and plan fit,Discounted 12- or 24-month contract with loyalty bonus + Service-quality audit with proactive fix and loyalty credit
116,1941-HOSAM,0.7502,High Risk,New High-Spend,1,90.1,Month-to-month,Electronic check,Fiber optic,No,Onboarding window (0-12 months),Month-to-month contract,1081.1999999999998,811.1162399999998,243.33487199999993,15.0,228.33487199999993,Price and plan fit,Service quality,Discounted 12- or 24-month contract with loyalty bonus + Plan right-sizing review and personalised tariff
117,1415-YFWLT,0.7569,High Risk,New High-Spend,1,89.3,Month-to-month,Electronic check,Fiber optic,No,Onboarding window (0-12 months),Month-to-month contract,1071.6,811.09404,243.32821199999998,15.0,228.32821199999998,Price and plan fit,Service quality,Discounted 12- or 24-month contract with loyalty bonus + Plan right-sizing review and personalised tariff
118,7943-RQCHR,0.713,High Risk,New High-Spend,9,94.75,Month-to-month,Electronic check,Fiber optic,No,Onboarding window (0-12 months),Month-to-month contract,1137.0,810.6809999999999,243.20429999999996,15.0,228.20429999999996,Service quality,Billing and payment,Discounted 12- or 24-month contract with loyalty bonus + Service-quality audit with proactive fix and loyalty credit
119,3068-OMWZA,0.7607,High Risk,New High-Spend,1,88.8,Month-to-month,Electronic check,Fiber optic,No,Onboarding window (0-12 months),Month-to-month contract,1065.6,810.60192,243.18057599999997,15.0,228.18057599999997,Price and plan fit,Billing and payment,Discounted 12- or 24-month contract with loyalty bonus + Plan right-sizing review and personalised tariff
120,0011-IGKFF,0.6891,High Risk,New High-Spend,13,98.0,Month-to-month,Electronic check,Fiber optic,No,Established (13+ months),Month-to-month contract,1176.0,810.3816,243.11448000000001,15.0,228.11448000000001,Service quality,Billing and payment,Discounted 12- or 24-month contract with loyalty bonus + Service-quality audit with proactive fix and loyalty credit
121,5299-RULOA,0.6727,High Risk,New High-Spend,10,100.25,Month-to-month,Electronic check,Fiber optic,No,Onboarding window (0-12 months),Month-to-month contract,1203.0,809.2581,242.77742999999998,15.0,227.77742999999998,Price and plan fit,Service quality,Discounted 12- or 24-month contract with loyalty bonus + Plan right-sizing review and personalised tariff
122,9546-CQJSU,0.7373,High Risk,New High-Spend,2,91.4,Month-to-month,Electronic check,Fiber optic,No,Onboarding window (0-12 months),Month-to-month contract,1096.8000000000002,808.67064,242.601192,15.0,227.601192,Billing and payment,Service quality,Discounted 12- or 24-month contract with loyalty bonus + Move to automatic payment with a billing reward
123,0329-GTIAJ,0.6883,High Risk,New High-Spend,3,97.9,Month-to-month,Electronic check,Fiber optic,Yes,Onboarding window (0-12 months),Month-to-month contract,1174.8000000000002,808.6148400000002,242.58445200000006,15.0,227.58445200000006,Price and plan fit,Service quality,Discounted 12- or 24-month contract with loyalty bonus + Plan right-sizing review and personalised tariff
124,0970-ETWGE,0.7522,High Risk,New High-Spend,1,89.55,Month-to-month,Electronic check,Fiber optic,No,Onboarding window (0-12 months),Month-to-month contract,1074.6,808.3141199999999,242.49423599999994,15.0,227.49423599999994,Price and plan fit,Billing and payment,Discounted 12- or 24-month contract with loyalty bonus + Plan right-sizing review and personalised tariff
125,8161-QYMTT,0.7157,High Risk,New High-Spend,7,94.1,Month-to-month,Electronic check,Fiber optic,No,Onboarding window (0-12 months),Month-to-month contract,1129.1999999999998,808.1684399999999,242.45053199999995,15.0,227.45053199999995,Service quality,Billing and payment,Discounted 12- or 24-month contract with loyalty bonus + Service-quality audit with proactive fix and loyalty credit
126,3663-MITLP,0.6643,High Risk,New High-Spend,15,101.25,Month-to-month,Electronic check,Fiber optic,No,Established (13+ months),Month-to-month contract,1215.0,807.1245,242.13735,15.0,227.13735,Billing and payment,Service quality,Discounted 12- or 24-month contract with loyalty bonus + Move to automatic payment with a billing reward
127,3793-MMFUH,0.7068,High Risk,New High-Spend,13,95.05,Month-to-month,Electronic check,Fiber optic,No,Established (13+ months),Month-to-month contract,1140.6,806.17608,241.85282399999997,15.0,226.85282399999997,Service quality,Billing and payment,Discounted 12- or 24-month contract with loyalty bonus + Service-quality audit with proactive fix and loyalty credit
128,0916-QOFDP,0.7008,High Risk,New High-Spend,14,95.8,Month-to-month,Electronic check,Fiber optic,No,Established (13+ months),Month-to-month contract,1149.6,805.6396799999999,241.69190399999997,15.0,226.69190399999997,Service quality,Billing and payment,Discounted 12- or 24-month contract with loyalty bonus + Service-quality audit with proactive fix and loyalty credit
129,4273-MBHYA,0.7506,High Risk,New High-Spend,1,89.35,Month-to-month,Electronic check,Fiber optic,No,Onboarding window (0-12 months),Month-to-month contract,1072.1999999999998,804.7933199999999,241.43799599999994,15.0,226.43799599999994,Price and plan fit,Service quality,Discounted 12- or 24-month contract with loyalty bonus + Plan right-sizing review and personalised tariff
130,0302-JOIVN,0.663,High Risk,New High-Spend,8,101.15,Month-to-month,Electronic check,Fiber optic,No,Onboarding window (0-12 months),Month-to-month contract,1213.8000000000002,804.7494000000002,241.42482000000004,15.0,226.42482000000004,Price and plan fit,Service quality,Discounted 12- or 24-month contract with loyalty bonus + Plan right-sizing review and personalised tariff
131,7577-SWIFR,0.7514,High Risk,New High-Spend,1,89.25,Month-to-month,Electronic check,Fiber optic,No,Onboarding window (0-12 months),Month-to-month contract,1071.0,804.7493999999999,241.42481999999995,15.0,226.42481999999995,Price and plan fit,Billing and payment,Discounted 12- or 24-month contract with loyalty bonus + Plan right-sizing review and personalised tariff
132,2660-EMUBI,0.7033,High Risk,New High-Spend,10,95.35,Month-to-month,Electronic check,Fiber optic,No,Onboarding window (0-12 months),Month-to-month contract,1144.1999999999998,804.7158599999999,241.41475799999995,15.0,226.41475799999995,Service quality,Billing and payment,Discounted 12- or 24-month contract with loyalty bonus + Service-quality audit with proactive fix and loyalty credit
133,0564-JJHGS,0.7013,High Risk,New High-Spend,9,95.5,Month-to-month,Electronic check,Fiber optic,No,Onboarding window (0-12 months),Month-to-month contract,1146.0,803.6898,241.10693999999998,15.0,226.10693999999998,Service quality,Billing and payment,Discounted 12- or 24-month contract with loyalty bonus + Service-quality audit with proactive fix and loyalty credit
134,1455-ESIQH,0.7516,High Risk,New High-Spend,1,89.1,Month-to-month,Electronic check,Fiber optic,No,Onboarding window (0-12 months),Month-to-month contract,1069.1999999999998,803.6107199999999,241.08321599999996,15.0,226.08321599999996,Price and plan fit,Billing and payment,Discounted 12- or 24-month contract with loyalty bonus + Plan right-sizing review and personalised tariff
135,4192-GORJT,0.7087,High Risk,New High-Spend,5,94.45,Month-to-month,Electronic check,Fiber optic,No,Onboarding window (0-12 months),Month-to-month contract,1133.4,803.24058,240.972174,15.0,225.972174,Service quality,Billing and payment,Discounted 12- or 24-month contract with loyalty bonus + Service-quality audit with proactive fix and loyalty credit
136,2982-VPSGI,0.7101,High Risk,New High-Spend,11,94.0,Month-to-month,Electronic check,Fiber optic,No,Onboarding window (0-12 months),Month-to-month contract,1128.0,800.9928,240.29783999999998,15.0,225.29783999999998,Service quality,Billing and payment,Discounted 12- or 24-month contract with loyalty bonus + Service-quality audit with proactive fix and loyalty credit
137,5167-ZFFMM,0.7347,High Risk,New High-Spend,1,90.85,Month-to-month,Credit card (automatic),Fiber optic,No,Onboarding window (0-12 months),Month-to-month contract,1090.1999999999998,800.9699399999998,240.29098199999993,15.0,225.29098199999993,Price and plan fit,Service quality,Discounted 12- or 24-month contract with loyalty bonus + Plan right-sizing review and personalised tariff
138,5565-FILXA,0.6937,High Risk,New High-Spend,16,96.15,Month-to-month,Electronic check,Fiber optic,No,Established (13+ months),Month-to-month contract,1153.8000000000002,800.3910600000002,240.11731800000004,15.0,225.11731800000004,Billing and payment,Service quality,Discounted 12- or 24-month contract with loyalty bonus + Move to automatic payment with a billing reward
139,5380-AFSSK,0.71,High Risk,New High-Spend,5,93.9,Month-to-month,Mailed check,Fiber optic,No,Onboarding window (0-12 months),Month-to-month contract,1126.8000000000002,800.0280000000001,240.00840000000002,15.0,225.00840000000002,Price and plan fit,Service quality,Discounted 12- or 24-month contract with loyalty bonus + Plan right-sizing review and personalised tariff
140,5168-MSWXT,0.7036,High Risk,New High-Spend,8,94.75,Month-to-month,Electronic check,Fiber optic,No,Onboarding window (0-12 months),Month-to-month contract,1137.0,799.9932,239.99795999999998,15.0,224.99795999999998,Price and plan fit,Service quality,Discounted 12- or 24-month contract with loyalty bonus + Plan right-sizing review and personalised tariff
141,7295-JOMMD,0.6793,High Risk,New High-Spend,4,98.1,Month-to-month,Bank transfer (automatic),Fiber optic,Yes,Onboarding window (0-12 months),Month-to-month contract,1177.1999999999998,799.6719599999999,239.90158799999995,15.0,224.90158799999995,Price and plan fit,Service quality,Discounted 12- or 24-month contract with loyalty bonus + Plan right-sizing review and personalised tariff
142,3473-XIIIT,0.666,High Risk,New High-Spend,16,100.0,Month-to-month,Electronic check,Fiber optic,No,Established (13+ months),Month-to-month contract,1200.0,799.2,239.76,15.0,224.76,Billing and payment,Service quality,Discounted 12- or 24-month contract with loyalty bonus + Move to automatic payment with a billing reward
143,3629-ZNKXA,0.6535,High Risk,New High-Spend,17,101.8,Month-to-month,Electronic check,Fiber optic,No,Established (13+ months),Month-to-month contract,1221.6,798.3155999999999,239.49467999999996,15.0,224.49467999999996,Billing and payment,Service quality,Discounted 12- or 24-month contract with loyalty bonus + Move to automatic payment with a billing reward
144,3387-VATUS,0.7007,High Risk,New High-Spend,5,94.85,Month-to-month,Bank transfer (automatic),Fiber optic,No,Onboarding window (0-12 months),Month-to-month contract,1138.1999999999998,797.5367399999999,239.26102199999997,15.0,224.26102199999997,Service quality,Price and plan fit,Discounted 12- or 24-month contract with loyalty bonus + Service-quality audit with proactive fix and loyalty credit
145,4597-NUCQV,0.656,High Risk,New High-Spend,24,101.25,Month-to-month,Electronic check,Fiber optic,No,Established (13+ months),Month-to-month contract,1215.0,797.0400000000001,239.11200000000002,15.0,224.11200000000002,Service quality,Billing and payment,Discounted 12- or 24-month contract with loyalty bonus + Service-quality audit with proactive fix and loyalty credit
146,3722-WPXTK,0.7511,High Risk,New High-Spend,1,88.35,Month-to-month,Electronic check,Fiber optic,No,Onboarding window (0-12 months),Month-to-month contract,1060.1999999999998,796.3162199999998,238.89486599999992,15.0,223.89486599999992,Price and plan fit,Billing and payment,Discounted 12- or 24-month contract with loyalty bonus + Plan right-sizing review and personalised tariff
147,2462-XIIJB,0.7167,High Risk,New High-Spend,5,92.5,Month-to-month,Electronic check,Fiber optic,No,Onboarding window (0-12 months),Month-to-month contract,1110.0,795.537,238.6611,15.0,223.6611,Billing and payment,Service quality,Discounted 12- or 24-month contract with loyalty bonus + Move to automatic payment with a billing reward
148,4626-GYCZP,0.7061,High Risk,New High-Spend,7,93.85,Month-to-month,Electronic check,Fiber optic,No,Onboarding window (0-12 months),Month-to-month contract,1126.1999999999998,795.2098199999998,238.56294599999993,15.0,223.56294599999993,Service quality,Billing and payment,Discounted 12- or 24-month contract with loyalty bonus + Service-quality audit with proactive fix and loyalty credit
149,8118-TJAFG,0.6509,High Risk,New High-Spend,9,101.5,Month-to-month,Electronic check,Fiber optic,Yes,Onboarding window (0-12 months),Month-to-month contract,1218.0,792.7962,237.83885999999998,15.0,222.83885999999998,Price and plan fit,Service quality,Discounted 12- or 24-month contract with loyalty bonus + Plan right-sizing review and personalised tariff
150,3643-AHCFP,0.691,High Risk,New High-Spend,7,95.6,Month-to-month,Bank transfer (automatic),Fiber optic,No,Onboarding window (0-12 months),Month-to-month contract,1147.1999999999998,792.7151999999999,237.81455999999994,15.0,222.81455999999994,Service quality,Price and plan fit,Discounted 12- or 24-month contract with loyalty bonus + Service-quality audit with proactive fix and loyalty credit
151,1567-DSCIC,0.7027,High Risk,New High-Spend,8,94.0,Month-to-month,Electronic check,Fiber optic,No,Onboarding window (0-12 months),Month-to-month contract,1128.0,792.6456,237.79367999999997,15.0,222.79367999999997,Service quality,Billing and payment,Discounted 12- or 24-month contract with loyalty bonus + Service-quality audit with proactive fix and loyalty credit
152,6892-EZDTG,0.7204,High Risk,New High-Spend,4,91.65,Month-to-month,Electronic check,Fiber optic,No,Onboarding window (0-12 months),Month-to-month contract,1099.8000000000002,792.2959200000001,237.68877600000002,15.0,222.68877600000002,Billing and payment,Service quality,Discounted 12- or 24-month contract with loyalty bonus + Move to automatic payment with a billing reward
153,8245-UMPYT,0.6843,High Risk,New High-Spend,16,96.4,Month-to-month,Electronic check,Fiber optic,No,Established (13+ months),Month-to-month contract,1156.8000000000002,791.5982400000001,237.47947200000004,15.0,222.47947200000004,Billing and payment,Service quality,Discounted 12- or 24-month contract with loyalty bonus + Move to automatic payment with a billing reward
154,5797-APWZC,0.7279,High Risk,New High-Spend,1,90.6,Month-to-month,Electronic check,Fiber optic,No,Onboarding window (0-12 months),Month-to-month contract,1087.1999999999998,791.3728799999999,237.41186399999995,15.0,222.41186399999995,Price and plan fit,Service quality,Discounted 12- or 24-month contract with loyalty bonus + Plan right-sizing review and personalised tariff
155,7294-TMAOP,0.7279,High Risk,New High-Spend,1,90.55,Month-to-month,Electronic check,Fiber optic,No,Onboarding window (0-12 months),Month-to-month contract,1086.6,790.9361399999999,237.28084199999995,15.0,222.28084199999995,Price and plan fit,Service quality,Discounted 12- or 24-month contract with loyalty bonus + Plan right-sizing review and personalised tariff
156,9734-YWGEX,0.6703,High Risk,New High-Spend,9,98.3,Month-to-month,Credit card (automatic),Fiber optic,No,Onboarding window (0-12 months),Month-to-month contract,1179.6,790.68588,237.205764,15.0,222.205764,Price and plan fit,Service quality,Discounted 12- or 24-month contract with loyalty bonus + Plan right-sizing review and personalised tariff
157,4927-WWOOZ,0.7201,High Risk,New High-Spend,2,91.45,Month-to-month,Electronic check,Fiber optic,No,Onboarding window (0-12 months),Month-to-month contract,1097.4,790.23774,237.071322,15.0,222.071322,Billing and payment,Service quality,Discounted 12- or 24-month contract with loyalty bonus + Move to automatic payment with a billing reward
158,2645-QTLMB,0.6983,High Risk,New High-Spend,7,94.25,Month-to-month,Electronic check,Fiber optic,No,Onboarding window (0-12 months),Month-to-month contract,1131.0,789.7773000000001,236.93319000000002,15.0,221.93319000000002,Service quality,Billing and payment,Discounted 12- or 24-month contract with loyalty bonus + Service-quality audit with proactive fix and loyalty credit
159,0325-XBFAC,0.6942,High Risk,New High-Spend,8,94.7,Month-to-month,Electronic check,Fiber optic,No,Onboarding window (0-12 months),Month-to-month contract,1136.4,788.8888800000001,236.66666400000003,15.0,221.66666400000003,Service quality,Billing and payment,Discounted 12- or 24-month contract with loyalty bonus + Service-quality audit with proactive fix and loyalty credit
160,0094-OIFMO,0.692,High Risk,New High-Spend,11,95.0,Month-to-month,Electronic check,Fiber optic,No,Onboarding window (0-12 months),Month-to-month contract,1140.0,788.88,236.664,15.0,221.664,Service quality,Billing and payment,Discounted 12- or 24-month contract with loyalty bonus + Service-quality audit with proactive fix and loyalty credit
161,1960-UYCNN,0.69,High Risk,New High-Spend,10,95.25,Month-to-month,Electronic check,Fiber optic,No,Onboarding window (0-12 months),Month-to-month contract,1143.0,788.67,236.60099999999997,15.0,221.60099999999997,Service quality,Billing and payment,Discounted 12- or 24-month contract with loyalty bonus + Service-quality audit with proactive fix and loyalty credit
162,5883-GTGVD,0.6575,High Risk,New High-Spend,19,99.95,Month-to-month,Electronic check,Fiber optic,No,Established (13+ months),Month-to-month contract,1199.4,788.6055,236.58165,15.0,221.58165,Billing and payment,Service quality,Discounted 12- or 24-month contract with loyalty bonus + Move to automatic payment with a billing reward
163,3045-XETSH,0.6926,High Risk,New High-Spend,10,94.85,Month-to-month,Electronic check,Fiber optic,No,Onboarding window (0-12 months),Month-to-month contract,1138.1999999999998,788.3173199999999,236.49519599999996,15.0,221.49519599999996,Service quality,Billing and payment,Discounted 12- or 24-month contract with loyalty bonus + Service-quality audit with proactive fix and loyalty credit
164,8443-WVPSS,0.6577,High Risk,New High-Spend,10,99.85,Month-to-month,Electronic check,Fiber optic,Yes,Onboarding window (0-12 months),Month-to-month contract,1198.1999999999998,788.0561399999998,236.41684199999992,15.0,221.41684199999992,Price and plan fit,Service quality,Discounted 12- or 24-month contract with loyalty bonus + Plan right-sizing review and personalised tariff
165,7209-JCUDS,0.6909,High Risk,New High-Spend,10,94.9,Month-to-month,Electronic check,Fiber optic,No,Onboarding window (0-12 months),Month-to-month contract,1138.8000000000002,786.7969200000001,236.03907600000002,15.0,221.03907600000002,Service quality,Billing and payment,Discounted 12- or 24-month contract with loyalty bonus + Service-quality audit with proactive fix and loyalty credit
166,3320-VEOYC,0.6854,High Risk,New High-Spend,14,95.6,Month-to-month,Electronic check,Fiber optic,No,Established (13+ months),Month-to-month contract,1147.1999999999998,786.2908799999999,235.88726399999996,15.0,220.88726399999996,Billing and payment,Service quality,Discounted 12- or 24-month contract with loyalty bonus + Move to automatic payment with a billing reward
167,4826-XTSOH,0.7606,High Risk,New High-Spend,1,86.05,Month-to-month,Electronic check,Fiber optic,No,Onboarding window (0-12 months),Month-to-month contract,1032.6,785.3955599999999,235.61866799999996,15.0,220.61866799999996,Price and plan fit,Billing and payment,Discounted 12- or 24-month contract with loyalty bonus + Plan right-sizing review and personalised tariff
168,4695-WJZUE,0.7383,High Risk,New High-Spend,2,88.55,Month-to-month,Electronic check,Fiber optic,No,Onboarding window (0-12 months),Month-to-month contract,1062.6,784.5175799999998,235.35527399999995,15.0,220.35527399999995,Service quality,Billing and payment,Discounted 12- or 24-month contract with loyalty bonus + Service-quality audit with proactive fix and loyalty credit
169,6956-SMUCM,0.66,High Risk,New High-Spend,3,99.0,Month-to-month,Credit card (automatic),Fiber optic,No,Onboarding window (0-12 months),Month-to-month contract,1188.0,784.08,235.224,15.0,220.224,Price and plan fit,Service quality,Discounted 12- or 24-month contract with loyalty bonus + Plan right-sizing review and personalised tariff
170,8603-IJWDN,0.754,High Risk,New High-Spend,1,86.6,Month-to-month,Electronic check,Fiber optic,No,Onboarding window (0-12 months),Month-to-month contract,1039.1999999999998,783.5567999999998,235.06703999999993,15.0,220.06703999999993,Price and plan fit,Billing and payment,Discounted 12- or 24-month contract with loyalty bonus + Plan right-sizing review and personalised tariff
171,7330-WZLNC,0.7188,High Risk,New High-Spend,5,90.8,Month-to-month,Electronic check,Fiber optic,No,Onboarding window (0-12 months),Month-to-month contract,1089.6,783.2044799999999,234.96134399999994,15.0,219.96134399999994,Billing and payment,Service quality,Discounted 12- or 24-month contract with loyalty bonus + Move to automatic payment with a billing reward
172,8414-MYSHR,0.7134,High Risk,New High-Spend,5,91.4,Month-to-month,Electronic check,Fiber optic,No,Onboarding window (0-12 months),Month-to-month contract,1096.8000000000002,782.4571200000001,234.73713600000002,15.0,219.73713600000002,Service quality,Billing and payment,Discounted 12- or 24-month contract with loyalty bonus + Service-quality audit with proactive fix and loyalty credit
173,5192-EBGOV,0.7607,High Risk,New High-Spend,1,85.7,Month-to-month,Electronic check,Fiber optic,No,Onboarding window (0-12 months),Month-to-month contract,1028.4,782.3038800000002,234.69116400000004,15.0,219.69116400000004,Price and plan fit,Billing and payment,Discounted 12- or 24-month contract with loyalty bonus + Plan right-sizing review and personalised tariff
174,2929-ERCFZ,0.6903,High Risk,New High-Spend,8,94.2,Month-to-month,Electronic check,Fiber optic,No,Onboarding window (0-12 months),Month-to-month contract,1130.4,780.3151200000001,234.094536,15.0,219.094536,Service quality,Billing and payment,Discounted 12- or 24-month contract with loyalty bonus + Service-quality audit with proactive fix and loyalty credit
175,1624-NALOJ,0.7228,High Risk,New High-Spend,5,89.8,Month-to-month,Electronic check,Fiber optic,No,Onboarding window (0-12 months),Month-to-month contract,1077.6,778.88928,233.66678399999998,15.0,218.66678399999998,Service quality,Price and plan fit,Discounted 12- or 24-month contract with loyalty bonus + Service-quality audit with proactive fix and loyalty credit
176,5519-NPHVG,0.6874,High Risk,New High-Spend,12,94.2,Month-to-month,Electronic check,Fiber optic,No,Onboarding window (0-12 months),Month-to-month contract,1130.4,777.03696,233.111088,15.0,218.111088,Billing and payment,Service quality,Discounted 12- or 24-month contract with loyalty bonus + Move to automatic payment with a billing reward
177,2180-DXNEG,0.6741,High Risk,New High-Spend,12,96.0,Month-to-month,Electronic check,Fiber optic,No,Onboarding window (0-12 months),Month-to-month contract,1152.0,776.5632,232.96896,15.0,217.96896,Billing and payment,Service quality,Discounted 12- or 24-month contract with loyalty bonus + Move to automatic payment with a billing reward
178,4145-UQXUQ,0.7022,High Risk,New High-Spend,8,92.1,Month-to-month,Electronic check,Fiber optic,No,Onboarding window (0-12 months),Month-to-month contract,1105.1999999999998,776.0714399999999,232.82143199999996,15.0,217.82143199999996,Service quality,Billing and payment,Discounted 12- or 24-month contract with loyalty bonus + Service-quality audit with proactive fix and loyalty credit
179,4566-NECEV,0.6694,High Risk,New High-Spend,5,96.55,Month-to-month,Electronic check,Fiber optic,No,Onboarding window (0-12 months),Month-to-month contract,1158.6,775.56684,232.67005199999997,15.0,217.67005199999997,Service quality,Price and plan fit,Discounted 12- or 24-month contract with loyalty bonus + Service-quality audit with proactive fix and loyalty credit
180,1069-XAIEM,0.7599,High Risk,New High-Spend,1,85.05,Month-to-month,Electronic check,Fiber optic,No,Onboarding window (0-12 months),Month-to-month contract,1020.5999999999999,775.5539399999999,232.66618199999996,15.0,217.66618199999996,Price and plan fit,Service quality,Discounted 12- or 24-month contract with loyalty bonus + Plan right-sizing review and personalised tariff
181,3318-NMQXL,0.7019,High Risk,New High-Spend,3,92.0,Month-to-month,Electronic check,Fiber optic,No,Onboarding window (0-12 months),Month-to-month contract,1104.0,774.8976,232.46928,15.0,217.46928,Billing and payment,Service quality,Discounted 12- or 24-month contract with loyalty bonus + Move to automatic payment with a billing reward
182,1273-MTETI,0.7258,High Risk,New High-Spend,4,88.85,Month-to-month,Electronic check,Fiber optic,No,Onboarding window (0-12 months),Month-to-month contract,1066.1999999999998,773.8479599999998,232.15438799999993,15.0,217.15438799999993,Service quality,Billing and payment,Discounted 12- or 24-month contract with loyalty bonus + Service-quality audit with proactive fix and loyalty credit
183,4844-JJWUY,0.7497,High Risk,New High-Spend,1,86.0,Month-to-month,Electronic check,Fiber optic,No,Onboarding window (0-12 months),Month-to-month contract,1032.0,773.6904000000001,232.10712,15.0,217.10712,Price and plan fit,Service quality,Discounted 12- or 24-month contract with loyalty bonus + Plan right-sizing review and personalised tariff
184,7398-SKNQZ,0.679,High Risk,New High-Spend,3,94.9,Month-to-month,Electronic check,Fiber optic,No,Onboarding window (0-12 months),Month-to-month contract,1138.8000000000002,773.2452000000002,231.97356000000005,15.0,216.97356000000005,Service quality,Engagement and bundling,Discounted 12- or 24-month contract with loyalty bonus + Service-quality audit with proactive fix and loyalty credit
185,3217-FZDMN,0.6805,High Risk,New High-Spend,8,94.45,Month-to-month,Credit card (automatic),Fiber optic,No,Onboarding window (0-12 months),Month-to-month contract,1133.4,771.2787000000001,231.38361,15.0,216.38361,Service quality,Price and plan fit,Discounted 12- or 24-month contract with loyalty bonus + Service-quality audit with proactive fix and loyalty credit
186,4228-ZGYUW,0.7125,High Risk,New High-Spend,4,90.05,Month-to-month,Electronic check,Fiber optic,No,Onboarding window (0-12 months),Month-to-month contract,1080.6,769.9275,230.97825,15.0,215.97825,Service quality,Billing and payment,Discounted 12- or 24-month contract with loyalty bonus + Service-quality audit with proactive fix and loyalty credit
187,2034-GDRCN,0.7097,High Risk,New High-Spend,2,90.4,Month-to-month,Electronic check,Fiber optic,No,Onboarding window (0-12 months),Month-to-month contract,1084.8000000000002,769.8825600000001,230.96476800000002,15.0,215.96476800000002,Billing and payment,Service quality,Discounted 12- or 24-month contract with loyalty bonus + Move to automatic payment with a billing reward
188,5649-ANRML,0.6742,High Risk,New High-Spend,2,95.1,Month-to-month,Credit card (automatic),Fiber optic,Yes,Onboarding window (0-12 months),Month-to-month contract,1141.1999999999998,769.39704,230.81911199999996,15.0,215.81911199999996,Service quality,Price and plan fit,Discounted 12- or 24-month contract with loyalty bonus + Service-quality audit with proactive fix and loyalty credit
189,6328-ZPBGN,0.6738,High Risk,New High-Spend,11,95.15,Month-to-month,Bank transfer (automatic),Fiber optic,No,Onboarding window (0-12 months),Month-to-month contract,1141.8000000000002,769.3448400000001,230.80345200000002,15.0,215.80345200000002,Service quality,Price and plan fit,Discounted 12- or 24-month contract with loyalty bonus + Service-quality audit with proactive fix and loyalty credit
190,9282-IZGQK,0.7538,High Risk,New High-Spend,1,85.0,Month-to-month,Electronic check,Fiber optic,No,Onboarding window (0-12 months),Month-to-month contract,1020.0,768.876,230.66279999999998,15.0,215.66279999999998,Price and plan fit,Billing and payment,Discounted 12- or 24-month contract with loyalty bonus + Plan right-sizing review and personalised tariff
191,5597-GLBUC,0.7495,High Risk,New High-Spend,1,85.45,Month-to-month,Electronic check,Fiber optic,No,Onboarding window (0-12 months),Month-to-month contract,1025.4,768.5373000000001,230.56119,15.0,215.56119,Price and plan fit,Billing and payment,Discounted 12- or 24-month contract with loyalty bonus + Plan right-sizing review and personalised tariff
192,6230-BSUXY,0.7533,High Risk,New High-Spend,1,85.0,Month-to-month,Electronic check,Fiber optic,No,Onboarding window (0-12 months),Month-to-month contract,1020.0,768.366,230.50979999999998,15.0,215.50979999999998,Price and plan fit,Service quality,Discounted 12- or 24-month contract with loyalty bonus + Plan right-sizing review and personalised tariff
193,0306-JAELE,0.6662,High Risk,New High-Spend,5,96.1,Month-to-month,Electronic check,Fiber optic,Yes,Onboarding window (0-12 months),Month-to-month contract,1153.1999999999998,768.2618399999999,230.47855199999995,15.0,215.47855199999995,Billing and payment,Service quality,Discounted 12- or 24-month contract with loyalty bonus + Move to automatic payment with a billing reward
194,2865-TCHJW,0.7174,High Risk,New High-Spend,4,89.2,Month-to-month,Electronic check,Fiber optic,No,Onboarding window (0-12 months),Month-to-month contract,1070.4,767.9049600000001,230.37148800000003,15.0,215.37148800000003,Billing and payment,Service quality,Discounted 12- or 24-month contract with loyalty bonus + Move to automatic payment with a billing reward
195,3398-FSHON,0.7002,High Risk,New High-Spend,12,91.3,Month-to-month,Electronic check,Fiber optic,No,Onboarding window (0-12 months),Month-to-month contract,1095.6,767.1391199999999,230.14173599999998,15.0,215.14173599999998,Service quality,Billing and payment,Discounted 12- or 24-month contract with loyalty bonus + Service-quality audit with proactive fix and loyalty credit
196,0236-HFWSV,0.6845,High Risk,New High-Spend,15,93.35,Month-to-month,Electronic check,Fiber optic,No,Established (13+ months),Month-to-month contract,1120.1999999999998,766.7768999999998,230.03306999999995,15.0,215.03306999999995,Billing and payment,Service quality,Discounted 12- or 24-month contract with loyalty bonus + Move to automatic payment with a billing reward
197,4912-PIGUY,0.7551,High Risk,New High-Spend,1,84.6,Month-to-month,Electronic check,Fiber optic,No,Onboarding window (0-12 months),Month-to-month contract,1015.1999999999999,766.5775199999999,229.97325599999996,15.0,214.97325599999996,Billing and payment,Price and plan fit,Discounted 12- or 24-month contract with loyalty bonus + Move to automatic payment with a billing reward
198,1724-BQUHA,0.7119,High Risk,New High-Spend,5,89.5,Month-to-month,Electronic check,Fiber optic,No,Onboarding window (0-12 months),Month-to-month contract,1074.0,764.5806,229.37418,15.0,214.37418,Service quality,Billing and payment,Discounted 12- or 24-month contract with loyalty bonus + Service-quality audit with proactive fix and loyalty credit
199,8087-LGYHQ,0.6774,High Risk,New High-Spend,9,94.05,Month-to-month,Electronic check,Fiber optic,No,Onboarding window (0-12 months),Month-to-month contract,1128.6,764.5136399999999,229.35409199999995,15.0,214.35409199999995,Service quality,Billing and payment,Discounted 12- or 24-month contract with loyalty bonus + Service-quality audit with proactive fix and loyalty credit
200,7969-AULMZ,0.6537,High Risk,New High-Spend,21,97.35,Month-to-month,Electronic check,Fiber optic,No,Established (13+ months),Month-to-month contract,1168.1999999999998,763.6523399999999,229.09570199999996,15.0,214.09570199999996,Billing and payment,Service quality,Discounted 12- or 24-month contract with loyalty bonus + Move to automatic payment with a billing reward
201,6821-BUXUX,0.6582,High Risk,New High-Spend,13,96.65,Month-to-month,Electronic check,Fiber optic,No,Established (13+ months),Month-to-month contract,1159.8000000000002,763.3803600000001,229.01410800000002,15.0,214.01410800000002,Billing and payment,Service quality,Discounted 12- or 24-month contract with loyalty bonus + Move to automatic payment with a billing reward
202,5698-BQJOH,0.6737,High Risk,New High-Spend,9,94.4,Month-to-month,Electronic check,Fiber optic,No,Onboarding window (0-12 months),Month-to-month contract,1132.8000000000002,763.16736,228.950208,15.0,213.950208,Service quality,Price and plan fit,Discounted 12- or 24-month contract with loyalty bonus + Service-quality audit with proactive fix and loyalty credit
203,5935-FCCNB,0.6749,High Risk,New High-Spend,17,94.2,Month-to-month,Electronic check,Fiber optic,No,Established (13+ months),Month-to-month contract,1130.4,762.9069600000001,228.87208800000005,15.0,213.87208800000005,Billing and payment,Service quality,Discounted 12- or 24-month contract with loyalty bonus + Move to automatic payment with a billing reward
204,2984-AFWNC,0.6663,High Risk,New High-Spend,3,95.4,Month-to-month,Electronic check,Fiber optic,No,Onboarding window (0-12 months),Month-to-month contract,1144.8000000000002,762.7802400000002,228.83407200000005,15.0,213.83407200000005,Service quality,Price and plan fit,Discounted 12- or 24-month contract with loyalty bonus + Service-quality audit with proactive fix and loyalty credit
205,2202-CUYXZ,0.7491,High Risk,New High-Spend,1,84.85,Month-to-month,Electronic check,Fiber optic,No,Onboarding window (0-12 months),Month-to-month contract,1018.1999999999999,762.73362,228.82008599999998,15.0,213.82008599999998,Billing and payment,Price and plan fit,Discounted 12- or 24-month contract with loyalty bonus + Move to automatic payment with a billing reward
206,5349-IECLD,0.669,High Risk,New High-Spend,2,94.95,Month-to-month,Electronic check,Fiber optic,No,Onboarding window (0-12 months),Month-to-month contract,1139.4,762.2586000000001,228.67758000000003,15.0,213.67758000000003,Service quality,Protection and support,Discounted 12- or 24-month contract with loyalty bonus + Service-quality audit with proactive fix and loyalty credit
207,7218-HKQFK,0.6743,High Risk,New High-Spend,2,94.2,Month-to-month,Electronic check,Fiber optic,Yes,Onboarding window (0-12 months),Month-to-month contract,1130.4,762.2287200000001,228.66861600000001,15.0,213.66861600000001,Billing and payment,Service quality,Discounted 12- or 24-month contract with loyalty bonus + Move to automatic payment with a billing reward
208,3462-BJQQA,0.7077,High Risk,New High-Spend,6,89.75,Month-to-month,Electronic check,Fiber optic,No,Onboarding window (0-12 months),Month-to-month contract,1077.0,762.1929,228.65787,15.0,213.65787,Service quality,Billing and payment,Discounted 12- or 24-month contract with loyalty bonus + Service-quality audit with proactive fix and loyalty credit
209,6969-MVBAI,0.7046,High Risk,New High-Spend,9,90.1,Month-to-month,Electronic check,Fiber optic,No,Onboarding window (0-12 months),Month-to-month contract,1081.1999999999998,761.8135199999999,228.54405599999998,15.0,213.54405599999998,Service quality,Billing and payment,Discounted 12- or 24-month contract with loyalty bonus + Service-quality audit with proactive fix and loyalty credit
210,9025-AOMKI,0.6783,High Risk,New High-Spend,6,93.55,Month-to-month,Bank transfer (automatic),Fiber optic,No,Onboarding window (0-12 months),Month-to-month contract,1122.6,761.45958,228.437874,15.0,213.437874,Service quality,Price and plan fit,Discounted 12- or 24-month contract with loyalty bonus + Service-quality audit with proactive fix and loyalty credit
211,5277-ZLOOR,0.74,High Risk,New High-Spend,2,85.55,Month-to-month,Electronic check,Fiber optic,No,Onboarding window (0-12 months),Month-to-month contract,1026.6,759.684,227.90519999999998,15.0,212.90519999999998,Billing and payment,Service quality,Discounted 12- or 24-month contract with loyalty bonus + Move to automatic payment with a billing reward
212,4951-UKAAQ,0.7116,High Risk,New High-Spend,4,88.95,Month-to-month,Electronic check,Fiber optic,No,Onboarding window (0-12 months),Month-to-month contract,1067.4,759.5618400000001,227.86855200000002,15.0,212.86855200000002,Service quality,Billing and payment,Discounted 12- or 24-month contract with loyalty bonus + Service-quality audit with proactive fix and loyalty credit
213,3186-BAXNB,0.6894,High Risk,New High-Spend,1,91.7,Month-to-month,Electronic check,Fiber optic,Yes,Onboarding window (0-12 months),Month-to-month contract,1100.4,758.61576,227.584728,15.0,212.584728,Price and plan fit,Service quality,Discounted 12- or 24-month contract with loyalty bonus + Plan right-sizing review and personalised tariff
214,1389-CXMLU,0.6933,High Risk,New High-Spend,3,91.05,Month-to-month,Electronic check,Fiber optic,No,Onboarding window (0-12 months),Month-to-month contract,1092.6,757.4995799999999,227.24987399999998,15.0,212.24987399999998,Service quality,Price and plan fit,Discounted 12- or 24-month contract with loyalty bonus + Service-quality audit with proactive fix and loyalty credit
215,4847-TAJYI,0.7063,High Risk,New High-Spend,6,89.35,Month-to-month,Electronic check,Fiber optic,No,Onboarding window (0-12 months),Month-to-month contract,1072.1999999999998,757.2948599999999,227.18845799999994,15.0,212.18845799999994,Service quality,Billing and payment,Discounted 12- or 24-month contract with loyalty bonus + Service-quality audit with proactive fix and loyalty credit
216,1628-BIZYP,0.7422,High Risk,New High-Spend,1,85.0,Month-to-month,Electronic check,Fiber optic,No,Onboarding window (0-12 months),Month-to-month contract,1020.0,757.044,227.11319999999998,15.0,212.11319999999998,Price and plan fit,Service quality,Discounted 12- or 24-month contract with loyalty bonus + Plan right-sizing review and personalised tariff
217,1731-TVIUK,0.6747,High Risk,New High-Spend,4,93.5,Month-to-month,Electronic check,Fiber optic,Yes,Onboarding window (0-12 months),Month-to-month contract,1122.0,757.0133999999999,227.10401999999996,15.0,212.10401999999996,Service quality,Billing and payment,Discounted 12- or 24-month contract with loyalty bonus + Service-quality audit with proactive fix and loyalty credit
218,8413-VONUO,0.6588,High Risk,New High-Spend,2,95.65,Month-to-month,Electronic check,Fiber optic,No,Onboarding window (0-12 months),Month-to-month contract,1147.8000000000002,756.1706400000002,226.85119200000005,15.0,211.85119200000005,Service quality,Price and plan fit,Discounted 12- or 24-month contract with loyalty bonus + Service-quality audit with proactive fix and loyalty credit
219,4060-LDNLU,0.6549,High Risk,New High-Spend,7,96.2,Month-to-month,Electronic check,Fiber optic,No,Onboarding window (0-12 months),Month-to-month contract,1154.4,756.0165600000001,226.80496800000003,15.0,211.80496800000003,Service quality,Engagement and bundling,Discounted 12- or 24-month contract with loyalty bonus + Service-quality audit with proactive fix and loyalty credit
220,1658-BYGOY,0.6594,High Risk,New High-Spend,18,95.45,Month-to-month,Electronic check,Fiber optic,No,Established (13+ months),Month-to-month contract,1145.4,755.2767600000001,226.583028,15.0,211.583028,Billing and payment,Service quality,Discounted 12- or 24-month contract with loyalty bonus + Move to automatic payment with a billing reward
221,0259-GBZSH,0.7338,High Risk,New High-Spend,2,85.65,Month-to-month,Electronic check,Fiber optic,No,Onboarding window (0-12 months),Month-to-month contract,1027.8000000000002,754.1996400000002,226.25989200000004,15.0,211.25989200000004,Billing and payment,Service quality,Discounted 12- or 24-month contract with loyalty bonus + Move to automatic payment with a billing reward
222,8337-UPOAQ,0.6991,High Risk,New High-Spend,10,89.8,Month-to-month,Electronic check,Fiber optic,No,Onboarding window (0-12 months),Month-to-month contract,1077.6,753.35016,226.005048,15.0,211.005048,Service quality,Billing and payment,Discounted 12- or 24-month contract with loyalty bonus + Service-quality audit with proactive fix and loyalty credit
223,9124-LHCJQ,0.7344,High Risk,New High-Spend,1,85.45,Month-to-month,Mailed check,Fiber optic,No,Onboarding window (0-12 months),Month-to-month contract,1025.4,753.0537600000001,225.91612800000004,15.0,210.91612800000004,Price and plan fit,Service quality,Discounted 12- or 24-month contract with loyalty bonus + Plan right-sizing review and personalised tariff
224,2990-HWIML,0.7011,High Risk,New High-Spend,6,89.5,Month-to-month,Electronic check,Fiber optic,No,Onboarding window (0-12 months),Month-to-month contract,1074.0,752.9813999999999,225.89441999999997,15.0,210.89441999999997,Service quality,Billing and payment,Discounted 12- or 24-month contract with loyalty bonus + Service-quality audit with proactive fix and loyalty credit
225,2074-GKOWZ,0.7003,High Risk,New High-Spend,2,89.55,Month-to-month,Bank transfer (automatic),Fiber optic,No,Onboarding window (0-12 months),Month-to-month contract,1074.6,752.54238,225.762714,15.0,210.762714,Service quality,Price and plan fit,Discounted 12- or 24-month contract with loyalty bonus + Service-quality audit with proactive fix and loyalty credit
226,2754-VDLTR,0.6587,High Risk,New High-Spend,10,95.2,Month-to-month,Electronic check,Fiber optic,No,Onboarding window (0-12 months),Month-to-month contract,1142.4,752.49888,225.749664,15.0,210.749664,Service quality,Price and plan fit,Discounted 12- or 24-month contract with loyalty bonus + Service-quality audit with proactive fix and loyalty credit
227,7228-OMTPN,0.7075,High Risk,New High-Spend,4,88.45,Month-to-month,Electronic check,Fiber optic,No,Onboarding window (0-12 months),Month-to-month contract,1061.4,750.9405,225.28215,15.0,210.28215,Service quality,Billing and payment,Discounted 12- or 24-month contract with loyalty bonus + Service-quality audit with proactive fix and loyalty credit
228,8780-IXSTS,0.694,High Risk,New High-Spend,6,90.1,Month-to-month,Electronic check,Fiber optic,No,Onboarding window (0-12 months),Month-to-month contract,1081.1999999999998,750.3527999999998,225.10583999999992,15.0,210.10583999999992,Service quality,Billing and payment,Discounted 12- or 24-month contract with loyalty bonus + Service-quality audit with proactive fix and loyalty credit
229,3801-HMYNL,0.7011,High Risk,New High-Spend,1,89.15,Month-to-month,Mailed check,Fiber optic,No,Onboarding window (0-12 months),Month-to-month contract,1069.8000000000002,750.03678,225.011034,15.0,210.011034,Price and plan fit,Service quality,Discounted 12- or 24-month contract with loyalty bonus + Plan right-sizing review and personalised tariff
230,1143-NMNQJ,0.7289,High Risk,New High-Spend,2,85.7,Month-to-month,Electronic check,Fiber optic,No,Onboarding window (0-12 months),Month-to-month contract,1028.4,749.60076,224.88022800000002,15.0,209.88022800000002,Billing and payment,Service quality,Discounted 12- or 24-month contract with loyalty bonus + Move to automatic payment with a billing reward
231,3338-CVVEH,0.6595,High Risk,New High-Spend,12,94.55,Month-to-month,Electronic check,Fiber optic,No,Onboarding window (0-12 months),Month-to-month contract,1134.6,748.2687,224.48060999999998,15.0,209.48060999999998,Service quality,Price and plan fit,Discounted 12- or 24-month contract with loyalty bonus + Service-quality audit with proactive fix and loyalty credit
232,3585-ISXZP,0.6518,High Risk,New High-Spend,8,95.65,Month-to-month,Bank transfer (automatic),Fiber optic,No,Onboarding window (0-12 months),Month-to-month contract,1147.8000000000002,748.1360400000002,224.44081200000005,15.0,209.44081200000005,Service quality,Price and plan fit,Discounted 12- or 24-month contract with loyalty bonus + Service-quality audit with proactive fix and loyalty credit
233,9134-CEQMF,0.6963,High Risk,New High-Spend,7,89.5,Month-to-month,Electronic check,Fiber optic,No,Onboarding window (0-12 months),Month-to-month contract,1074.0,747.8262000000001,224.34786000000003,15.0,209.34786000000003,Service quality,Billing and payment,Discounted 12- or 24-month contract with loyalty bonus + Service-quality audit with proactive fix and loyalty credit
234,7225-CBZPL,0.6557,High Risk,New High-Spend,17,94.8,Month-to-month,Electronic check,Fiber optic,No,Established (13+ months),Month-to-month contract,1137.6,745.9243199999999,223.77729599999995,15.0,208.77729599999995,Billing and payment,Service quality,Discounted 12- or 24-month contract with loyalty bonus + Move to automatic payment with a billing reward
235,7503-ZGUZJ,0.7342,High Risk,New High-Spend,1,84.65,Month-to-month,Mailed check,Fiber optic,No,Onboarding window (0-12 months),Month-to-month contract,1015.8000000000001,745.8003600000001,223.74010800000002,15.0,208.74010800000002,Price and plan fit,Service quality,Discounted 12- or 24-month contract with loyalty bonus + Plan right-sizing review and personalised tariff
236,7156-MHUGY,0.6865,High Risk,New High-Spend,13,90.5,Month-to-month,Electronic check,Fiber optic,No,Established (13+ months),Month-to-month contract,1086.0,745.539,223.6617,15.0,208.6617,Service quality,Billing and payment,Discounted 12- or 24-month contract with loyalty bonus + Service-quality audit with proactive fix and loyalty credit
237,1579-KLYDT,0.6867,High Risk,New High-Spend,7,90.45,Month-to-month,Electronic check,Fiber optic,No,Onboarding window (0-12 months),Month-to-month contract,1085.4,745.34418,223.60325400000002,15.0,208.60325400000002,Billing and payment,Service quality,Discounted 12- or 24-month contract with loyalty bonus + Move to automatic payment with a billing reward
238,2672-HUYVI,0.6812,High Risk,New High-Spend,6,91.1,Month-to-month,Electronic check,Fiber optic,No,Onboarding window (0-12 months),Month-to-month contract,1093.1999999999998,744.6878399999999,223.40635199999997,15.0,208.40635199999997,Service quality,Billing and payment,Discounted 12- or 24-month contract with loyalty bonus + Service-quality audit with proactive fix and loyalty credit
239,8622-ZLFKO,0.6836,High Risk,New High-Spend,6,90.75,Month-to-month,Electronic check,Fiber optic,No,Onboarding window (0-12 months),Month-to-month contract,1089.0,744.4404,223.33211999999997,15.0,208.33211999999997,Service quality,Billing and payment,Discounted 12- or 24-month contract with loyalty bonus + Service-quality audit with proactive fix and loyalty credit
240,2545-EBUPK,0.7377,High Risk,New High-Spend,2,84.05,Month-to-month,Electronic check,Fiber optic,No,Onboarding window (0-12 months),Month-to-month contract,1008.5999999999999,744.04422,223.213266,15.0,208.213266,Service quality,Billing and payment,Discounted 12- or 24-month contract with loyalty bonus + Service-quality audit with proactive fix and loyalty credit
241,0235-KGSLC,0.7245,High Risk,New High-Spend,1,85.55,Month-to-month,Credit card (automatic),Fiber optic,No,Onboarding window (0-12 months),Month-to-month contract,1026.6,743.7717,223.13151,15.0,208.13151,Price and plan fit,Service quality,Discounted 12- or 24-month contract with loyalty bonus + Plan right-sizing review and personalised tariff
242,6502-HCJTI,0.6542,High Risk,New High-Spend,7,94.7,Month-to-month,Credit card (automatic),Fiber optic,No,Onboarding window (0-12 months),Month-to-month contract,1136.4,743.4328800000001,223.029864,15.0,208.029864,Service quality,Price and plan fit,Discounted 12- or 24-month contract with loyalty bonus + Service-quality audit with proactive fix and loyalty credit
243,6986-IXNDM,0.6656,High Risk,New High-Spend,14,92.9,Month-to-month,Electronic check,Fiber optic,No,Established (13+ months),Month-to-month contract,1114.8000000000002,742.01088,222.603264,15.0,207.603264,Billing and payment,Service quality,Discounted 12- or 24-month contract with loyalty bonus + Move to automatic payment with a billing reward
244,1626-ERCMM,0.6539,High Risk,New High-Spend,20,94.55,Month-to-month,Electronic check,Fiber optic,No,Established (13+ months),Month-to-month contract,1134.6,741.91494,222.574482,15.0,207.574482,Billing and payment,Service quality,Discounted 12- or 24-month contract with loyalty bonus + Move to automatic payment with a billing reward
245,6474-FVJLC,0.7188,High Risk,New High-Spend,2,86.0,Month-to-month,Electronic check,Fiber optic,No,Onboarding window (0-12 months),Month-to-month contract,1032.0,741.8016,222.54048,15.0,207.54048,Billing and payment,Service quality,Discounted 12- or 24-month contract with loyalty bonus + Move to automatic payment with a billing reward
246,4548-SDBKE,0.7249,High Risk,New High-Spend,5,85.2,Month-to-month,Electronic check,Fiber optic,No,Onboarding window (0-12 months),Month-to-month contract,1022.4000000000001,741.1377600000001,222.341328,15.0,207.341328,Billing and payment,Service quality,Discounted 12- or 24-month contract with loyalty bonus + Move to automatic payment with a billing reward
247,1173-XZPYF,0.6915,High Risk,New High-Spend,11,89.2,Month-to-month,Electronic check,Fiber optic,No,Onboarding window (0-12 months),Month-to-month contract,1070.4,740.1816000000001,222.05448000000004,15.0,207.05448000000004,Billing and payment,Service quality,Discounted 12- or 24-month contract with loyalty bonus + Move to automatic payment with a billing reward
248,4094-NSEDU,0.6537,High Risk,New High-Spend,21,94.25,Month-to-month,Electronic check,Fiber optic,No,Established (13+ months),Month-to-month contract,1131.0,739.3346999999999,221.80040999999997,15.0,206.80040999999997,Billing and payment,Service quality,Discounted 12- or 24-month contract with loyalty bonus + Move to automatic payment with a billing reward
249,4952-YSOGZ,0.7167,High Risk,New High-Spend,4,85.95,Month-to-month,Electronic check,Fiber optic,No,Onboarding window (0-12 months),Month-to-month contract,1031.4,739.20438,221.761314,15.0,206.761314,Service quality,Billing and payment,Discounted 12- or 24-month contract with loyalty bonus + Service-quality audit with proactive fix and loyalty credit
250,7668-XCFYV,0.6653,High Risk,New High-Spend,17,92.55,Month-to-month,Electronic check,Fiber optic,No,Established (13+ months),Month-to-month contract,1110.6,738.88218,221.66465399999998,15.0,206.66465399999998,Billing and payment,Service quality,Discounted 12- or 24-month contract with loyalty bonus + Move to automatic payment with a billing reward
251,7120-RFMVS,0.7284,High Risk,New High-Spend,1,84.5,Month-to-month,Electronic check,Fiber optic,No,Onboarding window (0-12 months),Month-to-month contract,1014.0,738.5976,221.57928,15.0,206.57928,Price and plan fit,Service quality,Discounted 12- or 24-month contract with loyalty bonus + Plan right-sizing review and personalised tariff
252,9402-ORRAH,0.6721,High Risk,New High-Spend,15,91.5,Month-to-month,Electronic check,Fiber optic,No,Established (13+ months),Month-to-month contract,1098.0,737.9658000000001,221.38974000000002,15.0,206.38974000000002,Service quality,Billing and payment,Discounted 12- or 24-month contract with loyalty bonus + Service-quality audit with proactive fix and loyalty credit
253,9611-CTWIH,0.6873,High Risk,New High-Spend,3,89.45,Month-to-month,Electronic check,Fiber optic,No,Onboarding window (0-12 months),Month-to-month contract,1073.4,737.74782,221.32434600000002,15.0,206.32434600000002,Billing and payment,Service quality,Discounted 12- or 24-month contract with loyalty bonus + Move to automatic payment with a billing reward
254,0187-QSXOE,0.6903,High Risk,New High-Spend,7,89.0,Month-to-month,Electronic check,Fiber optic,No,Onboarding window (0-12 months),Month-to-month contract,1068.0,737.2404,221.17212,15.0,206.17212,Service quality,Billing and payment,Discounted 12- or 24-month contract with loyalty bonus + Service-quality audit with proactive fix and loyalty credit
255,6877-TJMBR,0.723,High Risk,New High-Spend,1,84.8,Month-to-month,Electronic check,Fiber optic,Yes,Onboarding window (0-12 months),Month-to-month contract,1017.5999999999999,735.7248,220.71743999999998,15.0,205.71743999999998,Billing and payment,Service quality,Discounted 12- or 24-month contract with loyalty bonus + Move to automatic payment with a billing reward
256,6979-ZNSFF,0.7036,High Risk,New High-Spend,8,87.05,Month-to-month,Electronic check,Fiber optic,No,Onboarding window (0-12 months),Month-to-month contract,1044.6,734.98056,220.49416799999997,15.0,205.49416799999997,Service quality,Billing and payment,Discounted 12- or 24-month contract with loyalty bonus + Service-quality audit with proactive fix and loyalty credit
257,2472-OVKUP,0.6718,High Risk,New High-Spend,6,91.0,Month-to-month,Electronic check,Fiber optic,No,Onboarding window (0-12 months),Month-to-month contract,1092.0,733.6056,220.08167999999998,15.0,205.08167999999998,Service quality,Billing and payment,Discounted 12- or 24-month contract with loyalty bonus + Service-quality audit with proactive fix and loyalty credit
258,0220-EBGCE,0.711,High Risk,New High-Spend,2,85.85,Month-to-month,Electronic check,Fiber optic,No,Onboarding window (0-12 months),Month-to-month contract,1030.1999999999998,732.4721999999998,219.74165999999994,15.0,204.74165999999994,Billing and payment,Service quality,Discounted 12- or 24-month contract with loyalty bonus + Move to automatic payment with a billing reward
259,2004-OCQXK,0.7444,High Risk,New High-Spend,1,81.95,Month-to-month,Electronic check,Fiber optic,No,Onboarding window (0-12 months),Month-to-month contract,983.4000000000001,732.04296,219.612888,15.0,204.612888,Billing and payment,Service quality,Discounted 12- or 24-month contract with loyalty bonus + Move to automatic payment with a billing reward
260,4750-ZRXIU,0.7207,High Risk,New High-Spend,4,84.6,Month-to-month,Electronic check,Fiber optic,No,Onboarding window (0-12 months),Month-to-month contract,1015.1999999999999,731.65464,219.496392,15.0,204.496392,Service quality,Billing and payment,Discounted 12- or 24-month contract with loyalty bonus + Service-quality audit with proactive fix and loyalty credit
261,0742-NXBGR,0.7389,High Risk,New High-Spend,1,82.3,Month-to-month,Electronic check,Fiber optic,No,Onboarding window (0-12 months),Month-to-month contract,987.5999999999999,729.7376399999999,218.92129199999997,15.0,203.92129199999997,Billing and payment,Service quality,Discounted 12- or 24-month contract with loyalty bonus + Move to automatic payment with a billing reward
262,8593-WHYHV,0.7128,High Risk,New High-Spend,3,85.3,Month-to-month,Electronic check,Fiber optic,No,Onboarding window (0-12 months),Month-to-month contract,1023.5999999999999,729.6220799999999,218.88662399999996,15.0,203.88662399999996,Billing and payment,Service quality,Discounted 12- or 24-month contract with loyalty bonus + Move to automatic payment with a billing reward
263,4115-NZRKS,0.6815,High Risk,New High-Spend,7,89.15,Month-to-month,Electronic check,Fiber optic,No,Onboarding window (0-12 months),Month-to-month contract,1069.8000000000002,729.0687000000001,218.72061000000005,15.0,203.72061000000005,Service quality,Billing and payment,Discounted 12- or 24-month contract with loyalty bonus + Service-quality audit with proactive fix and loyalty credit
264,0697-ZMSWS,0.7086,High Risk,New High-Spend,4,85.65,Month-to-month,Electronic check,Fiber optic,No,Onboarding window (0-12 months),Month-to-month contract,1027.8000000000002,728.2990800000001,218.48972400000002,15.0,203.48972400000002,Billing and payment,Service quality,Discounted 12- or 24-month contract with loyalty bonus + Move to automatic payment with a billing reward
265,5644-PDMZC,0.6779,High Risk,New High-Spend,2,89.5,Month-to-month,Electronic check,Fiber optic,No,Onboarding window (0-12 months),Month-to-month contract,1074.0,728.0645999999999,218.41937999999996,15.0,203.41937999999996,Service quality,Protection and support,Discounted 12- or 24-month contract with loyalty bonus + Service-quality audit with proactive fix and loyalty credit
266,5318-IXUZF,0.696,High Risk,New High-Spend,2,87.15,Month-to-month,Bank transfer (automatic),Fiber optic,No,Onboarding window (0-12 months),Month-to-month contract,1045.8000000000002,727.8768000000001,218.36304000000004,15.0,203.36304000000004,Service quality,Price and plan fit,Discounted 12- or 24-month contract with loyalty bonus + Service-quality audit with proactive fix and loyalty credit
267,3049-NDXFL,0.7059,High Risk,New High-Spend,1,85.8,Month-to-month,Mailed check,Fiber optic,No,Onboarding window (0-12 months),Month-to-month contract,1029.6,726.79464,218.038392,15.0,203.038392,Price and plan fit,Service quality,Discounted 12- or 24-month contract with loyalty bonus + Plan right-sizing review and personalised tariff
268,1195-OIYEJ,0.6634,High Risk,New High-Spend,13,91.1,Month-to-month,Electronic check,Fiber optic,No,Established (13+ months),Month-to-month contract,1093.1999999999998,725.2288799999999,217.56866399999996,15.0,202.56866399999996,Billing and payment,Service quality,Discounted 12- or 24-month contract with loyalty bonus + Move to automatic payment with a billing reward
269,4614-NUVZD,0.7439,High Risk,New High-Spend,1,81.1,Month-to-month,Electronic check,Fiber optic,No,Onboarding window (0-12 months),Month-to-month contract,973.1999999999999,723.96348,217.189044,15.0,202.189044,Billing and payment,Service quality,Discounted 12- or 24-month contract with loyalty bonus + Move to automatic payment with a billing reward
270,5348-CAGXB,0.6735,High Risk,New High-Spend,12,89.55,Month-to-month,Electronic check,Fiber optic,No,Onboarding window (0-12 months),Month-to-month contract,1074.6,723.7430999999999,217.12292999999997,15.0,202.12292999999997,Billing and payment,Service quality,Discounted 12- or 24-month contract with loyalty bonus + Move to automatic payment with a billing reward
271,7779-LGOVN,0.6948,High Risk,New High-Spend,10,86.65,Month-to-month,Electronic check,Fiber optic,No,Onboarding window (0-12 months),Month-to-month contract,1039.8000000000002,722.4530400000001,216.735912,15.0,201.735912,Service quality,Billing and payment,Discounted 12- or 24-month contract with loyalty bonus + Service-quality audit with proactive fix and loyalty credit
272,4140-MUHUG,0.6932,High Risk,New High-Spend,3,86.85,Month-to-month,Electronic check,Fiber optic,No,Onboarding window (0-12 months),Month-to-month contract,1042.1999999999998,722.4530399999999,216.73591199999996,15.0,201.73591199999996,Billing and payment,Service quality,Discounted 12- or 24-month contract with loyalty bonus + Move to automatic payment with a billing reward
273,4112-LUEIZ,0.6726,High Risk,New High-Spend,10,89.5,Month-to-month,Electronic check,Fiber optic,No,Onboarding window (0-12 months),Month-to-month contract,1074.0,722.3724,216.71171999999999,15.0,201.71171999999999,Service quality,Billing and payment,Discounted 12- or 24-month contract with loyalty bonus + Service-quality audit with proactive fix and loyalty credit
274,5095-AESKG,0.6576,High Risk,New High-Spend,3,91.5,Month-to-month,Credit card (automatic),Fiber optic,No,Onboarding window (0-12 months),Month-to-month contract,1098.0,722.0448,216.61344,15.0,201.61344,Service quality,Protection and support,Discounted 12- or 24-month contract with loyalty bonus + Service-quality audit with proactive fix and loyalty credit
275,2018-QKYGT,0.742,High Risk,New High-Spend,1,81.05,Month-to-month,Electronic check,Fiber optic,No,Onboarding window (0-12 months),Month-to-month contract,972.5999999999999,721.6691999999999,216.50075999999999,15.0,201.50075999999999,Billing and payment,Service quality,Discounted 12- or 24-month contract with loyalty bonus + Move to automatic payment with a billing reward
276,1379-FRVEB,0.6608,High Risk,New High-Spend,15,91.0,Month-to-month,Electronic check,Fiber optic,No,Established (13+ months),Month-to-month contract,1092.0,721.5936,216.47808,15.0,201.47808,Billing and payment,Service quality,Discounted 12- or 24-month contract with loyalty bonus + Move to automatic payment with a billing reward
277,0318-QUUOB,0.746,High Risk,New High-Spend,1,80.55,Month-to-month,Electronic check,Fiber optic,No,Onboarding window (0-12 months),Month-to-month contract,966.5999999999999,721.0835999999999,216.32507999999999,15.0,201.32507999999999,Billing and payment,Service quality,Discounted 12- or 24-month contract with loyalty bonus + Move to automatic payment with a billing reward
278,7439-DKZTW,0.746,High Risk,New High-Spend,1,80.55,Month-to-month,Electronic check,Fiber optic,No,Onboarding window (0-12 months),Month-to-month contract,966.5999999999999,721.0835999999999,216.32507999999999,15.0,201.32507999999999,Billing and payment,Service quality,Discounted 12- or 24-month contract with loyalty bonus + Move to automatic payment with a billing reward
279,2013-SGDXK,0.7128,High Risk,New High-Spend,1,84.3,Month-to-month,Electronic check,Fiber optic,No,Onboarding window (0-12 months),Month-to-month contract,1011.5999999999999,721.0684799999999,216.32054399999996,15.0,201.32054399999996,Price and plan fit,Service quality,Discounted 12- or 24-month contract with loyalty bonus + Plan right-sizing review and personalised tariff
280,3097-NQYSN,0.6917,High Risk,New High-Spend,2,86.85,Month-to-month,Mailed check,Fiber optic,No,Onboarding window (0-12 months),Month-to-month contract,1042.1999999999998,720.8897399999998,216.26692199999994,15.0,201.26692199999994,Service quality,Protection and support,Discounted 12- or 24-month contract with loyalty bonus + Service-quality audit with proactive fix and loyalty credit
281,6457-USBER,0.7434,High Risk,New High-Spend,1,80.8,Month-to-month,Electronic check,Fiber optic,No,Onboarding window (0-12 months),Month-to-month contract,969.5999999999999,720.8006399999999,216.24019199999998,15.0,201.24019199999998,Billing and payment,Service quality,Discounted 12- or 24-month contract with loyalty bonus + Move to automatic payment with a billing reward
282,2657-VPXTA,0.6751,High Risk,New High-Spend,10,88.85,Month-to-month,Electronic check,Fiber optic,No,Onboarding window (0-12 months),Month-to-month contract,1066.1999999999998,719.79162,215.93748599999998,15.0,200.93748599999998,Service quality,Billing and payment,Discounted 12- or 24-month contract with loyalty bonus + Service-quality audit with proactive fix and loyalty credit
283,9451-LPGOO,0.6899,High Risk,New High-Spend,7,86.8,Month-to-month,Electronic check,Fiber optic,No,Onboarding window (0-12 months),Month-to-month contract,1041.6,718.5998399999999,215.57995199999996,15.0,200.57995199999996,Service quality,Billing and payment,Discounted 12- or 24-month contract with loyalty bonus + Service-quality audit with proactive fix and loyalty credit
284,7488-MXJIV,0.6991,High Risk,New High-Spend,4,85.65,Month-to-month,Electronic check,Fiber optic,No,Onboarding window (0-12 months),Month-to-month contract,1027.8000000000002,718.5349800000001,215.56049400000003,15.0,200.56049400000003,Billing and payment,Service quality,Discounted 12- or 24-month contract with loyalty bonus + Move to automatic payment with a billing reward
285,5494-HECPR,0.7461,High Risk,New High-Spend,1,80.25,Month-to-month,Electronic check,Fiber optic,No,Onboarding window (0-12 months),Month-to-month contract,963.0,718.4943,215.54828999999998,15.0,200.54828999999998,Billing and payment,Service quality,Discounted 12- or 24-month contract with loyalty bonus + Move to automatic payment with a billing reward
286,8739-XNIKG,0.7114,High Risk,New High-Spend,5,84.0,Month-to-month,Electronic check,Fiber optic,No,Onboarding window (0-12 months),Month-to-month contract,1008.0,717.0912000000001,215.12736,15.0,200.12736,Billing and payment,Service quality,Discounted 12- or 24-month contract with loyalty bonus + Move to automatic payment with a billing reward
287,5429-LWCMV,0.6691,High Risk,New High-Spend,12,89.15,Month-to-month,Electronic check,Fiber optic,No,Onboarding window (0-12 months),Month-to-month contract,1069.8000000000002,715.8031800000001,214.74095400000002,15.0,199.74095400000002,Service quality,Billing and payment,Discounted 12- or 24-month contract with loyalty bonus + Service-quality audit with proactive fix and loyalty credit
288,9300-RENDD,0.7459,High Risk,New High-Spend,1,79.95,Month-to-month,Electronic check,Fiber optic,No,Onboarding window (0-12 months),Month-to-month contract,959.4000000000001,715.6164600000001,214.68493800000002,15.0,199.68493800000002,Billing and payment,Service quality,Discounted 12- or 24-month contract with loyalty bonus + Move to automatic payment with a billing reward
289,2952-QAYZF,0.6988,High Risk,New High-Spend,5,85.3,Month-to-month,Electronic check,Fiber optic,No,Onboarding window (0-12 months),Month-to-month contract,1023.5999999999999,715.2916799999999,214.58750399999997,15.0,199.58750399999997,Billing and payment,Service quality,Discounted 12- or 24-month contract with loyalty bonus + Move to automatic payment with a billing reward
290,1925-TIBLE,0.6886,High Risk,New High-Spend,7,86.5,Month-to-month,Electronic check,Fiber optic,No,Onboarding window (0-12 months),Month-to-month contract,1038.0,714.7668,214.43004,15.0,199.43004,Billing and payment,Service quality,Discounted 12- or 24-month contract with loyalty bonus + Move to automatic payment with a billing reward
291,8972-HJWNV,0.7044,High Risk,New High-Spend,7,84.55,Month-to-month,Electronic check,Fiber optic,No,Onboarding window (0-12 months),Month-to-month contract,1014.5999999999999,714.6842399999999,214.40527199999997,15.0,199.40527199999997,Service quality,Billing and payment,Discounted 12- or 24-month contract with loyalty bonus + Service-quality audit with proactive fix and loyalty credit
292,8266-VBFQL,0.6586,High Risk,New High-Spend,4,90.4,Month-to-month,Electronic check,Fiber optic,Yes,Onboarding window (0-12 months),Month-to-month contract,1084.8000000000002,714.44928,214.334784,15.0,199.334784,Service quality,Billing and payment,Discounted 12- or 24-month contract with loyalty bonus + Service-quality audit with proactive fix and loyalty credit
293,6567-HOOPW,0.7513,High Risk,New High-Spend,1,79.2,Month-to-month,Electronic check,Fiber optic,No,Onboarding window (0-12 months),Month-to-month contract,950.4000000000001,714.03552,214.210656,15.0,199.210656,Billing and payment,Service quality,Discounted 12- or 24-month contract with loyalty bonus + Move to automatic payment with a billing reward
294,4813-HQMGZ,0.6591,High Risk,New High-Spend,8,90.25,Month-to-month,Electronic check,Fiber optic,Yes,Onboarding window (0-12 months),Month-to-month contract,1083.0,713.8053,214.14158999999998,15.0,199.14158999999998,Service quality,Billing and payment,Discounted 12- or 24-month contract with loyalty bonus + Service-quality audit with proactive fix and loyalty credit
295,8580-AECUZ,0.7516,High Risk,New High-Spend,1,79.1,Month-to-month,Electronic check,Fiber optic,No,Onboarding window (0-12 months),Month-to-month contract,949.1999999999999,713.41872,214.02561599999999,15.0,199.02561599999999,Billing and payment,Service quality,Discounted 12- or 24-month contract with loyalty bonus + Move to automatic payment with a billing reward
296,7314-OXENN,0.7248,High Risk,New High-Spend,2,82.0,Month-to-month,Electronic check,Fiber optic,No,Onboarding window (0-12 months),Month-to-month contract,984.0,713.2032,213.96096,15.0,198.96096,Billing and payment,Service quality,Discounted 12- or 24-month contract with loyalty bonus + Move to automatic payment with a billing reward
297,8058-INTPH,0.7458,High Risk,New High-Spend,1,79.65,Month-to-month,Electronic check,Fiber optic,No,Onboarding window (0-12 months),Month-to-month contract,955.8000000000001,712.83564,213.850692,15.0,198.850692,Billing and payment,Service quality,Discounted 12- or 24-month contract with loyalty bonus + Move to automatic payment with a billing reward
298,3489-HHPFY,0.7067,High Risk,New High-Spend,2,84.05,Month-to-month,Electronic check,Fiber optic,No,Onboarding window (0-12 months),Month-to-month contract,1008.5999999999999,712.77762,213.833286,15.0,198.833286,Billing and payment,Service quality,Discounted 12- or 24-month contract with loyalty bonus + Move to automatic payment with a billing reward
299,1761-AEZZR,0.7459,High Risk,New High-Spend,1,79.55,Month-to-month,Electronic check,Fiber optic,No,Onboarding window (0-12 months),Month-to-month contract,954.5999999999999,712.0361399999999,213.61084199999996,15.0,198.61084199999996,Billing and payment,Service quality,Discounted 12- or 24-month contract with loyalty bonus + Move to automatic payment with a billing reward
300,8058-JMEQO,0.7026,High Risk,New High-Spend,9,84.45,Month-to-month,Electronic check,Fiber optic,No,Onboarding window (0-12 months),Month-to-month contract,1013.4000000000001,712.01484,213.604452,15.0,198.604452,Service quality,Billing and payment,Discounted 12- or 24-month contract with loyalty bonus + Service-quality audit with proactive fix and loyalty credit
301,8382-SHQEH,0.6986,High Risk,New High-Spend,8,84.9,Month-to-month,Electronic check,Fiber optic,No,Onboarding window (0-12 months),Month-to-month contract,1018.8000000000001,711.73368,213.520104,15.0,198.520104,Service quality,Billing and payment,Discounted 12- or 24-month contract with loyalty bonus + Service-quality audit with proactive fix and loyalty credit
302,2514-GINMM,0.7459,High Risk,New High-Spend,1,79.5,Month-to-month,Electronic check,Fiber optic,No,Onboarding window (0-12 months),Month-to-month contract,954.0,711.5886,213.47658,15.0,198.47658,Billing and payment,Service quality,Discounted 12- or 24-month contract with loyalty bonus + Move to automatic payment with a billing reward
303,6275-YDUVO,0.6874,High Risk,New High-Spend,2,86.2,Month-to-month,Mailed check,Fiber optic,No,Onboarding window (0-12 months),Month-to-month contract,1034.4,711.0465600000001,213.31396800000002,15.0,198.31396800000002,Service quality,Price and plan fit,Discounted 12- or 24-month contract with loyalty bonus + Service-quality audit with proactive fix and loyalty credit
304,0495-RVCBF,0.7432,High Risk,New High-Spend,1,79.7,Month-to-month,Electronic check,Fiber optic,No,Onboarding window (0-12 months),Month-to-month contract,956.4000000000001,710.7964800000001,213.23894400000003,15.0,198.23894400000003,Billing and payment,Service quality,Discounted 12- or 24-month contract with loyalty bonus + Move to automatic payment with a billing reward
305,0196-VULGZ,0.7002,High Risk,New High-Spend,6,84.35,Month-to-month,Electronic check,Fiber optic,No,Onboarding window (0-12 months),Month-to-month contract,1012.1999999999999,708.74244,212.62273199999998,15.0,197.62273199999998,Service quality,Billing and payment,Discounted 12- or 24-month contract with loyalty bonus + Service-quality audit with proactive fix and loyalty credit
306,5919-TMRGD,0.7443,High Risk,New High-Spend,1,79.35,Month-to-month,Electronic check,Fiber optic,No,Onboarding window (0-12 months),Month-to-month contract,952.1999999999999,708.72246,212.61673799999997,15.0,197.61673799999997,Billing and payment,Service quality,Discounted 12- or 24-month contract with loyalty bonus + Move to automatic payment with a billing reward
307,7594-RQHXR,0.7419,High Risk,New High-Spend,1,79.6,Month-to-month,Electronic check,Fiber optic,No,Onboarding window (0-12 months),Month-to-month contract,955.1999999999999,708.66288,212.598864,15.0,197.598864,Billing and payment,Service quality,Discounted 12- or 24-month contract with loyalty bonus + Move to automatic payment with a billing reward
308,7479-NITWS,0.6609,High Risk,New High-Spend,7,89.35,Month-to-month,Credit card (automatic),Fiber optic,No,Onboarding window (0-12 months),Month-to-month contract,1072.1999999999998,708.6169799999999,212.58509399999997,15.0,197.58509399999997,Service quality,Price and plan fit,Discounted 12- or 24-month contract with loyalty bonus + Service-quality audit with proactive fix and loyalty credit
309,9846-GKXAS,0.6502,High Risk,New High-Spend,9,90.8,Month-to-month,Bank transfer (automatic),Fiber optic,No,Onboarding window (0-12 months),Month-to-month contract,1089.6,708.45792,212.53737599999997,15.0,197.53737599999997,Service quality,Price and plan fit,Discounted 12- or 24-month contract with loyalty bonus + Service-quality audit with proactive fix and loyalty credit
310,2642-DTVCO,0.694,High Risk,New High-Spend,9,85.05,Month-to-month,Electronic check,Fiber optic,No,Onboarding window (0-12 months),Month-to-month contract,1020.5999999999999,708.2963999999998,212.48891999999995,15.0,197.48891999999995,Service quality,Billing and payment,Discounted 12- or 24-month contract with loyalty bonus + Service-quality audit with proactive fix and loyalty credit
311,5960-WPXQM,0.7459,High Risk,New High-Spend,1,79.05,Month-to-month,Electronic check,Fiber optic,No,Onboarding window (0-12 months),Month-to-month contract,948.5999999999999,707.5607399999999,212.26822199999995,15.0,197.26822199999995,Billing and payment,Service quality,Discounted 12- or 24-month contract with loyalty bonus + Move to automatic payment with a billing reward
312,4884-ZTHVF,0.6768,High Risk,New High-Spend,8,87.1,Month-to-month,Electronic check,Fiber optic,No,Onboarding window (0-12 months),Month-to-month contract,1045.1999999999998,707.3913599999998,212.21740799999995,15.0,197.21740799999995,Service quality,Billing and payment,Discounted 12- or 24-month contract with loyalty bonus + Service-quality audit with proactive fix and loyalty credit
313,2868-MZAGQ,0.7433,High Risk,New High-Spend,1,79.25,Month-to-month,Electronic check,Fiber optic,No,Onboarding window (0-12 months),Month-to-month contract,951.0,706.8783,212.06348999999997,15.0,197.06348999999997,Billing and payment,Service quality,Discounted 12- or 24-month contract with loyalty bonus + Move to automatic payment with a billing reward
314,8740-CRYFY,0.7459,High Risk,New High-Spend,1,78.95,Month-to-month,Electronic check,Fiber optic,No,Onboarding window (0-12 months),Month-to-month contract,947.4000000000001,706.6656600000001,211.99969800000002,15.0,196.99969800000002,Billing and payment,Service quality,Discounted 12- or 24-month contract with loyalty bonus + Move to automatic payment with a billing reward
315,2215-ZAFGX,0.6883,High Risk,New High-Spend,9,85.5,Month-to-month,Electronic check,Fiber optic,No,Onboarding window (0-12 months),Month-to-month contract,1026.0,706.1958000000001,211.85874,15.0,196.85874,Service quality,Billing and payment,Discounted 12- or 24-month contract with loyalty bonus + Service-quality audit with proactive fix and loyalty credit
316,7493-TPUWZ,0.7429,High Risk,New High-Spend,1,79.15,Month-to-month,Electronic check,Fiber optic,No,Onboarding window (0-12 months),Month-to-month contract,949.8000000000001,705.6064200000001,211.681926,15.0,196.681926,Billing and payment,Service quality,Discounted 12- or 24-month contract with loyalty bonus + Move to automatic payment with a billing reward
317,6630-UJZMY,0.7043,High Risk,New High-Spend,4,83.25,Month-to-month,Electronic check,Fiber optic,No,Onboarding window (0-12 months),Month-to-month contract,999.0,703.5957000000001,211.07871000000003,15.0,196.07871000000003,Billing and payment,Service quality,Discounted 12- or 24-month contract with loyalty bonus + Move to automatic payment with a billing reward
318,2205-YMZZJ,0.6914,High Risk,New High-Spend,7,84.8,Month-to-month,Electronic check,Fiber optic,No,Onboarding window (0-12 months),Month-to-month contract,1017.5999999999999,703.56864,211.07059199999998,15.0,196.07059199999998,Service quality,Billing and payment,Discounted 12- or 24-month contract with loyalty bonus + Service-quality audit with proactive fix and loyalty credit
319,0195-IESCP,0.6877,High Risk,New High-Spend,10,85.25,Month-to-month,Electronic check,Fiber optic,No,Onboarding window (0-12 months),Month-to-month contract,1023.0,703.5171,211.05513,15.0,196.05513,Service quality,Billing and payment,Discounted 12- or 24-month contract with loyalty bonus + Service-quality audit with proactive fix and loyalty credit
320,2691-NZETQ,0.6867,High Risk,New High-Spend,9,85.35,Month-to-month,Electronic check,Fiber optic,No,Onboarding window (0-12 months),Month-to-month contract,1024.1999999999998,703.3181399999999,210.99544199999994,15.0,195.99544199999994,Billing and payment,Service quality,Discounted 12- or 24-month contract with loyalty bonus + Move to automatic payment with a billing reward
321,6772-KSATR,0.7167,High Risk,New High-Spend,1,81.7,Month-to-month,Electronic check,Fiber optic,No,Onboarding window (0-12 months),Month-to-month contract,980.4000000000001,702.65268,210.795804,15.0,195.795804,Billing and payment,Service quality,Discounted 12- or 24-month contract with loyalty bonus + Move to automatic payment with a billing reward
322,2876-GZYZC,0.6811,High Risk,New High-Spend,13,85.95,Month-to-month,Electronic check,Fiber optic,No,Established (13+ months),Month-to-month contract,1031.4,702.4865400000001,210.74596200000002,15.0,195.74596200000002,Service quality,Billing and payment,Discounted 12- or 24-month contract with loyalty bonus + Service-quality audit with proactive fix and loyalty credit
323,7858-GTZSP,0.676,High Risk,New High-Spend,12,86.55,Month-to-month,Electronic check,Fiber optic,No,Onboarding window (0-12 months),Month-to-month contract,1038.6,702.0936,210.62808,15.0,195.62808,Service quality,Billing and payment,Discounted 12- or 24-month contract with loyalty bonus + Service-quality audit with proactive fix and loyalty credit
324,0345-HKJVM,0.6545,High Risk,New High-Spend,6,89.3,Month-to-month,Electronic check,Fiber optic,No,Onboarding window (0-12 months),Month-to-month contract,1071.6,701.3621999999999,210.40865999999997,15.0,195.40865999999997,Service quality,Price and plan fit,Discounted 12- or 24-month contract with loyalty bonus + Service-quality audit with proactive fix and loyalty credit
325,4395-PZMSN,0.6829,High Risk,New High-Spend,5,85.55,Month-to-month,Electronic check,Fiber optic,No,Onboarding window (0-12 months),Month-to-month contract,1026.6,701.0651399999999,210.31954199999998,15.0,195.31954199999998,Service quality,Billing and payment,Discounted 12- or 24-month contract with loyalty bonus + Service-quality audit with proactive fix and loyalty credit
326,5229-PRWKT,0.6749,High Risk,New High-Spend,8,86.55,Month-to-month,Electronic check,Fiber optic,No,Onboarding window (0-12 months),Month-to-month contract,1038.6,700.95114,210.28534199999999,15.0,195.28534199999999,Service quality,Billing and payment,Discounted 12- or 24-month contract with loyalty bonus + Service-quality audit with proactive fix and loyalty credit
327,7903-CMPEY,0.7268,High Risk,New High-Spend,1,80.3,Month-to-month,Electronic check,Fiber optic,No,Onboarding window (0-12 months),Month-to-month contract,963.5999999999999,700.34448,210.103344,15.0,195.103344,Billing and payment,Service quality,Discounted 12- or 24-month contract with loyalty bonus + Move to automatic payment with a billing reward
328,5275-SQEIZ,0.7189,High Risk,New High-Spend,1,80.85,Month-to-month,Mailed check,Fiber optic,No,Onboarding window (0-12 months),Month-to-month contract,970.1999999999999,697.47678,209.243034,15.0,194.243034,Service quality,Price and plan fit,Discounted 12- or 24-month contract with loyalty bonus + Service-quality audit with proactive fix and loyalty credit
329,3198-VELRD,0.6853,High Risk,New High-Spend,3,84.75,Month-to-month,Bank transfer (automatic),Fiber optic,No,Onboarding window (0-12 months),Month-to-month contract,1017.0,696.9501,209.08503,15.0,194.08503,Service quality,Price and plan fit,Discounted 12- or 24-month contract with loyalty bonus + Service-quality audit with proactive fix and loyalty credit
330,4285-GYRQC,0.6727,High Risk,New High-Spend,7,86.25,Month-to-month,Electronic check,Fiber optic,No,Onboarding window (0-12 months),Month-to-month contract,1035.0,696.2445,208.87335,15.0,193.87335,Service quality,Billing and payment,Discounted 12- or 24-month contract with loyalty bonus + Service-quality audit with proactive fix and loyalty credit
331,7508-MYBOG,0.6723,High Risk,New High-Spend,14,86.1,Month-to-month,Electronic check,Fiber optic,No,Established (13+ months),Month-to-month contract,1033.1999999999998,694.6203599999999,208.38610799999995,15.0,193.38610799999995,Billing and payment,Service quality,Discounted 12- or 24-month contract with loyalty bonus + Move to automatic payment with a billing reward
332,9965-YOKZB,0.6899,High Risk,New High-Spend,9,83.85,Month-to-month,Electronic check,Fiber optic,No,Onboarding window (0-12 months),Month-to-month contract,1006.1999999999999,694.1773799999999,208.25321399999996,15.0,193.25321399999996,Service quality,Billing and payment,Discounted 12- or 24-month contract with loyalty bonus + Service-quality audit with proactive fix and loyalty credit
333,5383-MMTWC,0.6879,High Risk,New High-Spend,8,84.0,Month-to-month,Electronic check,Fiber optic,No,Onboarding window (0-12 months),Month-to-month contract,1008.0,693.4032,208.02095999999997,15.0,193.02095999999997,Service quality,Billing and payment,Discounted 12- or 24-month contract with loyalty bonus + Service-quality audit with proactive fix and loyalty credit
334,6015-VVHHE,0.6949,High Risk,New High-Spend,5,83.15,Month-to-month,Credit card (automatic),Fiber optic,No,Onboarding window (0-12 months),Month-to-month contract,997.8000000000001,693.37122,208.01136599999998,15.0,193.01136599999998,Service quality,Price and plan fit,Discounted 12- or 24-month contract with loyalty bonus + Service-quality audit with proactive fix and loyalty credit
335,6407-UTSLV,0.6894,High Risk,New High-Spend,2,83.8,Month-to-month,Bank transfer (automatic),Fiber optic,No,Onboarding window (0-12 months),Month-to-month contract,1005.5999999999999,693.26064,207.97819199999998,15.0,192.97819199999998,Service quality,Protection and support,Discounted 12- or 24-month contract with loyalty bonus + Service-quality audit with proactive fix and loyalty credit
336,7249-WBIYX,0.6746,High Risk,New High-Spend,10,85.6,Month-to-month,Electronic check,Fiber optic,No,Onboarding window (0-12 months),Month-to-month contract,1027.1999999999998,692.9491199999999,207.88473599999995,15.0,192.88473599999995,Billing and payment,Service quality,Discounted 12- or 24-month contract with loyalty bonus + Move to automatic payment with a billing reward
337,9248-OJYKK,0.7539,High Risk,New High-Spend,1,76.45,Month-to-month,Electronic check,Fiber optic,No,Onboarding window (0-12 months),Month-to-month contract,917.4000000000001,691.62786,207.488358,15.0,192.488358,Billing and payment,Service quality,Discounted 12- or 24-month contract with loyalty bonus + Move to automatic payment with a billing reward
338,2609-IAICY,0.747,High Risk,New High-Spend,1,77.15,Month-to-month,Electronic check,Fiber optic,No,Onboarding window (0-12 months),Month-to-month contract,925.8000000000001,691.5726000000001,207.47178000000002,15.0,192.47178000000002,Billing and payment,Service quality,Discounted 12- or 24-month contract with loyalty bonus + Move to automatic payment with a billing reward
339,4713-LZDRV,0.7233,High Risk,New High-Spend,2,79.6,Month-to-month,Electronic check,Fiber optic,No,Onboarding window (0-12 months),Month-to-month contract,955.1999999999999,690.89616,207.268848,15.0,192.268848,Service quality,Billing and payment,Discounted 12- or 24-month contract with loyalty bonus + Service-quality audit with proactive fix and loyalty credit
340,8242-SOQUO,0.6796,High Risk,New High-Spend,5,84.7,Month-to-month,Electronic check,Fiber optic,No,Onboarding window (0-12 months),Month-to-month contract,1016.4000000000001,690.74544,207.223632,15.0,192.223632,Billing and payment,Service quality,Discounted 12- or 24-month contract with loyalty bonus + Move to automatic payment with a billing reward
341,0219-YTZUE,0.6786,High Risk,New High-Spend,4,84.8,Month-to-month,Bank transfer (automatic),Fiber optic,No,Onboarding window (0-12 months),Month-to-month contract,1017.5999999999999,690.5433599999999,207.16300799999996,15.0,192.16300799999996,Service quality,Price and plan fit,Discounted 12- or 24-month contract with loyalty bonus + Service-quality audit with proactive fix and loyalty credit
342,0137-OCGAB,0.7175,High Risk,New High-Spend,1,80.2,Month-to-month,Mailed check,Fiber optic,No,Onboarding window (0-12 months),Month-to-month contract,962.4000000000001,690.522,207.1566,15.0,192.1566,Service quality,Price and plan fit,Discounted 12- or 24-month contract with loyalty bonus + Service-quality audit with proactive fix and loyalty credit
343,7613-LLQFO,0.681,High Risk,New High-Spend,12,84.45,Month-to-month,Electronic check,Fiber optic,No,Onboarding window (0-12 months),Month-to-month contract,1013.4000000000001,690.1254000000001,207.03762000000003,15.0,192.03762000000003,Billing and payment,Service quality,Discounted 12- or 24-month contract with loyalty bonus + Move to automatic payment with a billing reward
344,8821-XNHVZ,0.7182,High Risk,New High-Spend,1,80.05,Month-to-month,Mailed check,Fiber optic,No,Onboarding window (0-12 months),Month-to-month contract,960.5999999999999,689.9029199999999,206.97087599999995,15.0,191.97087599999995,Service quality,Price and plan fit,Discounted 12- or 24-month contract with loyalty bonus + Service-quality audit with proactive fix and loyalty credit
345,6618-RYATB,0.7226,High Risk,New High-Spend,1,79.55,Month-to-month,Mailed check,Fiber optic,No,Onboarding window (0-12 months),Month-to-month contract,954.5999999999999,689.79396,206.938188,15.0,191.938188,Service quality,Price and plan fit,Discounted 12- or 24-month contract with loyalty bonus + Service-quality audit with proactive fix and loyalty credit
346,8937-RDTHP,0.6793,High Risk,New High-Spend,1,84.6,Month-to-month,Mailed check,Fiber optic,No,Onboarding window (0-12 months),Month-to-month contract,1015.1999999999999,689.62536,206.887608,15.0,191.887608,Price and plan fit,Service quality,Discounted 12- or 24-month contract with loyalty bonus + Plan right-sizing review and personalised tariff
347,2845-HSJCY,0.6574,High Risk,New High-Spend,14,87.25,Month-to-month,Electronic check,Fiber optic,No,Established (13+ months),Month-to-month contract,1047.0,688.2977999999999,206.48933999999997,15.0,191.48933999999997,Billing and payment,Service quality,Discounted 12- or 24-month contract with loyalty bonus + Move to automatic payment with a billing reward
348,2867-UIMSS,0.7123,High Risk,New High-Spend,1,80.5,Month-to-month,Electronic check,Fiber optic,No,Onboarding window (0-12 months),Month-to-month contract,966.0,688.0818,206.42454,15.0,191.42454,Service quality,Price and plan fit,Discounted 12- or 24-month contract with loyalty bonus + Service-quality audit with proactive fix and loyalty credit
349,2379-ENZGV,0.6749,High Risk,New High-Spend,6,84.85,Month-to-month,Electronic check,Fiber optic,No,Onboarding window (0-12 months),Month-to-month contract,1018.1999999999999,687.18318,206.154954,15.0,191.154954,Service quality,Billing and payment,Discounted 12- or 24-month contract with loyalty bonus + Service-quality audit with proactive fix and loyalty credit
350,3727-RJMEO,0.6901,High Risk,New High-Spend,6,82.85,Month-to-month,Electronic check,Fiber optic,No,Onboarding window (0-12 months),Month-to-month contract,994.1999999999999,686.0974199999999,205.82922599999998,15.0,190.82922599999998,Billing and payment,Service quality,Discounted 12- or 24-month contract with loyalty bonus + Move to automatic payment with a billing reward
351,5889-LFOLL,0.6756,High Risk,New High-Spend,13,84.6,Month-to-month,Electronic check,Fiber optic,No,Established (13+ months),Month-to-month contract,1015.1999999999999,685.86912,205.76073599999998,15.0,190.76073599999998,Service quality,Billing and payment,Discounted 12- or 24-month contract with loyalty bonus + Service-quality audit with proactive fix and loyalty credit
352,2123-AGEEN,0.6773,High Risk,New High-Spend,7,84.35,Month-to-month,Electronic check,Fiber optic,No,Onboarding window (0-12 months),Month-to-month contract,1012.1999999999999,685.56306,205.668918,15.0,190.668918,Service quality,Billing and payment,Discounted 12- or 24-month contract with loyalty bonus + Service-quality audit with proactive fix and loyalty credit
353,9507-EXLTT,0.7198,High Risk,New High-Spend,1,79.35,Month-to-month,Bank transfer (automatic),Fiber optic,No,Onboarding window (0-12 months),Month-to-month contract,952.1999999999999,685.39356,205.618068,15.0,190.618068,Service quality,Price and plan fit,Discounted 12- or 24-month contract with loyalty bonus + Service-quality audit with proactive fix and loyalty credit
354,8086-OVPWV,0.7119,High Risk,New High-Spend,2,80.2,Month-to-month,Electronic check,Fiber optic,No,Onboarding window (0-12 months),Month-to-month contract,962.4000000000001,685.13256,205.539768,15.0,190.539768,Billing and payment,Service quality,Discounted 12- or 24-month contract with loyalty bonus + Move to automatic payment with a billing reward
355,9019-QVLZD,0.7175,High Risk,New High-Spend,1,79.55,Month-to-month,Electronic check,Fiber optic,No,Onboarding window (0-12 months),Month-to-month contract,954.5999999999999,684.9254999999999,205.47764999999998,15.0,190.47764999999998,Service quality,Price and plan fit,Discounted 12- or 24-month contract with loyalty bonus + Service-quality audit with proactive fix and loyalty credit
356,6894-LFHLY,0.7533,High Risk,New High-Spend,1,75.75,Month-to-month,Electronic check,Fiber optic,No,Onboarding window (0-12 months),Month-to-month contract,909.0,684.7497,205.42490999999998,15.0,190.42490999999998,Billing and payment,Service quality,Discounted 12- or 24-month contract with loyalty bonus + Move to automatic payment with a billing reward
357,9885-CSMWE,0.7269,High Risk,New High-Spend,1,78.45,Month-to-month,Electronic check,Fiber optic,No,Onboarding window (0-12 months),Month-to-month contract,941.4000000000001,684.30366,205.291098,15.0,190.291098,Service quality,Price and plan fit,Discounted 12- or 24-month contract with loyalty bonus + Service-quality audit with proactive fix and loyalty credit
358,1448-PWKYE,0.7125,High Risk,New High-Spend,1,80.0,Month-to-month,Electronic check,Fiber optic,No,Onboarding window (0-12 months),Month-to-month contract,960.0,684.0,205.2,15.0,190.2,Service quality,Price and plan fit,Discounted 12- or 24-month contract with loyalty bonus + Service-quality audit with proactive fix and loyalty credit
359,7005-CCBKV,0.6752,High Risk,New High-Spend,6,84.4,Month-to-month,Electronic check,Fiber optic,No,Onboarding window (0-12 months),Month-to-month contract,1012.8000000000001,683.84256,205.152768,15.0,190.152768,Service quality,Billing and payment,Discounted 12- or 24-month contract with loyalty bonus + Service-quality audit with proactive fix and loyalty credit
360,3138-BKYAV,0.6675,High Risk,New High-Spend,6,85.35,Month-to-month,Electronic check,Fiber optic,No,Onboarding window (0-12 months),Month-to-month contract,1024.1999999999998,683.6534999999999,205.09604999999996,15.0,190.09604999999996,Billing and payment,Service quality,Discounted 12- or 24-month contract with loyalty bonus + Move to automatic payment with a billing reward
361,1285-OKIPP,0.7126,High Risk,New High-Spend,1,79.9,Month-to-month,Electronic check,Fiber optic,No,Onboarding window (0-12 months),Month-to-month contract,958.8000000000001,683.2408800000001,204.97226400000002,15.0,189.97226400000002,Service quality,Price and plan fit,Discounted 12- or 24-month contract with loyalty bonus + Service-quality audit with proactive fix and loyalty credit
362,0334-GDDSO,0.6996,High Risk,New High-Spend,3,81.35,Month-to-month,Electronic check,Fiber optic,No,Onboarding window (0-12 months),Month-to-month contract,976.1999999999999,682.94952,204.88485599999998,15.0,189.88485599999998,Billing and payment,Service quality,Discounted 12- or 24-month contract with loyalty bonus + Move to automatic payment with a billing reward
363,5868-YWPDW,0.6759,High Risk,New High-Spend,6,84.2,Month-to-month,Electronic check,Fiber optic,No,Onboarding window (0-12 months),Month-to-month contract,1010.4000000000001,682.92936,204.878808,15.0,189.878808,Service quality,Billing and payment,Discounted 12- or 24-month contract with loyalty bonus + Service-quality audit with proactive fix and loyalty credit
364,4514-GFCFI,0.6703,High Risk,New High-Spend,16,84.75,Month-to-month,Electronic check,Fiber optic,No,Established (13+ months),Month-to-month contract,1017.0,681.6951,204.50853,15.0,189.50853,Billing and payment,Service quality,Discounted 12- or 24-month contract with loyalty bonus + Move to automatic payment with a billing reward
365,4988-IQIGL,0.753,High Risk,New High-Spend,1,75.35,Month-to-month,Electronic check,Fiber optic,No,Onboarding window (0-12 months),Month-to-month contract,904.1999999999999,680.8625999999999,204.25877999999997,15.0,189.25877999999997,Billing and payment,Service quality,Discounted 12- or 24-month contract with loyalty bonus + Move to automatic payment with a billing reward
366,5393-RXQSZ,0.7126,High Risk,New High-Spend,1,79.6,Month-to-month,Electronic check,Fiber optic,No,Onboarding window (0-12 months),Month-to-month contract,955.1999999999999,680.67552,204.202656,15.0,189.202656,Service quality,Price and plan fit,Discounted 12- or 24-month contract with loyalty bonus + Service-quality audit with proactive fix and loyalty credit
367,9878-TNQGW,0.7007,High Risk,New High-Spend,2,80.95,Month-to-month,Electronic check,Fiber optic,No,Onboarding window (0-12 months),Month-to-month contract,971.4000000000001,680.65998,204.197994,15.0,189.197994,Billing and payment,Service quality,Discounted 12- or 24-month contract with loyalty bonus + Move to automatic payment with a billing reward
368,8931-GJJIQ,0.6806,High Risk,New High-Spend,9,83.3,Month-to-month,Electronic check,Fiber optic,No,Onboarding window (0-12 months),Month-to-month contract,999.5999999999999,680.3277599999999,204.09832799999995,15.0,189.09832799999995,Service quality,Billing and payment,Discounted 12- or 24-month contract with loyalty bonus + Service-quality audit with proactive fix and loyalty credit
369,2254-DLXRI,0.7162,High Risk,New High-Spend,1,79.15,Month-to-month,Mailed check,Fiber optic,No,Onboarding window (0-12 months),Month-to-month contract,949.8000000000001,680.24676,204.074028,15.0,189.074028,Service quality,Price and plan fit,Discounted 12- or 24-month contract with loyalty bonus + Service-quality audit with proactive fix and loyalty credit
370,3372-KWFBM,0.6542,High Risk,New High-Spend,16,86.6,Month-to-month,Electronic check,Fiber optic,No,Established (13+ months),Month-to-month contract,1039.1999999999998,679.8446399999999,203.95339199999998,15.0,188.95339199999998,Billing and payment,Service quality,Discounted 12- or 24-month contract with loyalty bonus + Move to automatic payment with a billing reward
371,4439-JMPMT,0.6606,High Risk,New High-Spend,5,85.75,Month-to-month,Electronic check,Fiber optic,Yes,Onboarding window (0-12 months),Month-to-month contract,1029.0,679.7574,203.92721999999998,15.0,188.92721999999998,Service quality,Billing and payment,Discounted 12- or 24-month contract with loyalty bonus + Service-quality audit with proactive fix and loyalty credit
372,6060-DRTNL,0.6676,High Risk,New High-Spend,5,84.85,Month-to-month,Mailed check,Fiber optic,No,Onboarding window (0-12 months),Month-to-month contract,1018.1999999999999,679.7503199999999,203.92509599999997,15.0,188.92509599999997,Service quality,Protection and support,Discounted 12- or 24-month contract with loyalty bonus + Service-quality audit with proactive fix and loyalty credit
373,4234-XTNEA,0.7077,High Risk,New High-Spend,2,79.95,Month-to-month,Electronic check,Fiber optic,No,Onboarding window (0-12 months),Month-to-month contract,959.4000000000001,678.96738,203.690214,15.0,188.690214,Billing and payment,Service quality,Discounted 12- or 24-month contract with loyalty bonus + Move to automatic payment with a billing reward
374,9314-IJWSQ,0.6668,High Risk,New High-Spend,14,84.8,Month-to-month,Electronic check,Fiber optic,No,Established (13+ months),Month-to-month contract,1017.5999999999999,678.5356799999998,203.56070399999996,15.0,188.56070399999996,Billing and payment,Service quality,Discounted 12- or 24-month contract with loyalty bonus + Move to automatic payment with a billing reward
375,6372-RFVNS,0.7172,High Risk,New High-Spend,1,78.8,Month-to-month,Electronic check,Fiber optic,No,Onboarding window (0-12 months),Month-to-month contract,945.5999999999999,678.1843199999998,203.45529599999995,15.0,188.45529599999995,Service quality,Price and plan fit,Discounted 12- or 24-month contract with loyalty bonus + Service-quality audit with proactive fix and loyalty credit
376,1304-NECVQ,0.7194,High Risk,New High-Spend,2,78.55,Month-to-month,Electronic check,Fiber optic,No,Onboarding window (0-12 months),Month-to-month contract,942.5999999999999,678.10644,203.431932,15.0,188.431932,Billing and payment,Service quality,Discounted 12- or 24-month contract with loyalty bonus + Move to automatic payment with a billing reward
377,7760-OYPDY,0.6984,High Risk,New High-Spend,2,80.65,Month-to-month,Electronic check,Fiber optic,No,Onboarding window (0-12 months),Month-to-month contract,967.8000000000001,675.9115200000001,202.77345600000004,15.0,187.77345600000004,Billing and payment,Service quality,Discounted 12- or 24-month contract with loyalty bonus + Move to automatic payment with a billing reward
378,5834-ASPWA,0.7459,High Risk,New High-Spend,1,75.45,Month-to-month,Electronic check,Fiber optic,No,Onboarding window (0-12 months),Month-to-month contract,905.4000000000001,675.3378600000001,202.60135800000003,15.0,187.60135800000003,Billing and payment,Service quality,Discounted 12- or 24-month contract with loyalty bonus + Move to automatic payment with a billing reward
379,1981-INRFU,0.7056,High Risk,New High-Spend,2,79.75,Month-to-month,Electronic check,Fiber optic,No,Onboarding window (0-12 months),Month-to-month contract,957.0,675.2592,202.57775999999998,15.0,187.57775999999998,Billing and payment,Service quality,Discounted 12- or 24-month contract with loyalty bonus + Move to automatic payment with a billing reward
380,3247-ZVOUO,0.6577,High Risk,New High-Spend,10,85.55,Month-to-month,Electronic check,Fiber optic,No,Onboarding window (0-12 months),Month-to-month contract,1026.6,675.1948199999999,202.55844599999998,15.0,187.55844599999998,Service quality,Price and plan fit,Discounted 12- or 24-month contract with loyalty bonus + Service-quality audit with proactive fix and loyalty credit
381,5240-IJOQT,0.7525,High Risk,New High-Spend,1,74.7,Month-to-month,Electronic check,Fiber optic,No,Onboarding window (0-12 months),Month-to-month contract,896.4000000000001,674.541,202.3623,15.0,187.3623,Billing and payment,Service quality,Discounted 12- or 24-month contract with loyalty bonus + Move to automatic payment with a billing reward
382,4143-OOBWZ,0.6912,High Risk,New High-Spend,5,81.3,Month-to-month,Electronic check,Fiber optic,No,Onboarding window (0-12 months),Month-to-month contract,975.5999999999999,674.33472,202.30041599999998,15.0,187.30041599999998,Billing and payment,Service quality,Discounted 12- or 24-month contract with loyalty bonus + Move to automatic payment with a billing reward
383,9787-XVQIU,0.7459,High Risk,New High-Spend,1,75.3,Month-to-month,Electronic check,Fiber optic,No,Onboarding window (0-12 months),Month-to-month contract,903.5999999999999,673.99524,202.19857199999998,15.0,187.19857199999998,Billing and payment,Service quality,Discounted 12- or 24-month contract with loyalty bonus + Move to automatic payment with a billing reward
384,4529-CKBCL,0.6998,High Risk,New High-Spend,2,80.2,Month-to-month,Electronic check,Fiber optic,No,Onboarding window (0-12 months),Month-to-month contract,962.4000000000001,673.48752,202.046256,15.0,187.046256,Billing and payment,Service quality,Discounted 12- or 24-month contract with loyalty bonus + Move to automatic payment with a billing reward
385,9317-WZPGV,0.7035,High Risk,New High-Spend,2,79.75,Month-to-month,Bank transfer (automatic),Fiber optic,No,Onboarding window (0-12 months),Month-to-month contract,957.0,673.2495,201.97485,15.0,186.97485,Service quality,Price and plan fit,Discounted 12- or 24-month contract with loyalty bonus + Service-quality audit with proactive fix and loyalty credit
386,8945-GRKHX,0.7131,High Risk,New High-Spend,1,78.65,Month-to-month,Electronic check,Fiber optic,No,Onboarding window (0-12 months),Month-to-month contract,943.8000000000001,673.02378,201.90713399999999,15.0,186.90713399999999,Service quality,Price and plan fit,Discounted 12- or 24-month contract with loyalty bonus + Service-quality audit with proactive fix and loyalty credit
387,1564-NTYXF,0.6839,High Risk,New High-Spend,13,82.0,Month-to-month,Electronic check,Fiber optic,No,Established (13+ months),Month-to-month contract,984.0,672.9576,201.88727999999998,15.0,186.88727999999998,Service quality,Billing and payment,Discounted 12- or 24-month contract with loyalty bonus + Service-quality audit with proactive fix and loyalty credit
388,9689-PTNPG,0.6985,High Risk,New High-Spend,2,80.25,Month-to-month,Electronic check,Fiber optic,No,Onboarding window (0-12 months),Month-to-month contract,963.0,672.6555,201.79664999999997,15.0,186.79664999999997,Billing and payment,Service quality,Discounted 12- or 24-month contract with loyalty bonus + Move to automatic payment with a billing reward
389,5685-IIXLY,0.6703,High Risk,New High-Spend,5,83.6,Month-to-month,Electronic check,Fiber optic,No,Onboarding window (0-12 months),Month-to-month contract,1003.1999999999999,672.4449599999999,201.73348799999997,15.0,186.73348799999997,Service quality,Billing and payment,Discounted 12- or 24-month contract with loyalty bonus + Service-quality audit with proactive fix and loyalty credit
390,0723-DRCLG,0.7524,High Risk,New High-Spend,1,74.45,Month-to-month,Electronic check,Fiber optic,No,Onboarding window (0-12 months),Month-to-month contract,893.4000000000001,672.19416,201.658248,15.0,186.658248,Billing and payment,Service quality,Discounted 12- or 24-month contract with loyalty bonus + Move to automatic payment with a billing reward
391,8816-VXNZD,0.7457,High Risk,New High-Spend,1,75.1,Month-to-month,Electronic check,Fiber optic,No,Onboarding window (0-12 months),Month-to-month contract,901.1999999999999,672.0248399999999,201.60745199999997,15.0,186.60745199999997,Billing and payment,Service quality,Discounted 12- or 24-month contract with loyalty bonus + Move to automatic payment with a billing reward
392,1452-VOQCH,0.7456,High Risk,New High-Spend,1,75.1,Month-to-month,Electronic check,Fiber optic,No,Onboarding window (0-12 months),Month-to-month contract,901.1999999999999,671.93472,201.58041599999999,15.0,186.58041599999999,Billing and payment,Service quality,Discounted 12- or 24-month contract with loyalty bonus + Move to automatic payment with a billing reward
393,3551-HUAZH,0.7524,High Risk,New High-Spend,1,74.4,Month-to-month,Electronic check,Fiber optic,No,Onboarding window (0-12 months),Month-to-month contract,892.8000000000001,671.74272,201.52281599999998,15.0,186.52281599999998,Billing and payment,Service quality,Discounted 12- or 24-month contract with loyalty bonus + Move to automatic payment with a billing reward
394,4102-OQUPX,0.7524,High Risk,New High-Spend,1,74.4,Month-to-month,Electronic check,Fiber optic,No,Onboarding window (0-12 months),Month-to-month contract,892.8000000000001,671.74272,201.52281599999998,15.0,186.52281599999998,Billing and payment,Service quality,Discounted 12- or 24-month contract with loyalty bonus + Move to automatic payment with a billing reward
395,2777-PHDEI,0.7171,High Risk,New High-Spend,1,78.05,Month-to-month,Electronic check,Fiber optic,No,Onboarding window (0-12 months),Month-to-month contract,936.5999999999999,671.6358599999999,201.49075799999994,15.0,186.49075799999994,Service quality,Price and plan fit,Discounted 12- or 24-month contract with loyalty bonus + Service-quality audit with proactive fix and loyalty credit
396,9185-TQCVP,0.657,High Risk,New High-Spend,14,85.15,Month-to-month,Electronic check,Fiber optic,No,Established (13+ months),Month-to-month contract,1021.8000000000001,671.3226000000001,201.39678,15.0,186.39678,Billing and payment,Service quality,Discounted 12- or 24-month contract with loyalty bonus + Move to automatic payment with a billing reward
397,4795-KTRTH,0.6906,High Risk,New High-Spend,5,81.0,Month-to-month,Electronic check,Fiber optic,No,Onboarding window (0-12 months),Month-to-month contract,972.0,671.2632,201.37895999999998,15.0,186.37895999999998,Billing and payment,Service quality,Discounted 12- or 24-month contract with loyalty bonus + Move to automatic payment with a billing reward
398,1157-BQCUW,0.7456,High Risk,New High-Spend,1,74.95,Month-to-month,Electronic check,Fiber optic,No,Onboarding window (0-12 months),Month-to-month contract,899.4000000000001,670.5926400000001,201.177792,15.0,186.177792,Billing and payment,Service quality,Discounted 12- or 24-month contract with loyalty bonus + Move to automatic payment with a billing reward
399,7517-LDMPS,0.6605,High Risk,New High-Spend,12,84.6,Month-to-month,Electronic check,Fiber optic,No,Onboarding window (0-12 months),Month-to-month contract,1015.1999999999999,670.5396,201.16187999999997,15.0,186.16187999999997,Service quality,Billing and payment,Discounted 12- or 24-month contract with loyalty bonus + Service-quality audit with proactive fix and loyalty credit
400,6358-LYNGM,0.7456,High Risk,New High-Spend,1,74.9,Month-to-month,Electronic check,Fiber optic,No,Onboarding window (0-12 months),Month-to-month contract,898.8000000000001,670.1452800000001,201.043584,15.0,186.043584,Billing and payment,Service quality,Discounted 12- or 24-month contract with loyalty bonus + Move to automatic payment with a billing reward
401,9957-YODKZ,0.691,High Risk,New High-Spend,6,80.8,Month-to-month,Electronic check,Fiber optic,No,Onboarding window (0-12 months),Month-to-month contract,969.5999999999999,669.9935999999999,200.99807999999996,15.0,185.99807999999996,Service quality,Billing and payment,Discounted 12- or 24-month contract with loyalty bonus + Service-quality audit with proactive fix and loyalty credit
402,4086-YQSNZ,0.6936,High Risk,New High-Spend,3,80.4,Month-to-month,Electronic check,Fiber optic,No,Onboarding window (0-12 months),Month-to-month contract,964.8000000000001,669.18528,200.755584,15.0,185.755584,Billing and payment,Service quality,Discounted 12- or 24-month contract with loyalty bonus + Move to automatic payment with a billing reward
403,2612-RRIDN,0.6882,High Risk,New High-Spend,4,81.0,Month-to-month,Electronic check,Fiber optic,No,Onboarding window (0-12 months),Month-to-month contract,972.0,668.9304000000001,200.67912,15.0,185.67912,Billing and payment,Service quality,Discounted 12- or 24-month contract with loyalty bonus + Move to automatic payment with a billing reward
404,1833-VGRUM,0.751,High Risk,New High-Spend,1,74.2,Month-to-month,Electronic check,Fiber optic,No,Onboarding window (0-12 months),Month-to-month contract,890.4000000000001,668.6904000000001,200.60712,15.0,185.60712,Billing and payment,Service quality,Discounted 12- or 24-month contract with loyalty bonus + Move to automatic payment with a billing reward
405,5196-SGOAK,0.7359,High Risk,New High-Spend,1,75.7,Month-to-month,Electronic check,Fiber optic,No,Onboarding window (0-12 months),Month-to-month contract,908.4000000000001,668.49156,200.547468,15.0,185.547468,Billing and payment,Service quality,Discounted 12- or 24-month contract with loyalty bonus + Move to automatic payment with a billing reward
406,6161-UUUTA,0.6972,High Risk,New High-Spend,3,79.9,Month-to-month,Electronic check,Fiber optic,No,Onboarding window (0-12 months),Month-to-month contract,958.8000000000001,668.4753600000001,200.54260800000003,15.0,185.54260800000003,Billing and payment,Service quality,Discounted 12- or 24-month contract with loyalty bonus + Move to automatic payment with a billing reward
407,1200-TUZHR,0.6526,High Risk,New High-Spend,8,85.2,Month-to-month,Electronic check,Fiber optic,No,Onboarding window (0-12 months),Month-to-month contract,1022.4000000000001,667.21824,200.165472,15.0,185.165472,Service quality,Price and plan fit,Discounted 12- or 24-month contract with loyalty bonus + Service-quality audit with proactive fix and loyalty credit
408,4415-IJZTP,0.7454,High Risk,New High-Spend,1,74.5,Month-to-month,Electronic check,Fiber optic,No,Onboarding window (0-12 months),Month-to-month contract,894.0,666.3875999999999,199.91627999999997,15.0,184.91627999999997,Billing and payment,Service quality,Discounted 12- or 24-month contract with loyalty bonus + Move to automatic payment with a billing reward
409,8800-JOOCF,0.6604,High Risk,New High-Spend,12,84.05,Month-to-month,Electronic check,Fiber optic,No,Onboarding window (0-12 months),Month-to-month contract,1008.5999999999999,666.07944,199.82383199999998,15.0,184.82383199999998,Billing and payment,Service quality,Discounted 12- or 24-month contract with loyalty bonus + Move to automatic payment with a billing reward
410,6996-KNSML,0.7403,High Risk,New High-Spend,1,74.9,Month-to-month,Electronic check,Fiber optic,No,Onboarding window (0-12 months),Month-to-month contract,898.8000000000001,665.3816400000001,199.614492,15.0,184.614492,Billing and payment,Service quality,Discounted 12- or 24-month contract with loyalty bonus + Move to automatic payment with a billing reward
411,3422-GALYP,0.6979,High Risk,New High-Spend,2,79.45,Month-to-month,Electronic check,Fiber optic,No,Onboarding window (0-12 months),Month-to-month contract,953.4000000000001,665.37786,199.613358,15.0,184.613358,Billing and payment,Service quality,Discounted 12- or 24-month contract with loyalty bonus + Move to automatic payment with a billing reward
412,6127-ISGTU,0.6522,High Risk,New High-Spend,16,84.95,Month-to-month,Electronic check,Fiber optic,No,Established (13+ months),Month-to-month contract,1019.4000000000001,664.8526800000001,199.45580400000003,15.0,184.45580400000003,Billing and payment,Service quality,Discounted 12- or 24-month contract with loyalty bonus + Move to automatic payment with a billing reward
413,3191-CSNMG,0.6862,High Risk,New High-Spend,3,80.7,Month-to-month,Electronic check,Fiber optic,No,Onboarding window (0-12 months),Month-to-month contract,968.4000000000001,664.5160800000001,199.35482400000004,15.0,184.35482400000004,Billing and payment,Service quality,Discounted 12- or 24-month contract with loyalty bonus + Move to automatic payment with a billing reward
414,6435-SRWBJ,0.6692,High Risk,New High-Spend,5,82.75,Month-to-month,Electronic check,Fiber optic,Yes,Onboarding window (0-12 months),Month-to-month contract,993.0,664.5156000000001,199.35468,15.0,184.35468,Billing and payment,Service quality,Discounted 12- or 24-month contract with loyalty bonus + Move to automatic payment with a billing reward
415,7180-PISOG,0.7433,High Risk,New High-Spend,1,74.5,Month-to-month,Electronic check,Fiber optic,No,Onboarding window (0-12 months),Month-to-month contract,894.0,664.5101999999999,199.35305999999997,15.0,184.35305999999997,Billing and payment,Service quality,Discounted 12- or 24-month contract with loyalty bonus + Move to automatic payment with a billing reward
416,4706-AXVKM,0.653,High Risk,New High-Spend,11,84.8,Month-to-month,Credit card (automatic),Fiber optic,No,Onboarding window (0-12 months),Month-to-month contract,1017.5999999999999,664.4928,199.34784,15.0,184.34784,Service quality,Protection and support,Discounted 12- or 24-month contract with loyalty bonus + Service-quality audit with proactive fix and loyalty credit
417,3296-SILRA,0.7243,High Risk,New High-Spend,1,76.4,Month-to-month,Mailed check,Fiber optic,No,Onboarding window (0-12 months),Month-to-month contract,916.8000000000001,664.0382400000001,199.21147200000001,15.0,184.21147200000001,Service quality,Price and plan fit,Discounted 12- or 24-month contract with loyalty bonus + Service-quality audit with proactive fix and loyalty credit
418,6357-JJPQT,0.6873,High Risk,New High-Spend,3,80.5,Month-to-month,Electronic check,Fiber optic,No,Onboarding window (0-12 months),Month-to-month contract,966.0,663.9318000000001,199.17954,15.0,184.17954,Billing and payment,Service quality,Discounted 12- or 24-month contract with loyalty bonus + Move to automatic payment with a billing reward
419,4822-NGOCH,0.6547,High Risk,New High-Spend,13,84.45,Month-to-month,Electronic check,Fiber optic,No,Established (13+ months),Month-to-month contract,1013.4000000000001,663.47298,199.04189399999998,15.0,184.04189399999998,Billing and payment,Service quality,Discounted 12- or 24-month contract with loyalty bonus + Move to automatic payment with a billing reward
420,5357-TZHPP,0.6549,High Risk,New High-Spend,9,84.4,Month-to-month,Credit card (automatic),Fiber optic,No,Onboarding window (0-12 months),Month-to-month contract,1012.8000000000001,663.28272,198.984816,15.0,183.984816,Service quality,Protection and support,Discounted 12- or 24-month contract with loyalty bonus + Service-quality audit with proactive fix and loyalty credit
421,8372-JUXUI,0.743,High Risk,New High-Spend,1,74.35,Month-to-month,Electronic check,Fiber optic,No,Onboarding window (0-12 months),Month-to-month contract,892.1999999999999,662.9046,198.87138,15.0,183.87138,Billing and payment,Service quality,Discounted 12- or 24-month contract with loyalty bonus + Move to automatic payment with a billing reward
422,8473-VUVJN,0.7499,High Risk,New High-Spend,1,73.65,Month-to-month,Electronic check,Fiber optic,No,Onboarding window (0-12 months),Month-to-month contract,883.8000000000001,662.7616200000001,198.82848600000003,15.0,183.82848600000003,Billing and payment,Service quality,Discounted 12- or 24-month contract with loyalty bonus + Move to automatic payment with a billing reward
423,5054-IEXZT,0.7321,High Risk,New High-Spend,1,75.35,Month-to-month,Electronic check,Fiber optic,No,Onboarding window (0-12 months),Month-to-month contract,904.1999999999999,661.9648199999999,198.58944599999998,15.0,183.58944599999998,Billing and payment,Service quality,Discounted 12- or 24-month contract with loyalty bonus + Move to automatic payment with a billing reward
424,6513-EECDB,0.75,High Risk,New High-Spend,1,73.55,Month-to-month,Electronic check,Fiber optic,No,Onboarding window (0-12 months),Month-to-month contract,882.5999999999999,661.9499999999999,198.58499999999998,15.0,183.58499999999998,Billing and payment,Service quality,Discounted 12- or 24-month contract with loyalty bonus + Move to automatic payment with a billing reward
425,7563-BIUPC,0.6843,High Risk,New High-Spend,5,80.6,Month-to-month,Electronic check,Fiber optic,No,Onboarding window (0-12 months),Month-to-month contract,967.1999999999999,661.85496,198.556488,15.0,183.556488,Billing and payment,Service quality,Discounted 12- or 24-month contract with loyalty bonus + Move to automatic payment with a billing reward
426,8808-ELEHO,0.6787,High Risk,New High-Spend,8,81.25,Month-to-month,Electronic check,Fiber optic,No,Onboarding window (0-12 months),Month-to-month contract,975.0,661.7325,198.51975,15.0,183.51975,Service quality,Billing and payment,Discounted 12- or 24-month contract with loyalty bonus + Service-quality audit with proactive fix and loyalty credit
427,0689-NKYLF,0.6625,High Risk,New High-Spend,13,83.2,Month-to-month,Electronic check,Fiber optic,No,Established (13+ months),Month-to-month contract,998.4000000000001,661.44,198.43200000000002,15.0,183.43200000000002,Billing and payment,Service quality,Discounted 12- or 24-month contract with loyalty bonus + Move to automatic payment with a billing reward
428,2959-MJHIC,0.6855,High Risk,New High-Spend,4,80.35,Month-to-month,Electronic check,Fiber optic,No,Onboarding window (0-12 months),Month-to-month contract,964.1999999999999,660.9590999999999,198.28772999999998,15.0,183.28772999999998,Billing and payment,Service quality,Discounted 12- or 24-month contract with loyalty bonus + Move to automatic payment with a billing reward
429,7074-IEVOJ,0.6937,High Risk,New High-Spend,3,79.4,Month-to-month,Electronic check,Fiber optic,No,Onboarding window (0-12 months),Month-to-month contract,952.8000000000001,660.95736,198.287208,15.0,183.287208,Billing and payment,Service quality,Discounted 12- or 24-month contract with loyalty bonus + Move to automatic payment with a billing reward
430,4210-QFJMF,0.6942,High Risk,New High-Spend,4,79.15,Month-to-month,Electronic check,Fiber optic,No,Onboarding window (0-12 months),Month-to-month contract,949.8000000000001,659.35116,197.805348,15.0,182.805348,Billing and payment,Service quality,Discounted 12- or 24-month contract with loyalty bonus + Move to automatic payment with a billing reward
431,3765-JXVKY,0.7348,High Risk,New High-Spend,1,74.7,Month-to-month,Electronic check,Fiber optic,No,Onboarding window (0-12 months),Month-to-month contract,896.4000000000001,658.6747200000001,197.60241600000003,15.0,182.60241600000003,Billing and payment,Service quality,Discounted 12- or 24-month contract with loyalty bonus + Move to automatic payment with a billing reward
432,6086-ESGRL,0.6843,High Risk,New High-Spend,1,80.15,Month-to-month,Credit card (automatic),Fiber optic,No,Onboarding window (0-12 months),Month-to-month contract,961.8000000000001,658.15974,197.447922,15.0,182.447922,Service quality,Price and plan fit,Discounted 12- or 24-month contract with loyalty bonus + Service-quality audit with proactive fix and loyalty credit
433,5949-XIKAE,0.6562,High Risk,New High-Spend,8,83.55,Month-to-month,Electronic check,Fiber optic,No,Onboarding window (0-12 months),Month-to-month contract,1002.5999999999999,657.90612,197.371836,15.0,182.371836,Service quality,Billing and payment,Discounted 12- or 24-month contract with loyalty bonus + Service-quality audit with proactive fix and loyalty credit
434,5561-NWEVX,0.6918,High Risk,New High-Spend,2,79.2,Month-to-month,Electronic check,Fiber optic,No,Onboarding window (0-12 months),Month-to-month contract,950.4000000000001,657.48672,197.246016,15.0,182.246016,Service quality,Price and plan fit,Discounted 12- or 24-month contract with loyalty bonus + Service-quality audit with proactive fix and loyalty credit
435,5564-NEMQO,0.727,High Risk,New High-Spend,1,75.3,Month-to-month,Bank transfer (automatic),Fiber optic,No,Onboarding window (0-12 months),Month-to-month contract,903.5999999999999,656.9171999999999,197.07515999999995,15.0,182.07515999999995,Service quality,Price and plan fit,Discounted 12- or 24-month contract with loyalty bonus + Service-quality audit with proactive fix and loyalty credit
436,9399-APLBT,0.7316,High Risk,New High-Spend,1,74.7,Month-to-month,Electronic check,Fiber optic,No,Onboarding window (0-12 months),Month-to-month contract,896.4000000000001,655.8062400000001,196.74187200000003,15.0,181.74187200000003,Billing and payment,Service quality,Discounted 12- or 24-month contract with loyalty bonus + Move to automatic payment with a billing reward
437,4274-OWWYO,0.7344,High Risk,New High-Spend,1,74.35,Month-to-month,Electronic check,Fiber optic,No,Onboarding window (0-12 months),Month-to-month contract,892.1999999999999,655.23168,196.569504,15.0,181.569504,Billing and payment,Service quality,Discounted 12- or 24-month contract with loyalty bonus + Move to automatic payment with a billing reward
438,6960-HVYXR,0.7183,High Risk,New High-Spend,1,76.0,Month-to-month,Electronic check,Fiber optic,No,Onboarding window (0-12 months),Month-to-month contract,912.0,655.0896,196.52688,15.0,181.52688,Service quality,Price and plan fit,Discounted 12- or 24-month contract with loyalty bonus + Service-quality audit with proactive fix and loyalty credit
439,4806-KEXQR,0.6828,High Risk,New High-Spend,4,79.9,Month-to-month,Electronic check,Fiber optic,No,Onboarding window (0-12 months),Month-to-month contract,958.8000000000001,654.66864,196.400592,15.0,181.400592,Service quality,Billing and payment,Discounted 12- or 24-month contract with loyalty bonus + Service-quality audit with proactive fix and loyalty credit
440,2982-IHMFT,0.7324,High Risk,New High-Spend,1,74.45,Month-to-month,Mailed check,Fiber optic,No,Onboarding window (0-12 months),Month-to-month contract,893.4000000000001,654.3261600000001,196.29784800000002,15.0,181.29784800000002,Service quality,Price and plan fit,Discounted 12- or 24-month contract with loyalty bonus + Service-quality audit with proactive fix and loyalty credit
441,9050-IKDZA,0.6686,High Risk,New High-Spend,2,81.5,Month-to-month,Mailed check,Fiber optic,No,Onboarding window (0-12 months),Month-to-month contract,978.0,653.8908,196.16724,15.0,181.16724,Service quality,Price and plan fit,Discounted 12- or 24-month contract with loyalty bonus + Service-quality audit with proactive fix and loyalty credit
442,9231-ZJYAM,0.691,High Risk,New High-Spend,4,78.85,Month-to-month,Electronic check,Fiber optic,No,Onboarding window (0-12 months),Month-to-month contract,946.1999999999999,653.8241999999999,196.14725999999996,15.0,181.14725999999996,Billing and payment,Service quality,Discounted 12- or 24-month contract with loyalty bonus + Move to automatic payment with a billing reward
443,2789-HQBOU,0.6781,High Risk,New High-Spend,3,80.35,Month-to-month,Electronic check,Fiber optic,No,Onboarding window (0-12 months),Month-to-month contract,964.1999999999999,653.82402,196.147206,15.0,181.147206,Service quality,Billing and payment,Discounted 12- or 24-month contract with loyalty bonus + Service-quality audit with proactive fix and loyalty credit
444,9897-KXHCM,0.6781,High Risk,New High-Spend,3,80.3,Month-to-month,Electronic check,Fiber optic,No,Onboarding window (0-12 months),Month-to-month contract,963.5999999999999,653.41716,196.02514799999997,15.0,181.02514799999997,Service quality,Billing and payment,Discounted 12- or 24-month contract with loyalty bonus + Service-quality audit with proactive fix and loyalty credit
445,6786-OBWQR,0.6724,High Risk,New High-Spend,5,80.85,Month-to-month,Electronic check,Fiber optic,No,Onboarding window (0-12 months),Month-to-month contract,970.1999999999999,652.36248,195.708744,15.0,180.708744,Billing and payment,Service quality,Discounted 12- or 24-month contract with loyalty bonus + Move to automatic payment with a billing reward
446,5445-UTODQ,0.6702,High Risk,New High-Spend,7,81.1,Month-to-month,Electronic check,Fiber optic,No,Onboarding window (0-12 months),Month-to-month contract,973.1999999999999,652.2386399999999,195.67159199999998,15.0,180.67159199999998,Service quality,Billing and payment,Discounted 12- or 24-month contract with loyalty bonus + Service-quality audit with proactive fix and loyalty credit
447,1678-FYZOW,0.6845,High Risk,New High-Spend,3,79.4,Month-to-month,Electronic check,Fiber optic,No,Onboarding window (0-12 months),Month-to-month contract,952.8000000000001,652.1916,195.65748,15.0,180.65748,Billing and payment,Service quality,Discounted 12- or 24-month contract with loyalty bonus + Move to automatic payment with a billing reward
448,7693-LCKZL,0.6778,High Risk,New High-Spend,5,80.15,Month-to-month,Electronic check,Fiber optic,No,Onboarding window (0-12 months),Month-to-month contract,961.8000000000001,651.90804,195.572412,15.0,180.572412,Billing and payment,Service quality,Discounted 12- or 24-month contract with loyalty bonus + Move to automatic payment with a billing reward
449,6910-HADCM,0.7113,High Risk,New High-Spend,1,76.35,Month-to-month,Electronic check,Fiber optic,No,Onboarding window (0-12 months),Month-to-month contract,916.1999999999999,651.69306,195.507918,15.0,180.507918,Service quality,Price and plan fit,Discounted 12- or 24-month contract with loyalty bonus + Service-quality audit with proactive fix and loyalty credit
450,2737-YNGYW,0.6734,High Risk,New High-Spend,2,80.55,Month-to-month,Electronic check,Fiber optic,No,Onboarding window (0-12 months),Month-to-month contract,966.5999999999999,650.9084399999999,195.27253199999998,15.0,180.27253199999998,Service quality,Price and plan fit,Discounted 12- or 24-month contract with loyalty bonus + Service-quality audit with proactive fix and loyalty credit
451,8752-STIVR,0.6861,High Risk,New High-Spend,4,79.0,Month-to-month,Electronic check,Fiber optic,No,Onboarding window (0-12 months),Month-to-month contract,948.0,650.4228,195.12684000000002,15.0,180.12684000000002,Billing and payment,Service quality,Discounted 12- or 24-month contract with loyalty bonus + Move to automatic payment with a billing reward
452,9444-JTXHZ,0.7103,High Risk,New High-Spend,1,76.2,Month-to-month,Electronic check,Fiber optic,No,Onboarding window (0-12 months),Month-to-month contract,914.4000000000001,649.4983200000001,194.84949600000004,15.0,179.84949600000004,Service quality,Price and plan fit,Discounted 12- or 24-month contract with loyalty bonus + Service-quality audit with proactive fix and loyalty credit
453,0637-KVDLV,0.7075,High Risk,New High-Spend,2,76.5,Month-to-month,Electronic check,Fiber optic,No,Onboarding window (0-12 months),Month-to-month contract,918.0,649.485,194.8455,15.0,179.8455,Billing and payment,Service quality,Discounted 12- or 24-month contract with loyalty bonus + Move to automatic payment with a billing reward
454,1704-NRWYE,0.6689,High Risk,New High-Spend,9,80.85,Month-to-month,Electronic check,Fiber optic,No,Onboarding window (0-12 months),Month-to-month contract,970.1999999999999,648.96678,194.690034,15.0,179.690034,Service quality,Billing and payment,Discounted 12- or 24-month contract with loyalty bonus + Service-quality audit with proactive fix and loyalty credit
455,8225-BTJAU,0.6824,High Risk,New High-Spend,10,79.25,Month-to-month,Electronic check,Fiber optic,No,Onboarding window (0-12 months),Month-to-month contract,951.0,648.9624,194.68872,15.0,179.68872,Service quality,Billing and payment,Discounted 12- or 24-month contract with loyalty bonus + Service-quality audit with proactive fix and loyalty credit
456,0231-LXVAP,0.7121,High Risk,New High-Spend,1,75.9,Month-to-month,Electronic check,Fiber optic,Yes,Onboarding window (0-12 months),Month-to-month contract,910.8000000000001,648.58068,194.574204,15.0,179.574204,Billing and payment,Service quality,Discounted 12- or 24-month contract with loyalty bonus + Move to automatic payment with a billing reward
457,8258-GSTJK,0.7017,High Risk,New High-Spend,3,77.0,Month-to-month,Electronic check,Fiber optic,No,Onboarding window (0-12 months),Month-to-month contract,924.0,648.3708,194.51124000000002,15.0,179.51124000000002,Billing and payment,Service quality,Discounted 12- or 24-month contract with loyalty bonus + Move to automatic payment with a billing reward
458,1977-STDKI,0.7401,High Risk,New High-Spend,1,73.0,Month-to-month,Electronic check,Fiber optic,No,Onboarding window (0-12 months),Month-to-month contract,876.0,648.3276,194.49828,15.0,179.49828,Billing and payment,Service quality,Discounted 12- or 24-month contract with loyalty bonus + Move to automatic payment with a billing reward
459,0021-IKXGC,0.7487,High Risk,New High-Spend,1,72.1,Month-to-month,Electronic check,Fiber optic,No,Onboarding window (0-12 months),Month-to-month contract,865.1999999999999,647.7752399999999,194.33257199999997,15.0,179.33257199999997,Billing and payment,Service quality,Discounted 12- or 24-month contract with loyalty bonus + Move to automatic payment with a billing reward
460,8775-ERLNB,0.7262,High Risk,New High-Spend,1,74.3,Month-to-month,Electronic check,Fiber optic,No,Onboarding window (0-12 months),Month-to-month contract,891.5999999999999,647.4799199999999,194.24397599999995,15.0,179.24397599999995,Service quality,Price and plan fit,Discounted 12- or 24-month contract with loyalty bonus + Service-quality audit with proactive fix and loyalty credit
461,3276-HDUEG,0.7189,High Risk,New High-Spend,1,75.05,Month-to-month,Mailed check,Fiber optic,No,Onboarding window (0-12 months),Month-to-month contract,900.5999999999999,647.44134,194.23240199999998,15.0,179.23240199999998,Service quality,Price and plan fit,Discounted 12- or 24-month contract with loyalty bonus + Service-quality audit with proactive fix and loyalty credit
462,9391-EOYLI,0.6698,High Risk,New High-Spend,12,80.45,Month-to-month,Electronic check,Fiber optic,No,Onboarding window (0-12 months),Month-to-month contract,965.4000000000001,646.62492,193.987476,15.0,178.987476,Service quality,Billing and payment,Discounted 12- or 24-month contract with loyalty bonus + Service-quality audit with proactive fix and loyalty credit
463,6229-LSCKB,0.6761,High Risk,New High-Spend,6,79.7,Month-to-month,Electronic check,Fiber optic,No,Onboarding window (0-12 months),Month-to-month contract,956.4000000000001,646.6220400000001,193.986612,15.0,178.986612,Service quality,Billing and payment,Discounted 12- or 24-month contract with loyalty bonus + Service-quality audit with proactive fix and loyalty credit
464,7817-BOQPW,0.7132,High Risk,New High-Spend,2,75.55,Month-to-month,Electronic check,Fiber optic,No,Onboarding window (0-12 months),Month-to-month contract,906.5999999999999,646.5871199999999,193.97613599999997,15.0,178.97613599999997,Billing and payment,Service quality,Discounted 12- or 24-month contract with loyalty bonus + Move to automatic payment with a billing reward
465,5835-BEQEU,0.6994,High Risk,New High-Spend,3,76.95,Month-to-month,Electronic check,Fiber optic,No,Onboarding window (0-12 months),Month-to-month contract,923.4000000000001,645.8259600000001,193.74778800000004,15.0,178.74778800000004,Billing and payment,Service quality,Discounted 12- or 24-month contract with loyalty bonus + Move to automatic payment with a billing reward
466,6941-PMGEP,0.6718,High Risk,New High-Spend,5,80.0,Month-to-month,Electronic check,Fiber optic,No,Onboarding window (0-12 months),Month-to-month contract,960.0,644.928,193.4784,15.0,178.4784,Service quality,Billing and payment,Discounted 12- or 24-month contract with loyalty bonus + Service-quality audit with proactive fix and loyalty credit
467,1569-TTNYJ,0.6822,High Risk,New High-Spend,5,78.75,Month-to-month,Electronic check,Fiber optic,No,Onboarding window (0-12 months),Month-to-month contract,945.0,644.679,193.4037,15.0,178.4037,Billing and payment,Service quality,Discounted 12- or 24-month contract with loyalty bonus + Move to automatic payment with a billing reward
468,7576-OYWBN,0.705,High Risk,New High-Spend,3,76.05,Month-to-month,Electronic check,Fiber optic,No,Onboarding window (0-12 months),Month-to-month contract,912.5999999999999,643.3829999999999,193.01489999999998,15.0,178.01489999999998,Billing and payment,Service quality,Discounted 12- or 24-month contract with loyalty bonus + Move to automatic payment with a billing reward
469,5043-TRZWM,0.7095,High Risk,New High-Spend,1,75.55,Month-to-month,Electronic check,Fiber optic,No,Onboarding window (0-12 months),Month-to-month contract,906.5999999999999,643.2326999999999,192.96980999999997,15.0,177.96980999999997,Service quality,Price and plan fit,Discounted 12- or 24-month contract with loyalty bonus + Service-quality audit with proactive fix and loyalty credit
470,2688-BHGOG,0.6735,High Risk,New High-Spend,9,79.55,Month-to-month,Electronic check,Fiber optic,No,Onboarding window (0-12 months),Month-to-month contract,954.5999999999999,642.9231,192.87693,15.0,177.87693,Service quality,Billing and payment,Discounted 12- or 24-month contract with loyalty bonus + Service-quality audit with proactive fix and loyalty credit
471,3746-EUBYR,0.718,High Risk,New High-Spend,1,74.6,Month-to-month,Bank transfer (automatic),Fiber optic,No,Onboarding window (0-12 months),Month-to-month contract,895.1999999999999,642.7535999999999,192.82607999999996,15.0,177.82607999999996,Service quality,Price and plan fit,Discounted 12- or 24-month contract with loyalty bonus + Service-quality audit with proactive fix and loyalty credit
472,9837-BMCLM,0.6818,High Risk,New High-Spend,3,78.5,Month-to-month,Electronic check,Fiber optic,No,Onboarding window (0-12 months),Month-to-month contract,942.0,642.2556,192.67667999999998,15.0,177.67667999999998,Billing and payment,Service quality,Discounted 12- or 24-month contract with loyalty bonus + Move to automatic payment with a billing reward
473,8183-ONMXC,0.6626,High Risk,New High-Spend,2,80.75,Month-to-month,Electronic check,Fiber optic,No,Onboarding window (0-12 months),Month-to-month contract,969.0,642.0594,192.61782,15.0,177.61782,Service quality,Protection and support,Discounted 12- or 24-month contract with loyalty bonus + Service-quality audit with proactive fix and loyalty credit
474,9940-RHLFB,0.7095,High Risk,New High-Spend,1,75.3,Month-to-month,Electronic check,Fiber optic,No,Onboarding window (0-12 months),Month-to-month contract,903.5999999999999,641.1042,192.33126,15.0,177.33126,Service quality,Price and plan fit,Discounted 12- or 24-month contract with loyalty bonus + Service-quality audit with proactive fix and loyalty credit
475,8644-XLFBW,0.7438,High Risk,New High-Spend,1,71.65,Month-to-month,Electronic check,Fiber optic,No,Onboarding window (0-12 months),Month-to-month contract,859.8000000000001,639.5192400000001,191.85577200000003,15.0,176.85577200000003,Billing and payment,Service quality,Discounted 12- or 24-month contract with loyalty bonus + Move to automatic payment with a billing reward
476,3707-GNWHM,0.7174,High Risk,New High-Spend,1,74.25,Month-to-month,Mailed check,Fiber optic,No,Onboarding window (0-12 months),Month-to-month contract,891.0,639.2034,191.76102,15.0,176.76102,Service quality,Price and plan fit,Discounted 12- or 24-month contract with loyalty bonus + Service-quality audit with proactive fix and loyalty credit
477,1618-CFHME,0.7013,High Risk,New High-Spend,2,75.9,Month-to-month,Electronic check,Fiber optic,No,Onboarding window (0-12 months),Month-to-month contract,910.8000000000001,638.74404,191.623212,15.0,176.623212,Billing and payment,Service quality,Discounted 12- or 24-month contract with loyalty bonus + Move to automatic payment with a billing reward
478,3519-ZKXGG,0.7015,High Risk,New High-Spend,3,75.85,Month-to-month,Electronic check,Fiber optic,No,Onboarding window (0-12 months),Month-to-month contract,910.1999999999999,638.5052999999999,191.55158999999998,15.0,176.55158999999998,Billing and payment,Service quality,Discounted 12- or 24-month contract with loyalty bonus + Move to automatic payment with a billing reward
479,7595-EUIVN,0.7017,High Risk,New High-Spend,1,75.8,Month-to-month,Electronic check,Fiber optic,No,Onboarding window (0-12 months),Month-to-month contract,909.5999999999999,638.26632,191.47989599999997,15.0,176.47989599999997,Service quality,Price and plan fit,Discounted 12- or 24-month contract with loyalty bonus + Service-quality audit with proactive fix and loyalty credit
480,6000-APYLU,0.658,High Risk,New High-Spend,9,80.8,Month-to-month,Electronic check,Fiber optic,No,Onboarding window (0-12 months),Month-to-month contract,969.5999999999999,637.9968,191.39903999999999,15.0,176.39903999999999,Service quality,Billing and payment,Discounted 12- or 24-month contract with loyalty bonus + Service-quality audit with proactive fix and loyalty credit
481,2024-BASKD,0.7115,High Risk,New High-Spend,1,74.6,Month-to-month,Mailed check,Fiber optic,No,Onboarding window (0-12 months),Month-to-month contract,895.1999999999999,636.9348,191.08043999999998,15.0,176.08043999999998,Service quality,Price and plan fit,Discounted 12- or 24-month contract with loyalty bonus + Service-quality audit with proactive fix and loyalty credit
482,1508-DFXCU,0.6513,High Risk,New High-Spend,12,81.45,Month-to-month,Electronic check,Fiber optic,No,Onboarding window (0-12 months),Month-to-month contract,977.4000000000001,636.5806200000001,190.974186,15.0,175.974186,Billing and payment,Service quality,Discounted 12- or 24-month contract with loyalty bonus + Move to automatic payment with a billing reward
483,3878-AVSOQ,0.7437,High Risk,New High-Spend,1,71.25,Month-to-month,Electronic check,Fiber optic,No,Onboarding window (0-12 months),Month-to-month contract,855.0,635.8635,190.75905,15.0,175.75905,Billing and payment,Service quality,Discounted 12- or 24-month contract with loyalty bonus + Move to automatic payment with a billing reward
484,5712-PTIWW,0.663,High Risk,New High-Spend,2,79.85,Month-to-month,Electronic check,Fiber optic,Yes,Onboarding window (0-12 months),Month-to-month contract,958.1999999999999,635.2866,190.58598,15.0,175.58598,Billing and payment,Service quality,Discounted 12- or 24-month contract with loyalty bonus + Move to automatic payment with a billing reward
485,9488-HGMJH,0.7437,High Risk,New High-Spend,1,71.15,Month-to-month,Electronic check,Fiber optic,No,Onboarding window (0-12 months),Month-to-month contract,853.8000000000001,634.9710600000001,190.491318,15.0,175.491318,Billing and payment,Service quality,Discounted 12- or 24-month contract with loyalty bonus + Move to automatic payment with a billing reward
486,0495-ZBNGW,0.6617,High Risk,New High-Spend,5,79.9,Month-to-month,Bank transfer (automatic),Fiber optic,No,Onboarding window (0-12 months),Month-to-month contract,958.8000000000001,634.43796,190.33138799999998,15.0,175.33138799999998,Service quality,Protection and support,Discounted 12- or 24-month contract with loyalty bonus + Service-quality audit with proactive fix and loyalty credit
487,4749-OJKQU,0.6974,High Risk,New High-Spend,4,75.65,Month-to-month,Electronic check,Fiber optic,No,Onboarding window (0-12 months),Month-to-month contract,907.8000000000001,633.09972,189.92991600000002,15.0,174.92991600000002,Billing and payment,Service quality,Discounted 12- or 24-month contract with loyalty bonus + Move to automatic payment with a billing reward
488,7409-KIUTL,0.7427,High Risk,New High-Spend,1,71.0,Month-to-month,Electronic check,Fiber optic,No,Onboarding window (0-12 months),Month-to-month contract,852.0,632.7804,189.83411999999998,15.0,174.83411999999998,Billing and payment,Service quality,Discounted 12- or 24-month contract with loyalty bonus + Move to automatic payment with a billing reward
489,1965-AKTSX,0.6675,High Risk,New High-Spend,14,78.95,Month-to-month,Electronic check,Fiber optic,No,Established (13+ months),Month-to-month contract,947.4000000000001,632.3895,189.71685,15.0,174.71685,Billing and payment,Service quality,Discounted 12- or 24-month contract with loyalty bonus + Move to automatic payment with a billing reward
490,8380-PEFPE,0.7354,High Risk,New High-Spend,1,71.65,Month-to-month,Electronic check,Fiber optic,No,Onboarding window (0-12 months),Month-to-month contract,859.8000000000001,632.2969200000001,189.68907600000003,15.0,174.68907600000003,Billing and payment,Service quality,Discounted 12- or 24-month contract with loyalty bonus + Move to automatic payment with a billing reward
491,6437-UKHMV,0.6608,High Risk,New High-Spend,7,79.7,Month-to-month,Electronic check,Fiber optic,No,Onboarding window (0-12 months),Month-to-month contract,956.4000000000001,631.9891200000001,189.59673600000002,15.0,174.59673600000002,Service quality,Billing and payment,Discounted 12- or 24-month contract with loyalty bonus + Service-quality audit with proactive fix and loyalty credit
492,8943-URTMR,0.6605,High Risk,New High-Spend,2,79.65,Month-to-month,Mailed check,Fiber optic,No,Onboarding window (0-12 months),Month-to-month contract,955.8000000000001,631.3059000000001,189.39177,15.0,174.39177,Service quality,Protection and support,Discounted 12- or 24-month contract with loyalty bonus + Service-quality audit with proactive fix and loyalty credit
493,8051-HJRLT,0.7436,High Risk,New High-Spend,1,70.55,Month-to-month,Electronic check,Fiber optic,No,Onboarding window (0-12 months),Month-to-month contract,846.5999999999999,629.53176,188.85952799999998,15.0,173.85952799999998,Billing and payment,Service quality,Discounted 12- or 24-month contract with loyalty bonus + Move to automatic payment with a billing reward
494,4581-SSPWD,0.6914,High Risk,New High-Spend,3,75.8,Month-to-month,Electronic check,Fiber optic,No,Onboarding window (0-12 months),Month-to-month contract,909.5999999999999,628.89744,188.669232,15.0,173.669232,Billing and payment,Service quality,Discounted 12- or 24-month contract with loyalty bonus + Move to automatic payment with a billing reward
495,1320-HTRDR,0.6931,High Risk,New High-Spend,3,75.5,Month-to-month,Electronic check,Fiber optic,No,Onboarding window (0-12 months),Month-to-month contract,906.0,627.9486,188.38458,15.0,173.38458,Billing and payment,Service quality,Discounted 12- or 24-month contract with loyalty bonus + Move to automatic payment with a billing reward
496,1363-TXLSL,0.7442,High Risk,New High-Spend,1,70.3,Month-to-month,Electronic check,Fiber optic,No,Onboarding window (0-12 months),Month-to-month contract,843.5999999999999,627.8071199999999,188.34213599999998,15.0,173.34213599999998,Billing and payment,Service quality,Discounted 12- or 24-month contract with loyalty bonus + Move to automatic payment with a billing reward
497,9894-EZEWG,0.7035,High Risk,New High-Spend,1,74.3,Month-to-month,Credit card (automatic),Fiber optic,No,Onboarding window (0-12 months),Month-to-month contract,891.5999999999999,627.2406,188.17218,15.0,173.17218,Service quality,Price and plan fit,Discounted 12- or 24-month contract with loyalty bonus + Service-quality audit with proactive fix and loyalty credit
498,7638-QVMVY,0.6615,High Risk,New High-Spend,7,79.0,Month-to-month,Electronic check,Fiber optic,No,Onboarding window (0-12 months),Month-to-month contract,948.0,627.102,188.1306,15.0,173.1306,Billing and payment,Service quality,Discounted 12- or 24-month contract with loyalty bonus + Move to automatic payment with a billing reward
499,3422-LYEPQ,0.7359,High Risk,New High-Spend,1,71.0,Month-to-month,Electronic check,Fiber optic,No,Onboarding window (0-12 months),Month-to-month contract,852.0,626.9868,188.09604,15.0,173.09604,Billing and payment,Service quality,Discounted 12- or 24-month contract with loyalty bonus + Move to automatic payment with a billing reward
500,1031-IIDEO,0.7374,High Risk,New High-Spend,1,70.85,Month-to-month,Electronic check,Fiber optic,No,Onboarding window (0-12 months),Month-to-month contract,850.1999999999999,626.93748,188.081244,15.0,173.081244,Billing and payment,Service quality,Discounted 12- or 24-month contract with loyalty bonus + Move to automatic payment with a billing reward
501,9605-WGJVW,0.744,High Risk,New High-Spend,1,70.2,Month-to-month,Electronic check,Fiber optic,No,Onboarding window (0-12 months),Month-to-month contract,842.4000000000001,626.7456000000001,188.02368,15.0,173.02368,Billing and payment,Service quality,Discounted 12- or 24-month contract with loyalty bonus + Move to automatic payment with a billing reward
502,1197-BVMVG,0.7011,High Risk,New High-Spend,4,74.45,Month-to-month,Electronic check,Fiber optic,No,Onboarding window (0-12 months),Month-to-month contract,893.4000000000001,626.36274,187.90882200000001,15.0,172.90882200000001,Billing and payment,Service quality,Discounted 12- or 24-month contract with loyalty bonus + Move to automatic payment with a billing reward
503,7130-VTEWQ,0.689,High Risk,New High-Spend,8,75.75,Month-to-month,Electronic check,Fiber optic,No,Onboarding window (0-12 months),Month-to-month contract,909.0,626.3009999999999,187.89029999999997,15.0,172.89029999999997,Service quality,Billing and payment,Discounted 12- or 24-month contract with loyalty bonus + Service-quality audit with proactive fix and loyalty credit
504,1846-XWOQN,0.744,High Risk,New High-Spend,1,70.15,Month-to-month,Electronic check,Fiber optic,No,Onboarding window (0-12 months),Month-to-month contract,841.8000000000001,626.2992,187.88976,15.0,172.88976,Billing and payment,Service quality,Discounted 12- or 24-month contract with loyalty bonus + Move to automatic payment with a billing reward
505,2026-TGDHM,0.6578,High Risk,New High-Spend,7,79.3,Month-to-month,Electronic check,Fiber optic,No,Onboarding window (0-12 months),Month-to-month contract,951.5999999999999,625.96248,187.788744,15.0,172.788744,Service quality,Billing and payment,Discounted 12- or 24-month contract with loyalty bonus + Service-quality audit with proactive fix and loyalty credit
506,9603-OAIHC,0.7441,High Risk,New High-Spend,1,70.05,Month-to-month,Electronic check,Fiber optic,No,Onboarding window (0-12 months),Month-to-month contract,840.5999999999999,625.4904599999999,187.64713799999996,15.0,172.64713799999996,Billing and payment,Service quality,Discounted 12- or 24-month contract with loyalty bonus + Move to automatic payment with a billing reward
507,2880-FPNAE,0.7017,High Risk,New High-Spend,2,74.2,Month-to-month,Electronic check,Fiber optic,No,Onboarding window (0-12 months),Month-to-month contract,890.4000000000001,624.7936800000001,187.43810400000004,15.0,172.43810400000004,Billing and payment,Service quality,Discounted 12- or 24-month contract with loyalty bonus + Move to automatic payment with a billing reward
508,8000-REIQB,0.7441,High Risk,New High-Spend,1,69.95,Month-to-month,Electronic check,Fiber optic,No,Onboarding window (0-12 months),Month-to-month contract,839.4000000000001,624.5975400000001,187.379262,15.0,172.379262,Billing and payment,Service quality,Discounted 12- or 24-month contract with loyalty bonus + Move to automatic payment with a billing reward
509,5376-DEQCP,0.7368,High Risk,New High-Spend,1,70.6,Month-to-month,Electronic check,Fiber optic,No,Onboarding window (0-12 months),Month-to-month contract,847.1999999999999,624.21696,187.265088,15.0,172.265088,Billing and payment,Service quality,Discounted 12- or 24-month contract with loyalty bonus + Move to automatic payment with a billing reward
510,5550-VFRLC,0.7447,High Risk,New High-Spend,1,69.85,Month-to-month,Electronic check,Fiber optic,No,Onboarding window (0-12 months),Month-to-month contract,838.1999999999999,624.20754,187.262262,15.0,172.262262,Billing and payment,Service quality,Discounted 12- or 24-month contract with loyalty bonus + Move to automatic payment with a billing reward
511,8443-ZRDBZ,0.6837,High Risk,New High-Spend,4,76.05,Month-to-month,Electronic check,Fiber optic,No,Onboarding window (0-12 months),Month-to-month contract,912.5999999999999,623.9446199999999,187.18338599999996,15.0,172.18338599999996,Billing and payment,Service quality,Discounted 12- or 24-month contract with loyalty bonus + Move to automatic payment with a billing reward
512,1184-PJVDB,0.6502,High Risk,New High-Spend,10,79.95,Month-to-month,Electronic check,Fiber optic,No,Onboarding window (0-12 months),Month-to-month contract,959.4000000000001,623.8018800000001,187.140564,15.0,172.140564,Service quality,Billing and payment,Discounted 12- or 24-month contract with loyalty bonus + Service-quality audit with proactive fix and loyalty credit
513,0722-TROQR,0.694,High Risk,New High-Spend,4,74.9,Month-to-month,Electronic check,Fiber optic,No,Onboarding window (0-12 months),Month-to-month contract,898.8000000000001,623.7672,187.13016,15.0,172.13016,Billing and payment,Service quality,Discounted 12- or 24-month contract with loyalty bonus + Move to automatic payment with a billing reward
514,5539-TMZLF,0.7451,High Risk,New High-Spend,1,69.75,Month-to-month,Electronic check,Fiber optic,No,Onboarding window (0-12 months),Month-to-month contract,837.0,623.6487,187.09461,15.0,172.09461,Billing and payment,Service quality,Discounted 12- or 24-month contract with loyalty bonus + Move to automatic payment with a billing reward
515,9840-EFJQB,0.6988,High Risk,New High-Spend,1,74.35,Month-to-month,Electronic check,Fiber optic,No,Onboarding window (0-12 months),Month-to-month contract,892.1999999999999,623.4693599999999,187.04080799999997,15.0,172.04080799999997,Service quality,Price and plan fit,Discounted 12- or 24-month contract with loyalty bonus + Service-quality audit with proactive fix and loyalty credit
516,3420-YJLQT,0.6524,High Risk,New High-Spend,2,79.55,Month-to-month,Electronic check,Fiber optic,No,Onboarding window (0-12 months),Month-to-month contract,954.5999999999999,622.78104,186.83431199999998,15.0,171.83431199999998,Service quality,Protection and support,Discounted 12- or 24-month contract with loyalty bonus + Service-quality audit with proactive fix and loyalty credit
517,8062-YBDOE,0.7451,High Risk,New High-Spend,1,69.65,Month-to-month,Electronic check,Fiber optic,No,Onboarding window (0-12 months),Month-to-month contract,835.8000000000001,622.75458,186.82637400000002,15.0,171.82637400000002,Billing and payment,Service quality,Discounted 12- or 24-month contract with loyalty bonus + Move to automatic payment with a billing reward
518,4871-JTKJF,0.745,High Risk,New High-Spend,1,69.65,Month-to-month,Electronic check,Fiber optic,No,Onboarding window (0-12 months),Month-to-month contract,835.8000000000001,622.671,186.8013,15.0,171.8013,Billing and payment,Service quality,Discounted 12- or 24-month contract with loyalty bonus + Move to automatic payment with a billing reward
519,2761-OCIAX,0.6945,High Risk,New High-Spend,2,74.7,Month-to-month,Electronic check,Fiber optic,No,Onboarding window (0-12 months),Month-to-month contract,896.4000000000001,622.5498000000001,186.76494000000002,15.0,171.76494000000002,Billing and payment,Service quality,Discounted 12- or 24-month contract with loyalty bonus + Move to automatic payment with a billing reward
520,8375-DKEBR,0.745,High Risk,New High-Spend,1,69.6,Month-to-month,Electronic check,Fiber optic,No,Onboarding window (0-12 months),Month-to-month contract,835.1999999999999,622.2239999999999,186.66719999999998,15.0,171.66719999999998,Billing and payment,Service quality,Discounted 12- or 24-month contract with loyalty bonus + Move to automatic payment with a billing reward
521,2636-ALXXZ,0.745,High Risk,New High-Spend,1,69.6,Month-to-month,Electronic check,Fiber optic,No,Onboarding window (0-12 months),Month-to-month contract,835.1999999999999,622.2239999999999,186.66719999999998,15.0,171.66719999999998,Billing and payment,Service quality,Discounted 12- or 24-month contract with loyalty bonus + Move to automatic payment with a billing reward
522,4631-OACRM,0.6528,High Risk,New High-Spend,15,79.4,Month-to-month,Electronic check,Fiber optic,No,Established (13+ months),Month-to-month contract,952.8000000000001,621.9878400000001,186.59635200000002,15.0,171.59635200000002,Billing and payment,Service quality,Discounted 12- or 24-month contract with loyalty bonus + Move to automatic payment with a billing reward
523,6653-CBBOM,0.7373,High Risk,New High-Spend,1,70.3,Month-to-month,Electronic check,Fiber optic,No,Onboarding window (0-12 months),Month-to-month contract,843.5999999999999,621.9862799999999,186.59588399999996,15.0,171.59588399999996,Billing and payment,Service quality,Discounted 12- or 24-month contract with loyalty bonus + Move to automatic payment with a billing reward
524,2446-PLQVO,0.7372,High Risk,New High-Spend,1,70.3,Month-to-month,Electronic check,Fiber optic,No,Onboarding window (0-12 months),Month-to-month contract,843.5999999999999,621.9019199999999,186.57057599999996,15.0,171.57057599999996,Billing and payment,Service quality,Discounted 12- or 24-month contract with loyalty bonus + Move to automatic payment with a billing reward
525,5159-YFPKQ,0.6837,High Risk,New High-Spend,2,75.8,Month-to-month,Electronic check,Fiber optic,No,Onboarding window (0-12 months),Month-to-month contract,909.5999999999999,621.89352,186.56805599999998,15.0,171.56805599999998,Billing and payment,Service quality,Discounted 12- or 24-month contract with loyalty bonus + Move to automatic payment with a billing reward
526,2506-TNFCO,0.7451,High Risk,New High-Spend,1,69.55,Month-to-month,Electronic check,Fiber optic,No,Onboarding window (0-12 months),Month-to-month contract,834.5999999999999,621.8604599999999,186.55813799999996,15.0,171.55813799999996,Billing and payment,Service quality,Discounted 12- or 24-month contract with loyalty bonus + Move to automatic payment with a billing reward
527,7465-ZZRVX,0.7365,High Risk,New High-Spend,1,70.35,Month-to-month,Electronic check,Fiber optic,No,Onboarding window (0-12 months),Month-to-month contract,844.1999999999999,621.7533,186.52598999999998,15.0,171.52598999999998,Billing and payment,Service quality,Discounted 12- or 24-month contract with loyalty bonus + Move to automatic payment with a billing reward
528,1640-PLFMP,0.7373,High Risk,New High-Spend,1,70.25,Month-to-month,Electronic check,Fiber optic,No,Onboarding window (0-12 months),Month-to-month contract,843.0,621.5439,186.46317,15.0,171.46317,Billing and payment,Service quality,Discounted 12- or 24-month contract with loyalty bonus + Move to automatic payment with a billing reward
529,3244-DCJWY,0.7373,High Risk,New High-Spend,1,70.25,Month-to-month,Electronic check,Fiber optic,No,Onboarding window (0-12 months),Month-to-month contract,843.0,621.5439,186.46317,15.0,171.46317,Billing and payment,Service quality,Discounted 12- or 24-month contract with loyalty bonus + Move to automatic payment with a billing reward
530,2516-VQRRV,0.6861,High Risk,New High-Spend,2,75.45,Month-to-month,Mailed check,Fiber optic,No,Onboarding window (0-12 months),Month-to-month contract,905.4000000000001,621.1949400000001,186.358482,15.0,171.358482,Service quality,Protection and support,Discounted 12- or 24-month contract with loyalty bonus + Service-quality audit with proactive fix and loyalty credit
531,0328-GRPMV,0.7373,High Risk,New High-Spend,1,70.1,Month-to-month,Electronic check,Fiber optic,No,Onboarding window (0-12 months),Month-to-month contract,841.1999999999999,620.2167599999999,186.06502799999996,15.0,171.06502799999996,Billing and payment,Service quality,Discounted 12- or 24-month contract with loyalty bonus + Move to automatic payment with a billing reward
532,4702-IOQDC,0.7373,High Risk,New High-Spend,1,70.1,Month-to-month,Electronic check,Fiber optic,No,Onboarding window (0-12 months),Month-to-month contract,841.1999999999999,620.2167599999999,186.06502799999996,15.0,171.06502799999996,Billing and payment,Service quality,Discounted 12- or 24-month contract with loyalty bonus + Move to automatic payment with a billing reward
533,3494-JCHRQ,0.7372,High Risk,New High-Spend,1,70.05,Month-to-month,Electronic check,Fiber optic,No,Onboarding window (0-12 months),Month-to-month contract,840.5999999999999,619.6903199999999,185.90709599999997,15.0,170.90709599999997,Billing and payment,Service quality,Discounted 12- or 24-month contract with loyalty bonus + Move to automatic payment with a billing reward
534,7206-GZCDC,0.745,High Risk,New High-Spend,1,69.25,Month-to-month,Electronic check,Fiber optic,No,Onboarding window (0-12 months),Month-to-month contract,831.0,619.095,185.7285,15.0,170.7285,Billing and payment,Service quality,Discounted 12- or 24-month contract with loyalty bonus + Move to automatic payment with a billing reward
535,2424-WVHPL,0.6903,High Risk,New High-Spend,1,74.7,Month-to-month,Electronic check,Fiber optic,Yes,Onboarding window (0-12 months),Month-to-month contract,896.4000000000001,618.78492,185.635476,15.0,170.635476,Service quality,Price and plan fit,Discounted 12- or 24-month contract with loyalty bonus + Service-quality audit with proactive fix and loyalty credit
536,7341-LXCAF,0.6902,High Risk,New High-Spend,4,74.65,Month-to-month,Electronic check,Fiber optic,No,Onboarding window (0-12 months),Month-to-month contract,895.8000000000001,618.2811600000001,185.48434800000004,15.0,170.48434800000004,Billing and payment,Service quality,Discounted 12- or 24-month contract with loyalty bonus + Move to automatic payment with a billing reward
537,5542-TBBWB,0.7371,High Risk,New High-Spend,1,69.9,Month-to-month,Electronic check,Fiber optic,No,Onboarding window (0-12 months),Month-to-month contract,838.8000000000001,618.27948,185.483844,15.0,170.483844,Billing and payment,Service quality,Discounted 12- or 24-month contract with loyalty bonus + Move to automatic payment with a billing reward
538,9804-ICWBG,0.7371,High Risk,New High-Spend,1,69.9,Month-to-month,Electronic check,Fiber optic,No,Onboarding window (0-12 months),Month-to-month contract,838.8000000000001,618.27948,185.483844,15.0,170.483844,Billing and payment,Service quality,Discounted 12- or 24-month contract with loyalty bonus + Move to automatic payment with a billing reward
539,5875-YPQFJ,0.7371,High Risk,New High-Spend,1,69.9,Month-to-month,Electronic check,Fiber optic,No,Onboarding window (0-12 months),Month-to-month contract,838.8000000000001,618.27948,185.483844,15.0,170.483844,Billing and payment,Service quality,Discounted 12- or 24-month contract with loyalty bonus + Move to automatic payment with a billing reward
540,4603-JANFB,0.7375,High Risk,New High-Spend,1,69.85,Month-to-month,Electronic check,Fiber optic,No,Onboarding window (0-12 months),Month-to-month contract,838.1999999999999,618.1725,185.45175,15.0,170.45175,Billing and payment,Service quality,Discounted 12- or 24-month contract with loyalty bonus + Move to automatic payment with a billing reward
541,1853-UDXBW,0.7358,High Risk,New High-Spend,1,70.0,Month-to-month,Electronic check,Fiber optic,No,Onboarding window (0-12 months),Month-to-month contract,840.0,618.072,185.42159999999998,15.0,170.42159999999998,Billing and payment,Service quality,Discounted 12- or 24-month contract with loyalty bonus + Move to automatic payment with a billing reward
542,0679-IDSTG,0.7437,High Risk,New High-Spend,1,69.25,Month-to-month,Electronic check,Fiber optic,No,Onboarding window (0-12 months),Month-to-month contract,831.0,618.0147000000001,185.40441,15.0,170.40441,Billing and payment,Service quality,Discounted 12- or 24-month contract with loyalty bonus + Move to automatic payment with a billing reward
543,4510-HIMLV,0.7378,High Risk,New High-Spend,1,69.8,Month-to-month,Electronic check,Fiber optic,No,Onboarding window (0-12 months),Month-to-month contract,837.5999999999999,617.98128,185.39438399999997,15.0,170.39438399999997,Billing and payment,Service quality,Discounted 12- or 24-month contract with loyalty bonus + Move to automatic payment with a billing reward
544,5288-AHOUP,0.6559,High Risk,New High-Spend,11,78.5,Month-to-month,Electronic check,Fiber optic,No,Onboarding window (0-12 months),Month-to-month contract,942.0,617.8578,185.35734,15.0,170.35734,Service quality,Billing and payment,Discounted 12- or 24-month contract with loyalty bonus + Service-quality audit with proactive fix and loyalty credit
545,1980-KXVPM,0.6857,High Risk,New High-Spend,3,75.05,Month-to-month,Credit card (automatic),Fiber optic,No,Onboarding window (0-12 months),Month-to-month contract,900.5999999999999,617.5414199999999,185.26242599999998,15.0,170.26242599999998,Service quality,Price and plan fit,Discounted 12- or 24-month contract with loyalty bonus + Service-quality audit with proactive fix and loyalty credit
546,7198-GLXTC,0.6511,High Risk,New High-Spend,2,79.0,Month-to-month,Electronic check,Fiber optic,No,Onboarding window (0-12 months),Month-to-month contract,948.0,617.2428,185.17283999999998,15.0,170.17283999999998,Service quality,Protection and support,Discounted 12- or 24-month contract with loyalty bonus + Service-quality audit with proactive fix and loyalty credit
547,5956-VKDTT,0.6916,High Risk,New High-Spend,5,74.35,Month-to-month,Electronic check,Fiber optic,No,Onboarding window (0-12 months),Month-to-month contract,892.1999999999999,617.0455199999999,185.11365599999996,15.0,170.11365599999996,Billing and payment,Service quality,Discounted 12- or 24-month contract with loyalty bonus + Move to automatic payment with a billing reward
548,5134-IKDAY,0.7366,High Risk,New High-Spend,1,69.8,Month-to-month,Electronic check,Fiber optic,No,Onboarding window (0-12 months),Month-to-month contract,837.5999999999999,616.9761599999999,185.09284799999998,15.0,170.09284799999998,Billing and payment,Service quality,Discounted 12- or 24-month contract with loyalty bonus + Move to automatic payment with a billing reward
549,7254-IQWOZ,0.7378,High Risk,New High-Spend,1,69.65,Month-to-month,Electronic check,Fiber optic,No,Onboarding window (0-12 months),Month-to-month contract,835.8000000000001,616.6532400000001,184.99597200000002,15.0,169.99597200000002,Billing and payment,Service quality,Discounted 12- or 24-month contract with loyalty bonus + Move to automatic payment with a billing reward
550,2077-MPJQO,0.6815,High Risk,New High-Spend,7,75.4,Month-to-month,Electronic check,Fiber optic,No,Onboarding window (0-12 months),Month-to-month contract,904.8000000000001,616.6212,184.98636000000002,15.0,169.98636000000002,Service quality,Billing and payment,Discounted 12- or 24-month contract with loyalty bonus + Service-quality audit with proactive fix and loyalty credit
551,7665-TOALD,0.7379,High Risk,New High-Spend,1,69.6,Month-to-month,Electronic check,Fiber optic,No,Onboarding window (0-12 months),Month-to-month contract,835.1999999999999,616.2940799999999,184.88822399999995,15.0,169.88822399999995,Billing and payment,Service quality,Discounted 12- or 24-month contract with loyalty bonus + Move to automatic payment with a billing reward
552,6502-MJQAE,0.7378,High Risk,New High-Spend,1,69.6,Month-to-month,Electronic check,Fiber optic,No,Onboarding window (0-12 months),Month-to-month contract,835.1999999999999,616.21056,184.863168,15.0,169.863168,Billing and payment,Service quality,Discounted 12- or 24-month contract with loyalty bonus + Move to automatic payment with a billing reward
553,4770-UEZOX,0.6865,High Risk,New High-Spend,2,74.75,Month-to-month,Electronic check,Fiber optic,No,Onboarding window (0-12 months),Month-to-month contract,897.0,615.7905,184.73714999999999,15.0,169.73714999999999,Billing and payment,Service quality,Discounted 12- or 24-month contract with loyalty bonus + Move to automatic payment with a billing reward
554,1820-TQVEV,0.7378,High Risk,New High-Spend,1,69.55,Month-to-month,Electronic check,Fiber optic,No,Onboarding window (0-12 months),Month-to-month contract,834.5999999999999,615.76788,184.73036399999998,15.0,169.73036399999998,Billing and payment,Service quality,Discounted 12- or 24-month contract with loyalty bonus + Move to automatic payment with a billing reward
555,8185-UPYBR,0.6796,High Risk,New High-Spend,6,75.5,Month-to-month,Electronic check,Fiber optic,No,Onboarding window (0-12 months),Month-to-month contract,906.0,615.7176,184.71527999999998,15.0,169.71527999999998,Service quality,Billing and payment,Discounted 12- or 24-month contract with loyalty bonus + Service-quality audit with proactive fix and loyalty credit
556,4550-EVXNY,0.7365,High Risk,New High-Spend,1,69.65,Month-to-month,Electronic check,Fiber optic,No,Onboarding window (0-12 months),Month-to-month contract,835.8000000000001,615.5667000000001,184.67001000000002,15.0,169.67001000000002,Billing and payment,Service quality,Discounted 12- or 24-month contract with loyalty bonus + Move to automatic payment with a billing reward
557,0488-GSLFR,0.7379,High Risk,New High-Spend,1,69.5,Month-to-month,Electronic check,Fiber optic,No,Onboarding window (0-12 months),Month-to-month contract,834.0,615.4086,184.62258,15.0,169.62258,Billing and payment,Service quality,Discounted 12- or 24-month contract with loyalty bonus + Move to automatic payment with a billing reward
558,4090-KPJIP,0.684,High Risk,New High-Spend,3,74.95,Month-to-month,Electronic check,Fiber optic,No,Onboarding window (0-12 months),Month-to-month contract,899.4000000000001,615.1896000000002,184.55688000000004,15.0,169.55688000000004,Billing and payment,Service quality,Discounted 12- or 24-month contract with loyalty bonus + Move to automatic payment with a billing reward
559,2276-YDAVZ,0.6825,High Risk,New High-Spend,3,75.1,Month-to-month,Credit card (automatic),Fiber optic,No,Onboarding window (0-12 months),Month-to-month contract,901.1999999999999,615.069,184.52069999999998,15.0,169.52069999999998,Service quality,Price and plan fit,Discounted 12- or 24-month contract with loyalty bonus + Service-quality audit with proactive fix and loyalty credit
560,0404-SWRVG,0.6888,High Risk,New High-Spend,3,74.4,Month-to-month,Electronic check,Fiber optic,No,Onboarding window (0-12 months),Month-to-month contract,892.8000000000001,614.96064,184.488192,15.0,169.488192,Billing and payment,Service quality,Discounted 12- or 24-month contract with loyalty bonus + Move to automatic payment with a billing reward
561,7235-NXZCP,0.6845,High Risk,New High-Spend,2,74.85,Month-to-month,Mailed check,Fiber optic,No,Onboarding window (0-12 months),Month-to-month contract,898.1999999999999,614.8178999999999,184.44536999999997,15.0,169.44536999999997,Service quality,Protection and support,Discounted 12- or 24-month contract with loyalty bonus + Service-quality audit with proactive fix and loyalty credit
562,3428-XZMAZ,0.7378,High Risk,New High-Spend,1,69.35,Month-to-month,Electronic check,Fiber optic,No,Onboarding window (0-12 months),Month-to-month contract,832.1999999999999,613.99716,184.199148,15.0,169.199148,Billing and payment,Service quality,Discounted 12- or 24-month contract with loyalty bonus + Move to automatic payment with a billing reward
563,6457-GIRWB,0.7378,High Risk,New High-Spend,1,69.35,Month-to-month,Electronic check,Fiber optic,No,Onboarding window (0-12 months),Month-to-month contract,832.1999999999999,613.99716,184.199148,15.0,169.199148,Billing and payment,Service quality,Discounted 12- or 24-month contract with loyalty bonus + Move to automatic payment with a billing reward
564,7660-HDPJV,0.7379,High Risk,New High-Spend,1,69.2,Month-to-month,Electronic check,Fiber optic,No,Onboarding window (0-12 months),Month-to-month contract,830.4000000000001,612.7521600000001,183.82564800000003,15.0,168.82564800000003,Billing and payment,Service quality,Discounted 12- or 24-month contract with loyalty bonus + Move to automatic payment with a billing reward
565,9728-FTTVZ,0.7379,High Risk,New High-Spend,1,69.2,Month-to-month,Electronic check,Fiber optic,No,Onboarding window (0-12 months),Month-to-month contract,830.4000000000001,612.7521600000001,183.82564800000003,15.0,168.82564800000003,Billing and payment,Service quality,Discounted 12- or 24-month contract with loyalty bonus + Move to automatic payment with a billing reward
566,1447-GIQMR,0.7379,High Risk,New High-Spend,1,69.15,Month-to-month,Electronic check,Fiber optic,No,Onboarding window (0-12 months),Month-to-month contract,829.8000000000001,612.30942,183.692826,15.0,168.692826,Billing and payment,Service quality,Discounted 12- or 24-month contract with loyalty bonus + Move to automatic payment with a billing reward
567,3716-BDVDB,0.7376,High Risk,New High-Spend,1,69.1,Month-to-month,Electronic check,Fiber optic,No,Onboarding window (0-12 months),Month-to-month contract,829.1999999999999,611.61792,183.485376,15.0,168.485376,Billing and payment,Service quality,Discounted 12- or 24-month contract with loyalty bonus + Move to automatic payment with a billing reward
568,5928-QLDHB,0.6677,High Risk,New High-Spend,9,76.25,Month-to-month,Electronic check,Fiber optic,No,Onboarding window (0-12 months),Month-to-month contract,915.0,610.9454999999999,183.28364999999997,15.0,168.28364999999997,Billing and payment,Service quality,Discounted 12- or 24-month contract with loyalty bonus + Move to automatic payment with a billing reward
569,4806-HIPDW,0.7375,High Risk,New High-Spend,1,68.95,Month-to-month,Electronic check,Fiber optic,No,Onboarding window (0-12 months),Month-to-month contract,827.4000000000001,610.2075000000001,183.06225000000003,15.0,168.06225000000003,Billing and payment,Service quality,Discounted 12- or 24-month contract with loyalty bonus + Move to automatic payment with a billing reward
570,8309-IEYJD,0.7201,High Risk,New High-Spend,1,70.6,Month-to-month,Mailed check,Fiber optic,No,Onboarding window (0-12 months),Month-to-month contract,847.1999999999999,610.0687199999999,183.02061599999996,15.0,168.02061599999996,Service quality,Price and plan fit,Discounted 12- or 24-month contract with loyalty bonus + Service-quality audit with proactive fix and loyalty credit
571,7625-XCQRH,0.6637,High Risk,New High-Spend,11,76.5,Month-to-month,Electronic check,Fiber optic,No,Onboarding window (0-12 months),Month-to-month contract,918.0,609.2765999999999,182.78297999999998,15.0,167.78297999999998,Billing and payment,Service quality,Discounted 12- or 24-month contract with loyalty bonus + Move to automatic payment with a billing reward
572,0390-DCFDQ,0.7206,High Risk,New High-Spend,1,70.45,Month-to-month,Mailed check,Fiber optic,No,Onboarding window (0-12 months),Month-to-month contract,845.4000000000001,609.1952400000001,182.75857200000004,15.0,167.75857200000004,Service quality,Price and plan fit,Discounted 12- or 24-month contract with loyalty bonus + Service-quality audit with proactive fix and loyalty credit
573,9306-CPCBC,0.6834,High Risk,New High-Spend,3,74.25,Month-to-month,Electronic check,Fiber optic,No,Onboarding window (0-12 months),Month-to-month contract,891.0,608.9094,182.67282,15.0,167.67282,Billing and payment,Service quality,Discounted 12- or 24-month contract with loyalty bonus + Move to automatic payment with a billing reward
574,8083-YTZES,0.6824,High Risk,New High-Spend,4,74.35,Month-to-month,Electronic check,Fiber optic,No,Onboarding window (0-12 months),Month-to-month contract,892.1999999999999,608.83728,182.65118399999997,15.0,167.65118399999997,Billing and payment,Service quality,Discounted 12- or 24-month contract with loyalty bonus + Move to automatic payment with a billing reward
575,1746-TGTWV,0.6729,High Risk,New High-Spend,1,75.35,Month-to-month,Credit card (automatic),Fiber optic,No,Onboarding window (0-12 months),Month-to-month contract,904.1999999999999,608.43618,182.530854,15.0,167.530854,Service quality,Price and plan fit,Discounted 12- or 24-month contract with loyalty bonus + Service-quality audit with proactive fix and loyalty credit
576,9334-GWGOW,0.6756,High Risk,New High-Spend,7,74.85,Month-to-month,Electronic check,Fiber optic,No,Onboarding window (0-12 months),Month-to-month contract,898.1999999999999,606.8239199999999,182.04717599999998,15.0,167.04717599999998,Service quality,Billing and payment,Discounted 12- or 24-month contract with loyalty bonus + Service-quality audit with proactive fix and loyalty credit
577,6140-QNRQQ,0.7066,High Risk,New High-Spend,1,71.55,Month-to-month,Mailed check,Fiber optic,No,Onboarding window (0-12 months),Month-to-month contract,858.5999999999999,606.6867599999999,182.006028,15.0,167.006028,Service quality,Price and plan fit,Discounted 12- or 24-month contract with loyalty bonus + Service-quality audit with proactive fix and loyalty credit
578,2468-SJFLM,0.6793,High Risk,New High-Spend,1,74.3,Month-to-month,Mailed check,Fiber optic,Yes,Onboarding window (0-12 months),Month-to-month contract,891.5999999999999,605.66388,181.69916399999997,15.0,166.69916399999997,Service quality,Price and plan fit,Discounted 12- or 24-month contract with loyalty bonus + Service-quality audit with proactive fix and loyalty credit
579,1219-NNDDO,0.6566,High Risk,New High-Spend,9,76.85,Month-to-month,Electronic check,Fiber optic,No,Onboarding window (0-12 months),Month-to-month contract,922.1999999999999,605.5165199999999,181.65495599999997,15.0,166.65495599999997,Billing and payment,Service quality,Discounted 12- or 24-month contract with loyalty bonus + Move to automatic payment with a billing reward
580,8042-JVNFH,0.7066,High Risk,New High-Spend,1,71.35,Month-to-month,Mailed check,Fiber optic,No,Onboarding window (0-12 months),Month-to-month contract,856.1999999999999,604.99092,181.49727599999997,15.0,166.49727599999997,Service quality,Price and plan fit,Discounted 12- or 24-month contract with loyalty bonus + Service-quality audit with proactive fix and loyalty credit
581,7598-UAASY,0.6597,High Risk,New High-Spend,2,76.4,Month-to-month,Electronic check,Fiber optic,No,Onboarding window (0-12 months),Month-to-month contract,916.8000000000001,604.81296,181.443888,15.0,166.443888,Service quality,Protection and support,Discounted 12- or 24-month contract with loyalty bonus + Service-quality audit with proactive fix and loyalty credit
582,6416-TVAIH,0.7354,High Risk,New High-Spend,1,68.5,Month-to-month,Electronic check,Fiber optic,No,Onboarding window (0-12 months),Month-to-month contract,822.0,604.4988000000001,181.34964000000002,15.0,166.34964000000002,Billing and payment,Service quality,Discounted 12- or 24-month contract with loyalty bonus + Move to automatic payment with a billing reward
583,3177-LASXD,0.7048,High Risk,New High-Spend,1,71.35,Month-to-month,Electronic check,Fiber optic,No,Onboarding window (0-12 months),Month-to-month contract,856.1999999999999,603.44976,181.03492799999998,15.0,166.03492799999998,Service quality,Price and plan fit,Discounted 12- or 24-month contract with loyalty bonus + Service-quality audit with proactive fix and loyalty credit
584,5186-SAMNZ,0.7215,High Risk,New High-Spend,1,69.5,Month-to-month,Bank transfer (automatic),Fiber optic,No,Onboarding window (0-12 months),Month-to-month contract,834.0,601.731,180.5193,15.0,165.5193,Service quality,Price and plan fit,Discounted 12- or 24-month contract with loyalty bonus + Service-quality audit with proactive fix and loyalty credit
585,0968-GSIKN,0.7077,High Risk,New High-Spend,1,70.8,Month-to-month,Mailed check,Fiber optic,No,Onboarding window (0-12 months),Month-to-month contract,849.5999999999999,601.2619199999999,180.37857599999998,15.0,165.37857599999998,Service quality,Price and plan fit,Discounted 12- or 24-month contract with loyalty bonus + Service-quality audit with proactive fix and loyalty credit
586,4229-CZMLL,0.6684,High Risk,New High-Spend,6,74.9,Month-to-month,Electronic check,Fiber optic,No,Onboarding window (0-12 months),Month-to-month contract,898.8000000000001,600.75792,180.227376,15.0,165.227376,Service quality,Billing and payment,Discounted 12- or 24-month contract with loyalty bonus + Service-quality audit with proactive fix and loyalty credit
587,5032-MIYKT,0.7073,High Risk,New High-Spend,1,70.7,Month-to-month,Mailed check,Fiber optic,No,Onboarding window (0-12 months),Month-to-month contract,848.4000000000001,600.0733200000001,180.02199600000003,15.0,165.02199600000003,Service quality,Price and plan fit,Discounted 12- or 24-month contract with loyalty bonus + Service-quality audit with proactive fix and loyalty credit
588,1024-VRZHF,0.6671,High Risk,New High-Spend,11,74.95,Month-to-month,Electronic check,Fiber optic,No,Onboarding window (0-12 months),Month-to-month contract,899.4000000000001,599.9897400000001,179.996922,15.0,164.996922,Billing and payment,Service quality,Discounted 12- or 24-month contract with loyalty bonus + Move to automatic payment with a billing reward
589,3370-HXOPH,0.6547,High Risk,New High-Spend,3,76.1,Month-to-month,Electronic check,Fiber optic,No,Onboarding window (0-12 months),Month-to-month contract,913.1999999999999,597.8720399999999,179.36161199999995,15.0,164.36161199999995,Service quality,Price and plan fit,Discounted 12- or 24-month contract with loyalty bonus + Service-quality audit with proactive fix and loyalty credit
590,8687-BAFGU,0.6731,High Risk,New High-Spend,1,74.0,Month-to-month,Electronic check,Fiber optic,Yes,Onboarding window (0-12 months),Month-to-month contract,888.0,597.7128,179.31384,15.0,164.31384,Service quality,Price and plan fit,Discounted 12- or 24-month contract with loyalty bonus + Service-quality audit with proactive fix and loyalty credit
591,1122-JWTJW,0.7046,High Risk,New High-Spend,1,70.65,Month-to-month,Mailed check,Fiber optic,No,Onboarding window (0-12 months),Month-to-month contract,847.8000000000001,597.3598800000001,179.20796400000003,15.0,164.20796400000003,Service quality,Price and plan fit,Discounted 12- or 24-month contract with loyalty bonus + Service-quality audit with proactive fix and loyalty credit
592,9617-INGJY,0.705,High Risk,New High-Spend,1,70.6,Month-to-month,Mailed check,Fiber optic,No,Onboarding window (0-12 months),Month-to-month contract,847.1999999999999,597.276,179.1828,15.0,164.1828,Service quality,Price and plan fit,Discounted 12- or 24-month contract with loyalty bonus + Service-quality audit with proactive fix and loyalty credit
593,0709-TVGUR,0.6669,High Risk,New High-Spend,9,74.55,Month-to-month,Electronic check,Fiber optic,No,Onboarding window (0-12 months),Month-to-month contract,894.5999999999999,596.60874,178.982622,15.0,163.982622,Billing and payment,Service quality,Discounted 12- or 24-month contract with loyalty bonus + Move to automatic payment with a billing reward
594,8107-KNCIM,0.6617,High Risk,New High-Spend,14,75.1,Month-to-month,Electronic check,Fiber optic,No,Established (13+ months),Month-to-month contract,901.1999999999999,596.32404,178.897212,15.0,163.897212,Billing and payment,Service quality,Discounted 12- or 24-month contract with loyalty bonus + Move to automatic payment with a billing reward
595,8835-VSDSE,0.7026,High Risk,New High-Spend,2,70.7,Month-to-month,Electronic check,Fiber optic,No,Onboarding window (0-12 months),Month-to-month contract,848.4000000000001,596.0858400000001,178.82575200000002,15.0,163.82575200000002,Billing and payment,Service quality,Discounted 12- or 24-month contract with loyalty bonus + Move to automatic payment with a billing reward
596,9747-DDZOS,0.6758,High Risk,New High-Spend,1,73.5,Month-to-month,Bank transfer (automatic),Fiber optic,No,Onboarding window (0-12 months),Month-to-month contract,882.0,596.0555999999999,178.81667999999996,15.0,163.81667999999996,Service quality,Price and plan fit,Discounted 12- or 24-month contract with loyalty bonus + Service-quality audit with proactive fix and loyalty credit
597,0004-TLHLJ,0.6721,High Risk,New High-Spend,4,73.9,Month-to-month,Electronic check,Fiber optic,No,Onboarding window (0-12 months),Month-to-month contract,886.8000000000001,596.0182800000001,178.80548400000004,15.0,163.80548400000004,Billing and payment,Service quality,Discounted 12- or 24-month contract with loyalty bonus + Move to automatic payment with a billing reward
598,1915-IOFGU,0.7043,High Risk,New High-Spend,1,70.5,Month-to-month,Electronic check,Fiber optic,No,Onboarding window (0-12 months),Month-to-month contract,846.0,595.8378,178.75134,15.0,163.75134,Service quality,Price and plan fit,Discounted 12- or 24-month contract with loyalty bonus + Service-quality audit with proactive fix and loyalty credit
599,9685-WKZGT,0.6619,High Risk,New High-Spend,14,74.95,Month-to-month,Electronic check,Fiber optic,No,Established (13+ months),Month-to-month contract,899.4000000000001,595.3128600000001,178.59385800000004,15.0,163.59385800000004,Billing and payment,Service quality,Discounted 12- or 24-month contract with loyalty bonus + Move to automatic payment with a billing reward
600,8325-QRPZR,0.6596,High Risk,New High-Spend,7,75.15,Month-to-month,Electronic check,Fiber optic,No,Onboarding window (0-12 months),Month-to-month contract,901.8000000000001,594.82728,178.448184,15.0,163.448184,Service quality,Billing and payment,Discounted 12- or 24-month contract with loyalty bonus + Service-quality audit with proactive fix and loyalty credit
601,0515-YPMCW,0.7036,High Risk,New High-Spend,1,70.45,Month-to-month,Mailed check,Fiber optic,No,Onboarding window (0-12 months),Month-to-month contract,845.4000000000001,594.8234400000001,178.44703200000004,15.0,163.44703200000004,Service quality,Price and plan fit,Discounted 12- or 24-month contract with loyalty bonus + Service-quality audit with proactive fix and loyalty credit
602,0840-DFEZH,0.6578,High Risk,New High-Spend,7,75.35,Month-to-month,Electronic check,Fiber optic,No,Onboarding window (0-12 months),Month-to-month contract,904.1999999999999,594.78276,178.434828,15.0,163.434828,Service quality,Billing and payment,Discounted 12- or 24-month contract with loyalty bonus + Service-quality audit with proactive fix and loyalty credit
603,2619-WFQWU,0.7064,High Risk,New High-Spend,1,70.15,Month-to-month,Mailed check,Fiber optic,No,Onboarding window (0-12 months),Month-to-month contract,841.8000000000001,594.6475200000001,178.394256,15.0,163.394256,Service quality,Price and plan fit,Discounted 12- or 24-month contract with loyalty bonus + Service-quality audit with proactive fix and loyalty credit
604,9985-MWVIX,0.7064,High Risk,New High-Spend,1,70.15,Month-to-month,Mailed check,Fiber optic,No,Onboarding window (0-12 months),Month-to-month contract,841.8000000000001,594.6475200000001,178.394256,15.0,163.394256,Service quality,Price and plan fit,Discounted 12- or 24-month contract with loyalty bonus + Service-quality audit with proactive fix and loyalty credit
605,3871-IKPYH,0.7166,High Risk,New High-Spend,1,69.1,Month-to-month,Electronic check,Fiber optic,No,Onboarding window (0-12 months),Month-to-month contract,829.1999999999999,594.20472,178.26141599999997,15.0,163.26141599999997,Service quality,Price and plan fit,Discounted 12- or 24-month contract with loyalty bonus + Service-quality audit with proactive fix and loyalty credit
606,4759-TRPLW,0.7025,High Risk,New High-Spend,1,70.4,Month-to-month,Electronic check,Fiber optic,No,Onboarding window (0-12 months),Month-to-month contract,844.8000000000001,593.4720000000001,178.04160000000002,15.0,163.04160000000002,Service quality,Price and plan fit,Discounted 12- or 24-month contract with loyalty bonus + Service-quality audit with proactive fix and loyalty credit
607,6860-YRJZP,0.6676,High Risk,New High-Spend,9,74.05,Month-to-month,Electronic check,Fiber optic,No,Onboarding window (0-12 months),Month-to-month contract,888.5999999999999,593.2293599999999,177.96880799999997,15.0,162.96880799999997,Service quality,Billing and payment,Discounted 12- or 24-month contract with loyalty bonus + Service-quality audit with proactive fix and loyalty credit
608,4342-HENTK,0.6996,High Risk,New High-Spend,2,70.65,Month-to-month,Electronic check,Fiber optic,No,Onboarding window (0-12 months),Month-to-month contract,847.8000000000001,593.12088,177.93626400000002,15.0,162.93626400000002,Billing and payment,Service quality,Discounted 12- or 24-month contract with loyalty bonus + Move to automatic payment with a billing reward
609,2262-SLNVK,0.705,High Risk,New High-Spend,1,70.1,Month-to-month,Electronic check,Fiber optic,No,Onboarding window (0-12 months),Month-to-month contract,841.1999999999999,593.0459999999999,177.91379999999998,15.0,162.91379999999998,Service quality,Price and plan fit,Discounted 12- or 24-month contract with loyalty bonus + Service-quality audit with proactive fix and loyalty credit
610,3199-XGZCY,0.6567,High Risk,New High-Spend,8,75.25,Month-to-month,Electronic check,Fiber optic,No,Onboarding window (0-12 months),Month-to-month contract,903.0,593.0001,177.90003,15.0,162.90003,Billing and payment,Service quality,Discounted 12- or 24-month contract with loyalty bonus + Move to automatic payment with a billing reward
611,3066-RRJIO,0.7063,High Risk,New High-Spend,1,69.95,Month-to-month,Mailed check,Fiber optic,No,Onboarding window (0-12 months),Month-to-month contract,839.4000000000001,592.8682200000001,177.860466,15.0,162.860466,Service quality,Price and plan fit,Discounted 12- or 24-month contract with loyalty bonus + Service-quality audit with proactive fix and loyalty credit
612,5804-LEPIM,0.7022,High Risk,New High-Spend,2,70.35,Month-to-month,Electronic check,Fiber optic,No,Onboarding window (0-12 months),Month-to-month contract,844.1999999999999,592.79724,177.839172,15.0,162.839172,Billing and payment,Service quality,Discounted 12- or 24-month contract with loyalty bonus + Move to automatic payment with a billing reward
613,6711-FLDFB,0.6591,High Risk,New High-Spend,7,74.9,Month-to-month,Electronic check,Fiber optic,No,Onboarding window (0-12 months),Month-to-month contract,898.8000000000001,592.39908,177.719724,15.0,162.719724,Service quality,Billing and payment,Discounted 12- or 24-month contract with loyalty bonus + Service-quality audit with proactive fix and loyalty credit
614,0122-OAHPZ,0.6673,High Risk,New High-Spend,7,73.85,Month-to-month,Electronic check,Fiber optic,No,Onboarding window (0-12 months),Month-to-month contract,886.1999999999999,591.3612599999999,177.40837799999997,15.0,162.40837799999997,Service quality,Billing and payment,Discounted 12- or 24-month contract with loyalty bonus + Service-quality audit with proactive fix and loyalty credit
615,5583-SXDAG,0.7036,High Risk,New High-Spend,1,70.0,Month-to-month,Electronic check,Fiber optic,No,Onboarding window (0-12 months),Month-to-month contract,840.0,591.024,177.3072,15.0,162.3072,Service quality,Price and plan fit,Discounted 12- or 24-month contract with loyalty bonus + Service-quality audit with proactive fix and loyalty credit
616,1866-OBPNR,0.66,High Risk,New High-Spend,1,74.6,Month-to-month,Credit card (automatic),Fiber optic,No,Onboarding window (0-12 months),Month-to-month contract,895.1999999999999,590.832,177.2496,15.0,162.2496,Service quality,Price and plan fit,Discounted 12- or 24-month contract with loyalty bonus + Service-quality audit with proactive fix and loyalty credit
617,1062-LHZOD,0.7041,High Risk,New High-Spend,1,69.9,Month-to-month,Mailed check,Fiber optic,No,Onboarding window (0-12 months),Month-to-month contract,838.8000000000001,590.59908,177.179724,15.0,162.179724,Service quality,Price and plan fit,Discounted 12- or 24-month contract with loyalty bonus + Service-quality audit with proactive fix and loyalty credit
618,7153-OANIO,0.7034,High Risk,New High-Spend,1,69.95,Month-to-month,Electronic check,Fiber optic,No,Onboarding window (0-12 months),Month-to-month contract,839.4000000000001,590.4339600000001,177.130188,15.0,162.130188,Service quality,Price and plan fit,Discounted 12- or 24-month contract with loyalty bonus + Service-quality audit with proactive fix and loyalty credit
619,3030-YDNRM,0.6571,High Risk,New High-Spend,8,74.85,Month-to-month,Electronic check,Fiber optic,No,Onboarding window (0-12 months),Month-to-month contract,898.1999999999999,590.20722,177.062166,15.0,162.062166,Billing and payment,Service quality,Discounted 12- or 24-month contract with loyalty bonus + Move to automatic payment with a billing reward
620,0812-WUPTB,0.6933,High Risk,New High-Spend,1,70.85,Month-to-month,Mailed check,Fiber optic,No,Onboarding window (0-12 months),Month-to-month contract,850.1999999999999,589.44366,176.833098,15.0,161.833098,Service quality,Price and plan fit,Discounted 12- or 24-month contract with loyalty bonus + Service-quality audit with proactive fix and loyalty credit
621,1602-IJQQE,0.6513,High Risk,New High-Spend,4,75.35,Month-to-month,Electronic check,Fiber optic,No,Onboarding window (0-12 months),Month-to-month contract,904.1999999999999,588.90546,176.67163799999997,15.0,161.67163799999997,Service quality,Price and plan fit,Discounted 12- or 24-month contract with loyalty bonus + Service-quality audit with proactive fix and loyalty credit
622,7908-QCBCA,0.707,High Risk,New High-Spend,1,69.4,Month-to-month,Mailed check,Fiber optic,No,Onboarding window (0-12 months),Month-to-month contract,832.8000000000001,588.7896000000001,176.63688000000002,15.0,161.63688000000002,Service quality,Price and plan fit,Discounted 12- or 24-month contract with loyalty bonus + Service-quality audit with proactive fix and loyalty credit
623,8361-LTMKD,0.6593,High Risk,New High-Spend,4,74.4,Month-to-month,Mailed check,Fiber optic,No,Onboarding window (0-12 months),Month-to-month contract,892.8000000000001,588.6230400000001,176.586912,15.0,161.586912,Service quality,Protection and support,Discounted 12- or 24-month contract with loyalty bonus + Service-quality audit with proactive fix and loyalty credit
624,3721-CNEYS,0.691,High Risk,New High-Spend,2,70.95,Month-to-month,Electronic check,Fiber optic,No,Onboarding window (0-12 months),Month-to-month contract,851.4000000000001,588.3174,176.49522,15.0,161.49522,Billing and payment,Service quality,Discounted 12- or 24-month contract with loyalty bonus + Move to automatic payment with a billing reward
625,6856-RAURS,0.6535,High Risk,New High-Spend,2,74.9,Month-to-month,Mailed check,Fiber optic,No,Onboarding window (0-12 months),Month-to-month contract,898.8000000000001,587.3658,176.20974,15.0,161.20974,Service quality,Protection and support,Discounted 12- or 24-month contract with loyalty bonus + Service-quality audit with proactive fix and loyalty credit
626,3295-YVUSR,0.6742,High Risk,New High-Spend,2,72.6,Month-to-month,Mailed check,Fiber optic,No,Onboarding window (0-12 months),Month-to-month contract,871.1999999999999,587.36304,176.20891199999997,15.0,161.20891199999997,Service quality,Protection and support,Discounted 12- or 24-month contract with loyalty bonus + Service-quality audit with proactive fix and loyalty credit
627,2920-RNCEZ,0.6995,High Risk,New High-Spend,1,69.95,Month-to-month,Credit card (automatic),Fiber optic,No,Onboarding window (0-12 months),Month-to-month contract,839.4000000000001,587.1603000000001,176.14809000000002,15.0,161.14809000000002,Service quality,Price and plan fit,Discounted 12- or 24-month contract with loyalty bonus + Service-quality audit with proactive fix and loyalty credit
628,1086-LXKFY,0.7049,High Risk,New High-Spend,1,69.1,Month-to-month,Mailed check,Fiber optic,No,Onboarding window (0-12 months),Month-to-month contract,829.1999999999999,584.50308,175.350924,15.0,160.350924,Service quality,Price and plan fit,Discounted 12- or 24-month contract with loyalty bonus + Service-quality audit with proactive fix and loyalty credit
629,4441-NIHPT,0.6541,High Risk,New High-Spend,13,74.3,Month-to-month,Electronic check,Fiber optic,No,Established (13+ months),Month-to-month contract,891.5999999999999,583.19556,174.958668,15.0,159.958668,Billing and payment,Service quality,Discounted 12- or 24-month contract with loyalty bonus + Move to automatic payment with a billing reward
630,0508-OOLTO,0.6782,High Risk,New High-Spend,2,71.65,Month-to-month,Electronic check,Fiber optic,No,Onboarding window (0-12 months),Month-to-month contract,859.8000000000001,583.1163600000001,174.93490800000004,15.0,159.93490800000004,Billing and payment,Service quality,Discounted 12- or 24-month contract with loyalty bonus + Move to automatic payment with a billing reward
631,6390-DSAZX,0.6596,High Risk,New High-Spend,1,73.6,Month-to-month,Mailed check,Fiber optic,No,Onboarding window (0-12 months),Month-to-month contract,883.1999999999999,582.5587199999999,174.76761599999995,15.0,159.76761599999995,Service quality,Price and plan fit,Discounted 12- or 24-month contract with loyalty bonus + Service-quality audit with proactive fix and loyalty credit
632,5276-KQWHG,0.6968,High Risk,New High-Spend,2,69.6,Month-to-month,Electronic check,Fiber optic,No,Onboarding window (0-12 months),Month-to-month contract,835.1999999999999,581.96736,174.590208,15.0,159.590208,Billing and payment,Service quality,Discounted 12- or 24-month contract with loyalty bonus + Move to automatic payment with a billing reward
633,7321-VGNKU,0.6879,High Risk,New High-Spend,2,70.35,Month-to-month,Electronic check,Fiber optic,No,Onboarding window (0-12 months),Month-to-month contract,844.1999999999999,580.7251799999999,174.21755399999998,15.0,159.21755399999998,Billing and payment,Service quality,Discounted 12- or 24-month contract with loyalty bonus + Move to automatic payment with a billing reward
634,7044-YAACC,0.689,High Risk,New High-Spend,4,70.2,Month-to-month,Electronic check,Fiber optic,No,Onboarding window (0-12 months),Month-to-month contract,842.4000000000001,580.4136,174.12408,15.0,159.12408,Billing and payment,Service quality,Discounted 12- or 24-month contract with loyalty bonus + Move to automatic payment with a billing reward
635,2856-HYAPG,0.7042,High Risk,New High-Spend,1,68.65,Month-to-month,Electronic check,Fiber optic,No,Onboarding window (0-12 months),Month-to-month contract,823.8000000000001,580.1199600000001,174.03598800000003,15.0,159.03598800000003,Service quality,Price and plan fit,Discounted 12- or 24-month contract with loyalty bonus + Service-quality audit with proactive fix and loyalty credit
636,7394-LWLYN,0.6866,High Risk,New High-Spend,2,70.15,Month-to-month,Electronic check,Fiber optic,No,Onboarding window (0-12 months),Month-to-month contract,841.8000000000001,577.97988,173.39396399999998,15.0,158.39396399999998,Billing and payment,Service quality,Discounted 12- or 24-month contract with loyalty bonus + Move to automatic payment with a billing reward
637,6221-AVQYL,0.6574,High Risk,New High-Spend,2,73.25,Month-to-month,Credit card (automatic),Fiber optic,No,Onboarding window (0-12 months),Month-to-month contract,879.0,577.8546,173.35638,15.0,158.35638,Service quality,Protection and support,Discounted 12- or 24-month contract with loyalty bonus + Service-quality audit with proactive fix and loyalty credit
638,2055-PDADH,0.6835,High Risk,New High-Spend,3,70.4,Month-to-month,Electronic check,Fiber optic,No,Onboarding window (0-12 months),Month-to-month contract,844.8000000000001,577.4208000000001,173.22624000000002,15.0,158.22624000000002,Billing and payment,Service quality,Discounted 12- or 24-month contract with loyalty bonus + Move to automatic payment with a billing reward
639,4585-HETAI,0.6521,High Risk,New High-Spend,4,73.75,Month-to-month,Electronic check,Fiber optic,No,Onboarding window (0-12 months),Month-to-month contract,885.0,577.1085,173.13255,15.0,158.13255,Billing and payment,Service quality,Discounted 12- or 24-month contract with loyalty bonus + Move to automatic payment with a billing reward
640,4482-EWFMI,0.6884,High Risk,New High-Spend,2,69.7,Month-to-month,Electronic check,Fiber optic,No,Onboarding window (0-12 months),Month-to-month contract,836.4000000000001,575.7777600000001,172.733328,15.0,157.733328,Billing and payment,Service quality,Discounted 12- or 24-month contract with loyalty bonus + Move to automatic payment with a billing reward
641,8040-MNRTF,0.6733,High Risk,New High-Spend,1,71.1,Month-to-month,Mailed check,Fiber optic,No,Onboarding window (0-12 months),Month-to-month contract,853.1999999999999,574.45956,172.337868,15.0,157.337868,Service quality,Price and plan fit,Discounted 12- or 24-month contract with loyalty bonus + Service-quality audit with proactive fix and loyalty credit
642,0511-JTEOY,0.6733,High Risk,New High-Spend,1,71.1,Month-to-month,Mailed check,Fiber optic,No,Onboarding window (0-12 months),Month-to-month contract,853.1999999999999,574.45956,172.337868,15.0,157.337868,Service quality,Price and plan fit,Discounted 12- or 24-month contract with loyalty bonus + Service-quality audit with proactive fix and loyalty credit
643,0151-ONTOV,0.6733,High Risk,New High-Spend,1,70.9,Month-to-month,Mailed check,Fiber optic,No,Onboarding window (0-12 months),Month-to-month contract,850.8000000000001,572.84364,171.853092,15.0,156.853092,Service quality,Price and plan fit,Discounted 12- or 24-month contract with loyalty bonus + Service-quality audit with proactive fix and loyalty credit
644,7379-POKDZ,0.6785,High Risk,New High-Spend,3,70.3,Month-to-month,Electronic check,Fiber optic,No,Onboarding window (0-12 months),Month-to-month contract,843.5999999999999,572.3825999999999,171.71477999999996,15.0,156.71477999999996,Billing and payment,Service quality,Discounted 12- or 24-month contract with loyalty bonus + Move to automatic payment with a billing reward
645,0519-XUZJU,0.6724,High Risk,New High-Spend,1,70.75,Month-to-month,Mailed check,Fiber optic,No,Onboarding window (0-12 months),Month-to-month contract,849.0,570.8676,171.26028,15.0,156.26028,Service quality,Price and plan fit,Discounted 12- or 24-month contract with loyalty bonus + Service-quality audit with proactive fix and loyalty credit
646,9717-QEBGU,0.676,High Risk,New High-Spend,2,70.3,Month-to-month,Electronic check,Fiber optic,No,Onboarding window (0-12 months),Month-to-month contract,843.5999999999999,570.2736,171.08208,15.0,156.08208,Billing and payment,Service quality,Discounted 12- or 24-month contract with loyalty bonus + Move to automatic payment with a billing reward
647,9237-HQITU,0.6695,High Risk,New High-Spend,2,70.7,Month-to-month,Electronic check,Fiber optic,No,Onboarding window (0-12 months),Month-to-month contract,848.4000000000001,568.0038000000001,170.40114000000003,15.0,155.40114000000003,Billing and payment,Service quality,Discounted 12- or 24-month contract with loyalty bonus + Move to automatic payment with a billing reward
648,5940-AHUHD,0.6674,High Risk,New High-Spend,1,70.6,Month-to-month,Mailed check,Fiber optic,No,Onboarding window (0-12 months),Month-to-month contract,847.1999999999999,565.4212799999999,169.62638399999997,15.0,154.62638399999997,Service quality,Price and plan fit,Discounted 12- or 24-month contract with loyalty bonus + Service-quality audit with proactive fix and loyalty credit
649,2799-ARNLO,0.6774,High Risk,New High-Spend,5,69.35,Month-to-month,Electronic check,Fiber optic,No,Onboarding window (0-12 months),Month-to-month contract,832.1999999999999,563.73228,169.11968399999998,15.0,154.11968399999998,Billing and payment,Service quality,Discounted 12- or 24-month contract with loyalty bonus + Move to automatic payment with a billing reward
650,4501-EQDRN,0.6739,High Risk,New High-Spend,1,69.7,Month-to-month,Bank transfer (automatic),Fiber optic,No,Onboarding window (0-12 months),Month-to-month contract,836.4000000000001,563.6499600000001,169.09498800000003,15.0,154.09498800000003,Service quality,Price and plan fit,Discounted 12- or 24-month contract with loyalty bonus + Service-quality audit with proactive fix and loyalty credit
651,9408-SSNVZ,0.6695,High Risk,New High-Spend,4,70.15,Month-to-month,Electronic check,Fiber optic,No,Onboarding window (0-12 months),Month-to-month contract,841.8000000000001,563.5851,169.07553,15.0,154.07553,Billing and payment,Service quality,Discounted 12- or 24-month contract with loyalty bonus + Move to automatic payment with a billing reward
652,9799-CAYJJ,0.6774,High Risk,New High-Spend,2,69.3,Month-to-month,Electronic check,Fiber optic,No,Onboarding window (0-12 months),Month-to-month contract,831.5999999999999,563.32584,168.997752,15.0,153.997752,Billing and payment,Service quality,Discounted 12- or 24-month contract with loyalty bonus + Move to automatic payment with a billing reward
653,6077-BDPXA,0.6687,High Risk,New High-Spend,3,70.15,Month-to-month,Electronic check,Fiber optic,No,Onboarding window (0-12 months),Month-to-month contract,841.8000000000001,562.91166,168.87349799999998,15.0,153.87349799999998,Billing and payment,Service quality,Discounted 12- or 24-month contract with loyalty bonus + Move to automatic payment with a billing reward
654,2260-USTRB,0.6682,High Risk,New High-Spend,2,70.2,Month-to-month,Bank transfer (automatic),Fiber optic,No,Onboarding window (0-12 months),Month-to-month contract,842.4000000000001,562.8916800000001,168.86750400000003,15.0,153.86750400000003,Service quality,Protection and support,Discounted 12- or 24-month contract with loyalty bonus + Service-quality audit with proactive fix and loyalty credit
655,1084-UQCHV,0.6709,High Risk,New High-Spend,1,69.75,Month-to-month,Bank transfer (automatic),Fiber optic,No,Onboarding window (0-12 months),Month-to-month contract,837.0,561.5433,168.46299000000002,15.0,153.46299000000002,Service quality,Price and plan fit,Discounted 12- or 24-month contract with loyalty bonus + Service-quality audit with proactive fix and loyalty credit
656,4110-PFEUZ,0.6722,High Risk,New High-Spend,1,69.55,Month-to-month,Mailed check,Fiber optic,No,Onboarding window (0-12 months),Month-to-month contract,834.5999999999999,561.01812,168.305436,15.0,153.305436,Service quality,Price and plan fit,Discounted 12- or 24-month contract with loyalty bonus + Service-quality audit with proactive fix and loyalty credit
657,2568-BRGYX,0.6653,High Risk,New High-Spend,4,70.2,Month-to-month,Electronic check,Fiber optic,No,Onboarding window (0-12 months),Month-to-month contract,842.4000000000001,560.4487200000001,168.13461600000002,15.0,153.13461600000002,Billing and payment,Service quality,Discounted 12- or 24-month contract with loyalty bonus + Move to automatic payment with a billing reward
658,7245-NIIWQ,0.6684,High Risk,New High-Spend,3,69.85,Month-to-month,Electronic check,Fiber optic,No,Onboarding window (0-12 months),Month-to-month contract,838.1999999999999,560.25288,168.075864,15.0,153.075864,Billing and payment,Service quality,Discounted 12- or 24-month contract with loyalty bonus + Move to automatic payment with a billing reward
659,3750-CKVKH,0.6857,High Risk,New High-Spend,2,67.75,Month-to-month,Electronic check,Fiber optic,No,Onboarding window (0-12 months),Month-to-month contract,813.0,557.4741,167.24223,15.0,152.24223,Billing and payment,Service quality,Discounted 12- or 24-month contract with loyalty bonus + Move to automatic payment with a billing reward
660,2897-DOVND,0.6653,High Risk,New High-Spend,2,69.8,Month-to-month,Electronic check,Fiber optic,No,Onboarding window (0-12 months),Month-to-month contract,837.5999999999999,557.25528,167.176584,15.0,152.176584,Billing and payment,Service quality,Discounted 12- or 24-month contract with loyalty bonus + Move to automatic payment with a billing reward
661,5884-GCYMI,0.669,High Risk,New High-Spend,1,69.4,Month-to-month,Mailed check,Fiber optic,No,Onboarding window (0-12 months),Month-to-month contract,832.8000000000001,557.1432000000001,167.14296000000002,15.0,152.14296000000002,Service quality,Price and plan fit,Discounted 12- or 24-month contract with loyalty bonus + Service-quality audit with proactive fix and loyalty credit
662,6168-WFVVF,0.6601,High Risk,New High-Spend,3,70.3,Month-to-month,Electronic check,Fiber optic,No,Onboarding window (0-12 months),Month-to-month contract,843.5999999999999,556.8603599999999,167.05810799999998,15.0,152.05810799999998,Billing and payment,Service quality,Discounted 12- or 24-month contract with loyalty bonus + Move to automatic payment with a billing reward
663,0644-OQMDK,0.6561,High Risk,New High-Spend,4,70.65,Month-to-month,Electronic check,Fiber optic,No,Onboarding window (0-12 months),Month-to-month contract,847.8000000000001,556.2415800000001,166.87247400000004,15.0,151.87247400000004,Service quality,Billing and payment,Discounted 12- or 24-month contract with loyalty bonus + Service-quality audit with proactive fix and loyalty credit
664,0455-XFASS,0.6664,High Risk,New High-Spend,3,69.55,Month-to-month,Electronic check,Fiber optic,No,Onboarding window (0-12 months),Month-to-month contract,834.5999999999999,556.1774399999999,166.85323199999996,15.0,151.85323199999996,Billing and payment,Service quality,Discounted 12- or 24-month contract with loyalty bonus + Move to automatic payment with a billing reward
665,2058-DCJBE,0.6627,High Risk,New High-Spend,5,69.75,Month-to-month,Electronic check,Fiber optic,No,Onboarding window (0-12 months),Month-to-month contract,837.0,554.6799,166.40397,15.0,151.40397,Billing and payment,Service quality,Discounted 12- or 24-month contract with loyalty bonus + Move to automatic payment with a billing reward
666,6047-YHPVI,0.6627,High Risk,New High-Spend,5,69.7,Month-to-month,Electronic check,Fiber optic,No,Onboarding window (0-12 months),Month-to-month contract,836.4000000000001,554.28228,166.284684,15.0,151.284684,Billing and payment,Service quality,Discounted 12- or 24-month contract with loyalty bonus + Move to automatic payment with a billing reward
667,5119-NZPTV,0.6533,High Risk,New High-Spend,2,70.1,Month-to-month,Electronic check,Fiber optic,No,Onboarding window (0-12 months),Month-to-month contract,841.1999999999999,549.5559599999999,164.86678799999996,15.0,149.86678799999996,Service quality,Protection and support,Discounted 12- or 24-month contract with loyalty bonus + Service-quality audit with proactive fix and loyalty credit
668,5442-BHQNG,0.6506,High Risk,New High-Spend,2,70.35,Month-to-month,Electronic check,Fiber optic,No,Onboarding window (0-12 months),Month-to-month contract,844.1999999999999,549.2365199999999,164.77095599999998,15.0,149.77095599999998,Service quality,Protection and support,Discounted 12- or 24-month contract with loyalty bonus + Service-quality audit with proactive fix and loyalty credit
669,3999-QGRJH,0.6512,High Risk,New High-Spend,8,69.7,Month-to-month,Electronic check,Fiber optic,No,Onboarding window (0-12 months),Month-to-month contract,836.4000000000001,544.6636800000001,163.39910400000002,15.0,148.39910400000002,Service quality,Billing and payment,Discounted 12- or 24-month contract with loyalty bonus + Service-quality audit with proactive fix and loyalty credit
670,0018-NYROU,0.6531,High Risk,New High-Spend,5,68.95,Month-to-month,Electronic check,Fiber optic,No,Onboarding window (0-12 months),Month-to-month contract,827.4000000000001,540.37494,162.112482,15.0,147.112482,Billing and payment,Service quality,Discounted 12- or 24-month contract with loyalty bonus + Move to automatic payment with a billing reward
671,5673-FSSMF,0.6844,High Risk,New High-Spend,1,60.15,Month-to-month,Electronic check,DSL,No,Onboarding window (0-12 months),Month-to-month contract,721.8,493.99992,148.199976,15.0,133.199976,Billing and payment,Protection and support,Discounted 12- or 24-month contract with loyalty bonus + Move to automatic payment with a billing reward
672,3877-JRJIP,0.685,High Risk,New High-Spend,1,59.85,Month-to-month,Electronic check,DSL,No,Onboarding window (0-12 months),Month-to-month contract,718.2,491.96700000000004,147.5901,15.0,132.5901,Billing and payment,Protection and support,Discounted 12- or 24-month contract with loyalty bonus + Move to automatic payment with a billing reward
673,5909-ECHUI,0.673,High Risk,New High-Spend,1,56.25,Month-to-month,Electronic check,DSL,No,Onboarding window (0-12 months),Month-to-month contract,675.0,454.27500000000003,136.2825,15.0,121.2825,Billing and payment,Protection and support,Discounted 12- or 24-month contract with loyalty bonus + Move to automatic payment with a billing reward
674,9822-OAOVB,0.6712,High Risk,New Budget,1,55.45,Month-to-month,Electronic check,DSL,No,Onboarding window (0-12 months),Month-to-month contract,665.4000000000001,446.6164800000001,133.984944,15.0,118.98494400000001,Billing and payment,Protection and support,Discounted 12- or 24-month contract with loyalty bonus + Move to automatic payment with a billing reward
675,3063-QFSZL,0.6712,High Risk,New Budget,1,55.4,Month-to-month,Electronic check,DSL,No,Onboarding window (0-12 months),Month-to-month contract,664.8,446.21376,133.864128,15.0,118.864128,Billing and payment,Protection and support,Discounted 12- or 24-month contract with loyalty bonus + Move to automatic payment with a billing reward
676,5501-TVMGM,0.671,High Risk,New Budget,1,55.25,Month-to-month,Electronic check,DSL,No,Onboarding window (0-12 months),Month-to-month contract,663.0,444.87300000000005,133.4619,15.0,118.46190000000001,Billing and payment,Protection and support,Discounted 12- or 24-month contract with loyalty bonus + Move to automatic payment with a billing reward
677,0674-EYYZV,0.677,High Risk,New Budget,1,54.65,Month-to-month,Electronic check,DSL,No,Onboarding window (0-12 months),Month-to-month contract,655.8,443.9766,133.19298,15.0,118.19298,Billing and payment,Protection and support,Discounted 12- or 24-month contract with loyalty bonus + Move to automatic payment with a billing reward
678,3583-EKAPL,0.6721,High Risk,New Budget,1,55.0,Month-to-month,Electronic check,DSL,No,Onboarding window (0-12 months),Month-to-month contract,660.0,443.586,133.0758,15.0,118.07579999999999,Billing and payment,Protection and support,Discounted 12- or 24-month contract with loyalty bonus + Move to automatic payment with a billing reward
679,8992-JQYUN,0.7134,High Risk,New High-Spend,1,50.35,Month-to-month,Electronic check,DSL,No,Onboarding window (0-12 months),Month-to-month contract,604.2,431.03628000000003,129.31088400000002,15.0,114.31088400000002,Billing and payment,Engagement and bundling,Discounted 12- or 24-month contract with loyalty bonus + Move to automatic payment with a billing reward
680,7767-UXAGJ,0.6739,High Risk,New Budget,1,50.45,Month-to-month,Electronic check,DSL,No,Onboarding window (0-12 months),Month-to-month contract,605.4000000000001,407.9790600000001,122.39371800000004,15.0,107.39371800000004,Billing and payment,Protection and support,Discounted 12- or 24-month contract with loyalty bonus + Move to automatic payment with a billing reward
681,6608-QQLVK,0.6688,High Risk,New Budget,1,50.5,Month-to-month,Electronic check,DSL,No,Onboarding window (0-12 months),Month-to-month contract,606.0,405.29279999999994,121.58783999999997,15.0,106.58783999999997,Billing and payment,Protection and support,Discounted 12- or 24-month contract with loyalty bonus + Move to automatic payment with a billing reward
682,4317-VTEOA,0.6565,High Risk,New Budget,1,50.75,Month-to-month,Electronic check,DSL,No,Onboarding window (0-12 months),Month-to-month contract,609.0,399.8085,119.94254999999998,15.0,104.94254999999998,Billing and payment,Price and plan fit,Discounted 12- or 24-month contract with loyalty bonus + Move to automatic payment with a billing reward
683,2740-TVLFN,0.663,High Risk,New Budget,1,50.15,Month-to-month,Electronic check,DSL,No,Onboarding window (0-12 months),Month-to-month contract,601.8,398.9934,119.69802,15.0,104.69802,Billing and payment,Protection and support,Discounted 12- or 24-month contract with loyalty bonus + Move to automatic payment with a billing reward
684,0248-IPDFW,0.6625,High Risk,New Budget,1,50.1,Month-to-month,Electronic check,DSL,No,Onboarding window (0-12 months),Month-to-month contract,601.2,398.295,119.4885,15.0,104.4885,Billing and payment,Protection and support,Discounted 12- or 24-month contract with loyalty bonus + Move to automatic payment with a billing reward
685,8348-HFYIV,0.6719,High Risk,New High-Spend,2,49.25,Month-to-month,Electronic check,DSL,No,Onboarding window (0-12 months),Month-to-month contract,591.0,397.09290000000004,119.12787,15.0,104.12787,Billing and payment,Engagement and bundling,Discounted 12- or 24-month contract with loyalty bonus + Move to automatic payment with a billing reward
686,8445-DNBAE,0.6521,High Risk,New Budget,1,50.05,Month-to-month,Electronic check,DSL,No,Onboarding window (0-12 months),Month-to-month contract,600.5999999999999,391.6512599999999,117.49537799999997,15.0,102.49537799999997,Billing and payment,Protection and support,Discounted 12- or 24-month contract with loyalty bonus + Move to automatic payment with a billing reward
687,6702-OHFWR,0.7075,High Risk,New High-Spend,1,43.3,Month-to-month,Electronic check,DSL,No,Onboarding window (0-12 months),Month-to-month contract,519.5999999999999,367.61699999999996,110.28509999999999,15.0,95.28509999999999,Billing and payment,Engagement and bundling,Discounted 12- or 24-month contract with loyalty bonus + Move to automatic payment with a billing reward
688,2737-WFVYW,0.6746,High Risk,New Budget,2,45.25,Month-to-month,Electronic check,DSL,No,Onboarding window (0-12 months),Month-to-month contract,543.0,366.3078,109.89233999999999,15.0,94.89233999999999,Billing and payment,Engagement and bundling,Discounted 12- or 24-month contract with loyalty bonus + Move to automatic payment with a billing reward
689,6128-CZOMY,0.658,High Risk,New Budget,1,45.65,Month-to-month,Electronic check,DSL,No,Onboarding window (0-12 months),Month-to-month contract,547.8,360.4524,108.13572,15.0,93.13572,Billing and payment,Protection and support,Discounted 12- or 24-month contract with loyalty bonus + Move to automatic payment with a billing reward
690,2135-RXIHG,0.6578,High Risk,New Budget,1,45.65,Month-to-month,Electronic check,DSL,No,Onboarding window (0-12 months),Month-to-month contract,547.8,360.34284,108.102852,15.0,93.102852,Billing and payment,Protection and support,Discounted 12- or 24-month contract with loyalty bonus + Move to automatic payment with a billing reward
691,2082-CEFLT,0.6578,High Risk,New Budget,1,45.6,Month-to-month,Electronic check,DSL,No,Onboarding window (0-12 months),Month-to-month contract,547.2,359.94816000000003,107.984448,15.0,92.984448,Billing and payment,Protection and support,Discounted 12- or 24-month contract with loyalty bonus + Move to automatic payment with a billing reward
692,7568-PODML,0.6583,High Risk,New Budget,1,45.3,Month-to-month,Mailed check,DSL,No,Onboarding window (0-12 months),Month-to-month contract,543.5999999999999,357.85187999999994,107.35556399999997,15.0,92.35556399999997,Engagement and bundling,Protection and support,Discounted 12- or 24-month contract with loyalty bonus + Bundled add-on offer to deepen product engagement
693,5077-DXTCG,0.658,High Risk,New Budget,1,45.3,Month-to-month,Electronic check,DSL,No,Onboarding window (0-12 months),Month-to-month contract,543.5999999999999,357.68879999999996,107.30663999999999,15.0,92.30663999999999,Billing and payment,Protection and support,Discounted 12- or 24-month contract with loyalty bonus + Move to automatic payment with a billing reward
694,8356-WUAOJ,0.6571,High Risk,New Budget,1,45.0,Month-to-month,Electronic check,DSL,No,Onboarding window (0-12 months),Month-to-month contract,540.0,354.834,106.4502,15.0,91.4502,Billing and payment,Protection and support,Discounted 12- or 24-month contract with loyalty bonus + Move to automatic payment with a billing reward
695,8705-WZCYL,0.6562,High Risk,New Budget,1,44.8,Month-to-month,Electronic check,DSL,No,Onboarding window (0-12 months),Month-to-month contract,537.5999999999999,352.77311999999995,105.83193599999998,15.0,90.83193599999998,Billing and payment,Protection and support,Discounted 12- or 24-month contract with loyalty bonus + Move to automatic payment with a billing reward
696,4373-VVHQL,0.6562,High Risk,New Budget,1,44.75,Month-to-month,Electronic check,DSL,No,Onboarding window (0-12 months),Month-to-month contract,537.0,352.3794,105.71381999999998,15.0,90.71381999999998,Billing and payment,Protection and support,Discounted 12- or 24-month contract with loyalty bonus + Move to automatic payment with a billing reward
697,4855-SNKMY,0.6564,High Risk,New Budget,1,44.1,Month-to-month,Electronic check,DSL,No,Onboarding window (0-12 months),Month-to-month contract,529.2,347.36688000000004,104.210064,15.0,89.210064,Billing and payment,Protection and support,Discounted 12- or 24-month contract with loyalty bonus + Move to automatic payment with a billing reward
698,8779-QRDMV,0.7186,High Risk,New Budget,1,39.65,Month-to-month,Electronic check,DSL,No,Onboarding window (0-12 months),Month-to-month contract,475.79999999999995,341.90988,102.572964,15.0,87.572964,Billing and payment,Protection and support,Discounted 12- or 24-month contract with loyalty bonus + Move to automatic payment with a billing reward
699,6959-UWKHF,0.6568,High Risk,New Budget,1,42.9,Month-to-month,Electronic check,DSL,No,Onboarding window (0-12 months),Month-to-month contract,514.8,338.12064,101.43619199999999,15.0,86.43619199999999,Billing and payment,Protection and support,Discounted 12- or 24-month contract with loyalty bonus + Move to automatic payment with a billing reward
700,9514-JDSKI,0.6743,High Risk,New Budget,1,40.2,Month-to-month,Electronic check,DSL,No,Onboarding window (0-12 months),Month-to-month contract,482.40000000000003,325.28232,97.58469600000001,15.0,82.58469600000001,Engagement and bundling,Price and plan fit,Discounted 12- or 24-month contract with loyalty bonus + Bundled add-on offer to deepen product engagement
701,3776-EKTKM,0.7196,High Risk,New Budget,1,36.45,Month-to-month,Electronic check,DSL,No,Onboarding window (0-12 months),Month-to-month contract,437.40000000000003,314.75304000000006,94.42591200000001,15.0,79.42591200000001,Billing and payment,Protection and support,Discounted 12- or 24-month contract with loyalty bonus + Move to automatic payment with a billing reward
702,5378-IKEEG,0.7018,High Risk,New Budget,1,35.75,Month-to-month,Electronic check,DSL,No,Onboarding window (0-12 months),Month-to-month contract,429.0,301.0722,90.32166,15.0,75.32166,Billing and payment,Protection and support,Discounted 12- or 24-month contract with loyalty bonus + Move to automatic payment with a billing reward
703,0841-NULXI,0.6976,High Risk,New Budget,1,35.55,Month-to-month,Electronic check,DSL,No,Onboarding window (0-12 months),Month-to-month contract,426.59999999999997,297.59616,89.278848,15.0,74.278848,Billing and payment,Protection and support,Discounted 12- or 24-month contract with loyalty bonus + Move to automatic payment with a billing reward
704,3091-FYHKI,0.6976,High Risk,New Budget,1,35.45,Month-to-month,Electronic check,DSL,No,Onboarding window (0-12 months),Month-to-month contract,425.40000000000003,296.75904,89.02771200000001,15.0,74.02771200000001,Billing and payment,Protection and support,Discounted 12- or 24-month contract with loyalty bonus + Move to automatic payment with a billing reward
705,0375-HVGXO,0.7011,High Risk,New Budget,1,34.7,Month-to-month,Electronic check,DSL,No,Onboarding window (0-12 months),Month-to-month contract,416.40000000000003,291.93804,87.581412,15.0,72.581412,Billing and payment,Protection and support,Discounted 12- or 24-month contract with loyalty bonus + Move to automatic payment with a billing reward
706,2485-ITVKB,0.6768,High Risk,New Budget,2,35.1,Month-to-month,Electronic check,DSL,No,Onboarding window (0-12 months),Month-to-month contract,421.20000000000005,285.06816000000003,85.520448,15.0,70.520448,Billing and payment,Protection and support,Discounted 12- or 24-month contract with loyalty bonus + Move to automatic payment with a billing reward
707,0822-GAVAP,0.6686,High Risk,New Budget,2,34.7,Month-to-month,Electronic check,DSL,No,Onboarding window (0-12 months),Month-to-month contract,416.40000000000003,278.40504,83.52151199999999,15.0,68.52151199999999,Billing and payment,Protection and support,Discounted 12- or 24-month contract with loyalty bonus + Move to automatic payment with a billing reward
708,1078-TDCRN,0.6641,High Risk,New Budget,3,30.75,Month-to-month,Electronic check,DSL,No,Onboarding window (0-12 months),Month-to-month contract,369.0,245.05290000000002,73.51587,15.0,58.51587000000001,Billing and payment,Protection and support,Discounted 12- or 24-month contract with loyalty bonus + Move to automatic payment with a billing reward
709,7590-VHVEG,0.6827,High Risk,New Budget,1,29.85,Month-to-month,Electronic check,DSL,No,Onboarding window (0-12 months),Month-to-month contract,358.20000000000005,244.54314000000002,73.362942,15.0,58.362942000000004,Billing and payment,Protection and support,Discounted 12- or 24-month contract with loyalty bonus + Move to automatic payment with a billing reward
710,3677-IYRBF,0.6623,High Risk,New Budget,2,30.4,Month-to-month,Electronic check,DSL,No,Onboarding window (0-12 months),Month-to-month contract,364.79999999999995,241.60703999999998,72.48211199999999,15.0,57.48211199999999,Billing and payment,Protection and support,Discounted 12- or 24-month contract with loyalty bonus + Move to automatic payment with a billing reward
711,1768-ZAIFU,0.705,High Risk,New Budget,1,25.2,Month-to-month,Electronic check,DSL,No,Onboarding window (0-12 months),Month-to-month contract,302.4,213.19199999999998,63.95759999999999,15.0,48.95759999999999,Billing and payment,Protection and support,Discounted 12- or 24-month contract with loyalty bonus + Move to automatic payment with a billing reward
712,0023-HGHWL,0.7056,High Risk,New Budget,1,25.1,Month-to-month,Electronic check,DSL,No,Onboarding window (0-12 months),Month-to-month contract,301.20000000000005,212.52672000000004,63.75801600000001,15.0,48.75801600000001,Billing and payment,Protection and support,Discounted 12- or 24-month contract with loyalty bonus + Move to automatic payment with a billing reward
713,7932-WPTDS,0.7098,High Risk,New Budget,1,24.8,Month-to-month,Electronic check,DSL,No,Onboarding window (0-12 months),Month-to-month contract,297.6,211.23648,63.370943999999994,15.0,48.370943999999994,Billing and payment,Protection and support,Discounted 12- or 24-month contract with loyalty bonus + Move to automatic payment with a billing reward
714,0661-XEYAN,0.6635,High Risk,New Budget,1,25.8,Month-to-month,Mailed check,DSL,No,Onboarding window (0-12 months),Month-to-month contract,309.6,205.4196,61.625879999999995,15.0,46.625879999999995,Protection and support,Price and plan fit,Discounted 12- or 24-month contract with loyalty bonus + Complimentary tech-support and online-security trial
715,1496-GGSUK,0.6631,High Risk,New Budget,1,25.7,Month-to-month,Mailed check,DSL,No,Onboarding window (0-12 months),Month-to-month contract,308.4,204.50003999999998,61.35001199999999,15.0,46.35001199999999,Protection and support,Price and plan fit,Discounted 12- or 24-month contract with loyalty bonus + Complimentary tech-support and online-security trial
716,2672-DZUOY,0.6768,High Risk,New Budget,1,25.15,Month-to-month,Electronic check,DSL,No,Onboarding window (0-12 months),Month-to-month contract,301.79999999999995,204.25823999999994,61.27747199999998,15.0,46.27747199999998,Billing and payment,Protection and support,Discounted 12- or 24-month contract with loyalty bonus + Move to automatic payment with a billing reward
717,1024-GUALD,0.6826,High Risk,New Budget,1,24.8,Month-to-month,Electronic check,DSL,No,Onboarding window (0-12 months),Month-to-month contract,297.6,203.14176,60.942527999999996,15.0,45.942527999999996,Billing and payment,Protection and support,Discounted 12- or 24-month contract with loyalty bonus + Move to automatic payment with a billing reward
718,0616-ATFGB,0.6676,High Risk,New Budget,1,25.05,Month-to-month,Electronic check,DSL,No,Onboarding window (0-12 months),Month-to-month contract,300.6,200.68056,60.204168,15.0,45.204168,Protection and support,Engagement and bundling,Discounted 12- or 24-month contract with loyalty bonus + Complimentary tech-support and online-security trial
719,0612-RTZZA,0.66,High Risk,New Budget,1,25.25,Month-to-month,Electronic check,DSL,No,Onboarding window (0-12 months),Month-to-month contract,303.0,199.98000000000002,59.994,15.0,44.994,Protection and support,Price and plan fit,Discounted 12- or 24-month contract with loyalty bonus + Complimentary tech-support and online-security trial
720,7242-QZLXF,0.6548,High Risk,New Budget,1,25.3,Month-to-month,Electronic check,DSL,No,Onboarding window (0-12 months),Month-to-month contract,303.6,198.79728000000003,59.63918400000001,15.0,44.63918400000001,Billing and payment,Protection and support,Discounted 12- or 24-month contract with loyalty bonus + Move to automatic payment with a billing reward
721,7365-BVCJH,0.6741,High Risk,New Budget,1,24.4,Month-to-month,Electronic check,DSL,No,Onboarding window (0-12 months),Month-to-month contract,292.79999999999995,197.37648,59.21294399999999,15.0,44.21294399999999,Billing and payment,Protection and support,Discounted 12- or 24-month contract with loyalty bonus + Move to automatic payment with a billing reward
722,1334-FJSVR,0.6741,High Risk,New Budget,1,24.25,Month-to-month,Electronic check,DSL,No,Onboarding window (0-12 months),Month-to-month contract,291.0,196.16310000000001,58.84893,15.0,43.84893,Billing and payment,Protection and support,Discounted 12- or 24-month contract with loyalty bonus + Move to automatic payment with a billing reward
723,2862-PFNIK,0.6505,High Risk,New Budget,1,24.7,Month-to-month,Electronic check,DSL,No,Onboarding window (0-12 months),Month-to-month contract,296.4,192.80819999999997,57.84245999999999,15.0,42.84245999999999,Billing and payment,Protection and support,Discounted 12- or 24-month contract with loyalty bonus + Move to automatic payment with a billing reward
724,3797-VTIDR,0.6805,High Risk,New Budget,1,23.45,Month-to-month,Electronic check,DSL,No,Onboarding window (0-12 months),Month-to-month contract,281.4,191.49269999999999,57.44781,15.0,42.44781,Billing and payment,Protection and support,Discounted 12- or 24-month contract with loyalty bonus + Move to automatic payment with a billing reward
